<?xml version="1.0" encoding="UTF-8"?><CodeSystem xmlns="http://hl7.org/fhir"><id value="be-cs-temp-requested-service-detail"/><text><status value="generated"/><div xmlns="http://www.w3.org/1999/xhtml"><p>This code system <code>https://www.ehealth.fgov.be/standards/fhir/referral/CodeSystem/be-cs-temp-requested-service-detail</code> defines the following codes:</p><table class="codes"><tr><td style="white-space:nowrap"><b>Code</b></td><td><b>Display</b></td></tr><tr><td style="white-space:nowrap">tmp-nurs-osis-7<a name="be-cs-temp-requested-service-detail-tmp-nurs-osis-7"> </a></td><td>Nursing diagnosis</td></tr><tr><td style="white-space:nowrap">tmp-medi-list-0<a name="be-cs-temp-requested-service-detail-tmp-medi-list-0"> </a></td><td>Medical diagnosis problem list</td></tr><tr><td style="white-space:nowrap">tmp-with-tion-7<a name="be-cs-temp-requested-service-detail-tmp-with-tion-7"> </a></td><td>Within convention</td></tr><tr><td style="white-space:nowrap">tmp-with-sion-8<a name="be-cs-temp-requested-service-detail-tmp-with-sion-8"> </a></td><td>Within progression</td></tr><tr><td style="white-space:nowrap">tmp-with-cess-9<a name="be-cs-temp-requested-service-detail-tmp-with-cess-9"> </a></td><td>Within care process</td></tr><tr><td style="white-space:nowrap">tmp-nome-rt.8-8<a name="be-cs-temp-requested-service-detail-tmp-nome-rt.468-8"> </a></td><td>Nomenclature art.8</td></tr><tr><td style="white-space:nowrap">tmp-othe-hers-6<a name="be-cs-temp-requested-service-detail-tmp-othe-hers-6"> </a></td><td>Others</td></tr><tr><td style="white-space:nowrap">tmp-natu-ype)-1<a name="be-cs-temp-requested-service-detail-tmp-natu-ype.41-1"> </a></td><td>Nature of drug (type)</td></tr><tr><td style="white-space:nowrap">tmp-post-tive-3<a name="be-cs-temp-requested-service-detail-tmp-post-tive-3"> </a></td><td>postoperative</td></tr><tr><td style="white-space:nowrap">tmp-preo-vely-4<a name="be-cs-temp-requested-service-detail-tmp-preo-vely-4"> </a></td><td>preoperatively</td></tr><tr><td style="white-space:nowrap">tmp-obse-mbs)-8<a name="be-cs-temp-requested-service-detail-tmp-obse-mbs.41-8"> </a></td><td>Observation/evaluation of the patient's condition (movement, feeling of limbs)</td></tr><tr><td style="white-space:nowrap">tmp-chan-sary-9<a name="be-cs-temp-requested-service-detail-tmp-chan-sary-9"> </a></td><td>Change dressings if necessary</td></tr><tr><td style="white-space:nowrap">tmp-chec-rate-4<a name="be-cs-temp-requested-service-detail-tmp-chec-rate-4"> </a></td><td>Check pump operation and flow rate</td></tr><tr><td style="white-space:nowrap">tmp-cont-uses-1<a name="be-cs-temp-requested-service-detail-tmp-cont-uses-1"> </a></td><td>Control extra boluses</td></tr><tr><td style="white-space:nowrap">tmp-adju-dule-3<a name="be-cs-temp-requested-service-detail-tmp-adju-dule-3"> </a></td><td>Adjust dose according to schedule</td></tr><tr><td style="white-space:nowrap">tmp-chan-eded-7<a name="be-cs-temp-requested-service-detail-tmp-chan-eded-7"> </a></td><td>Change medication reservoir as needed</td></tr><tr><td style="white-space:nowrap">tmp-addi-sary-9<a name="be-cs-temp-requested-service-detail-tmp-addi-sary-9"> </a></td><td>Additional visit if necessary</td></tr><tr><td style="white-space:nowrap">tmp-rest-sary-2<a name="be-cs-temp-requested-service-detail-tmp-rest-sary-2"> </a></td><td>Restart after alarm if necessary</td></tr><tr><td style="white-space:nowrap">tmp-repo-sary-5<a name="be-cs-temp-requested-service-detail-tmp-repo-sary-5"> </a></td><td>Report at least weekly if necessary</td></tr><tr><td style="white-space:nowrap">tmp-char-type-1<a name="be-cs-temp-requested-service-detail-tmp-char-type-1"> </a></td><td>Charriere aspiration probe type</td></tr><tr><td style="white-space:nowrap">tmp-thro-nula-1<a name="be-cs-temp-requested-service-detail-tmp-thro-nula-1"> </a></td><td>through nasal cannula</td></tr><tr><td style="white-space:nowrap">tmp-thro-mask-8<a name="be-cs-temp-requested-service-detail-tmp-thro-mask-8"> </a></td><td>through nasal mask</td></tr><tr><td style="white-space:nowrap">tmp-thro-tube-4<a name="be-cs-temp-requested-service-detail-tmp-thro-tube-4"> </a></td><td>through nasogastric tube</td></tr><tr><td style="white-space:nowrap">tmp-inte-nula-6<a name="be-cs-temp-requested-service-detail-tmp-inte-nula-6"> </a></td><td>internal cannula</td></tr><tr><td style="white-space:nowrap">tmp-exte-nula-6<a name="be-cs-temp-requested-service-detail-tmp-exte-nula-6"> </a></td><td>external cannula</td></tr><tr><td style="white-space:nowrap">tmp-type-iere-4<a name="be-cs-temp-requested-service-detail-tmp-type-iere-4"> </a></td><td>type charriere</td></tr><tr><td style="white-space:nowrap">tmp-hube-type-3<a name="be-cs-temp-requested-service-detail-tmp-hube-type-3"> </a></td><td>Huber point needle type</td></tr><tr><td style="white-space:nowrap">tmp-prot-dges-5<a name="be-cs-temp-requested-service-detail-tmp-prot-dges-5"> </a></td><td>protection of wound edges</td></tr><tr><td style="white-space:nowrap">tmp-shor-wick-2<a name="be-cs-temp-requested-service-detail-tmp-shor-wick-2"> </a></td><td>shorten wick</td></tr><tr><td style="white-space:nowrap">tmp-supe-tion-2<a name="be-cs-temp-requested-service-detail-tmp-supe-tion-2"> </a></td><td>supervised drain without suction</td></tr><tr><td style="white-space:nowrap">tmp-spec-ions-1<a name="be-cs-temp-requested-service-detail-tmp-spec-ions-1"> </a></td><td>specific instructions</td></tr><tr><td style="white-space:nowrap">tmp-long-etch-2<a name="be-cs-temp-requested-service-detail-tmp-long-etch-2"> </a></td><td>long stretch</td></tr><tr><td style="white-space:nowrap">tmp-long-king-3<a name="be-cs-temp-requested-service-detail-tmp-long-king-3"> </a></td><td>long stocking</td></tr></table><p><b>Additional Language Displays</b></p><table class="codes"><tr><td><b>Code</b></td><td><b>English (English, en)</b></td><td><b>French (Belgium) (fr)</b></td><td><b>Nederlands (België) (Dutch (Belgium), nl)</b></td></tr><tr><td>tmp-nurs-osis-7</td><td>Nursing diagnosis</td><td>Diagnostic infirmier</td><td>Verpleegkundige diagnose</td></tr><tr><td>tmp-medi-list-0</td><td>Medical diagnosis problem list</td><td>Diagnostic médical de la liste des problèmes</td><td>Probleemlijst medische diagnose</td></tr><tr><td>tmp-with-tion-7</td><td>Within convention</td><td>Dans le cadre de la convention</td><td>Binnen conventie</td></tr><tr><td>tmp-with-sion-8</td><td>Within progression</td><td>Dans le cadre du parcours préliminaire</td><td>Binnen voortraject</td></tr><tr><td>tmp-with-cess-9</td><td>Within care process</td><td>Dans le cadre du parcours de soin</td><td>Binnen zorgtraject</td></tr><tr><td>tmp-nome-rt.8-8</td><td>Nomenclature art.8</td><td>Nomenclature art.8</td><td>Nomenclatuur art.8</td></tr><tr><td>tmp-othe-hers-6</td><td>Others</td><td>Autre</td><td>Andere</td></tr><tr><td>tmp-natu-ype)-1</td><td>Nature of drug (type)</td><td>Nature du médicament (type)</td><td>Aard geneesmiddel (type)</td></tr><tr><td>tmp-post-tive-3</td><td>postoperative</td><td>Postopératoire</td><td>postoperatief</td></tr><tr><td>tmp-preo-vely-4</td><td>preoperatively</td><td>Préopératoire</td><td>preoperatief</td></tr><tr><td>tmp-obse-mbs)-8</td><td>Observation/evaluation of the patient's condition (movement, feeling of limbs)</td><td>Observation/Evaluation de l’état du patient (mouvement, sensation des membres)</td><td>Observatie/evaluatie toestand patiënt (bewegen, gevoel ledematen)</td></tr><tr><td>tmp-chan-sary-9</td><td>Change dressings if necessary</td><td>Changement de pansement si nécessaire</td><td>Verbandwissel zo nodig</td></tr><tr><td>tmp-chec-rate-4</td><td>Check pump operation and flow rate</td><td>Vérifier le fonctionnement et le débit de la pompe</td><td>Controle werking van de pomp en debiet</td></tr><tr><td>tmp-cont-uses-1</td><td>Control extra boluses</td><td>Controle des bolus supplémentaires</td><td>Controle extra bolussen</td></tr><tr><td>tmp-adju-dule-3</td><td>Adjust dose according to schedule</td><td>Ajuster la dose selon le schema</td><td>Aanpassing dosis volgens schema</td></tr><tr><td>tmp-chan-eded-7</td><td>Change medication reservoir as needed</td><td>Changer le réservoir de médicaments si nécessaire</td><td>Wisselen medicatiereservoir zo nodig</td></tr><tr><td>tmp-addi-sary-9</td><td>Additional visit if necessary</td><td>Visite suplémentaire si nécessaire</td><td>Bijkomend bezoek zo nodig</td></tr><tr><td>tmp-rest-sary-2</td><td>Restart after alarm if necessary</td><td>Redémarrage après alarme si nécessaire</td><td>Heropstart na alarm zo nodig</td></tr><tr><td>tmp-repo-sary-5</td><td>Report at least weekly if necessary</td><td>Rapporter minimum une fois par semaine si nécessaire</td><td>Minimaal wekelijks rapporteren zo nodig</td></tr><tr><td>tmp-char-type-1</td><td>Charriere aspiration probe type</td><td>Sonde s’aspiration de type Charrière</td><td>Type charrière aspiratiesonde</td></tr><tr><td>tmp-thro-nula-1</td><td>through nasal cannula</td><td>Via des lunettes nasales</td><td>via neusbril</td></tr><tr><td>tmp-thro-mask-8</td><td>through nasal mask</td><td>Via masque nasal</td><td>via neusmasker</td></tr><tr><td>tmp-thro-tube-4</td><td>through nasogastric tube</td><td>Via sonde nasale</td><td>via neussonde</td></tr><tr><td>tmp-inte-nula-6</td><td>internal cannula</td><td>Canule interne</td><td>interne canule</td></tr><tr><td>tmp-exte-nula-6</td><td>external cannula</td><td>Canule externe</td><td>externe canule</td></tr><tr><td>tmp-type-iere-4</td><td>type charriere</td><td>Type charrière</td><td>type charrière</td></tr><tr><td>tmp-hube-type-3</td><td>Huber point needle type</td><td>Type d’aiguille à pointe Huber</td><td>Type huberpuntnaald</td></tr><tr><td>tmp-prot-dges-5</td><td>protection of wound edges</td><td>Protection des bords de la plaie</td><td>bescherming van wondranden</td></tr><tr><td>tmp-shor-wick-2</td><td>shorten wick</td><td>Raccourcir la mèche</td><td>inkorten wiek</td></tr><tr><td>tmp-supe-tion-2</td><td>supervised drain without suction</td><td>Supervision de la vidange sans aspiration</td><td>toezicht drain zonder suctie</td></tr><tr><td>tmp-spec-ions-1</td><td>specific instructions</td><td>Instructions spécifiques</td><td>specifieke instructies</td></tr><tr><td>tmp-long-etch-2</td><td>long stretch</td><td>Longue durée</td><td>lange rek</td></tr><tr><td>tmp-long-king-3</td><td>long stocking</td><td>Bas long</td><td>lange kous</td></tr></table></div></text><url value="https://www.ehealth.fgov.be/standards/fhir/referral/CodeSystem/be-cs-temp-requested-service-detail"/><version value="1.0.0"/><name value="BeTempRequestedServiceDetail"/><title value="BeTempRequestedServiceDetail"/><status value="draft"/><experimental value="false"/><date value="2023-04-28T10:21:40+00:00"/><description value="Temporary codes for indicating service details that can be requested from a Nurse"/><jurisdiction><coding><system value="urn:iso:std:iso:3166"/><code value="BE"/><display value="Belgium"/></coding></jurisdiction><caseSensitive value="true"/><content value="complete"/><count value="33"/><concept><code value="tmp-nurs-osis-7"/><display value="Nursing diagnosis"/><designation><language value="fr-BE"/><value value="Diagnostic infirmier"/></designation><designation><language value="nl-BE"/><value value="Verpleegkundige diagnose"/></designation><designation><language value="en"/><value value="Nursing diagnosis"/></designation></concept><concept><code value="tmp-medi-list-0"/><display value="Medical diagnosis problem list"/><designation><language value="fr-BE"/><value value="Diagnostic médical de la liste des problèmes"/></designation><designation><language value="nl-BE"/><value value="Probleemlijst medische diagnose"/></designation><designation><language value="en"/><value value="Medical diagnosis problem list"/></designation></concept><concept><code value="tmp-with-tion-7"/><display value="Within convention"/><designation><language value="fr-BE"/><value value="Dans le cadre de la convention"/></designation><designation><language value="nl-BE"/><value value="Binnen conventie"/></designation><designation><language value="en"/><value value="Within convention"/></designation></concept><concept><code value="tmp-with-sion-8"/><display value="Within progression"/><designation><language value="fr-BE"/><value value="Dans le cadre du parcours préliminaire"/></designation><designation><language value="nl-BE"/><value value="Binnen voortraject"/></designation><designation><language value="en"/><value value="Within progression"/></designation></concept><concept><code value="tmp-with-cess-9"/><display value="Within care process"/><designation><language value="fr-BE"/><value value="Dans le cadre du parcours de soin"/></designation><designation><language value="nl-BE"/><value value="Binnen zorgtraject"/></designation><designation><language value="en"/><value value="Within care process"/></designation></concept><concept><code value="tmp-nome-rt.8-8"/><display value="Nomenclature art.8"/><designation><language value="fr-BE"/><value value="Nomenclature art.8"/></designation><designation><language value="nl-BE"/><value value="Nomenclatuur art.8"/></designation><designation><language value="en"/><value value="Nomenclature art.8"/></designation></concept><concept><code value="tmp-othe-hers-6"/><display value="Others"/><designation><language value="fr-BE"/><value value="Autre"/></designation><designation><language value="nl-BE"/><value value="Andere"/></designation><designation><language value="en"/><value value="Others"/></designation></concept><concept><code value="tmp-natu-ype)-1"/><display value="Nature of drug (type)"/><designation><language value="fr-BE"/><value value="Nature du médicament (type)"/></designation><designation><language value="nl-BE"/><value value="Aard geneesmiddel (type)"/></designation><designation><language value="en"/><value value="Nature of drug (type)"/></designation></concept><concept><code value="tmp-post-tive-3"/><display value="postoperative"/><designation><language value="fr-BE"/><value value="Postopératoire"/></designation><designation><language value="nl-BE"/><value value="postoperatief"/></designation><designation><language value="en"/><value value="postoperative"/></designation></concept><concept><code value="tmp-preo-vely-4"/><display value="preoperatively"/><designation><language value="fr-BE"/><value value="Préopératoire"/></designation><designation><language value="nl-BE"/><value value="preoperatief"/></designation><designation><language value="en"/><value value="preoperatively"/></designation></concept><concept><code value="tmp-obse-mbs)-8"/><display value="Observation/evaluation of the patient's condition (movement, feeling of limbs)"/><designation><language value="fr-BE"/><value value="Observation/Evaluation de l’état du patient (mouvement, sensation des membres)"/></designation><designation><language value="nl-BE"/><value value="Observatie/evaluatie toestand patiënt (bewegen, gevoel ledematen)"/></designation><designation><language value="en"/><value value="Observation/evaluation of the patient's condition (movement, feeling of limbs)"/></designation></concept><concept><code value="tmp-chan-sary-9"/><display value="Change dressings if necessary"/><designation><language value="fr-BE"/><value value="Changement de pansement si nécessaire"/></designation><designation><language value="nl-BE"/><value value="Verbandwissel zo nodig"/></designation><designation><language value="en"/><value value="Change dressings if necessary"/></designation></concept><concept><code value="tmp-chec-rate-4"/><display value="Check pump operation and flow rate"/><designation><language value="fr-BE"/><value value="Vérifier le fonctionnement et le débit de la pompe"/></designation><designation><language value="nl-BE"/><value value="Controle werking van de pomp en debiet"/></designation><designation><language value="en"/><value value="Check pump operation and flow rate"/></designation></concept><concept><code value="tmp-cont-uses-1"/><display value="Control extra boluses"/><designation><language value="fr-BE"/><value value="Controle des bolus supplémentaires"/></designation><designation><language value="nl-BE"/><value value="Controle extra bolussen"/></designation><designation><language value="en"/><value value="Control extra boluses"/></designation></concept><concept><code value="tmp-adju-dule-3"/><display value="Adjust dose according to schedule"/><designation><language value="fr-BE"/><value value="Ajuster la dose selon le schema"/></designation><designation><language value="nl-BE"/><value value="Aanpassing dosis volgens schema"/></designation><designation><language value="en"/><value value="Adjust dose according to schedule"/></designation></concept><concept><code value="tmp-chan-eded-7"/><display value="Change medication reservoir as needed"/><designation><language value="fr-BE"/><value value="Changer le réservoir de médicaments si nécessaire"/></designation><designation><language value="nl-BE"/><value value="Wisselen medicatiereservoir zo nodig"/></designation><designation><language value="en"/><value value="Change medication reservoir as needed"/></designation></concept><concept><code value="tmp-addi-sary-9"/><display value="Additional visit if necessary"/><designation><language value="fr-BE"/><value value="Visite suplémentaire si nécessaire"/></designation><designation><language value="nl-BE"/><value value="Bijkomend bezoek zo nodig"/></designation><designation><language value="en"/><value value="Additional visit if necessary"/></designation></concept><concept><code value="tmp-rest-sary-2"/><display value="Restart after alarm if necessary"/><designation><language value="fr-BE"/><value value="Redémarrage après alarme si nécessaire"/></designation><designation><language value="nl-BE"/><value value="Heropstart na alarm zo nodig"/></designation><designation><language value="en"/><value value="Restart after alarm if necessary"/></designation></concept><concept><code value="tmp-repo-sary-5"/><display value="Report at least weekly if necessary"/><designation><language value="fr-BE"/><value value="Rapporter minimum une fois par semaine si nécessaire"/></designation><designation><language value="nl-BE"/><value value="Minimaal wekelijks rapporteren zo nodig"/></designation><designation><language value="en"/><value value="Report at least weekly if necessary"/></designation></concept><concept><code value="tmp-char-type-1"/><display value="Charriere aspiration probe type"/><designation><language value="fr-BE"/><value value="Sonde s’aspiration de type Charrière"/></designation><designation><language value="nl-BE"/><value value="Type charrière aspiratiesonde"/></designation><designation><language value="en"/><value value="Charriere aspiration probe type"/></designation></concept><concept><code value="tmp-thro-nula-1"/><display value="through nasal cannula"/><designation><language value="fr-BE"/><value value="Via des lunettes nasales"/></designation><designation><language value="nl-BE"/><value value="via neusbril"/></designation><designation><language value="en"/><value value="through nasal cannula"/></designation></concept><concept><code value="tmp-thro-mask-8"/><display value="through nasal mask"/><designation><language value="fr-BE"/><value value="Via masque nasal"/></designation><designation><language value="nl-BE"/><value value="via neusmasker"/></designation><designation><language value="en"/><value value="through nasal mask"/></designation></concept><concept><code value="tmp-thro-tube-4"/><display value="through nasogastric tube"/><designation><language value="fr-BE"/><value value="Via sonde nasale"/></designation><designation><language value="nl-BE"/><value value="via neussonde"/></designation><designation><language value="en"/><value value="through nasogastric tube"/></designation></concept><concept><code value="tmp-inte-nula-6"/><display value="internal cannula"/><designation><language value="fr-BE"/><value value="Canule interne"/></designation><designation><language value="nl-BE"/><value value="interne canule"/></designation><designation><language value="en"/><value value="internal cannula"/></designation></concept><concept><code value="tmp-exte-nula-6"/><display value="external cannula"/><designation><language value="fr-BE"/><value value="Canule externe"/></designation><designation><language value="nl-BE"/><value value="externe canule"/></designation><designation><language value="en"/><value value="external cannula"/></designation></concept><concept><code value="tmp-type-iere-4"/><display value="type charriere"/><designation><language value="fr-BE"/><value value="Type charrière"/></designation><designation><language value="nl-BE"/><value value="type charrière"/></designation><designation><language value="en"/><value value="type charriere"/></designation></concept><concept><code value="tmp-hube-type-3"/><display value="Huber point needle type"/><designation><language value="fr-BE"/><value value="Type d’aiguille à pointe Huber"/></designation><designation><language value="nl-BE"/><value value="Type huberpuntnaald"/></designation><designation><language value="en"/><value value="Huber point needle type"/></designation></concept><concept><code value="tmp-prot-dges-5"/><display value="protection of wound edges"/><designation><language value="fr-BE"/><value value="Protection des bords de la plaie"/></designation><designation><language value="nl-BE"/><value value="bescherming van wondranden"/></designation><designation><language value="en"/><value value="protection of wound edges"/></designation></concept><concept><code value="tmp-shor-wick-2"/><display value="shorten wick"/><designation><language value="fr-BE"/><value value="Raccourcir la mèche"/></designation><designation><language value="nl-BE"/><value value="inkorten wiek"/></designation><designation><language value="en"/><value value="shorten wick"/></designation></concept><concept><code value="tmp-supe-tion-2"/><display value="supervised drain without suction"/><designation><language value="fr-BE"/><value value="Supervision de la vidange sans aspiration"/></designation><designation><language value="nl-BE"/><value value="toezicht drain zonder suctie"/></designation><designation><language value="en"/><value value="supervised drain without suction"/></designation></concept><concept><code value="tmp-spec-ions-1"/><display value="specific instructions"/><designation><language value="fr-BE"/><value value="Instructions spécifiques"/></designation><designation><language value="nl-BE"/><value value="specifieke instructies"/></designation><designation><language value="en"/><value value="specific instructions"/></designation></concept><concept><code value="tmp-long-etch-2"/><display value="long stretch"/><designation><language value="fr-BE"/><value value="Longue durée"/></designation><designation><language value="nl-BE"/><value value="lange rek"/></designation><designation><language value="en"/><value value="long stretch"/></designation></concept><concept><code value="tmp-long-king-3"/><display value="long stocking"/><designation><language value="fr-BE"/><value value="Bas long"/></designation><designation><language value="nl-BE"/><value value="lange kous"/></designation><designation><language value="en"/><value value="long stocking"/></designation></concept></CodeSystem>