<?xml version="1.0" encoding="UTF-8"?><CodeSystem xmlns="http://hl7.org/fhir"><id value="be-cs-nursing-code-compressiontherapy"/><text><status value="generated"/><div xmlns="http://www.w3.org/1999/xhtml"><p>This code system https://www.ehealth.fgov.be/standards/fhir/CodeSystem/be-cs-nursing-code-compressiontherapy defines the following codes:</p><table class="codes"><tr><td style="white-space:nowrap"><b>Code</b></td><td><b>Display</b></td></tr><tr><td style="white-space:nowrap">compression-bandage(s)-short-strech<a name="be-cs-nursing-code-compressiontherapy-compression-bandage.40s.41-short-strech"> </a></td><td>Compression bandage(s) short strech</td></tr><tr><td style="white-space:nowrap">compression-bandage(s)-long-strech<a name="be-cs-nursing-code-compressiontherapy-compression-bandage.40s.41-long-strech"> </a></td><td>Compression bandage(s) long strech</td></tr><tr><td style="white-space:nowrap">compression-adhesive(s)<a name="be-cs-nursing-code-compressiontherapy-compression-adhesive.40s.41"> </a></td><td>Compression adhesive(s)</td></tr><tr><td style="white-space:nowrap">compression-stockings<a name="be-cs-nursing-code-compressiontherapy-compression-stockings"> </a></td><td>Stockings</td></tr></table><p><b>Additional Language Displays</b></p><table class="codes"><tr><td><b>Code</b></td><td><b>French (Belgium) (fr)</b></td><td><b>Nederlands (België) (Dutch (Belgium), nl)</b></td></tr><tr><td>compression-bandage(s)-short-strech</td><td>Bandage(s) de compression peu élastique (allongement court)</td><td>Compressiebandage(s) korte rek</td></tr><tr><td>compression-bandage(s)-long-strech</td><td>Bandage(s) de compression à allongement long</td><td>Compressiebandage(s) lange rek</td></tr><tr><td>compression-adhesive(s)</td><td>Pansement(s) de compression</td><td>Compressieverband(en)</td></tr><tr><td>compression-stockings</td><td>Bas anti-stase</td><td>Compressiekousen</td></tr></table></div></text><url value="https://www.ehealth.fgov.be/standards/fhir/CodeSystem/be-cs-nursing-code-compressiontherapy"/><version value="0.2.0"/><name value="BeNursingCodeCompressiontherapy"/><title value="BeNursingCodeCompressiontherapy"/><status value="draft"/><experimental value="false"/><date value="2022-01-18T14:53:37+00:00"/><publisher value="HL7 Belgium"/><contact><name value="HL7 Belgium"/><telecom><system value="url"/><value value="http://hl7belgium.org"/></telecom></contact><contact><name value="Message-Structure"/><telecom><system value="email"/><value value="message-structure@ehealth.fgov.be"/><use value="work"/></telecom></contact><description value="Nursing codes in Belgium. To define details in nursing activities for compression therapy. Initially defined as supporting CodeSystem for the referral prescription."/><jurisdiction><coding><system value="http://unstats.un.org/unsd/methods/m49/m49.htm"/><code value="056"/><display value="Belgium"/></coding></jurisdiction><caseSensitive value="false"/><content value="complete"/><concept><code value="compression-bandage(s)-short-strech"/><display value="Compression bandage(s) short strech"/><designation><language value="nl-BE"/><value value="Compressiebandage(s) korte rek"/></designation><designation><language value="fr-BE"/><value value="Bandage(s) de compression peu élastique (allongement court)"/></designation></concept><concept><code value="compression-bandage(s)-long-strech"/><display value="Compression bandage(s) long strech"/><designation><language value="nl-BE"/><value value="Compressiebandage(s) lange rek"/></designation><designation><language value="fr-BE"/><value value="Bandage(s) de compression à allongement long"/></designation></concept><concept><code value="compression-adhesive(s)"/><display value="Compression adhesive(s)"/><designation><language value="nl-BE"/><value value="Compressieverband(en)"/></designation><designation><language value="fr-BE"/><value value="Pansement(s) de compression"/></designation></concept><concept><code value="compression-stockings"/><display value="Stockings"/><designation><language value="nl-BE"/><value value="Compressiekousen"/></designation><designation><language value="fr-BE"/><value value="Bas anti-stase"/></designation></concept></CodeSystem>