<?xml version="1.0" encoding="UTF-8"?><CodeSystem xmlns="http://hl7.org/fhir"><id value="be-cs-nursing-code-other"/><text><status value="generated"/><div xmlns="http://www.w3.org/1999/xhtml"><p>This code system https://www.ehealth.fgov.be/standards/fhir/CodeSystem/be-cs-nursing-code-other defines many codes, of which the following are a subset:</p><table class="codes"><tr><td style="white-space:nowrap"><b>Code</b></td><td><b>Display</b></td></tr><tr><td style="white-space:nowrap">parameters<a name="be-cs-nursing-code-other-parameters"> </a></td><td>Parameters</td></tr><tr><td style="white-space:nowrap">sample-collection<a name="be-cs-nursing-code-other-sample-collection"> </a></td><td>Sample collection</td></tr></table><p><b>Additional Language Displays</b></p><table class="codes"><tr><td><b>Code</b></td><td><b>French (Belgium) (fr)</b></td><td><b>Nederlands (België) (Dutch (Belgium), nl)</b></td></tr><tr><td>parameters</td><td>Paramètres</td><td>Parameters</td></tr><tr><td>sample-collection</td><td>Collecte d&#39;échantillons</td><td>Staalafname</td></tr></table></div></text><url value="https://www.ehealth.fgov.be/standards/fhir/CodeSystem/be-cs-nursing-code-other"/><version value="0.2.0"/><name value="BeNursingCodeOther"/><title value="BeNursingCodeOther"/><status value="draft"/><experimental value="false"/><date value="2021-07-14T14:46:49+00:00"/><publisher value="HL7 Belgium"/><contact><telecom><system value="url"/><value value="http://hl7belgium.org"/></telecom></contact><description value="Nursing codes in Belgium. To define details in nursing activities for the other category. Initially defined as supporting CodeSystem for the referral prescription."/><jurisdiction><coding><system value="http://unstats.un.org/unsd/methods/m49/m49.htm"/><code value="001"/></coding></jurisdiction><caseSensitive value="false"/><content value="fragment"/><concept><code value="parameters"/><display value="Parameters"/><designation><language value="nl-BE"/><value value="Parameters"/></designation><designation><language value="fr-BE"/><value value="Param&#xE8;tres"/></designation></concept><concept><code value="sample-collection"/><display value="Sample collection"/><designation><language value="nl-BE"/><value value="Staalafname"/></designation><designation><language value="fr-BE"/><value value="Collecte d&#39;&#xE9;chantillons"/></designation></concept></CodeSystem>