<?xml version="1.0" encoding="UTF-8"?><CodeSystem xmlns="http://hl7.org/fhir"><id value="be-nursing-medication-perfusion"/><text><status value="generated"/><div xmlns="http://www.w3.org/1999/xhtml"><p>This code system https://www.ehealth.fgov.be/standards/fhir/CodeSystem/be-nursing-medication-perfusion defines the following codes:</p><table class="codes"><tr><td style="white-space:nowrap"><b>Code</b></td><td><b>Display</b></td></tr><tr><td style="white-space:nowrap">subcutaneous<a name="be-nursing-medication-perfusion-subcutaneous"> </a></td><td>Subcutaneous</td></tr><tr><td style="white-space:nowrap">intravenous<a name="be-nursing-medication-perfusion-intravenous"> </a></td><td>Intravenous</td></tr><tr><td style="white-space:nowrap">implantable-chamber<a name="be-nursing-medication-perfusion-implantable-chamber"> </a></td><td>Implantable chamber</td></tr><tr><td style="white-space:nowrap">epidural-cathether-or-intrathecal<a name="be-nursing-medication-perfusion-epidural-cathether-or-intrathecal"> </a></td><td>Epidural cathether or intrathecal</td></tr><tr><td style="white-space:nowrap">parenteral-feeding<a name="be-nursing-medication-perfusion-parenteral-feeding"> </a></td><td>Parenteral feeding</td></tr></table><p><b>Additional Language Displays</b></p><table class="codes"><tr><td><b>Code</b></td><td><b>English (English, en)</b></td><td><b>French (fr)</b></td><td><b>Nederlands (Dutch, nl)</b></td></tr><tr><td>subcutaneous</td><td>Subcutaneous</td><td>Souscutane</td><td>Subcutaan</td></tr><tr><td>intravenous</td><td>Intravenous</td><td>Intraveineuse</td><td>Intraveneus</td></tr><tr><td>implantable-chamber</td><td>Implantable chamber</td><td>chambre implantable</td><td>Implanteerbare kamer</td></tr><tr><td>epidural-cathether-or-intrathecal</td><td>Epidural cathether or intrathecal</td><td>Cathéter épidural ou intrathécal</td><td>Epidurale cathether of intrathécal</td></tr><tr><td>parenteral-feeding</td><td>Parenteral feeding</td><td>nutrition parentérale</td><td>Parenterale voeding</td></tr></table></div></text><url value="https://www.ehealth.fgov.be/standards/fhir/CodeSystem/be-nursing-medication-perfusion"/><version value="0.2.0"/><name value="BeNursingMedicationPerfusion"/><title value="BeNursingMedicationPerfusion"/><status value="draft"/><experimental value="false"/><date value="2021-10-07T14:16:54+00:00"/><publisher value="HL7 Belgium"/><contact><name value="HL7 Belgium"/><telecom><system value="url"/><value value="http://hl7belgium.org"/></telecom></contact><contact><name value="Bart Decuypere"/><telecom><system value="email"/><value value="bart.decuypere@ehealth.fgov.be"/><use value="work"/></telecom></contact><description value="Nursing codes in Belgium. To define details in nursing activities for the medication perfusion category. Initially defined as supporting CodeSystem for the referral prescription."/><jurisdiction><coding><system value="http://unstats.un.org/unsd/methods/m49/m49.htm"/><code value="001"/><display value="World"/></coding></jurisdiction><caseSensitive value="false"/><content value="complete"/><concept><code value="subcutaneous"/><display value="Subcutaneous"/><designation><language value="en"/><value value="Subcutaneous"/></designation><designation><language value="nl"/><value value="Subcutaan"/></designation><designation><language value="fr"/><value value="Souscutane"/></designation></concept><concept><code value="intravenous"/><display value="Intravenous"/><designation><language value="en"/><value value="Intravenous"/></designation><designation><language value="nl"/><value value="Intraveneus"/></designation><designation><language value="fr"/><value value="Intraveineuse"/></designation></concept><concept><code value="implantable-chamber"/><display value="Implantable chamber"/><designation><language value="en"/><value value="Implantable chamber"/></designation><designation><language value="nl"/><value value="Implanteerbare kamer"/></designation><designation><language value="fr"/><value value="chambre implantable"/></designation></concept><concept><code value="epidural-cathether-or-intrathecal"/><display value="Epidural cathether or intrathecal"/><designation><language value="en"/><value value="Epidural cathether or intrathecal"/></designation><designation><language value="nl"/><value value="Epidurale cathether of intrathécal"/></designation><designation><language value="fr"/><value value="Cathéter épidural ou intrathécal"/></designation></concept><concept><code value="parenteral-feeding"/><display value="Parenteral feeding"/><designation><language value="en"/><value value="Parenteral feeding"/></designation><designation><language value="nl"/><value value="Parenterale voeding"/></designation><designation><language value="fr"/><value value="nutrition parentérale"/></designation></concept></CodeSystem>