<?xml version="1.0" encoding="UTF-8"?><CodeSystem xmlns="http://hl7.org/fhir"><id value="be-prescriptionstatus-reason"/><text><status value="generated"/><div xmlns="http://www.w3.org/1999/xhtml"><p>This code system <code>https://www.ehealth.fgov.be/standards/fhir/referral/CodeSystem/be-prescription-status-reason</code> defines the following codes:</p><table class="codes"><tr><td style="white-space:nowrap"><b>Code</b></td><td><b>Display</b></td></tr><tr><td style="white-space:nowrap">blacklist<a name="be-prescriptionstatus-reason-blacklist"> </a></td><td>Blacklist</td></tr><tr><td style="white-space:nowrap">multiplestep<a name="be-prescriptionstatus-reason-multiplestep"> </a></td><td>Multiple step</td></tr><tr><td style="white-space:nowrap">cosign<a name="be-prescriptionstatus-reason-cosign"> </a></td><td>Co-sign</td></tr><tr><td style="white-space:nowrap">cancelled<a name="be-prescriptionstatus-reason-cancelled"> </a></td><td>Cancelled</td></tr><tr><td style="white-space:nowrap">expired<a name="be-prescriptionstatus-reason-expired"> </a></td><td>Expired</td></tr><tr><td style="white-space:nowrap">pending<a name="be-prescriptionstatus-reason-pending"> </a></td><td>Pending</td></tr><tr><td style="white-space:nowrap">ready<a name="be-prescriptionstatus-reason-ready"> </a></td><td>Ready</td></tr><tr><td style="white-space:nowrap">inprogress<a name="be-prescriptionstatus-reason-inprogress"> </a></td><td>In progress</td></tr><tr><td style="white-space:nowrap">inactive<a name="be-prescriptionstatus-reason-inactive"> </a></td><td>Inactive</td></tr></table></div></text><url value="https://www.ehealth.fgov.be/standards/fhir/referral/CodeSystem/be-prescription-status-reason"/><version value="0.2.0"/><name value="BePrescriptionStatusReason"/><title value="BePrescriptionStatusReason"/><status value="active"/><date value="2022-09-26T09:04:29+00:00"/><description value="Status reason for the prescription. Initially defined as supporting CodeSystem for the referral prescription."/><caseSensitive value="false"/><content value="complete"/><count value="9"/><concept><code value="blacklist"/><display value="Blacklist"/></concept><concept><code value="multiplestep"/><display value="Multiple step"/></concept><concept><code value="cosign"/><display value="Co-sign"/></concept><concept><code value="cancelled"/><display value="Cancelled"/></concept><concept><code value="expired"/><display value="Expired"/></concept><concept><code value="pending"/><display value="Pending"/></concept><concept><code value="ready"/><display value="Ready"/></concept><concept><code value="inprogress"/><display value="In progress"/></concept><concept><code value="inactive"/><display value="Inactive"/></concept></CodeSystem>