<?xml version="1.0" encoding="UTF-8"?><CodeSystem xmlns="http://hl7.org/fhir"><id value="be-prescription-status-reason"/><text><status value="generated"/><div xmlns="http://www.w3.org/1999/xhtml"><p>This code system <code>https://www.ehealth.fgov.be/standards/fhir/referral/CodeSystem/be-prescription-status-reason</code> defines the following codes:</p><table class="codes"><tr><td style="white-space:nowrap"><b>Code</b></td><td><b>Display</b></td></tr><tr><td style="white-space:nowrap">blackListed<a name="be-prescription-status-reason-blackListed"> </a></td><td>Blacklisted prescriber</td></tr><tr><td style="white-space:nowrap">multipleSteps<a name="be-prescription-status-reason-multipleSteps"> </a></td><td>Multiple steps</td></tr><tr><td style="white-space:nowrap">coSign<a name="be-prescription-status-reason-coSign"> </a></td><td>Co-sign</td></tr><tr><td style="white-space:nowrap">cancelledDraft<a name="be-prescription-status-reason-cancelledDraft"> </a></td><td>Cancelled draft</td></tr><tr><td style="white-space:nowrap">expiredDraft<a name="be-prescription-status-reason-expiredDraft"> </a></td><td>Expired draft</td></tr><tr><td style="white-space:nowrap">pending<a name="be-prescription-status-reason-pending"> </a></td><td>Pending</td></tr><tr><td style="white-space:nowrap">ready<a name="be-prescription-status-reason-ready"> </a></td><td>Ready</td></tr><tr><td style="white-space:nowrap">inProgress<a name="be-prescription-status-reason-inProgress"> </a></td><td>In progress</td></tr><tr><td style="white-space:nowrap">inactive<a name="be-prescription-status-reason-inactive"> </a></td><td>Inactive</td></tr><tr><td style="white-space:nowrap">cancelingReason<a name="be-prescription-status-reason-cancelingReason"> </a></td><td>Canceling reason</td></tr><tr><td style="white-space:nowrap">expired<a name="be-prescription-status-reason-expired"> </a></td><td>Expired</td></tr></table></div></text><url value="https://www.ehealth.fgov.be/standards/fhir/referral/CodeSystem/be-prescription-status-reason"/><version value="1.0.0"/><name value="BePrescriptionStatusReason"/><title value="BePrescriptionStatusReason"/><status value="draft"/><experimental value="false"/><date value="2023-06-08T08:31:26+00:00"/><description value="Status reason for the prescription. Initially defined as supporting CodeSystem for the referral prescription."/><jurisdiction><coding><system value="urn:iso:std:iso:3166"/><code value="BE"/><display value="Belgium"/></coding></jurisdiction><caseSensitive value="false"/><content value="complete"/><count value="11"/><concept><code value="blackListed"/><display value="Blacklisted prescriber"/></concept><concept><code value="multipleSteps"/><display value="Multiple steps"/></concept><concept><code value="coSign"/><display value="Co-sign"/></concept><concept><code value="cancelledDraft"/><display value="Cancelled draft"/></concept><concept><code value="expiredDraft"/><display value="Expired draft"/></concept><concept><code value="pending"/><display value="Pending"/></concept><concept><code value="ready"/><display value="Ready"/></concept><concept><code value="inProgress"/><display value="In progress"/></concept><concept><code value="inactive"/><display value="Inactive"/></concept><concept><code value="cancelingReason"/><display value="Canceling reason"/></concept><concept><code value="expired"/><display value="Expired"/></concept></CodeSystem>