<?xml version="1.0" encoding="UTF-8"?><CodeSystem xmlns="http://hl7.org/fhir"><id value="be-communication-code"/><text><status value="generated"/><div xmlns="http://www.w3.org/1999/xhtml"><p>This code system https://www.ehealth.fgov.be/standards/fhir/CodeSystem/be-communication-code defines many codes, of which the following are a subset:</p><table class="codes"><tr><td style="white-space:nowrap"><b>Code</b></td><td><b>Display</b></td></tr><tr><td style="white-space:nowrap">whatsapp<a name="be-communication-code-whatsapp"> </a></td><td>Whatsapp</td></tr><tr><td style="white-space:nowrap">signal<a name="be-communication-code-signal"> </a></td><td>Signal</td></tr><tr><td style="white-space:nowrap">telegram<a name="be-communication-code-telegram"> </a></td><td>Telegram</td></tr></table></div></text><url value="https://www.ehealth.fgov.be/standards/fhir/CodeSystem/be-communication-code"/><version value="0.2.0"/><name value="BeCommunicationCode"/><title value="BeCommunicationCode"/><status value="draft"/><experimental value="false"/><date value="2022-02-14T08:33:39+00:00"/><publisher value="HL7 Belgium"/><contact><name value="HL7 Belgium"/><telecom><system value="url"/><value value="http://hl7belgium.org"/></telecom></contact><contact><name value="Message-Structure"/><telecom><system value="email"/><value value="message-structure@ehealth.fgov.be"/><use value="work"/></telecom></contact><description value="Communication codes in Belgium. To define a specific method of communicating. Initially defined as supporting CodeSystem for the referral prescription."/><jurisdiction><coding><system value="http://unstats.un.org/unsd/methods/m49/m49.htm"/><code value="056"/><display value="Belgium"/></coding></jurisdiction><caseSensitive value="false"/><content value="fragment"/><concept><code value="whatsapp"/><display value="Whatsapp"/></concept><concept><code value="signal"/><display value="Signal"/></concept><concept><code value="telegram"/><display value="Telegram"/></concept></CodeSystem>