<?xml version="1.0" encoding="UTF-8"?><CodeSystem xmlns="http://hl7.org/fhir"><id value="be-cs-temp-requested-service-detail"/><text><status value="generated"/><div xmlns="http://www.w3.org/1999/xhtml"><p>This code system <code>https://www.ehealth.fgov.be/standards/fhir/referral/CodeSystem/be-cs-temp-requested-service-detail</code> defines the following codes:</p><table class="codes"><tr><td style="white-space:nowrap"><b>Code</b></td><td><b>Display</b></td></tr><tr><td style="white-space:nowrap">tmp-with-tion-7<a name="be-cs-temp-requested-service-detail-tmp-with-tion-7"> </a></td><td>Within convention</td></tr><tr><td style="white-space:nowrap">tmp-with-sion-8<a name="be-cs-temp-requested-service-detail-tmp-with-sion-8"> </a></td><td>Within progression</td></tr><tr><td style="white-space:nowrap">tmp-with-tory-8<a name="be-cs-temp-requested-service-detail-tmp-with-tory-8"> </a></td><td>Without trajectory</td></tr><tr><td style="white-space:nowrap">tmp-prot-dges-5<a name="be-cs-temp-requested-service-detail-tmp-prot-dges-5"> </a></td><td>protection of wound edges</td></tr><tr><td style="white-space:nowrap">tmp-shor-wick-2<a name="be-cs-temp-requested-service-detail-tmp-shor-wick-2"> </a></td><td>Shorten wick</td></tr><tr><td style="white-space:nowrap">tmp-supe-tion-2<a name="be-cs-temp-requested-service-detail-tmp-supe-tion-2"> </a></td><td>supervised drain without suction</td></tr><tr><td style="white-space:nowrap">tmp-for0-tion-6<a name="be-cs-temp-requested-service-detail-tmp-for0-tion-6"> </a></td><td>For insulin administration</td></tr><tr><td style="white-space:nowrap">tmp-for0-tion-9<a name="be-cs-temp-requested-service-detail-tmp-for0-tion-9"> </a></td><td>For medication administration</td></tr><tr><td style="white-space:nowrap">tmp-glyc-file-0<a name="be-cs-temp-requested-service-detail-tmp-glyc-file-0"> </a></td><td>Glycemic day profile</td></tr><tr><td style="white-space:nowrap">tmp-bolu-very-5<a name="be-cs-temp-requested-service-detail-tmp-bolu-very-5"> </a></td><td>bolus medication delivery</td></tr><tr><td style="white-space:nowrap">tmp-medi-tion-8<a name="be-cs-temp-requested-service-detail-tmp-medi-tion-8"> </a></td><td>medication administration via dilution</td></tr><tr><td style="white-space:nowrap">tmp-supr-0tip-7<a name="be-cs-temp-requested-service-detail-tmp-supr-0tip-7"> </a></td><td>Suprapubic bladder care insertion tip</td></tr><tr><td style="white-space:nowrap">tmp-supr-ring-4<a name="be-cs-temp-requested-service-detail-tmp-supr-ring-4"> </a></td><td>Suprapubic bladder tube monitoring</td></tr><tr><td style="white-space:nowrap">tmp-educ-ight-0<a name="be-cs-temp-requested-service-detail-tmp-educ-ight-0"> </a></td><td>Education to insight</td></tr><tr><td style="white-space:nowrap">tmp-guid-care-5<a name="be-cs-temp-requested-service-detail-tmp-guid-care-5"> </a></td><td>Guidance if not self-care</td></tr><tr><td style="white-space:nowrap">tmp-foll-tion-5<a name="be-cs-temp-requested-service-detail-tmp-foll-tion-5"> </a></td><td>Follow-up after education</td></tr><tr><td style="white-space:nowrap">tmp-foll-care-7<a name="be-cs-temp-requested-service-detail-tmp-foll-care-7"> </a></td><td>Follow-up of the patient who does not switch to self-care</td></tr><tr><td style="white-space:nowrap">tmp-star-nist-0<a name="be-cs-temp-requested-service-detail-tmp-star-nist-0"> </a></td><td>Start insulin or GLP 1 agonist</td></tr><tr><td style="white-space:nowrap">tmp-addi-&gt;7.5-0<a name="be-cs-temp-requested-service-detail-tmp-addi-.627.465-0"> </a></td><td>Additional education HBA1C&gt;7.5</td></tr><tr><td style="white-space:nowrap">tmp-addi-ions-3<a name="be-cs-temp-requested-service-detail-tmp-addi-ions-3"> </a></td><td>Additional education switching from 1 to 2 injections</td></tr><tr><td style="white-space:nowrap">tmp-educ-tion-0<a name="be-cs-temp-requested-service-detail-tmp-educ-tion-0"> </a></td><td>Education in patients on oral medication</td></tr><tr><td style="white-space:nowrap">tmp-educ-rial-8<a name="be-cs-temp-requested-service-detail-tmp-educ-rial-8"> </a></td><td>Education material</td></tr><tr><td style="white-space:nowrap">tmp-grou-sion-3<a name="be-cs-temp-requested-service-detail-tmp-grou-sion-3"> </a></td><td>Group session</td></tr><tr><td style="white-space:nowrap">tmp-indi-sion-8<a name="be-cs-temp-requested-service-detail-tmp-indi-sion-8"> </a></td><td>Individual session</td></tr></table><p><b>Additional Language Displays</b></p><table class="codes"><tr><td><b>Code</b></td><td><b>English (English, en)</b></td><td><b>French (Belgium) (fr)</b></td><td><b>Nederlands (België) (Dutch (Belgium), nl)</b></td></tr><tr><td>tmp-with-tion-7</td><td>Within convention</td><td>Binnen conventie</td><td>Au sein de la convention</td></tr><tr><td>tmp-with-sion-8</td><td>Within progression</td><td>Binnen voortraject</td><td>Dans la progression</td></tr><tr><td>tmp-with-tory-8</td><td>Without trajectory</td><td>Zonder traject</td><td>Sans trajectoire</td></tr><tr><td>tmp-prot-dges-5</td><td>protection of wound edges</td><td>bescherming van wondranden</td><td>protection des bords de la plaie</td></tr><tr><td>tmp-shor-wick-2</td><td>Shorten wick</td><td>Inkorten wiek</td><td>Raccourcir la mèche</td></tr><tr><td>tmp-supe-tion-2</td><td>supervised drain without suction</td><td>toezicht drain zonder suctie</td><td>vidange surveillée sans aspiration</td></tr><tr><td>tmp-for0-tion-6</td><td>For insulin administration</td><td>Voor insuline toediening</td><td>Pour l'administration d'insuline</td></tr><tr><td>tmp-for0-tion-9</td><td>For medication administration</td><td>Voor medicatietoediening</td><td>Pour l'administration des médicaments</td></tr><tr><td>tmp-glyc-file-0</td><td>Glycemic day profile</td><td>Glycemiedagprofiel</td><td>Profil glycémique du jour</td></tr><tr><td>tmp-bolu-very-5</td><td>bolus medication delivery</td><td>medicatietoediening in bolus</td><td>administration de médicaments en bolus</td></tr><tr><td>tmp-medi-tion-8</td><td>medication administration via dilution</td><td>medicatietoediening via verdunning</td><td>administration de médicaments par dilution</td></tr><tr><td>tmp-supr-0tip-7</td><td>Suprapubic bladder care insertion tip</td><td>Suprapubische blaassonde verzorging insteekpunt</td><td>Embout d'insertion pour soins de la vessie sus-pubienne</td></tr><tr><td>tmp-supr-ring-4</td><td>Suprapubic bladder tube monitoring</td><td>Suprapubische blaassonde toezicht</td><td>Surveillance du tube vésical sus-pubien</td></tr><tr><td>tmp-educ-ight-0</td><td>Education to insight</td><td>Educatie tot inzicht</td><td>L'éducation à la perspicacité</td></tr><tr><td>tmp-guid-care-5</td><td>Guidance if not self-care</td><td>Begeleiding indien geen zelfzorg </td><td>Des conseils sinon des soins personnels</td></tr><tr><td>tmp-foll-tion-5</td><td>Follow-up after education</td><td>Opvolging na educatie</td><td>Suivi après l'éducation</td></tr><tr><td>tmp-foll-care-7</td><td>Follow-up of the patient who does not switch to self-care</td><td>Opvolging van de patiënt die niet overstapt op zelfzorg </td><td>Suivi du patient qui ne passe pas aux soins personnels</td></tr><tr><td>tmp-star-nist-0</td><td>Start insulin or GLP 1 agonist</td><td>Start insuline of GLP 1-agonist </td><td>Démarrer l'insuline ou l'agoniste du GLP 1</td></tr><tr><td>tmp-addi-&gt;7.5-0</td><td>Additional education HBA1C&gt;7.5</td><td>Bijkomende educatie HBA1C&gt;7.5 </td><td>Formation complémentaire HBA1C&gt;7.5</td></tr><tr><td>tmp-addi-ions-3</td><td>Additional education switching from 1 to 2 injections</td><td>Bijkomende educatie omschakeling van 1 naar 2 injecties </td><td>Formation complémentaire passage de 1 à 2 injections</td></tr><tr><td>tmp-educ-tion-0</td><td>Education in patients on oral medication</td><td>Educatie bij patiënten met orale medicatie </td><td>Éducation des patients sous médication orale</td></tr><tr><td>tmp-educ-rial-8</td><td>Education material</td><td>Educatie materiaal </td><td>Matériel pédagogique</td></tr><tr><td>tmp-grou-sion-3</td><td>Group session</td><td>Groepsessie</td><td>Séance de groupe</td></tr><tr><td>tmp-indi-sion-8</td><td>Individual session</td><td>Individuele sessie</td><td>Séance individuelle</td></tr></table></div></text><url value="https://www.ehealth.fgov.be/standards/fhir/referral/CodeSystem/be-cs-temp-requested-service-detail"/><version value="1.0.0"/><name value="BeTempRequestedServiceDetail"/><title value="BeTempRequestedServiceDetail"/><status value="draft"/><experimental value="false"/><date value="2023-06-06T07:45:21+00:00"/><description value="Temporary codes for indicating service details that can be requested from a Nurse"/><jurisdiction><coding><system value="urn:iso:std:iso:3166"/><code value="BE"/><display value="Belgium"/></coding></jurisdiction><caseSensitive value="true"/><content value="complete"/><count value="24"/><concept><code value="tmp-with-tion-7"/><display value="Within convention"/><designation><language value="fr-BE"/><value value="Binnen conventie"/></designation><designation><language value="nl-BE"/><value value="Au sein de la convention"/></designation><designation><language value="en"/><value value="Within convention"/></designation></concept><concept><code value="tmp-with-sion-8"/><display value="Within progression"/><designation><language value="fr-BE"/><value value="Binnen voortraject"/></designation><designation><language value="nl-BE"/><value value="Dans la progression"/></designation><designation><language value="en"/><value value="Within progression"/></designation></concept><concept><code value="tmp-with-tory-8"/><display value="Without trajectory"/><designation><language value="fr-BE"/><value value="Zonder traject"/></designation><designation><language value="nl-BE"/><value value="Sans trajectoire"/></designation><designation><language value="en"/><value value="Without trajectory"/></designation></concept><concept><code value="tmp-prot-dges-5"/><display value="protection of wound edges"/><designation><language value="fr-BE"/><value value="bescherming van wondranden"/></designation><designation><language value="nl-BE"/><value value="protection des bords de la plaie"/></designation><designation><language value="en"/><value value="protection of wound edges"/></designation></concept><concept><code value="tmp-shor-wick-2"/><display value="Shorten wick"/><designation><language value="fr-BE"/><value value="Inkorten wiek"/></designation><designation><language value="nl-BE"/><value value="Raccourcir la mèche"/></designation><designation><language value="en"/><value value="Shorten wick"/></designation></concept><concept><code value="tmp-supe-tion-2"/><display value="supervised drain without suction"/><designation><language value="fr-BE"/><value value="toezicht drain zonder suctie"/></designation><designation><language value="nl-BE"/><value value="vidange surveillée sans aspiration"/></designation><designation><language value="en"/><value value="supervised drain without suction"/></designation></concept><concept><code value="tmp-for0-tion-6"/><display value="For insulin administration"/><designation><language value="fr-BE"/><value value="Voor insuline toediening"/></designation><designation><language value="nl-BE"/><value value="Pour l'administration d'insuline"/></designation><designation><language value="en"/><value value="For insulin administration"/></designation></concept><concept><code value="tmp-for0-tion-9"/><display value="For medication administration"/><designation><language value="fr-BE"/><value value="Voor medicatietoediening"/></designation><designation><language value="nl-BE"/><value value="Pour l'administration des médicaments"/></designation><designation><language value="en"/><value value="For medication administration"/></designation></concept><concept><code value="tmp-glyc-file-0"/><display value="Glycemic day profile"/><designation><language value="fr-BE"/><value value="Glycemiedagprofiel"/></designation><designation><language value="nl-BE"/><value value="Profil glycémique du jour"/></designation><designation><language value="en"/><value value="Glycemic day profile"/></designation></concept><concept><code value="tmp-bolu-very-5"/><display value="bolus medication delivery"/><designation><language value="fr-BE"/><value value="medicatietoediening in bolus"/></designation><designation><language value="nl-BE"/><value value="administration de médicaments en bolus"/></designation><designation><language value="en"/><value value="bolus medication delivery"/></designation></concept><concept><code value="tmp-medi-tion-8"/><display value="medication administration via dilution"/><designation><language value="fr-BE"/><value value="medicatietoediening via verdunning"/></designation><designation><language value="nl-BE"/><value value="administration de médicaments par dilution"/></designation><designation><language value="en"/><value value="medication administration via dilution"/></designation></concept><concept><code value="tmp-supr-0tip-7"/><display value="Suprapubic bladder care insertion tip"/><designation><language value="fr-BE"/><value value="Suprapubische blaassonde verzorging insteekpunt"/></designation><designation><language value="nl-BE"/><value value="Embout d'insertion pour soins de la vessie sus-pubienne"/></designation><designation><language value="en"/><value value="Suprapubic bladder care insertion tip"/></designation></concept><concept><code value="tmp-supr-ring-4"/><display value="Suprapubic bladder tube monitoring"/><designation><language value="fr-BE"/><value value="Suprapubische blaassonde toezicht"/></designation><designation><language value="nl-BE"/><value value="Surveillance du tube vésical sus-pubien"/></designation><designation><language value="en"/><value value="Suprapubic bladder tube monitoring"/></designation></concept><concept><code value="tmp-educ-ight-0"/><display value="Education to insight"/><designation><language value="fr-BE"/><value value="Educatie tot inzicht"/></designation><designation><language value="nl-BE"/><value value="L'éducation à la perspicacité"/></designation><designation><language value="en"/><value value="Education to insight"/></designation></concept><concept><code value="tmp-guid-care-5"/><display value="Guidance if not self-care"/><designation><language value="fr-BE"/><value value="Begeleiding indien geen zelfzorg "/></designation><designation><language value="nl-BE"/><value value="Des conseils sinon des soins personnels"/></designation><designation><language value="en"/><value value="Guidance if not self-care"/></designation></concept><concept><code value="tmp-foll-tion-5"/><display value="Follow-up after education"/><designation><language value="fr-BE"/><value value="Opvolging na educatie"/></designation><designation><language value="nl-BE"/><value value="Suivi après l'éducation"/></designation><designation><language value="en"/><value value="Follow-up after education"/></designation></concept><concept><code value="tmp-foll-care-7"/><display value="Follow-up of the patient who does not switch to self-care"/><designation><language value="fr-BE"/><value value="Opvolging van de patiënt die niet overstapt op zelfzorg "/></designation><designation><language value="nl-BE"/><value value="Suivi du patient qui ne passe pas aux soins personnels"/></designation><designation><language value="en"/><value value="Follow-up of the patient who does not switch to self-care"/></designation></concept><concept><code value="tmp-star-nist-0"/><display value="Start insulin or GLP 1 agonist"/><designation><language value="fr-BE"/><value value="Start insuline of GLP 1-agonist "/></designation><designation><language value="nl-BE"/><value value="Démarrer l'insuline ou l'agoniste du GLP 1"/></designation><designation><language value="en"/><value value="Start insulin or GLP 1 agonist"/></designation></concept><concept><code value="tmp-addi-&gt;7.5-0"/><display value="Additional education HBA1C&gt;7.5"/><designation><language value="fr-BE"/><value value="Bijkomende educatie HBA1C&gt;7.5 "/></designation><designation><language value="nl-BE"/><value value="Formation complémentaire HBA1C&gt;7.5"/></designation><designation><language value="en"/><value value="Additional education HBA1C&gt;7.5"/></designation></concept><concept><code value="tmp-addi-ions-3"/><display value="Additional education switching from 1 to 2 injections"/><designation><language value="fr-BE"/><value value="Bijkomende educatie omschakeling van 1 naar 2 injecties "/></designation><designation><language value="nl-BE"/><value value="Formation complémentaire passage de 1 à 2 injections"/></designation><designation><language value="en"/><value value="Additional education switching from 1 to 2 injections"/></designation></concept><concept><code value="tmp-educ-tion-0"/><display value="Education in patients on oral medication"/><designation><language value="fr-BE"/><value value="Educatie bij patiënten met orale medicatie "/></designation><designation><language value="nl-BE"/><value value="Éducation des patients sous médication orale"/></designation><designation><language value="en"/><value value="Education in patients on oral medication"/></designation></concept><concept><code value="tmp-educ-rial-8"/><display value="Education material"/><designation><language value="fr-BE"/><value value="Educatie materiaal "/></designation><designation><language value="nl-BE"/><value value="Matériel pédagogique"/></designation><designation><language value="en"/><value value="Education material"/></designation></concept><concept><code value="tmp-grou-sion-3"/><display value="Group session"/><designation><language value="fr-BE"/><value value="Groepsessie"/></designation><designation><language value="nl-BE"/><value value="Séance de groupe"/></designation><designation><language value="en"/><value value="Group session"/></designation></concept><concept><code value="tmp-indi-sion-8"/><display value="Individual session"/><designation><language value="fr-BE"/><value value="Individuele sessie"/></designation><designation><language value="nl-BE"/><value value="Séance individuelle"/></designation><designation><language value="en"/><value value="Individual session"/></designation></concept></CodeSystem>