<?xml version="1.0" encoding="UTF-8"?><ImplementationGuide xmlns="http://hl7.org/fhir"><id value="hl7.fhir.be.referral"/><text><status value="extensions"/><div xmlns="http://www.w3.org/1999/xhtml"><h2>HL7BEReferralPrescriptionWGImplementationGuideworkinprogress</h2><p>The official URL for this implementation guide is: </p><pre>https://www.ehealth.fgov.be/standards/fhir/referral/ImplementationGuide/hl7.fhir.be.referral</pre></div></text><url value="https://www.ehealth.fgov.be/standards/fhir/referral/ImplementationGuide/hl7.fhir.be.referral"/><version value="0.2.0"/><name value="HL7BEReferralPrescriptionWGImplementationGuideworkinprogress"/><title value="HL7 BE Referral Prescription WG Implementation Guide (work in progress)"/><status value="draft"/><date value="2022-07-04T09:45:33+00:00"/><packageId value="hl7.fhir.be.referral"/><license value="CC0-1.0"/><fhirVersion value="4.0.1"/><dependsOn id="hl7tx"><uri value="http://terminology.hl7.org/ImplementationGuide/hl7.terminology"/><packageId value="hl7.terminology.r4"/><version value="3.1.0"/></dependsOn><dependsOn id="hl7_fhir_be_core"><uri value="https://www.ehealth.fgov.be/standards/fhir/core/ImplementationGuide/hl7.fhir.be.core"/><packageId value="hl7.fhir.be.core"/><version value="2.0.0"/></dependsOn><dependsOn id="hl7_fhir_be_medication"><uri value="https://www.ehealth.fgov.be/standards/fhir/medication/ImplementationGuide/hl7.fhir.be.medication"/><packageId value="hl7.fhir.be.medication"/><version value="1.0.0"/></dependsOn><dependsOn id="hl7_fhir_be_core_clinical"><uri value="https://www.ehealth.fgov.be/standards/fhir/core-clinical/ImplementationGuide/hl7.fhir.be.core-clinical"/><packageId value="hl7.fhir.be.core-clinical"/><version value="1.0.0"/></dependsOn><dependsOn id="hl7_fhir_be_allergy"><uri value="https://www.ehealth.fgov.be/standards/fhir/allergy/ImplementationGuide/hl7.fhir.be.allergy"/><packageId value="hl7.fhir.be.allergy"/><version value="1.0.0"/></dependsOn><definition><extension url="http://hl7.org/fhir/tools/StructureDefinition/ig-parameter"><extension url="code"><valueString value="copyrightyear"/></extension><extension url="value"><valueString value="2022+"/></extension></extension><extension url="http://hl7.org/fhir/tools/StructureDefinition/ig-parameter"><extension url="code"><valueString value="releaselabel"/></extension><extension url="value"><valueString value="STU"/></extension></extension><extension url="http://hl7.org/fhir/tools/StructureDefinition/ig-parameter"><extension url="code"><valueString value="path-liquid"/></extension><extension url="value"><valueString value="template/liquid"/></extension></extension><extension url="http://hl7.org/fhir/tools/StructureDefinition/ig-parameter"><extension url="code"><valueString value="path-liquid"/></extension><extension url="value"><valueString value="input/liquid"/></extension></extension><extension url="http://hl7.org/fhir/tools/StructureDefinition/ig-parameter"><extension url="code"><valueString value="path-qa"/></extension><extension url="value"><valueString value="temp/qa"/></extension></extension><extension url="http://hl7.org/fhir/tools/StructureDefinition/ig-parameter"><extension url="code"><valueString value="path-temp"/></extension><extension url="value"><valueString value="temp/pages"/></extension></extension><extension url="http://hl7.org/fhir/tools/StructureDefinition/ig-parameter"><extension url="code"><valueString value="path-output"/></extension><extension url="value"><valueString value="output"/></extension></extension><extension url="http://hl7.org/fhir/tools/StructureDefinition/ig-parameter"><extension url="code"><valueString value="path-suppressed-warnings"/></extension><extension url="value"><valueString value="input/ignoreWarnings.txt"/></extension></extension><extension url="http://hl7.org/fhir/tools/StructureDefinition/ig-parameter"><extension url="code"><valueString value="path-history"/></extension><extension url="value"><valueString value="https://www.ehealth.fgov.be/standards/fhir/referral/history.html"/></extension></extension><extension url="http://hl7.org/fhir/tools/StructureDefinition/ig-parameter"><extension url="code"><valueString value="template-html"/></extension><extension url="value"><valueString value="template-page.html"/></extension></extension><extension url="http://hl7.org/fhir/tools/StructureDefinition/ig-parameter"><extension url="code"><valueString value="template-md"/></extension><extension url="value"><valueString value="template-page-md.html"/></extension></extension><extension url="http://hl7.org/fhir/tools/StructureDefinition/ig-parameter"><extension url="code"><valueString value="apply-contact"/></extension><extension url="value"><valueString value="true"/></extension></extension><extension url="http://hl7.org/fhir/tools/StructureDefinition/ig-parameter"><extension url="code"><valueString value="apply-context"/></extension><extension url="value"><valueString value="true"/></extension></extension><extension url="http://hl7.org/fhir/tools/StructureDefinition/ig-parameter"><extension url="code"><valueString value="apply-copyright"/></extension><extension url="value"><valueString value="true"/></extension></extension><extension url="http://hl7.org/fhir/tools/StructureDefinition/ig-parameter"><extension url="code"><valueString value="apply-jurisdiction"/></extension><extension url="value"><valueString value="true"/></extension></extension><extension url="http://hl7.org/fhir/tools/StructureDefinition/ig-parameter"><extension url="code"><valueString value="apply-license"/></extension><extension url="value"><valueString value="true"/></extension></extension><extension url="http://hl7.org/fhir/tools/StructureDefinition/ig-parameter"><extension url="code"><valueString value="apply-publisher"/></extension><extension url="value"><valueString value="true"/></extension></extension><extension url="http://hl7.org/fhir/tools/StructureDefinition/ig-parameter"><extension url="code"><valueString value="apply-version"/></extension><extension url="value"><valueString value="true"/></extension></extension><extension url="http://hl7.org/fhir/tools/StructureDefinition/ig-parameter"><extension url="code"><valueString value="active-tables"/></extension><extension url="value"><valueString value="true"/></extension></extension><extension url="http://hl7.org/fhir/tools/StructureDefinition/ig-parameter"><extension url="code"><valueString value="fmm-definition"/></extension><extension url="value"><valueString value="http://hl7.org/fhir/versions.html#maturity"/></extension></extension><extension url="http://hl7.org/fhir/tools/StructureDefinition/ig-parameter"><extension url="code"><valueString value="propagate-status"/></extension><extension url="value"><valueString value="true"/></extension></extension><extension url="http://hl7.org/fhir/tools/StructureDefinition/ig-parameter"><extension url="code"><valueString value="excludelogbinaryformat"/></extension><extension url="value"><valueString value="true"/></extension></extension><grouping id="-dyn-operationdefinition"><name value="Behavior: Operation Definitions"/><description value="These are custom operations that can be supported by and/or invoked by systems conforming to this implementation guide"/></grouping><grouping id="-str-logicalmodel"><name value="Structures: Logical Models"/><description value="These define data models that represent the domain covered by this implementation guide in more business-friendly terms than the underlying FHIR resources."/></grouping><grouping id="-str-profile"><name value="Structures: Resource Profiles"/><description value="These define constraints on FHIR resources for systems conforming to this implementation guide"/></grouping><grouping id="-str-extension"><name value="Structures: Extension Definitions"/><description value="These define constraints on FHIR data types for systems conforming to this implementation guide"/></grouping><grouping id="-term-valueset"><name value="Terminology: Value Sets"/><description value="These define sets of codes used by systems conforming to this implementation guide"/></grouping><grouping id="-term-codesystem"><name value="Terminology: Code Systems"/><description value="These define new code systems used by systems conforming to this implementation guide"/></grouping><grouping id="-term-namingsystem"><name value="Terminology: Naming Systems"/><description value="These define identifier and/or code system identities used by systems conforming to this implementation guide"/></grouping><grouping id="-ex-example"><name value="Example: Example Instances"/><description value="These are example instances that show what data produced and consumed by systems conforming with this implementation guide might look like"/></grouping><resource><extension url="http://hl7.org/fhir/StructureDefinition/implementationguide-page"><valueUri value="StructureDefinition-be-lab-prescription.html"/></extension><reference><reference value="StructureDefinition/be-lab-prescription"/></reference><name value="BeLabPrescription"/><description value="This is the Belgian profile for a laboratory order."/><exampleBoolean value="false"/><groupingId value="-str-profile"/></resource><resource><extension url="http://hl7.org/fhir/StructureDefinition/implementationguide-page"><valueUri value="StructureDefinition-be-referralprescription.html"/></extension><reference><reference value="StructureDefinition/be-referralprescription"/></reference><name value="BeReferralPrescription"/><description value="The common structure for referral prescription."/><exampleBoolean value="false"/><groupingId value="-str-profile"/></resource><resource><extension url="http://hl7.org/fhir/StructureDefinition/implementationguide-page"><valueUri value="StructureDefinition-be-referralprescription-diagnosticimaging.html"/></extension><reference><reference value="StructureDefinition/be-referralprescription-diagnosticimaging"/></reference><name value="BeReferralPrescriptionDiagnosticImaging"/><description value="Referral prescription for a generic diagnostic imaging.&#xA;Please note in .orderDetail, a specific slicing is available to give guidance how to express acquisition modalities if needed. In future iterations of this profile, more slicing might provide additional guidance."/><exampleBoolean value="false"/><groupingId value="-str-profile"/></resource><resource><extension url="http://hl7.org/fhir/StructureDefinition/implementationguide-page"><valueUri value="StructureDefinition-be-referralprescription-nursing.html"/></extension><reference><reference value="StructureDefinition/be-referralprescription-nursing"/></reference><name value="BeReferralPrescriptionNursing"/><description value="The nursing profile, generic version. Please note the nursing referral for medication does NOT depend on this generic version but is a FHIR prodfile on a different FHIR resource (MedicationRequest)"/><exampleBoolean value="false"/><groupingId value="-str-profile"/></resource><resource><extension url="http://hl7.org/fhir/StructureDefinition/implementationguide-page"><valueUri value="StructureDefinition-be-referralprescription-nursing-annex81.html"/></extension><reference><reference value="StructureDefinition/be-referralprescription-nursing-annex81"/></reference><name value="BeReferralPrescriptionNursingAnnex81PreparationOfMedication"/><description value="The nursing profile specialized for preparation of medication. Use the .note element to provide any extra information."/><exampleBoolean value="false"/><groupingId value="-str-profile"/></resource><resource><extension url="http://hl7.org/fhir/StructureDefinition/implementationguide-page"><valueUri value="StructureDefinition-be-referralprescription-nursing-bladder-care.html"/></extension><reference><reference value="StructureDefinition/be-referralprescription-nursing-bladder-care"/></reference><name value="BeReferralPrescriptionNursingBladderCare"/><description value="The nursing profile specialized for bladder care. Actual bladder care information lives in the .orderDetail element. If needed to give a quantity (mandatory if bladder instillation): the .quantity element shall be used. If needed to express the product and time to leave the product (mandatory if bladder instillation): please explain in the .note element."/><exampleBoolean value="false"/><groupingId value="-str-profile"/></resource><resource><extension url="http://hl7.org/fhir/StructureDefinition/implementationguide-page"><valueUri value="StructureDefinition-be-referralprescription-nursing-compressiontherapy.html"/></extension><reference><reference value="StructureDefinition/be-referralprescription-nursing-compressiontherapy"/></reference><name value="BeReferralPrescriptionNursingCompressionTherapy"/><description value="The nursing profile specialized for compression therapy."/><exampleBoolean value="false"/><groupingId value="-str-profile"/></resource><resource><extension url="http://hl7.org/fhir/StructureDefinition/implementationguide-page"><valueUri value="StructureDefinition-be-referralprescription-nursing-diabetic.html"/></extension><reference><reference value="StructureDefinition/be-referralprescription-nursing-diabetic"/></reference><name value="BeReferralPrescriptionNursingDiabetic"/><description value="The nursing profile specialized for diabetic services. Use the .note element to provide any extra information."/><exampleBoolean value="false"/><groupingId value="-str-profile"/></resource><resource><extension url="http://hl7.org/fhir/StructureDefinition/implementationguide-page"><valueUri value="StructureDefinition-be-referralprescription-nursing-digestive-system-care.html"/></extension><reference><reference value="StructureDefinition/be-referralprescription-nursing-digestive-system-care"/></reference><name value="BeReferralPrescriptionNursingDigestiveSystemCare"/><description value="The nursing profile specialized for digestive system care. If needed to give any details (e.g. details around the enteral feeding): please use the .note element."/><exampleBoolean value="false"/><groupingId value="-str-profile"/></resource><resource><extension url="http://hl7.org/fhir/StructureDefinition/implementationguide-page"><valueUri value="StructureDefinition-be-referralprescription-nursing-gen-medication.html"/></extension><reference><reference value="StructureDefinition/be-referralprescription-nursing-gen-medication"/></reference><name value="BeReferralPrescriptionNursingGenMedication"/><description value="The nursing profile specialized for medication. Note this profile is based on the FHIR resource MedicationRequest. Dosage is expected initially to be given in the corresponding text and optional site fields (as per the NIHDI requirements)."/><exampleBoolean value="false"/><groupingId value="-str-profile"/></resource><resource><extension url="http://hl7.org/fhir/StructureDefinition/implementationguide-page"><valueUri value="StructureDefinition-be-referralprescription-nursing-medication.html"/></extension><reference><reference value="StructureDefinition/be-referralprescription-nursing-medication"/></reference><name value="BeReferralPrescriptionNursingMedication"/><description value="The nursing profile specialized for medication. Note this profile is based on the FHIR resource MedicationRequest.&#xA;Dosage is expected initially to be given in the corresponding text and optional site fields (as per the NIHDI requirements)"/><exampleBoolean value="false"/><groupingId value="-str-profile"/></resource><resource><extension url="http://hl7.org/fhir/StructureDefinition/implementationguide-page"><valueUri value="StructureDefinition-be-referralprescription-nursing-non-reimbursable.html"/></extension><reference><reference value="StructureDefinition/be-referralprescription-nursing-non-reimbursable"/></reference><name value="BeReferralPrescriptionNursingNonReimbursable"/><description value="The nursing profile specialized for non reimbursable care. Use the .note element to provide any extra information."/><exampleBoolean value="false"/><groupingId value="-str-profile"/></resource><resource><extension url="http://hl7.org/fhir/StructureDefinition/implementationguide-page"><valueUri value="StructureDefinition-be-referralprescription-nursing-other.html"/></extension><reference><reference value="StructureDefinition/be-referralprescription-nursing-other"/></reference><name value="BeReferralPrescriptionNursingOther"/><description value="The nursing profile specialized for other care. Use the .note element to provide any extra information."/><exampleBoolean value="false"/><groupingId value="-str-profile"/></resource><resource><extension url="http://hl7.org/fhir/StructureDefinition/implementationguide-page"><valueUri value="StructureDefinition-be-referralprescription-nursing-chronical-psychiatric-patient.html"/></extension><reference><reference value="StructureDefinition/be-referralprescription-nursing-chronical-psychiatric-patient"/></reference><name value="BeReferralPrescriptionNursingPreparationAdministrationMedicationChronicalPsychiatricPatient"/><description value="The nursing profile specialized for preparation and administration of medication to chronical pshychiatric patient. Use the .note element to provide any extra information. The prescriber SHALL give a start and end date &amp; SHALL give a frequency, these informations live in the .occurrence element."/><exampleBoolean value="false"/><groupingId value="-str-profile"/></resource><resource><extension url="http://hl7.org/fhir/StructureDefinition/implementationguide-page"><valueUri value="StructureDefinition-be-referralprescription-nursing-woundcare.html"/></extension><reference><reference value="StructureDefinition/be-referralprescription-nursing-woundcare"/></reference><name value="BeReferralPrescriptionNursingWoundcare"/><description value="The nursing profile specialized for wound care. Use the .note element to provide any extra information."/><exampleBoolean value="false"/><groupingId value="-str-profile"/></resource><resource><extension url="http://hl7.org/fhir/StructureDefinition/implementationguide-page"><valueUri value="StructureDefinition-be-referralprescription-request-group.html"/></extension><reference><reference value="StructureDefinition/be-referralprescription-request-group"/></reference><name value="BeReferralPrescriptionRequestGroup"/><description value="Envelope that allows different referralprescriptions to have an order"/><exampleBoolean value="false"/><groupingId value="-str-profile"/></resource><resource><extension url="http://hl7.org/fhir/StructureDefinition/implementationguide-page"><valueUri value="StructureDefinition-be-referral-task.html"/></extension><reference><reference value="StructureDefinition/be-referral-task"/></reference><name value="BeReferralTask"/><description value="The task that is referred to in the referral prescription"/><exampleBoolean value="false"/><groupingId value="-str-profile"/></resource><resource><extension url="http://hl7.org/fhir/StructureDefinition/implementationguide-page"><valueUri value="StructureDefinition-be-co-prescriber.html"/></extension><reference><reference value="StructureDefinition/be-co-prescriber"/></reference><name value="BeCoPrescriber"/><description value="Other practitioners that must take part in this prescripiton"/><exampleBoolean value="false"/><groupingId value="-str-extension"/></resource><resource><extension url="http://hl7.org/fhir/StructureDefinition/implementationguide-page"><valueUri value="StructureDefinition-be-ext-contraindication.html"/></extension><reference><reference value="StructureDefinition/be-ext-contraindication"/></reference><name value="BeContraindication"/><description value="Contra indication in a prescription referral for diagnostic imaging."/><exampleBoolean value="false"/><groupingId value="-str-extension"/></resource><resource><extension url="http://hl7.org/fhir/StructureDefinition/implementationguide-page"><valueUri value="StructureDefinition-be-ext-contrastfluiduse.html"/></extension><reference><reference value="StructureDefinition/be-ext-contrastfluiduse"/></reference><name value="BeContrastFluidUse"/><description value="Whether the use of contrast fluid in diagnostic imaging can be defined as 'If necessary' or 'Not permitted.'"/><exampleBoolean value="false"/><groupingId value="-str-extension"/></resource><resource><extension url="http://hl7.org/fhir/StructureDefinition/implementationguide-page"><valueUri value="StructureDefinition-be-ext-execution-period.html"/></extension><reference><reference value="StructureDefinition/be-ext-execution-period"/></reference><name value="BeExecutionPeriod"/><description value="Begin and enddate of the execution of the request"/><exampleBoolean value="false"/><groupingId value="-str-extension"/></resource><resource><extension url="http://hl7.org/fhir/StructureDefinition/implementationguide-page"><valueUri value="StructureDefinition-be-ext-inform-party.html"/></extension><reference><reference value="StructureDefinition/be-ext-inform-party"/></reference><name value="BeInformParty"/><description value="Extra parties that need to be informed of the outcome, besides the prescriber."/><exampleBoolean value="false"/><groupingId value="-str-extension"/></resource><resource><extension url="http://hl7.org/fhir/StructureDefinition/implementationguide-page"><valueUri value="StructureDefinition-be-intended-performer.html"/></extension><reference><reference value="StructureDefinition/be-intended-performer"/></reference><name value="BeIntendedPerformer"/><description value="Intended performers for this request"/><exampleBoolean value="false"/><groupingId value="-str-extension"/></resource><resource><extension url="http://hl7.org/fhir/StructureDefinition/implementationguide-page"><valueUri value="StructureDefinition-be-ext-lastest-end-date.html"/></extension><reference><reference value="StructureDefinition/be-ext-lastest-end-date"/></reference><name value="BeLastestEndDate"/><description value="Request must be performed before"/><exampleBoolean value="false"/><groupingId value="-str-extension"/></resource><resource><extension url="http://hl7.org/fhir/StructureDefinition/implementationguide-page"><valueUri value="StructureDefinition-be-ext-proposal-type.html"/></extension><reference><reference value="StructureDefinition/be-ext-proposal-type"/></reference><name value="BeProposalType"/><description value="Type of proposal"/><exampleBoolean value="false"/><groupingId value="-str-extension"/></resource><resource><extension url="http://hl7.org/fhir/StructureDefinition/implementationguide-page"><valueUri value="StructureDefinition-be-ext-supporting-info.html"/></extension><reference><reference value="StructureDefinition/be-ext-supporting-info"/></reference><name value="BeSupportingInfo"/><description value="Relevant clinical information in the context of this prescription concerning for example allergies, kidney function, diabetic. This extension allows the use of an Annotation or codeableConcept but when more detailed information can be given, it is RECOMMENDED to express it as structured as possible using the appropriate elements."/><exampleBoolean value="false"/><groupingId value="-str-extension"/></resource><resource><extension url="http://hl7.org/fhir/StructureDefinition/implementationguide-page"><valueUri value="StructureDefinition-be-ext-task-reference.html"/></extension><reference><reference value="StructureDefinition/be-ext-task-reference"/></reference><name value="BeTaskReference"/><description value="BeTaskReference"/><exampleBoolean value="false"/><groupingId value="-str-extension"/></resource><resource><extension url="http://hl7.org/fhir/StructureDefinition/implementationguide-page"><valueUri value="StructureDefinition-be-ext-urgent-communication.html"/></extension><reference><reference value="StructureDefinition/be-ext-urgent-communication"/></reference><name value="BeUrgentCommunication"/><description value="When there is a need to urgently communicate results of an order."/><exampleBoolean value="false"/><groupingId value="-str-extension"/></resource><resource><extension url="http://hl7.org/fhir/StructureDefinition/implementationguide-page"><valueUri value="StructureDefinition-be-ext-validity-period.html"/></extension><reference><reference value="StructureDefinition/be-ext-validity-period"/></reference><name value="BeValidityPeriod"/><description value="Begin and enddate of the validity of the request"/><exampleBoolean value="false"/><groupingId value="-str-extension"/></resource><resource><extension url="http://hl7.org/fhir/StructureDefinition/implementationguide-page"><valueUri value="StructureDefinition-be-model-diagnosticimagingprescription.html"/></extension><reference><reference value="StructureDefinition/be-model-diagnosticimagingprescription"/></reference><name value="BeDiagnosticImagingPrescription"/><description value="Logical model describing the model for the diagnostic imaging prescription. This draft is used in the HL7 Belgian workgroup for referral."/><exampleBoolean value="false"/><groupingId value="-str-logicalmodel"/></resource><resource><extension url="http://hl7.org/fhir/StructureDefinition/implementationguide-page"><valueUri value="StructureDefinition-be-model-laboratoryprescription.html"/></extension><reference><reference value="StructureDefinition/be-model-laboratoryprescription"/></reference><name value="BeLaboratoryPrescription"/><description value="Logical model describing the model for the prescription laboratory. This draft is used in the HL7 Belgian workgroup for laboratory."/><exampleBoolean value="false"/><groupingId value="-str-logicalmodel"/></resource><resource><extension url="http://hl7.org/fhir/StructureDefinition/implementationguide-page"><valueUri value="StructureDefinition-be-model-nursingprescription.html"/></extension><reference><reference value="StructureDefinition/be-model-nursingprescription"/></reference><name value="BeModelNursingPrescription"/><exampleBoolean value="false"/><groupingId value="-str-logicalmodel"/></resource><resource><extension url="http://hl7.org/fhir/StructureDefinition/implementationguide-page"><valueUri value="StructureDefinition-be-model-referralprescription.html"/></extension><reference><reference value="StructureDefinition/be-model-referralprescription"/></reference><name value="BeModelReferralPrescription"/><description value="Logical model describing the model for the prescription referral. This draft is used in the HL7 Belgian workgroup for referral."/><exampleBoolean value="false"/><groupingId value="-str-logicalmodel"/></resource><resource><extension url="http://hl7.org/fhir/StructureDefinition/implementationguide-page"><valueUri value="StructureDefinition-be-model-physiotherapyprescription.html"/></extension><reference><reference value="StructureDefinition/be-model-physiotherapyprescription"/></reference><name value="BePhysiotherapyPrescription"/><exampleBoolean value="false"/><groupingId value="-str-logicalmodel"/></resource><resource><extension url="http://hl7.org/fhir/StructureDefinition/implementationguide-page"><valueUri value="ValueSet-be-vs-type-of-bladder-care.html"/></extension><reference><reference value="ValueSet/be-vs-type-of-bladder-care"/></reference><name value="BeBladderCareType"/><description value="Codes to define a type of bladder care."/><exampleBoolean value="false"/><groupingId value="-term-valueset"/></resource><resource><extension url="http://hl7.org/fhir/StructureDefinition/implementationguide-page"><valueUri value="ValueSet-be-vs-co-prescription-status.html"/></extension><reference><reference value="ValueSet/be-vs-co-prescription-status"/></reference><name value="BeCoPrescriptionStatus"/><description value="This is the status of the prescription for the coprescriber"/><exampleBoolean value="false"/><groupingId value="-term-valueset"/></resource><resource><extension url="http://hl7.org/fhir/StructureDefinition/implementationguide-page"><valueUri value="ValueSet-be-vs-communication-method.html"/></extension><reference><reference value="ValueSet/be-vs-communication-method"/></reference><name value="BeCommunicationMethod"/><description value="Codes to define a communication method."/><exampleBoolean value="false"/><groupingId value="-term-valueset"/></resource><resource><extension url="http://hl7.org/fhir/StructureDefinition/implementationguide-page"><valueUri value="ValueSet-be-vs-type-of-compression.html"/></extension><reference><reference value="ValueSet/be-vs-type-of-compression"/></reference><name value="BeCompressionType"/><description value="Codes to define a type of compression therapy."/><exampleBoolean value="false"/><groupingId value="-term-valueset"/></resource><resource><extension url="http://hl7.org/fhir/StructureDefinition/implementationguide-page"><valueUri value="ValueSet-be-vs-contrastfluid-use.html"/></extension><reference><reference value="ValueSet/be-vs-contrastfluid-use"/></reference><name value="BeContrastFluidUse"/><description value="Codes to define the use of contrast fluid."/><exampleBoolean value="false"/><groupingId value="-term-valueset"/></resource><resource><extension url="http://hl7.org/fhir/StructureDefinition/implementationguide-page"><valueUri value="ValueSet-be-vs-digestive-system-care.html"/></extension><reference><reference value="ValueSet/be-vs-digestive-system-care"/></reference><name value="BeDigestiveSystemCare"/><description value="Codes to define digestive system care"/><exampleBoolean value="false"/><groupingId value="-term-valueset"/></resource><resource><extension url="http://hl7.org/fhir/StructureDefinition/implementationguide-page"><valueUri value="ValueSet-be-vs-type-of-non-reimbursable-nursing.html"/></extension><reference><reference value="ValueSet/be-vs-type-of-non-reimbursable-nursing"/></reference><name value="BeNonReimbursableNursing"/><description value="Codes to define a type of non reimbursable nursing category."/><exampleBoolean value="false"/><groupingId value="-term-valueset"/></resource><resource><extension url="http://hl7.org/fhir/StructureDefinition/implementationguide-page"><valueUri value="ValueSet-be-vs-nursing-annex81-inadequate-adherence.html"/></extension><reference><reference value="ValueSet/be-vs-nursing-annex81-inadequate-adherence"/></reference><name value="BeNursingAnnex81InadequateAdherence"/><description value="Codes to define a type of nursing annex81 inadequate adherence."/><exampleBoolean value="false"/><groupingId value="-term-valueset"/></resource><resource><extension url="http://hl7.org/fhir/StructureDefinition/implementationguide-page"><valueUri value="ValueSet-be-vs-nursing-annex81-inadequate-adherence-link.html"/></extension><reference><reference value="ValueSet/be-vs-nursing-annex81-inadequate-adherence-link"/></reference><name value="BeNursingAnnex81InadequateAdherenceLink"/><description value="Codes to define a type of nursing annex81 inadequate adherence link."/><exampleBoolean value="false"/><groupingId value="-term-valueset"/></resource><resource><extension url="http://hl7.org/fhir/StructureDefinition/implementationguide-page"><valueUri value="ValueSet-be-vs-nursing-medication-category.html"/></extension><reference><reference value="ValueSet/be-vs-nursing-medication-category"/></reference><name value="BeNursingMedicationCategory"/><description value="Codes to define a type of nursing medication category."/><exampleBoolean value="false"/><groupingId value="-term-valueset"/></resource><resource><extension url="http://hl7.org/fhir/StructureDefinition/implementationguide-page"><valueUri value="ValueSet-be-vs-nursing-medication-injection.html"/></extension><reference><reference value="ValueSet/be-vs-nursing-medication-injection"/></reference><name value="BeNursingMedicationInjection"/><description value="Codes to define a type of nursing medication injection."/><exampleBoolean value="false"/><groupingId value="-term-valueset"/></resource><resource><extension url="http://hl7.org/fhir/StructureDefinition/implementationguide-page"><valueUri value="ValueSet-be-vs-nursing-medication-other.html"/></extension><reference><reference value="ValueSet/be-vs-nursing-medication-other"/></reference><name value="BeNursingMedicationOther"/><description value="Codes to define a type of nursing medication other."/><exampleBoolean value="false"/><groupingId value="-term-valueset"/></resource><resource><extension url="http://hl7.org/fhir/StructureDefinition/implementationguide-page"><valueUri value="ValueSet-be-vs-nursing-medication-percutaneous.html"/></extension><reference><reference value="ValueSet/be-vs-nursing-medication-percutaneous"/></reference><name value="BeNursingMedicationPercutaneous"/><description value="Codes to define a type of nursing medication percutaneous."/><exampleBoolean value="false"/><groupingId value="-term-valueset"/></resource><resource><extension url="http://hl7.org/fhir/StructureDefinition/implementationguide-page"><valueUri value="ValueSet-be-vs-nursing-medication-perfusion.html"/></extension><reference><reference value="ValueSet/be-vs-nursing-medication-perfusion"/></reference><name value="BeNursingMedicationPerfusion"/><description value="Codes to define a type of nursing medication perfusion."/><exampleBoolean value="false"/><groupingId value="-term-valueset"/></resource><resource><extension url="http://hl7.org/fhir/StructureDefinition/implementationguide-page"><valueUri value="ValueSet-be-vs-type-of-nursing.html"/></extension><reference><reference value="ValueSet/be-vs-type-of-nursing"/></reference><name value="BeNursingType"/><description value="Codes to define a type of nursing."/><exampleBoolean value="false"/><groupingId value="-term-valueset"/></resource><resource><extension url="http://hl7.org/fhir/StructureDefinition/implementationguide-page"><valueUri value="ValueSet-be-vs-type-of-other-nursing.html"/></extension><reference><reference value="ValueSet/be-vs-type-of-other-nursing"/></reference><name value="BeOtherNursing"/><description value="Codes to define a type of other nursing category."/><exampleBoolean value="false"/><groupingId value="-term-valueset"/></resource><resource><extension url="http://hl7.org/fhir/StructureDefinition/implementationguide-page"><valueUri value="ValueSet-be-vs-prescription-status.html"/></extension><reference><reference value="ValueSet/be-vs-prescription-status"/></reference><name value="BePrescriptionStatus"/><description value="This is the status of the prescription"/><exampleBoolean value="false"/><groupingId value="-term-valueset"/></resource><resource><extension url="http://hl7.org/fhir/StructureDefinition/implementationguide-page"><valueUri value="ValueSet-be-vs-reason-referral-status.html"/></extension><reference><reference value="ValueSet/be-vs-reason-referral-status"/></reference><name value="BeReasonReferralStatus"/><description value="Codes to explain the current status of a referral prescription."/><exampleBoolean value="false"/><groupingId value="-term-valueset"/></resource><resource><extension url="http://hl7.org/fhir/StructureDefinition/implementationguide-page"><valueUri value="ValueSet-be-vs-proposal-type.html"/></extension><reference><reference value="ValueSet/be-vs-proposal-type"/></reference><name value="BeVsProposalType"/><exampleBoolean value="false"/><groupingId value="-term-valueset"/></resource><resource><extension url="http://hl7.org/fhir/StructureDefinition/implementationguide-page"><valueUri value="CodeSystem-be-cs-type-of-bladder-care.html"/></extension><reference><reference value="CodeSystem/be-cs-type-of-bladder-care"/></reference><name value="BeBladderCareType"/><description value="Nursing codes in Belgium. To define details in nursing activities for the bladder care category. Initially defined as supporting CodeSystem for the referral prescription."/><exampleBoolean value="false"/><groupingId value="-term-codesystem"/></resource><resource><extension url="http://hl7.org/fhir/StructureDefinition/implementationguide-page"><valueUri value="CodeSystem-be-communication-code.html"/></extension><reference><reference value="CodeSystem/be-communication-code"/></reference><name value="BeCommunicationCode"/><description value="Communication codes in Belgium. To define a specific method of communicating. Initially defined as supporting CodeSystem for the referral prescription."/><exampleBoolean value="false"/><groupingId value="-term-codesystem"/></resource><resource><extension url="http://hl7.org/fhir/StructureDefinition/implementationguide-page"><valueUri value="CodeSystem-be-vs-contrastfluid-use.html"/></extension><reference><reference value="CodeSystem/be-vs-contrastfluid-use"/></reference><name value="BeContrastFluidUse"/><description value="Whether use of contrast fluid should be considered."/><exampleBoolean value="false"/><groupingId value="-term-codesystem"/></resource><resource><extension url="http://hl7.org/fhir/StructureDefinition/implementationguide-page"><valueUri value="CodeSystem-be-cs-digestive-system-care.html"/></extension><reference><reference value="CodeSystem/be-cs-digestive-system-care"/></reference><name value="BeDigestiveSystemCare"/><description value="Nursing codes in Belgium. To define details in nursing activities for the digestive system care category. Initially defined as supporting CodeSystem for the referral prescription."/><exampleBoolean value="false"/><groupingId value="-term-codesystem"/></resource><resource><extension url="http://hl7.org/fhir/StructureDefinition/implementationguide-page"><valueUri value="CodeSystem-be-nursing-annex81-inadequate-adherence.html"/></extension><reference><reference value="CodeSystem/be-nursing-annex81-inadequate-adherence"/></reference><name value="BeNursingAnnex81InadequateAdherence"/><description value="Nursing codes in Belgium. To define details in nursing activities for the annex 81 diagnostics of inadequate adherence. Initially defined as supporting CodeSystem for the referral prescription."/><exampleBoolean value="false"/><groupingId value="-term-codesystem"/></resource><resource><extension url="http://hl7.org/fhir/StructureDefinition/implementationguide-page"><valueUri value="CodeSystem-be-nursing-annex81-inadequate-adherence-link.html"/></extension><reference><reference value="CodeSystem/be-nursing-annex81-inadequate-adherence-link"/></reference><name value="BeNursingAnnex81InadequateAdherenceLink"/><description value="Nursing codes in Belgium. To define details in nursing activities for the annex 81 diagnostics of inadequate adherence. Initially defined as supporting CodeSystem for the referral prescription."/><exampleBoolean value="false"/><groupingId value="-term-codesystem"/></resource><resource><extension url="http://hl7.org/fhir/StructureDefinition/implementationguide-page"><valueUri value="CodeSystem-be-cs-nursing-code.html"/></extension><reference><reference value="CodeSystem/be-cs-nursing-code"/></reference><name value="BeNursingCode"/><description value="Nursing codes in Belgium. To define a high level in nursing activities. Initially defined as supporting CodeSystem for the referral prescription."/><exampleBoolean value="false"/><groupingId value="-term-codesystem"/></resource><resource><extension url="http://hl7.org/fhir/StructureDefinition/implementationguide-page"><valueUri value="CodeSystem-be-cs-nursing-code-compressiontherapy.html"/></extension><reference><reference value="CodeSystem/be-cs-nursing-code-compressiontherapy"/></reference><name value="BeNursingCodeCompressiontherapy"/><description value="Nursing codes in Belgium. To define details in nursing activities for compression therapy. Initially defined as supporting CodeSystem for the referral prescription."/><exampleBoolean value="false"/><groupingId value="-term-codesystem"/></resource><resource><extension url="http://hl7.org/fhir/StructureDefinition/implementationguide-page"><valueUri value="CodeSystem-be-cs-nursing-code-non-reimbursable.html"/></extension><reference><reference value="CodeSystem/be-cs-nursing-code-non-reimbursable"/></reference><name value="BeNursingCodeNonReimbursable"/><description value="Nursing codes in Belgium. To define details in nursing activities for the non reimbursable category. Initially defined as supporting CodeSystem for the referral prescription."/><exampleBoolean value="false"/><groupingId value="-term-codesystem"/></resource><resource><extension url="http://hl7.org/fhir/StructureDefinition/implementationguide-page"><valueUri value="CodeSystem-be-cs-nursing-code-other.html"/></extension><reference><reference value="CodeSystem/be-cs-nursing-code-other"/></reference><name value="BeNursingCodeOther"/><description value="Nursing codes in Belgium. To define details in nursing activities for the other category. Initially defined as supporting CodeSystem for the referral prescription."/><exampleBoolean value="false"/><groupingId value="-term-codesystem"/></resource><resource><extension url="http://hl7.org/fhir/StructureDefinition/implementationguide-page"><valueUri value="CodeSystem-be-nursing-medication-category.html"/></extension><reference><reference value="CodeSystem/be-nursing-medication-category"/></reference><name value="BeNursingMedicationCategory"/><description value="Nursing codes in Belgium. To define details in nursing activities for the medication category. Initially defined as supporting CodeSystem for the referral prescription."/><exampleBoolean value="false"/><groupingId value="-term-codesystem"/></resource><resource><extension url="http://hl7.org/fhir/StructureDefinition/implementationguide-page"><valueUri value="CodeSystem-be-nursing-medication-injection.html"/></extension><reference><reference value="CodeSystem/be-nursing-medication-injection"/></reference><name value="BeNursingMedicationInjection"/><description value="Nursing codes in Belgium. To define details in nursing activities for the medication injection category. Initially defined as supporting CodeSystem for the referral prescription."/><exampleBoolean value="false"/><groupingId value="-term-codesystem"/></resource><resource><extension url="http://hl7.org/fhir/StructureDefinition/implementationguide-page"><valueUri value="CodeSystem-be-nursing-medication-percutaneous.html"/></extension><reference><reference value="CodeSystem/be-nursing-medication-percutaneous"/></reference><name value="BeNursingMedicationPercutaneous"/><description value="Nursing codes in Belgium. To define details in nursing activities for the medication percutaneous category. Initially defined as supporting CodeSystem for the referral prescription."/><exampleBoolean value="false"/><groupingId value="-term-codesystem"/></resource><resource><extension url="http://hl7.org/fhir/StructureDefinition/implementationguide-page"><valueUri value="CodeSystem-be-nursing-medication-perfusion.html"/></extension><reference><reference value="CodeSystem/be-nursing-medication-perfusion"/></reference><name value="BeNursingMedicationPerfusion"/><description value="Nursing codes in Belgium. To define details in nursing activities for the medication perfusion category. Initially defined as supporting CodeSystem for the referral prescription."/><exampleBoolean value="false"/><groupingId value="-term-codesystem"/></resource><resource><extension url="http://hl7.org/fhir/StructureDefinition/implementationguide-page"><valueUri value="CodeSystem-be-prescription-proposal-type.html"/></extension><reference><reference value="CodeSystem/be-prescription-proposal-type"/></reference><name value="BePrescriptionProposalType"/><description value="Prescription Proposal Type. Indicates the type of proposal (new or prolongation) as from the uses cases by NIHDI"/><exampleBoolean value="false"/><groupingId value="-term-codesystem"/></resource><resource><extension url="http://hl7.org/fhir/StructureDefinition/implementationguide-page"><valueUri value="CodeSystem-be-prescription-status.html"/></extension><reference><reference value="CodeSystem/be-prescription-status"/></reference><name value="BePrescriptionStatus"/><description value="Prescription status in Belgium. Initially defined as supporting CodeSystem for the referral prescription."/><exampleBoolean value="false"/><groupingId value="-term-codesystem"/></resource><resource><extension url="http://hl7.org/fhir/StructureDefinition/implementationguide-page"><valueUri value="CodeSystem-be-status-reason.html"/></extension><reference><reference value="CodeSystem/be-status-reason"/></reference><name value="BeStatusReason"/><description value="Status reason in Belgium. Initially defined as supporting CodeSystem for the referral prescription."/><exampleBoolean value="false"/><groupingId value="-term-codesystem"/></resource><resource><extension url="http://hl7.org/fhir/StructureDefinition/implementationguide-page"><valueUri value="NamingSystem-be-ns-coronalertcode.html"/></extension><reference><reference value="NamingSystem/be-ns-coronalertcode"/></reference><name value="BeNSCoronalertcode"/><description value="Code as generated by the Coronalert app."/><exampleBoolean value="false"/><groupingId value="-term-namingsystem"/></resource><resource><extension url="http://hl7.org/fhir/StructureDefinition/implementationguide-page"><valueUri value="NamingSystem-be-ns-specimen.html"/></extension><reference><reference value="NamingSystem/be-ns-specimen"/></reference><name value="BeNSSpecimen"/><description value="National identifier for a specimen when needed."/><exampleBoolean value="false"/><groupingId value="-term-namingsystem"/></resource><resource><extension url="http://hl7.org/fhir/StructureDefinition/implementationguide-page"><valueUri value="NamingSystem-be-ns-uhmep.html"/></extension><reference><reference value="NamingSystem/be-ns-uhmep"/></reference><name value="BeUnadressedHealthMessageExchangePlatform"/><description value="UHMEP naming system"/><exampleBoolean value="false"/><groupingId value="-term-namingsystem"/></resource><resource><extension url="http://hl7.org/fhir/StructureDefinition/implementationguide-page"><valueUri value="OperationDefinition-be-op-cancel.html"/></extension><reference><reference value="OperationDefinition/be-op-cancel"/></reference><name value="be-op-cancel"/><description value="Cancel Referral Prescription or Proposal"/><exampleBoolean value="false"/><groupingId value="-dyn-operationdefinition"/></resource><resource><extension url="http://hl7.org/fhir/StructureDefinition/implementationguide-page"><valueUri value="ValueSet-be-vs-referral-category.html"/></extension><reference><reference value="ValueSet/be-vs-referral-category"/></reference><name value="BeReferralCategory"/><description value="Codes to define the high level category for a referral prescription. SNOMED-CT codes in this valueset are just a draft proposal to give a general idea - pending an official valueset."/><exampleBoolean value="false"/><groupingId value="-term-valueset"/></resource><resource><extension url="http://hl7.org/fhir/StructureDefinition/implementationguide-page"><valueUri value="Condition-condition1.html"/></extension><reference><reference value="Condition/condition1"/></reference><name value="condition1"/><exampleBoolean value="true"/><groupingId value="-ex-example"/></resource><resource><extension url="http://hl7.org/fhir/StructureDefinition/implementationguide-page"><valueUri value="ServiceRequest-diagnostic-imaging-basic-example-concreteWithDetails.html"/></extension><reference><reference value="ServiceRequest/diagnostic-imaging-basic-example-concreteWithDetails"/></reference><name value="diagnostic-imaging-basic-example-concreteWithDetails"/><exampleCanonical value="https://www.ehealth.fgov.be/standards/fhir/referral/StructureDefinition/be-referralprescription-diagnosticimaging"/><groupingId value="-ex-example"/></resource><resource><extension url="http://hl7.org/fhir/StructureDefinition/implementationguide-page"><valueUri value="ServiceRequest-diagnostic-imaging-basic-example-concreteWithText.html"/></extension><extension url="http://hl7.org/fhir/tools/StructureDefinition/contained-resource-information"><extension url="type"><valueCode value="Patient"/></extension><extension url="id"><valueId value="patient1"/></extension><extension url="title"><valueString value="Patient"/></extension><extension url="description"/></extension><extension url="http://hl7.org/fhir/tools/StructureDefinition/contained-resource-information"><extension url="type"><valueCode value="Practitioner"/></extension><extension url="id"><valueId value="Requester1"/></extension><extension url="title"><valueString value="Practitioner"/></extension><extension url="description"/></extension><reference><reference value="ServiceRequest/diagnostic-imaging-basic-example-concreteWithText"/></reference><name value="diagnostic-imaging-basic-example-concreteWithText"/><exampleCanonical value="https://www.ehealth.fgov.be/standards/fhir/referral/StructureDefinition/be-referralprescription-diagnosticimaging"/><groupingId value="-ex-example"/></resource><resource><extension url="http://hl7.org/fhir/StructureDefinition/implementationguide-page"><valueUri value="ServiceRequest-diagnostic-imaging-basic-example-everything-contained.html"/></extension><extension url="http://hl7.org/fhir/tools/StructureDefinition/contained-resource-information"><extension url="type"><valueCode value="Patient"/></extension><extension url="id"><valueId value="patient1"/></extension><extension url="title"><valueString value="Patient"/></extension><extension url="description"/></extension><extension url="http://hl7.org/fhir/tools/StructureDefinition/contained-resource-information"><extension url="type"><valueCode value="Practitioner"/></extension><extension url="id"><valueId value="Requester1"/></extension><extension url="title"><valueString value="Practitioner"/></extension><extension url="description"/></extension><extension url="http://hl7.org/fhir/tools/StructureDefinition/contained-resource-information"><extension url="type"><valueCode value="Practitioner"/></extension><extension url="id"><valueId value="Performer1"/></extension><extension url="title"><valueString value="Practitioner"/></extension><extension url="description"/></extension><reference><reference value="ServiceRequest/diagnostic-imaging-basic-example-everything-contained"/></reference><name value="diagnostic-imaging-basic-example-everything-contained"/><exampleCanonical value="https://www.ehealth.fgov.be/standards/fhir/referral/StructureDefinition/be-referralprescription-diagnosticimaging"/><groupingId value="-ex-example"/></resource><resource><extension url="http://hl7.org/fhir/StructureDefinition/implementationguide-page"><valueUri value="ServiceRequest-diagnostic-imaging-basic-example-useOfModality.html"/></extension><reference><reference value="ServiceRequest/diagnostic-imaging-basic-example-useOfModality"/></reference><name value="diagnostic-imaging-basic-example-useOfModality"/><exampleCanonical value="https://www.ehealth.fgov.be/standards/fhir/referral/StructureDefinition/be-referralprescription-diagnosticimaging"/><groupingId value="-ex-example"/></resource><resource><extension url="http://hl7.org/fhir/StructureDefinition/implementationguide-page"><valueUri value="RequestGroup-example01-referralprescription-request-group.html"/></extension><extension url="http://hl7.org/fhir/tools/StructureDefinition/contained-resource-information"><extension url="type"><valueCode value="Patient"/></extension><extension url="id"><valueId value="patient1"/></extension><extension url="title"><valueString value="Patient"/></extension><extension url="description"/></extension><extension url="http://hl7.org/fhir/tools/StructureDefinition/contained-resource-information"><extension url="type"><valueCode value="Practitioner"/></extension><extension url="id"><valueId value="Requester1"/></extension><extension url="title"><valueString value="Practitioner"/></extension><extension url="description"/></extension><extension url="http://hl7.org/fhir/tools/StructureDefinition/contained-resource-information"><extension url="type"><valueCode value="Practitioner"/></extension><extension url="id"><valueId value="Performer1"/></extension><extension url="title"><valueString value="Practitioner"/></extension><extension url="description"/></extension><extension url="http://hl7.org/fhir/tools/StructureDefinition/contained-resource-information"><extension url="type"><valueCode value="ServiceRequest"/></extension><extension url="id"><valueId value="example01-care01-referralprescription-nursing-bladder-care"/></extension><extension url="title"><valueString value="ServiceRequest"/></extension><extension url="description"/></extension><extension url="http://hl7.org/fhir/tools/StructureDefinition/contained-resource-information"><extension url="type"><valueCode value="ServiceRequest"/></extension><extension url="id"><valueId value="example01-care02-colon-cleansing"/></extension><extension url="title"><valueString value="ServiceRequest"/></extension><extension url="description"/></extension><extension url="http://hl7.org/fhir/tools/StructureDefinition/contained-resource-information"><extension url="type"><valueCode value="MedicationRequest"/></extension><extension url="id"><valueId value="example01-care03-referralprescription-nursing-medication"/></extension><extension url="title"><valueString value="MedicationRequest"/></extension><extension url="description"/></extension><reference><reference value="RequestGroup/example01-referralprescription-request-group"/></reference><name value="example01-referralprescription-request-group"/><exampleCanonical value="https://www.ehealth.fgov.be/standards/fhir/referral/StructureDefinition/be-referralprescription-request-group"/><groupingId value="-ex-example"/></resource><resource><extension url="http://hl7.org/fhir/StructureDefinition/implementationguide-page"><valueUri value="ServiceRequest-example02-referralprescription-nursing-digestive-system-care.html"/></extension><reference><reference value="ServiceRequest/example02-referralprescription-nursing-digestive-system-care"/></reference><name value="example02-referralprescription-nursing-digestive-system-care"/><exampleCanonical value="https://www.ehealth.fgov.be/standards/fhir/referral/StructureDefinition/be-referralprescription-nursing"/><groupingId value="-ex-example"/></resource><resource><extension url="http://hl7.org/fhir/StructureDefinition/implementationguide-page"><valueUri value="ServiceRequest-example03-referralprescription-nursing-compressiontherapy.html"/></extension><reference><reference value="ServiceRequest/example03-referralprescription-nursing-compressiontherapy"/></reference><name value="example03-referralprescription-nursing-compressiontherapy"/><exampleCanonical value="https://www.ehealth.fgov.be/standards/fhir/referral/StructureDefinition/be-referralprescription-nursing"/><groupingId value="-ex-example"/></resource><resource><extension url="http://hl7.org/fhir/StructureDefinition/implementationguide-page"><valueUri value="ServiceRequest-example04-referralprescription-nursing-bladder-care.html"/></extension><reference><reference value="ServiceRequest/example04-referralprescription-nursing-bladder-care"/></reference><name value="example04-referralprescription-nursing-bladder-care"/><exampleCanonical value="https://www.ehealth.fgov.be/standards/fhir/referral/StructureDefinition/be-referralprescription-nursing"/><groupingId value="-ex-example"/></resource><resource><extension url="http://hl7.org/fhir/StructureDefinition/implementationguide-page"><valueUri value="ServiceRequest-example05-referralprescription-nursing-digestive-system-care.html"/></extension><reference><reference value="ServiceRequest/example05-referralprescription-nursing-digestive-system-care"/></reference><name value="example05-referralprescription-nursing-digestive-system-care"/><exampleCanonical value="https://www.ehealth.fgov.be/standards/fhir/referral/StructureDefinition/be-referralprescription-nursing"/><groupingId value="-ex-example"/></resource><resource><extension url="http://hl7.org/fhir/StructureDefinition/implementationguide-page"><valueUri value="ServiceRequest-example06-referralprescription-nursing-compression-therapy.html"/></extension><reference><reference value="ServiceRequest/example06-referralprescription-nursing-compression-therapy"/></reference><name value="example06-referralprescription-nursing-compression-therapy"/><exampleCanonical value="https://www.ehealth.fgov.be/standards/fhir/referral/StructureDefinition/be-referralprescription-nursing"/><groupingId value="-ex-example"/></resource><resource><extension url="http://hl7.org/fhir/StructureDefinition/implementationguide-page"><valueUri value="MedicationRequest-example07-referralprescription-nursing-medication.html"/></extension><reference><reference value="MedicationRequest/example07-referralprescription-nursing-medication"/></reference><name value="example07-referralprescription-nursing-medication"/><exampleCanonical value="https://www.ehealth.fgov.be/standards/fhir/referral/StructureDefinition/be-referralprescription-nursing-gen-medication"/><groupingId value="-ex-example"/></resource><resource><extension url="http://hl7.org/fhir/StructureDefinition/implementationguide-page"><valueUri value="MedicationRequest-example08-referralprescription-nursing-medication.html"/></extension><reference><reference value="MedicationRequest/example08-referralprescription-nursing-medication"/></reference><name value="example08-referralprescription-nursing-medication"/><exampleCanonical value="https://www.ehealth.fgov.be/standards/fhir/referral/StructureDefinition/be-referralprescription-nursing-gen-medication"/><groupingId value="-ex-example"/></resource><resource><extension url="http://hl7.org/fhir/StructureDefinition/implementationguide-page"><valueUri value="ServiceRequest-example09-referralprescription-nursing-woundcare.html"/></extension><reference><reference value="ServiceRequest/example09-referralprescription-nursing-woundcare"/></reference><name value="example09-referralprescription-nursing-woundcare"/><exampleCanonical value="https://www.ehealth.fgov.be/standards/fhir/referral/StructureDefinition/be-referralprescription-nursing"/><groupingId value="-ex-example"/></resource><resource><extension url="http://hl7.org/fhir/StructureDefinition/implementationguide-page"><valueUri value="MedicationRequest-example10-referralprescription-nursing-medication.html"/></extension><reference><reference value="MedicationRequest/example10-referralprescription-nursing-medication"/></reference><name value="example10-referralprescription-nursing-medication"/><exampleCanonical value="https://www.ehealth.fgov.be/standards/fhir/referral/StructureDefinition/be-referralprescription-nursing-gen-medication"/><groupingId value="-ex-example"/></resource><resource><extension url="http://hl7.org/fhir/StructureDefinition/implementationguide-page"><valueUri value="ServiceRequest-example12-referralprescription-nursing-annex81.html"/></extension><reference><reference value="ServiceRequest/example12-referralprescription-nursing-annex81"/></reference><name value="example12-referralprescription-nursing-annex81"/><exampleCanonical value="https://www.ehealth.fgov.be/standards/fhir/referral/StructureDefinition/be-referralprescription-nursing"/><groupingId value="-ex-example"/></resource><resource><extension url="http://hl7.org/fhir/StructureDefinition/implementationguide-page"><valueUri value="MedicationRequest-example13-referralprescription-nursing-medication.html"/></extension><reference><reference value="MedicationRequest/example13-referralprescription-nursing-medication"/></reference><name value="example13-referralprescription-nursing-medication"/><exampleCanonical value="https://www.ehealth.fgov.be/standards/fhir/referral/StructureDefinition/be-referralprescription-nursing-gen-medication"/><groupingId value="-ex-example"/></resource><resource><extension url="http://hl7.org/fhir/StructureDefinition/implementationguide-page"><valueUri value="ServiceRequest-example16-referralprescription-nursing-bladder-care.html"/></extension><reference><reference value="ServiceRequest/example16-referralprescription-nursing-bladder-care"/></reference><name value="example16-referralprescription-nursing-bladder-care"/><exampleCanonical value="https://www.ehealth.fgov.be/standards/fhir/referral/StructureDefinition/be-referralprescription-nursing"/><groupingId value="-ex-example"/></resource><resource><extension url="http://hl7.org/fhir/StructureDefinition/implementationguide-page"><valueUri value="MedicationRequest-example17-referralprescription-nursing-medication.html"/></extension><reference><reference value="MedicationRequest/example17-referralprescription-nursing-medication"/></reference><name value="example17-referralprescription-nursing-medication"/><exampleCanonical value="https://www.ehealth.fgov.be/standards/fhir/referral/StructureDefinition/be-referralprescription-nursing-gen-medication"/><groupingId value="-ex-example"/></resource><resource><extension url="http://hl7.org/fhir/StructureDefinition/implementationguide-page"><valueUri value="MedicationRequest-example19-referralprescription-nursing-medication.html"/></extension><reference><reference value="MedicationRequest/example19-referralprescription-nursing-medication"/></reference><name value="example19-referralprescription-nursing-medication"/><exampleCanonical value="https://www.ehealth.fgov.be/standards/fhir/referral/StructureDefinition/be-referralprescription-nursing-gen-medication"/><groupingId value="-ex-example"/></resource><resource><extension url="http://hl7.org/fhir/StructureDefinition/implementationguide-page"><valueUri value="MedicationRequest-example20-referralprescription-nursing-medication.html"/></extension><reference><reference value="MedicationRequest/example20-referralprescription-nursing-medication"/></reference><name value="example20-referralprescription-nursing-medication"/><exampleCanonical value="https://www.ehealth.fgov.be/standards/fhir/referral/StructureDefinition/be-referralprescription-nursing-gen-medication"/><groupingId value="-ex-example"/></resource><resource><extension url="http://hl7.org/fhir/StructureDefinition/implementationguide-page"><valueUri value="MedicationRequest-example22-referralprescription-nursing-medication.html"/></extension><reference><reference value="MedicationRequest/example22-referralprescription-nursing-medication"/></reference><name value="example22-referralprescription-nursing-medication"/><exampleCanonical value="https://www.ehealth.fgov.be/standards/fhir/referral/StructureDefinition/be-referralprescription-nursing-gen-medication"/><groupingId value="-ex-example"/></resource><resource><extension url="http://hl7.org/fhir/StructureDefinition/implementationguide-page"><valueUri value="MedicationRequest-example23-referralprescription-nursing-medication.html"/></extension><reference><reference value="MedicationRequest/example23-referralprescription-nursing-medication"/></reference><name value="example23-referralprescription-nursing-medication"/><exampleCanonical value="https://www.ehealth.fgov.be/standards/fhir/referral/StructureDefinition/be-referralprescription-nursing-gen-medication"/><groupingId value="-ex-example"/></resource><resource><extension url="http://hl7.org/fhir/StructureDefinition/implementationguide-page"><valueUri value="ServiceRequest-example24-referralprescription-nursing-non-reimbursable.html"/></extension><reference><reference value="ServiceRequest/example24-referralprescription-nursing-non-reimbursable"/></reference><name value="example24-referralprescription-nursing-non-reimbursable"/><exampleCanonical value="https://www.ehealth.fgov.be/standards/fhir/referral/StructureDefinition/be-referralprescription-nursing"/><groupingId value="-ex-example"/></resource><resource><extension url="http://hl7.org/fhir/StructureDefinition/implementationguide-page"><valueUri value="ServiceRequest-example26-referralprescription-nursing-other.html"/></extension><reference><reference value="ServiceRequest/example26-referralprescription-nursing-other"/></reference><name value="example26-referralprescription-nursing-other"/><exampleCanonical value="https://www.ehealth.fgov.be/standards/fhir/referral/StructureDefinition/be-referralprescription-nursing"/><groupingId value="-ex-example"/></resource><resource><extension url="http://hl7.org/fhir/StructureDefinition/implementationguide-page"><valueUri value="MedicationRequest-example30-referralprescription-nursing-woundcare.html"/></extension><reference><reference value="MedicationRequest/example30-referralprescription-nursing-woundcare"/></reference><name value="example30-referralprescription-nursing-woundcare"/><exampleCanonical value="https://www.ehealth.fgov.be/standards/fhir/referral/StructureDefinition/be-referralprescription-nursing-gen-medication"/><groupingId value="-ex-example"/></resource><resource><extension url="http://hl7.org/fhir/StructureDefinition/implementationguide-page"><valueUri value="MedicationRequest-example31-referralprescription-nursing-medication.html"/></extension><reference><reference value="MedicationRequest/example31-referralprescription-nursing-medication"/></reference><name value="example31-referralprescription-nursing-medication"/><exampleCanonical value="https://www.ehealth.fgov.be/standards/fhir/referral/StructureDefinition/be-referralprescription-nursing-gen-medication"/><groupingId value="-ex-example"/></resource><resource><extension url="http://hl7.org/fhir/StructureDefinition/implementationguide-page"><valueUri value="ServiceRequest-example32-referralprescription-nursing-chronical-psychiatric.html"/></extension><reference><reference value="ServiceRequest/example32-referralprescription-nursing-chronical-psychiatric"/></reference><name value="example32-referralprescription-nursing-chronical-psychiatric"/><exampleCanonical value="https://www.ehealth.fgov.be/standards/fhir/referral/StructureDefinition/be-referralprescription-nursing"/><groupingId value="-ex-example"/></resource><resource><extension url="http://hl7.org/fhir/StructureDefinition/implementationguide-page"><valueUri value="CarePlan-gpvisit.html"/></extension><reference><reference value="CarePlan/gpvisit"/></reference><name value="gpvisit"/><exampleBoolean value="true"/><groupingId value="-ex-example"/></resource><resource><extension url="http://hl7.org/fhir/StructureDefinition/implementationguide-page"><valueUri value="ServiceRequest-laboratory-order-example1.html"/></extension><extension url="http://hl7.org/fhir/tools/StructureDefinition/contained-resource-information"><extension url="type"><valueCode value="Patient"/></extension><extension url="id"><valueId value="patient1"/></extension><extension url="title"><valueString value="Patient"/></extension><extension url="description"/></extension><extension url="http://hl7.org/fhir/tools/StructureDefinition/contained-resource-information"><extension url="type"><valueCode value="Observation"/></extension><extension url="id"><valueId value="observation1"/></extension><extension url="title"><valueString value="Observation"/></extension><extension url="description"/></extension><extension url="http://hl7.org/fhir/tools/StructureDefinition/contained-resource-information"><extension url="type"><valueCode value="Condition"/></extension><extension url="id"><valueId value="condition1"/></extension><extension url="title"><valueString value="Condition"/></extension><extension url="description"/></extension><extension url="http://hl7.org/fhir/tools/StructureDefinition/contained-resource-information"><extension url="type"><valueCode value="DocumentReference"/></extension><extension url="id"><valueId value="media1"/></extension><extension url="title"><valueString value="DocumentReference"/></extension><extension url="description"/></extension><extension url="http://hl7.org/fhir/tools/StructureDefinition/contained-resource-information"><extension url="type"><valueCode value="Practitioner"/></extension><extension url="id"><valueId value="Requester1"/></extension><extension url="title"><valueString value="Practitioner"/></extension><extension url="description"/></extension><extension url="http://hl7.org/fhir/tools/StructureDefinition/contained-resource-information"><extension url="type"><valueCode value="Organization"/></extension><extension url="id"><valueId value="Performer1"/></extension><extension url="title"><valueString value="Organization"/></extension><extension url="description"/></extension><extension url="http://hl7.org/fhir/tools/StructureDefinition/contained-resource-information"><extension url="type"><valueCode value="Specimen"/></extension><extension url="id"><valueId value="specimen1"/></extension><extension url="title"><valueString value="Specimen"/></extension><extension url="description"/></extension><reference><reference value="ServiceRequest/laboratory-order-example1"/></reference><name value="laboratory-order-example1"/><exampleCanonical value="https://www.ehealth.fgov.be/standards/fhir/referral/StructureDefinition/be-lab-prescription"/><groupingId value="-ex-example"/></resource><resource><extension url="http://hl7.org/fhir/StructureDefinition/implementationguide-page"><valueUri value="Patient-patient1.html"/></extension><reference><reference value="Patient/patient1"/></reference><name value="patient1"/><exampleBoolean value="true"/><groupingId value="-ex-example"/></resource><resource><extension url="http://hl7.org/fhir/StructureDefinition/implementationguide-page"><valueUri value="Practitioner-practitioner1.html"/></extension><reference><reference value="Practitioner/practitioner1"/></reference><name value="practitioner1"/><exampleBoolean value="true"/><groupingId value="-ex-example"/></resource><resource><extension url="http://hl7.org/fhir/StructureDefinition/implementationguide-page"><valueUri value="Practitioner-practitioner2.html"/></extension><reference><reference value="Practitioner/practitioner2"/></reference><name value="practitioner2"/><exampleBoolean value="true"/><groupingId value="-ex-example"/></resource><resource><extension url="http://hl7.org/fhir/StructureDefinition/implementationguide-page"><valueUri value="ServiceRequest-referralprescription-nursing-example2-digestive-system-care.html"/></extension><reference><reference value="ServiceRequest/referralprescription-nursing-example2-digestive-system-care"/></reference><name value="referralprescription-nursing-example2-digestive-system-care"/><exampleCanonical value="https://www.ehealth.fgov.be/standards/fhir/referral/StructureDefinition/be-referralprescription-nursing"/><groupingId value="-ex-example"/></resource><resource><extension url="http://hl7.org/fhir/StructureDefinition/implementationguide-page"><valueUri value="ServiceRequest-referralprescription-nursing-example3-compression-therapy.html"/></extension><reference><reference value="ServiceRequest/referralprescription-nursing-example3-compression-therapy"/></reference><name value="referralprescription-nursing-example3-compression-therapy"/><exampleCanonical value="https://www.ehealth.fgov.be/standards/fhir/referral/StructureDefinition/be-referralprescription-nursing"/><groupingId value="-ex-example"/></resource><resource><extension url="http://hl7.org/fhir/StructureDefinition/implementationguide-page"><valueUri value="ServiceRequest-referralprescription-nursing-example5-digestive-system-care.html"/></extension><reference><reference value="ServiceRequest/referralprescription-nursing-example5-digestive-system-care"/></reference><name value="referralprescription-nursing-example5-digestive-system-care"/><exampleCanonical value="https://www.ehealth.fgov.be/standards/fhir/referral/StructureDefinition/be-referralprescription-nursing"/><groupingId value="-ex-example"/></resource><resource><extension url="http://hl7.org/fhir/StructureDefinition/implementationguide-page"><valueUri value="ServiceRequest-referralprescription-nursing-example6-compression-therapy.html"/></extension><reference><reference value="ServiceRequest/referralprescription-nursing-example6-compression-therapy"/></reference><name value="referralprescription-nursing-example6-compression-therapy"/><exampleCanonical value="https://www.ehealth.fgov.be/standards/fhir/referral/StructureDefinition/be-referralprescription-nursing"/><groupingId value="-ex-example"/></resource><page><nameUrl value="toc.html"/><title value="Table of Contents"/><generation value="html"/><page><nameUrl value="index.html"/><title value="Home"/><generation value="html"/></page><page><nameUrl value="downloads.html"/><title value="Downloads"/><generation value="markdown"/></page><page><nameUrl value="guidance.html"/><title value="Guidance"/><generation value="html"/></page><page><nameUrl value="howto.html"/><title value="Howto"/><generation value="markdown"/></page><page><nameUrl value="logical-models.html"/><title value="Logical Models"/><generation value="markdown"/></page><page><nameUrl value="openapi.html"/><title value="Openapi"/><generation value="markdown"/></page><page><nameUrl value="privacy.html"/><title value="Privacy"/><generation value="markdown"/></page><page><nameUrl value="security.html"/><title value="Security"/><generation value="markdown"/></page><page><nameUrl value="standardsstatus.html"/><title value="Standardsstatus"/><generation value="markdown"/></page><page><nameUrl value="terminology.html"/><title value="Terminology"/><generation value="markdown"/></page><page><nameUrl value="testdata.html"/><title value="Testdata"/><generation value="markdown"/></page><page><nameUrl value="testservers.html"/><title value="Testservers"/><generation value="markdown"/></page><page><nameUrl value="usecases.html"/><title value="Usecases"/><generation value="markdown"/></page><page><nameUrl value="artifacts.html"/><title value="Artifacts Summary"/><generation value="html"/><page><nameUrl value="OperationDefinition-be-op-cancel.html"/><title value="be-op-cancel"/><generation value="generated"/></page><page><nameUrl value="StructureDefinition-be-model-diagnosticimagingprescription.html"/><title value="BeDiagnosticImagingPrescription"/><generation value="generated"/></page><page><nameUrl value="StructureDefinition-be-model-laboratoryprescription.html"/><title value="BeLaboratoryPrescription"/><generation value="generated"/></page><page><nameUrl value="StructureDefinition-be-model-nursingprescription.html"/><title value="BeModelNursingPrescription"/><generation value="generated"/></page><page><nameUrl value="StructureDefinition-be-model-referralprescription.html"/><title value="BeModelReferralPrescription"/><generation value="generated"/></page><page><nameUrl value="StructureDefinition-be-model-physiotherapyprescription.html"/><title value="BePhysiotherapyPrescription"/><generation value="generated"/></page><page><nameUrl value="StructureDefinition-be-lab-prescription.html"/><title value="BeLabPrescription"/><generation value="generated"/></page><page><nameUrl value="StructureDefinition-be-referralprescription.html"/><title value="BeReferralPrescription"/><generation value="generated"/></page><page><nameUrl value="StructureDefinition-be-referralprescription-diagnosticimaging.html"/><title value="BeReferralPrescriptionDiagnosticImaging"/><generation value="generated"/></page><page><nameUrl value="StructureDefinition-be-referralprescription-nursing.html"/><title value="BeReferralPrescriptionNursing"/><generation value="generated"/></page><page><nameUrl value="StructureDefinition-be-referralprescription-nursing-annex81.html"/><title value="BeReferralPrescriptionNursingAnnex81PreparationOfMedication"/><generation value="generated"/></page><page><nameUrl value="StructureDefinition-be-referralprescription-nursing-bladder-care.html"/><title value="BeReferralPrescriptionNursingBladderCare"/><generation value="generated"/></page><page><nameUrl value="StructureDefinition-be-referralprescription-nursing-compressiontherapy.html"/><title value="BeReferralPrescriptionNursingCompressionTherapy"/><generation value="generated"/></page><page><nameUrl value="StructureDefinition-be-referralprescription-nursing-diabetic.html"/><title value="BeReferralPrescriptionNursingDiabetic"/><generation value="generated"/></page><page><nameUrl value="StructureDefinition-be-referralprescription-nursing-digestive-system-care.html"/><title value="BeReferralPrescriptionNursingDigestiveSystemCare"/><generation value="generated"/></page><page><nameUrl value="StructureDefinition-be-referralprescription-nursing-gen-medication.html"/><title value="BeReferralPrescriptionNursingGenMedication"/><generation value="generated"/></page><page><nameUrl value="StructureDefinition-be-referralprescription-nursing-medication.html"/><title value="BeReferralPrescriptionNursingMedication"/><generation value="generated"/></page><page><nameUrl value="StructureDefinition-be-referralprescription-nursing-non-reimbursable.html"/><title value="BeReferralPrescriptionNursingNonReimbursable"/><generation value="generated"/></page><page><nameUrl value="StructureDefinition-be-referralprescription-nursing-other.html"/><title value="BeReferralPrescriptionNursingOther"/><generation value="generated"/></page><page><nameUrl value="StructureDefinition-be-referralprescription-nursing-chronical-psychiatric-patient.html"/><title value="BeReferralPrescriptionNursingPreparationAdministrationMedicationChronicalPsychiatricPatient"/><generation value="generated"/></page><page><nameUrl value="StructureDefinition-be-referralprescription-nursing-woundcare.html"/><title value="BeReferralPrescriptionNursingWoundcare"/><generation value="generated"/></page><page><nameUrl value="StructureDefinition-be-referralprescription-request-group.html"/><title value="BeReferralPrescriptionRequestGroup"/><generation value="generated"/></page><page><nameUrl value="StructureDefinition-be-referral-task.html"/><title value="BeReferralTask"/><generation value="generated"/></page><page><nameUrl value="StructureDefinition-be-co-prescriber.html"/><title value="BeCoPrescriber"/><generation value="generated"/></page><page><nameUrl value="StructureDefinition-be-ext-contraindication.html"/><title value="BeContraindication"/><generation value="generated"/></page><page><nameUrl value="StructureDefinition-be-ext-contrastfluiduse.html"/><title value="BeContrastFluidUse"/><generation value="generated"/></page><page><nameUrl value="StructureDefinition-be-ext-execution-period.html"/><title value="BeExecutionPeriod"/><generation value="generated"/></page><page><nameUrl value="StructureDefinition-be-ext-inform-party.html"/><title value="BeInformParty"/><generation value="generated"/></page><page><nameUrl value="StructureDefinition-be-intended-performer.html"/><title value="BeIntendedPerformer"/><generation value="generated"/></page><page><nameUrl value="StructureDefinition-be-ext-lastest-end-date.html"/><title value="BeLastestEndDate"/><generation value="generated"/></page><page><nameUrl value="StructureDefinition-be-ext-proposal-type.html"/><title value="BeProposalType"/><generation value="generated"/></page><page><nameUrl value="StructureDefinition-be-ext-supporting-info.html"/><title value="BeSupportingInfo"/><generation value="generated"/></page><page><nameUrl value="StructureDefinition-be-ext-task-reference.html"/><title value="BeTaskReference"/><generation value="generated"/></page><page><nameUrl value="StructureDefinition-be-ext-urgent-communication.html"/><title value="BeUrgentCommunication"/><generation value="generated"/></page><page><nameUrl value="StructureDefinition-be-ext-validity-period.html"/><title value="BeValidityPeriod"/><generation value="generated"/></page><page><nameUrl value="ValueSet-be-vs-type-of-bladder-care.html"/><title value="BeBladderCareType"/><generation value="generated"/></page><page><nameUrl value="ValueSet-be-vs-co-prescription-status.html"/><title value="BeCoPrescriptionStatus"/><generation value="generated"/></page><page><nameUrl value="ValueSet-be-vs-communication-method.html"/><title value="BeCommunicationMethod"/><generation value="generated"/></page><page><nameUrl value="ValueSet-be-vs-type-of-compression.html"/><title value="BeCompressionType"/><generation value="generated"/></page><page><nameUrl value="ValueSet-be-vs-contrastfluid-use.html"/><title value="BeContrastFluidUse"/><generation value="generated"/></page><page><nameUrl value="ValueSet-be-vs-digestive-system-care.html"/><title value="BeDigestiveSystemCare"/><generation value="generated"/></page><page><nameUrl value="ValueSet-be-vs-type-of-non-reimbursable-nursing.html"/><title value="BeNonReimbursableNursing"/><generation value="generated"/></page><page><nameUrl value="ValueSet-be-vs-nursing-annex81-inadequate-adherence.html"/><title value="BeNursingAnnex81InadequateAdherence"/><generation value="generated"/></page><page><nameUrl value="ValueSet-be-vs-nursing-annex81-inadequate-adherence-link.html"/><title value="BeNursingAnnex81InadequateAdherenceLink"/><generation value="generated"/></page><page><nameUrl value="ValueSet-be-vs-nursing-medication-category.html"/><title value="BeNursingMedicationCategory"/><generation value="generated"/></page><page><nameUrl value="ValueSet-be-vs-nursing-medication-injection.html"/><title value="BeNursingMedicationInjection"/><generation value="generated"/></page><page><nameUrl value="ValueSet-be-vs-nursing-medication-other.html"/><title value="BeNursingMedicationOther"/><generation value="generated"/></page><page><nameUrl value="ValueSet-be-vs-nursing-medication-percutaneous.html"/><title value="BeNursingMedicationPercutaneous"/><generation value="generated"/></page><page><nameUrl value="ValueSet-be-vs-nursing-medication-perfusion.html"/><title value="BeNursingMedicationPerfusion"/><generation value="generated"/></page><page><nameUrl value="ValueSet-be-vs-type-of-nursing.html"/><title value="BeNursingType"/><generation value="generated"/></page><page><nameUrl value="ValueSet-be-vs-type-of-other-nursing.html"/><title value="BeOtherNursing"/><generation value="generated"/></page><page><nameUrl value="ValueSet-be-vs-prescription-status.html"/><title value="BePrescriptionStatus"/><generation value="generated"/></page><page><nameUrl value="ValueSet-be-vs-reason-referral-status.html"/><title value="BeReasonReferralStatus"/><generation value="generated"/></page><page><nameUrl value="ValueSet-be-vs-proposal-type.html"/><title value="BeVsProposalType"/><generation value="generated"/></page><page><nameUrl value="ValueSet-be-vs-referral-category.html"/><title value="BeReferralCategory"/><generation value="generated"/></page><page><nameUrl value="CodeSystem-be-cs-type-of-bladder-care.html"/><title value="BeBladderCareType"/><generation value="generated"/></page><page><nameUrl value="CodeSystem-be-communication-code.html"/><title value="BeCommunicationCode"/><generation value="generated"/></page><page><nameUrl value="CodeSystem-be-vs-contrastfluid-use.html"/><title value="BeContrastFluidUse"/><generation value="generated"/></page><page><nameUrl value="CodeSystem-be-cs-digestive-system-care.html"/><title value="BeDigestiveSystemCare"/><generation value="generated"/></page><page><nameUrl value="CodeSystem-be-nursing-annex81-inadequate-adherence.html"/><title value="BeNursingAnnex81InadequateAdherence"/><generation value="generated"/></page><page><nameUrl value="CodeSystem-be-nursing-annex81-inadequate-adherence-link.html"/><title value="BeNursingAnnex81InadequateAdherenceLink"/><generation value="generated"/></page><page><nameUrl value="CodeSystem-be-cs-nursing-code.html"/><title value="BeNursingCode"/><generation value="generated"/></page><page><nameUrl value="CodeSystem-be-cs-nursing-code-compressiontherapy.html"/><title value="BeNursingCodeCompressiontherapy"/><generation value="generated"/></page><page><nameUrl value="CodeSystem-be-cs-nursing-code-non-reimbursable.html"/><title value="BeNursingCodeNonReimbursable"/><generation value="generated"/></page><page><nameUrl value="CodeSystem-be-cs-nursing-code-other.html"/><title value="BeNursingCodeOther"/><generation value="generated"/></page><page><nameUrl value="CodeSystem-be-nursing-medication-category.html"/><title value="BeNursingMedicationCategory"/><generation value="generated"/></page><page><nameUrl value="CodeSystem-be-nursing-medication-injection.html"/><title value="BeNursingMedicationInjection"/><generation value="generated"/></page><page><nameUrl value="CodeSystem-be-nursing-medication-percutaneous.html"/><title value="BeNursingMedicationPercutaneous"/><generation value="generated"/></page><page><nameUrl value="CodeSystem-be-nursing-medication-perfusion.html"/><title value="BeNursingMedicationPerfusion"/><generation value="generated"/></page><page><nameUrl value="CodeSystem-be-prescription-proposal-type.html"/><title value="BePrescriptionProposalType"/><generation value="generated"/></page><page><nameUrl value="CodeSystem-be-prescription-status.html"/><title value="BePrescriptionStatus"/><generation value="generated"/></page><page><nameUrl value="CodeSystem-be-status-reason.html"/><title value="BeStatusReason"/><generation value="generated"/></page><page><nameUrl value="NamingSystem-be-ns-coronalertcode.html"/><title value="BeNSCoronalertcode"/><generation value="generated"/></page><page><nameUrl value="NamingSystem-be-ns-specimen.html"/><title value="BeNSSpecimen"/><generation value="generated"/></page><page><nameUrl value="NamingSystem-be-ns-uhmep.html"/><title value="BeUnadressedHealthMessageExchangePlatform"/><generation value="generated"/></page><page><nameUrl value="Condition-condition1.html"/><title value="condition1"/><generation value="generated"/></page><page><nameUrl value="ServiceRequest-diagnostic-imaging-basic-example-concreteWithDetails.html"/><title value="diagnostic-imaging-basic-example-concreteWithDetails"/><generation value="generated"/></page><page><nameUrl value="ServiceRequest-diagnostic-imaging-basic-example-concreteWithText.html"/><title value="diagnostic-imaging-basic-example-concreteWithText"/><generation value="generated"/><page><nameUrl value="Patient-diagnostic-imaging-basic-example-concreteWithText_patient1.html"/><title value="Patient"/><generation value="generated"/></page><page><nameUrl value="Practitioner-diagnostic-imaging-basic-example-concreteWithText_Requester1.html"/><title value="Practitioner"/><generation value="generated"/></page></page><page><nameUrl value="ServiceRequest-diagnostic-imaging-basic-example-everything-contained.html"/><title value="diagnostic-imaging-basic-example-everything-contained"/><generation value="generated"/><page><nameUrl value="Patient-diagnostic-imaging-basic-example-everything-contained_patient1.html"/><title value="Patient"/><generation value="generated"/></page><page><nameUrl value="Practitioner-diagnostic-imaging-basic-example-everything-contained_Requester1.html"/><title value="Practitioner"/><generation value="generated"/></page><page><nameUrl value="Practitioner-diagnostic-imaging-basic-example-everything-contained_Performer1.html"/><title value="Practitioner"/><generation value="generated"/></page></page><page><nameUrl value="ServiceRequest-diagnostic-imaging-basic-example-useOfModality.html"/><title value="diagnostic-imaging-basic-example-useOfModality"/><generation value="generated"/></page><page><nameUrl value="RequestGroup-example01-referralprescription-request-group.html"/><title value="example01-referralprescription-request-group"/><generation value="generated"/><page><nameUrl value="Patient-example01-referralprescription-request-group_patient1.html"/><title value="Patient"/><generation value="generated"/></page><page><nameUrl value="Practitioner-example01-referralprescription-request-group_Requester1.html"/><title value="Practitioner"/><generation value="generated"/></page><page><nameUrl value="Practitioner-example01-referralprescription-request-group_Performer1.html"/><title value="Practitioner"/><generation value="generated"/></page><page><nameUrl value="ServiceRequest-example01-referralprescription-request-group_example01-care01-referralprescription-nursing-bladder-care.html"/><title value="ServiceRequest"/><generation value="generated"/></page><page><nameUrl value="ServiceRequest-example01-referralprescription-request-group_example01-care02-colon-cleansing.html"/><title value="ServiceRequest"/><generation value="generated"/></page><page><nameUrl value="MedicationRequest-example01-referralprescription-request-group_example01-care03-referralprescription-nursing-medication.html"/><title value="MedicationRequest"/><generation value="generated"/></page></page><page><nameUrl value="ServiceRequest-example02-referralprescription-nursing-digestive-system-care.html"/><title value="example02-referralprescription-nursing-digestive-system-care"/><generation value="generated"/></page><page><nameUrl value="ServiceRequest-example03-referralprescription-nursing-compressiontherapy.html"/><title value="example03-referralprescription-nursing-compressiontherapy"/><generation value="generated"/></page><page><nameUrl value="ServiceRequest-example04-referralprescription-nursing-bladder-care.html"/><title value="example04-referralprescription-nursing-bladder-care"/><generation value="generated"/></page><page><nameUrl value="ServiceRequest-example05-referralprescription-nursing-digestive-system-care.html"/><title value="example05-referralprescription-nursing-digestive-system-care"/><generation value="generated"/></page><page><nameUrl value="ServiceRequest-example06-referralprescription-nursing-compression-therapy.html"/><title value="example06-referralprescription-nursing-compression-therapy"/><generation value="generated"/></page><page><nameUrl value="MedicationRequest-example07-referralprescription-nursing-medication.html"/><title value="example07-referralprescription-nursing-medication"/><generation value="generated"/></page><page><nameUrl value="MedicationRequest-example08-referralprescription-nursing-medication.html"/><title value="example08-referralprescription-nursing-medication"/><generation value="generated"/></page><page><nameUrl value="ServiceRequest-example09-referralprescription-nursing-woundcare.html"/><title value="example09-referralprescription-nursing-woundcare"/><generation value="generated"/></page><page><nameUrl value="MedicationRequest-example10-referralprescription-nursing-medication.html"/><title value="example10-referralprescription-nursing-medication"/><generation value="generated"/></page><page><nameUrl value="ServiceRequest-example12-referralprescription-nursing-annex81.html"/><title value="example12-referralprescription-nursing-annex81"/><generation value="generated"/></page><page><nameUrl value="MedicationRequest-example13-referralprescription-nursing-medication.html"/><title value="example13-referralprescription-nursing-medication"/><generation value="generated"/></page><page><nameUrl value="ServiceRequest-example16-referralprescription-nursing-bladder-care.html"/><title value="example16-referralprescription-nursing-bladder-care"/><generation value="generated"/></page><page><nameUrl value="MedicationRequest-example17-referralprescription-nursing-medication.html"/><title value="example17-referralprescription-nursing-medication"/><generation value="generated"/></page><page><nameUrl value="MedicationRequest-example19-referralprescription-nursing-medication.html"/><title value="example19-referralprescription-nursing-medication"/><generation value="generated"/></page><page><nameUrl value="MedicationRequest-example20-referralprescription-nursing-medication.html"/><title value="example20-referralprescription-nursing-medication"/><generation value="generated"/></page><page><nameUrl value="MedicationRequest-example22-referralprescription-nursing-medication.html"/><title value="example22-referralprescription-nursing-medication"/><generation value="generated"/></page><page><nameUrl value="MedicationRequest-example23-referralprescription-nursing-medication.html"/><title value="example23-referralprescription-nursing-medication"/><generation value="generated"/></page><page><nameUrl value="ServiceRequest-example24-referralprescription-nursing-non-reimbursable.html"/><title value="example24-referralprescription-nursing-non-reimbursable"/><generation value="generated"/></page><page><nameUrl value="ServiceRequest-example26-referralprescription-nursing-other.html"/><title value="example26-referralprescription-nursing-other"/><generation value="generated"/></page><page><nameUrl value="MedicationRequest-example30-referralprescription-nursing-woundcare.html"/><title value="example30-referralprescription-nursing-woundcare"/><generation value="generated"/></page><page><nameUrl value="MedicationRequest-example31-referralprescription-nursing-medication.html"/><title value="example31-referralprescription-nursing-medication"/><generation value="generated"/></page><page><nameUrl value="ServiceRequest-example32-referralprescription-nursing-chronical-psychiatric.html"/><title value="example32-referralprescription-nursing-chronical-psychiatric"/><generation value="generated"/></page><page><nameUrl value="CarePlan-gpvisit.html"/><title value="gpvisit"/><generation value="generated"/></page><page><nameUrl value="ServiceRequest-laboratory-order-example1.html"/><title value="laboratory-order-example1"/><generation value="generated"/><page><nameUrl value="Patient-laboratory-order-example1_patient1.html"/><title value="Patient"/><generation value="generated"/></page><page><nameUrl value="Observation-laboratory-order-example1_observation1.html"/><title value="Observation"/><generation value="generated"/></page><page><nameUrl value="Condition-laboratory-order-example1_condition1.html"/><title value="Condition"/><generation value="generated"/></page><page><nameUrl value="DocumentReference-laboratory-order-example1_media1.html"/><title value="DocumentReference"/><generation value="generated"/></page><page><nameUrl value="Practitioner-laboratory-order-example1_Requester1.html"/><title value="Practitioner"/><generation value="generated"/></page><page><nameUrl value="Organization-laboratory-order-example1_Performer1.html"/><title value="Organization"/><generation value="generated"/></page><page><nameUrl value="Specimen-laboratory-order-example1_specimen1.html"/><title value="Specimen"/><generation value="generated"/></page></page><page><nameUrl value="Patient-patient1.html"/><title value="patient1"/><generation value="generated"/></page><page><nameUrl value="Practitioner-practitioner1.html"/><title value="practitioner1"/><generation value="generated"/></page><page><nameUrl value="Practitioner-practitioner2.html"/><title value="practitioner2"/><generation value="generated"/></page><page><nameUrl value="ServiceRequest-referralprescription-nursing-example2-digestive-system-care.html"/><title value="referralprescription-nursing-example2-digestive-system-care"/><generation value="generated"/></page><page><nameUrl value="ServiceRequest-referralprescription-nursing-example3-compression-therapy.html"/><title value="referralprescription-nursing-example3-compression-therapy"/><generation value="generated"/></page><page><nameUrl value="ServiceRequest-referralprescription-nursing-example5-digestive-system-care.html"/><title value="referralprescription-nursing-example5-digestive-system-care"/><generation value="generated"/></page><page><nameUrl value="ServiceRequest-referralprescription-nursing-example6-compression-therapy.html"/><title value="referralprescription-nursing-example6-compression-therapy"/><generation value="generated"/></page></page></page><parameter><code value="path-resource"/><value value="input/capabilities"/></parameter><parameter><code value="path-resource"/><value value="input/examples"/></parameter><parameter><code value="path-resource"/><value value="input/extensions"/></parameter><parameter><code value="path-resource"/><value value="input/models"/></parameter><parameter><code value="path-resource"/><value value="input/operations"/></parameter><parameter><code value="path-resource"/><value value="input/profiles"/></parameter><parameter><code value="path-resource"/><value value="input/resources"/></parameter><parameter><code value="path-resource"/><value value="input/vocabulary"/></parameter><parameter><code value="path-resource"/><value value="input/maps"/></parameter><parameter><code value="path-resource"/><value value="input/testing"/></parameter><parameter><code value="path-resource"/><value value="input/history"/></parameter><parameter><code value="path-resource"/><value value="fsh-generated/resources"/></parameter><parameter><code value="path-pages"/><value value="template/config"/></parameter><parameter><code value="path-pages"/><value value="input/images"/></parameter><parameter><code value="path-tx-cache"/><value value="input-cache/txcache"/></parameter></definition></ImplementationGuide>