<?xml version="1.0" encoding="UTF-8"?><StructureDefinition xmlns="http://hl7.org/fhir"><id value="be-model-nursingprescription"/><text><status value="extensions"/><div xmlns="http://www.w3.org/1999/xhtml"><table border="0" cellpadding="0" cellspacing="0" style="border: 0px #F0F0F0 solid; font-size: 11px; font-family: verdana; vertical-align: top;"><tr style="border: 1px #F0F0F0 solid; font-size: 11px; font-family: verdana; vertical-align: top"><th style="vertical-align: top; text-align : left; background-color: white; border: 0px #F0F0F0 solid; padding:0px 4px 0px 4px" class="hierarchy"><a href="http://hl7.org/fhir/R4/formats.html#table" title="The logical name of the element">Name</a></th><th style="vertical-align: top; text-align : left; background-color: white; border: 0px #F0F0F0 solid; padding:0px 4px 0px 4px" class="hierarchy"><a href="http://hl7.org/fhir/R4/formats.html#table" title="Information about the use of the element">Flags</a></th><th style="vertical-align: top; text-align : left; background-color: white; border: 0px #F0F0F0 solid; padding:0px 4px 0px 4px" class="hierarchy"><a href="http://hl7.org/fhir/R4/formats.html#table" title="Minimum and Maximum # of times the the element can appear in the instance">Card.</a></th><th style="width: 100px" class="hierarchy"><a href="http://hl7.org/fhir/R4/formats.html#table" title="Reference to the type of the element">Type</a></th><th style="vertical-align: top; text-align : left; background-color: white; border: 0px #F0F0F0 solid; padding:0px 4px 0px 4px" class="hierarchy"><a href="http://hl7.org/fhir/R4/formats.html#table" title="Additional information about the element">Description &amp; Constraints</a><span style="float: right"><a href="http://hl7.org/fhir/R4/formats.html#table" title="Legend for this format"><img src="http://hl7.org/fhir/R4/help16.png" alt="doco" style="background-color: inherit"/></a></span></th></tr><tr style="border: 0px #F0F0F0 solid; padding:0px; vertical-align: top; background-color: white"><td style="vertical-align: top; text-align : left; background-color: white; border: 0px #F0F0F0 solid; padding:0px 4px 0px 4px; white-space: nowrap; background-image: url(tbl_bck1.png)" class="hierarchy"><img src="tbl_spacer.png" alt="." style="background-color: inherit" class="hierarchy"/><img src="icon_element.gif" alt="." style="background-color: white; background-color: inherit" title="Element" class="hierarchy"/> <a href="StructureDefinition-be-model-nursingprescription-definitions.html#BeNursingPrescription">BeNursingPrescription</a><a name="BeNursingPrescription"> </a></td><td style="vertical-align: top; text-align : left; background-color: white; border: 0px #F0F0F0 solid; padding:0px 4px 0px 4px" class="hierarchy"/><td style="vertical-align: top; text-align : left; background-color: white; border: 0px #F0F0F0 solid; padding:0px 4px 0px 4px" class="hierarchy">0..*</td><td style="vertical-align: top; text-align : left; background-color: white; border: 0px #F0F0F0 solid; padding:0px 4px 0px 4px" class="hierarchy"/><td style="vertical-align: top; text-align : left; background-color: white; border: 0px #F0F0F0 solid; padding:0px 4px 0px 4px" class="hierarchy"/></tr>
<tr style="border: 0px #F0F0F0 solid; padding:0px; vertical-align: top; background-color: #F7F7F7"><td style="vertical-align: top; text-align : left; background-color: #F7F7F7; border: 0px #F0F0F0 solid; padding:0px 4px 0px 4px; white-space: nowrap; background-image: url(tbl_bck10.png)" class="hierarchy"><img src="tbl_spacer.png" alt="." style="background-color: inherit" class="hierarchy"/><img src="tbl_vjoin.png" alt="." style="background-color: inherit" class="hierarchy"/><img src="icon_resource.png" alt="." style="background-color: #F7F7F7; background-color: inherit" title="Resource" class="hierarchy"/> <a href="StructureDefinition-be-model-nursingprescription-definitions.html#BeNursingPrescription.BeReferralPrescription">BeReferralPrescription</a><a name="BeNursingPrescription.BeReferralPrescription"> </a></td><td style="vertical-align: top; text-align : left; background-color: #F7F7F7; border: 0px #F0F0F0 solid; padding:0px 4px 0px 4px" class="hierarchy"/><td style="vertical-align: top; text-align : left; background-color: #F7F7F7; border: 0px #F0F0F0 solid; padding:0px 4px 0px 4px" class="hierarchy">1..1</td><td style="vertical-align: top; text-align : left; background-color: #F7F7F7; border: 0px #F0F0F0 solid; padding:0px 4px 0px 4px" class="hierarchy"><a href="StructureDefinition-be-model-referralprescription.html">BeReferralPrescription</a></td><td style="vertical-align: top; text-align : left; background-color: #F7F7F7; border: 0px #F0F0F0 solid; padding:0px 4px 0px 4px" class="hierarchy"/></tr>
<tr style="border: 0px #F0F0F0 solid; padding:0px; vertical-align: top; background-color: white"><td style="vertical-align: top; text-align : left; background-color: white; border: 0px #F0F0F0 solid; padding:0px 4px 0px 4px; white-space: nowrap; background-image: url(tbl_bck11.png)" class="hierarchy"><img src="tbl_spacer.png" alt="." style="background-color: inherit" class="hierarchy"/><img src="tbl_vjoin.png" alt="." style="background-color: inherit" class="hierarchy"/><img src="icon_datatype.gif" alt="." style="background-color: white; background-color: inherit" title="Data Type" class="hierarchy"/> <a href="StructureDefinition-be-model-nursingprescription-definitions.html#BeNursingPrescription.phoneAvailablityPrescriber">phoneAvailablityPrescriber</a><a name="BeNursingPrescription.phoneAvailablityPrescriber"> </a></td><td style="vertical-align: top; text-align : left; background-color: white; border: 0px #F0F0F0 solid; padding:0px 4px 0px 4px" class="hierarchy"/><td style="vertical-align: top; text-align : left; background-color: white; border: 0px #F0F0F0 solid; padding:0px 4px 0px 4px" class="hierarchy">0..1</td><td style="vertical-align: top; text-align : left; background-color: white; border: 0px #F0F0F0 solid; padding:0px 4px 0px 4px" class="hierarchy"><a href="http://hl7.org/fhir/R4/datatypes.html#BackboneElement">BackboneElement</a></td><td style="vertical-align: top; text-align : left; background-color: white; border: 0px #F0F0F0 solid; padding:0px 4px 0px 4px" class="hierarchy"/></tr>
<tr style="border: 0px #F0F0F0 solid; padding:0px; vertical-align: top; background-color: #F7F7F7"><td style="vertical-align: top; text-align : left; background-color: #F7F7F7; border: 0px #F0F0F0 solid; padding:0px 4px 0px 4px; white-space: nowrap; background-image: url(tbl_bck110.png)" class="hierarchy"><img src="tbl_spacer.png" alt="." style="background-color: inherit" class="hierarchy"/><img src="tbl_vline.png" alt="." style="background-color: inherit" class="hierarchy"/><img src="tbl_vjoin.png" alt="." style="background-color: inherit" class="hierarchy"/><img src="icon_datatype.gif" alt="." style="background-color: #F7F7F7; background-color: inherit" title="Data Type" class="hierarchy"/> <a href="StructureDefinition-be-model-nursingprescription-definitions.html#BeNursingPrescription.phoneAvailablityPrescriber.contactPoint">contactPoint</a><a name="BeNursingPrescription.phoneAvailablityPrescriber.contactPoint"> </a></td><td style="vertical-align: top; text-align : left; background-color: #F7F7F7; border: 0px #F0F0F0 solid; padding:0px 4px 0px 4px" class="hierarchy"/><td style="vertical-align: top; text-align : left; background-color: #F7F7F7; border: 0px #F0F0F0 solid; padding:0px 4px 0px 4px" class="hierarchy">0..*</td><td style="vertical-align: top; text-align : left; background-color: #F7F7F7; border: 0px #F0F0F0 solid; padding:0px 4px 0px 4px" class="hierarchy"><a href="http://hl7.org/fhir/R4/datatypes.html#ContactPoint" title="ContactPoint">ContactPoint</a></td><td style="vertical-align: top; text-align : left; background-color: #F7F7F7; border: 0px #F0F0F0 solid; padding:0px 4px 0px 4px" class="hierarchy"/></tr>
<tr style="border: 0px #F0F0F0 solid; padding:0px; vertical-align: top; background-color: white"><td style="vertical-align: top; text-align : left; background-color: white; border: 0px #F0F0F0 solid; padding:0px 4px 0px 4px; white-space: nowrap; background-image: url(tbl_bck101.png)" class="hierarchy"><img src="tbl_spacer.png" alt="." style="background-color: inherit" class="hierarchy"/><img src="tbl_vline.png" alt="." style="background-color: inherit" class="hierarchy"/><img src="tbl_vjoin_end.png" alt="." style="background-color: inherit" class="hierarchy"/><img src="icon_datatype.gif" alt="." style="background-color: white; background-color: inherit" title="Data Type" class="hierarchy"/> <a href="StructureDefinition-be-model-nursingprescription-definitions.html#BeNursingPrescription.phoneAvailablityPrescriber.availability">availability</a><a name="BeNursingPrescription.phoneAvailablityPrescriber.availability"> </a></td><td style="vertical-align: top; text-align : left; background-color: white; border: 0px #F0F0F0 solid; padding:0px 4px 0px 4px" class="hierarchy"/><td style="vertical-align: top; text-align : left; background-color: white; border: 0px #F0F0F0 solid; padding:0px 4px 0px 4px" class="hierarchy">0..*</td><td style="vertical-align: top; text-align : left; background-color: white; border: 0px #F0F0F0 solid; padding:0px 4px 0px 4px" class="hierarchy"><a href="http://hl7.org/fhir/R4/datatypes.html#BackboneElement">BackboneElement</a></td><td style="vertical-align: top; text-align : left; background-color: white; border: 0px #F0F0F0 solid; padding:0px 4px 0px 4px" class="hierarchy"/></tr>
<tr style="border: 0px #F0F0F0 solid; padding:0px; vertical-align: top; background-color: #F7F7F7"><td style="vertical-align: top; text-align : left; background-color: #F7F7F7; border: 0px #F0F0F0 solid; padding:0px 4px 0px 4px; white-space: nowrap; background-image: url(tbl_bck1010.png)" class="hierarchy"><img src="tbl_spacer.png" alt="." style="background-color: inherit" class="hierarchy"/><img src="tbl_vline.png" alt="." style="background-color: inherit" class="hierarchy"/><img src="tbl_blank.png" alt="." style="background-color: inherit" class="hierarchy"/><img src="tbl_vjoin.png" alt="." style="background-color: inherit" class="hierarchy"/><img src="icon_element.gif" alt="." style="background-color: #F7F7F7; background-color: inherit" title="Element" class="hierarchy"/> <a href="StructureDefinition-be-model-nursingprescription-definitions.html#BeNursingPrescription.phoneAvailablityPrescriber.availability.untilHour">untilHour</a><a name="BeNursingPrescription.phoneAvailablityPrescriber.availability.untilHour"> </a></td><td style="vertical-align: top; text-align : left; background-color: #F7F7F7; border: 0px #F0F0F0 solid; padding:0px 4px 0px 4px" class="hierarchy"/><td style="vertical-align: top; text-align : left; background-color: #F7F7F7; border: 0px #F0F0F0 solid; padding:0px 4px 0px 4px" class="hierarchy">0..1</td><td style="vertical-align: top; text-align : left; background-color: #F7F7F7; border: 0px #F0F0F0 solid; padding:0px 4px 0px 4px" class="hierarchy"/><td style="vertical-align: top; text-align : left; background-color: #F7F7F7; border: 0px #F0F0F0 solid; padding:0px 4px 0px 4px" class="hierarchy"/></tr>
<tr style="border: 0px #F0F0F0 solid; padding:0px; vertical-align: top; background-color: white"><td style="vertical-align: top; text-align : left; background-color: white; border: 0px #F0F0F0 solid; padding:0px 4px 0px 4px; white-space: nowrap; background-image: url(tbl_bck1010.png)" class="hierarchy"><img src="tbl_spacer.png" alt="." style="background-color: inherit" class="hierarchy"/><img src="tbl_vline.png" alt="." style="background-color: inherit" class="hierarchy"/><img src="tbl_blank.png" alt="." style="background-color: inherit" class="hierarchy"/><img src="tbl_vjoin.png" alt="." style="background-color: inherit" class="hierarchy"/><img src="icon_element.gif" alt="." style="background-color: white; background-color: inherit" title="Element" class="hierarchy"/> <a href="StructureDefinition-be-model-nursingprescription-definitions.html#BeNursingPrescription.phoneAvailablityPrescriber.availability.fromHour">fromHour</a><a name="BeNursingPrescription.phoneAvailablityPrescriber.availability.fromHour"> </a></td><td style="vertical-align: top; text-align : left; background-color: white; border: 0px #F0F0F0 solid; padding:0px 4px 0px 4px" class="hierarchy"/><td style="vertical-align: top; text-align : left; background-color: white; border: 0px #F0F0F0 solid; padding:0px 4px 0px 4px" class="hierarchy">0..1</td><td style="vertical-align: top; text-align : left; background-color: white; border: 0px #F0F0F0 solid; padding:0px 4px 0px 4px" class="hierarchy"/><td style="vertical-align: top; text-align : left; background-color: white; border: 0px #F0F0F0 solid; padding:0px 4px 0px 4px" class="hierarchy"/></tr>
<tr style="border: 0px #F0F0F0 solid; padding:0px; vertical-align: top; background-color: #F7F7F7"><td style="vertical-align: top; text-align : left; background-color: #F7F7F7; border: 0px #F0F0F0 solid; padding:0px 4px 0px 4px; white-space: nowrap; background-image: url(tbl_bck1000.png)" class="hierarchy"><img src="tbl_spacer.png" alt="." style="background-color: inherit" class="hierarchy"/><img src="tbl_vline.png" alt="." style="background-color: inherit" class="hierarchy"/><img src="tbl_blank.png" alt="." style="background-color: inherit" class="hierarchy"/><img src="tbl_vjoin_end.png" alt="." style="background-color: inherit" class="hierarchy"/><img src="icon_primitive.png" alt="." style="background-color: #F7F7F7; background-color: inherit" title="Primitive Data Type" class="hierarchy"/> <a href="StructureDefinition-be-model-nursingprescription-definitions.html#BeNursingPrescription.phoneAvailablityPrescriber.availability.weekDay">weekDay</a><a name="BeNursingPrescription.phoneAvailablityPrescriber.availability.weekDay"> </a></td><td style="vertical-align: top; text-align : left; background-color: #F7F7F7; border: 0px #F0F0F0 solid; padding:0px 4px 0px 4px" class="hierarchy"/><td style="vertical-align: top; text-align : left; background-color: #F7F7F7; border: 0px #F0F0F0 solid; padding:0px 4px 0px 4px" class="hierarchy">1..1</td><td style="vertical-align: top; text-align : left; background-color: #F7F7F7; border: 0px #F0F0F0 solid; padding:0px 4px 0px 4px" class="hierarchy"><a href="http://hl7.org/fhir/R4/datatypes.html#string" title="string">string</a></td><td style="vertical-align: top; text-align : left; background-color: #F7F7F7; border: 0px #F0F0F0 solid; padding:0px 4px 0px 4px" class="hierarchy"/></tr>
<tr style="border: 0px #F0F0F0 solid; padding:0px; vertical-align: top; background-color: white"><td style="vertical-align: top; text-align : left; background-color: white; border: 0px #F0F0F0 solid; padding:0px 4px 0px 4px; white-space: nowrap; background-image: url(tbl_bck11.png)" class="hierarchy"><img src="tbl_spacer.png" alt="." style="background-color: inherit" class="hierarchy"/><img src="tbl_vjoin.png" alt="." style="background-color: inherit" class="hierarchy"/><img src="icon_datatype.gif" alt="." style="background-color: white; background-color: inherit" title="Data Type" class="hierarchy"/> <a href="StructureDefinition-be-model-nursingprescription-definitions.html#BeNursingPrescription.feedbackAsked">feedbackAsked</a><a name="BeNursingPrescription.feedbackAsked"> </a></td><td style="vertical-align: top; text-align : left; background-color: white; border: 0px #F0F0F0 solid; padding:0px 4px 0px 4px" class="hierarchy"/><td style="vertical-align: top; text-align : left; background-color: white; border: 0px #F0F0F0 solid; padding:0px 4px 0px 4px" class="hierarchy">0..1</td><td style="vertical-align: top; text-align : left; background-color: white; border: 0px #F0F0F0 solid; padding:0px 4px 0px 4px" class="hierarchy"><a href="http://hl7.org/fhir/R4/datatypes.html#BackboneElement">BackboneElement</a></td><td style="vertical-align: top; text-align : left; background-color: white; border: 0px #F0F0F0 solid; padding:0px 4px 0px 4px" class="hierarchy"/></tr>
<tr style="border: 0px #F0F0F0 solid; padding:0px; vertical-align: top; background-color: #F7F7F7"><td style="vertical-align: top; text-align : left; background-color: #F7F7F7; border: 0px #F0F0F0 solid; padding:0px 4px 0px 4px; white-space: nowrap; background-image: url(tbl_bck100.png)" class="hierarchy"><img src="tbl_spacer.png" alt="." style="background-color: inherit" class="hierarchy"/><img src="tbl_vline.png" alt="." style="background-color: inherit" class="hierarchy"/><img src="tbl_vjoin_end.png" alt="." style="background-color: inherit" class="hierarchy"/><img src="icon_primitive.png" alt="." style="background-color: #F7F7F7; background-color: inherit" title="Primitive Data Type" class="hierarchy"/> <a href="StructureDefinition-be-model-nursingprescription-definitions.html#BeNursingPrescription.feedbackAsked.timingFeedback">timingFeedback</a><a name="BeNursingPrescription.feedbackAsked.timingFeedback"> </a></td><td style="vertical-align: top; text-align : left; background-color: #F7F7F7; border: 0px #F0F0F0 solid; padding:0px 4px 0px 4px" class="hierarchy"/><td style="vertical-align: top; text-align : left; background-color: #F7F7F7; border: 0px #F0F0F0 solid; padding:0px 4px 0px 4px" class="hierarchy">1..1</td><td style="vertical-align: top; text-align : left; background-color: #F7F7F7; border: 0px #F0F0F0 solid; padding:0px 4px 0px 4px" class="hierarchy"><a href="http://hl7.org/fhir/R4/datatypes.html#code" title="code">code</a></td><td style="vertical-align: top; text-align : left; background-color: #F7F7F7; border: 0px #F0F0F0 solid; padding:0px 4px 0px 4px" class="hierarchy"><span style="font-weight:bold">Fixed Value: </span><span style="color: darkgreen">during|end</span></td></tr>
<tr style="border: 0px #F0F0F0 solid; padding:0px; vertical-align: top; background-color: white"><td style="vertical-align: top; text-align : left; background-color: white; border: 0px #F0F0F0 solid; padding:0px 4px 0px 4px; white-space: nowrap; background-image: url(tbl_bck10.png)" class="hierarchy"><img src="tbl_spacer.png" alt="." style="background-color: inherit" class="hierarchy"/><img src="tbl_vjoin.png" alt="." style="background-color: inherit" class="hierarchy"/><img src="icon_datatype.gif" alt="." style="background-color: white; background-color: inherit" title="Data Type" class="hierarchy"/> <a href="StructureDefinition-be-model-nursingprescription-definitions.html#BeNursingPrescription.signature">signature</a><a name="BeNursingPrescription.signature"> </a></td><td style="vertical-align: top; text-align : left; background-color: white; border: 0px #F0F0F0 solid; padding:0px 4px 0px 4px" class="hierarchy"/><td style="vertical-align: top; text-align : left; background-color: white; border: 0px #F0F0F0 solid; padding:0px 4px 0px 4px" class="hierarchy">0..1</td><td style="vertical-align: top; text-align : left; background-color: white; border: 0px #F0F0F0 solid; padding:0px 4px 0px 4px" class="hierarchy"><a href="http://hl7.org/fhir/R4/datatypes.html#Signature" title="Signature">Signature</a></td><td style="vertical-align: top; text-align : left; background-color: white; border: 0px #F0F0F0 solid; padding:0px 4px 0px 4px" class="hierarchy"/></tr>
<tr style="border: 0px #F0F0F0 solid; padding:0px; vertical-align: top; background-color: #F7F7F7"><td style="vertical-align: top; text-align : left; background-color: #F7F7F7; border: 0px #F0F0F0 solid; padding:0px 4px 0px 4px; white-space: nowrap; background-image: url(tbl_bck10.png)" class="hierarchy"><img src="tbl_spacer.png" alt="." style="background-color: inherit" class="hierarchy"/><img src="tbl_vjoin.png" alt="." style="background-color: inherit" class="hierarchy"/><img src="icon_primitive.png" alt="." style="background-color: #F7F7F7; background-color: inherit" title="Primitive Data Type" class="hierarchy"/> <a href="StructureDefinition-be-model-nursingprescription-definitions.html#BeNursingPrescription.stampOrIdentification">stampOrIdentification</a><a name="BeNursingPrescription.stampOrIdentification"> </a></td><td style="vertical-align: top; text-align : left; background-color: #F7F7F7; border: 0px #F0F0F0 solid; padding:0px 4px 0px 4px" class="hierarchy"/><td style="vertical-align: top; text-align : left; background-color: #F7F7F7; border: 0px #F0F0F0 solid; padding:0px 4px 0px 4px" class="hierarchy">0..1</td><td style="vertical-align: top; text-align : left; background-color: #F7F7F7; border: 0px #F0F0F0 solid; padding:0px 4px 0px 4px" class="hierarchy"><a href="http://hl7.org/fhir/R4/datatypes.html#code" title="code">code</a></td><td style="vertical-align: top; text-align : left; background-color: #F7F7F7; border: 0px #F0F0F0 solid; padding:0px 4px 0px 4px" class="hierarchy">What is this?<br/><span style="font-weight:bold">Fixed Value: </span><span style="color: darkgreen">stamp|identification</span></td></tr>
<tr style="border: 0px #F0F0F0 solid; padding:0px; vertical-align: top; background-color: white"><td style="vertical-align: top; text-align : left; background-color: white; border: 0px #F0F0F0 solid; padding:0px 4px 0px 4px; white-space: nowrap; background-image: url(tbl_bck10.png)" class="hierarchy"><img src="tbl_spacer.png" alt="." style="background-color: inherit" class="hierarchy"/><img src="tbl_vjoin.png" alt="." style="background-color: inherit" class="hierarchy"/><img src="icon_datatype.gif" alt="." style="background-color: white; background-color: inherit" title="Data Type" class="hierarchy"/> <a href="StructureDefinition-be-model-nursingprescription-definitions.html#BeNursingPrescription.mainNursingCare" title="A high level code to describe the nursing care">mainNursingCare</a><a name="BeNursingPrescription.mainNursingCare"> </a></td><td style="vertical-align: top; text-align : left; background-color: white; border: 0px #F0F0F0 solid; padding:0px 4px 0px 4px" class="hierarchy"/><td style="vertical-align: top; text-align : left; background-color: white; border: 0px #F0F0F0 solid; padding:0px 4px 0px 4px" class="hierarchy">1..1</td><td style="vertical-align: top; text-align : left; background-color: white; border: 0px #F0F0F0 solid; padding:0px 4px 0px 4px" class="hierarchy"><a href="http://hl7.org/fhir/R4/datatypes.html#CodeableConcept" title="CodeableConcept">CodeableConcept</a></td><td style="vertical-align: top; text-align : left; background-color: white; border: 0px #F0F0F0 solid; padding:0px 4px 0px 4px" class="hierarchy">e.g. woundcare, medication administartion, compression therapy,....</td></tr>
<tr style="border: 0px #F0F0F0 solid; padding:0px; vertical-align: top; background-color: #F7F7F7"><td style="vertical-align: top; text-align : left; background-color: #F7F7F7; border: 0px #F0F0F0 solid; padding:0px 4px 0px 4px; white-space: nowrap; background-image: url(tbl_bck10.png)" class="hierarchy"><img src="tbl_spacer.png" alt="." style="background-color: inherit" class="hierarchy"/><img src="tbl_vjoin.png" alt="." style="background-color: inherit" class="hierarchy"/><img src="icon_datatype.gif" alt="." style="background-color: #F7F7F7; background-color: inherit" title="Data Type" class="hierarchy"/> <a href="StructureDefinition-be-model-nursingprescription-definitions.html#BeNursingPrescription.detailedCare" title="Detailed code describing the nursing care demanded">detailedCare</a><a name="BeNursingPrescription.detailedCare"> </a></td><td style="vertical-align: top; text-align : left; background-color: #F7F7F7; border: 0px #F0F0F0 solid; padding:0px 4px 0px 4px" class="hierarchy"/><td style="vertical-align: top; text-align : left; background-color: #F7F7F7; border: 0px #F0F0F0 solid; padding:0px 4px 0px 4px" class="hierarchy">0..*</td><td style="vertical-align: top; text-align : left; background-color: #F7F7F7; border: 0px #F0F0F0 solid; padding:0px 4px 0px 4px" class="hierarchy"><a href="http://hl7.org/fhir/R4/datatypes.html#CodeableConcept" title="CodeableConcept">CodeableConcept</a></td><td style="vertical-align: top; text-align : left; background-color: #F7F7F7; border: 0px #F0F0F0 solid; padding:0px 4px 0px 4px" class="hierarchy">e.g. burncare, injection of medication,...<br/></td></tr>
<tr style="border: 0px #F0F0F0 solid; padding:0px; vertical-align: top; background-color: white"><td style="vertical-align: top; text-align : left; background-color: white; border: 0px #F0F0F0 solid; padding:0px 4px 0px 4px; white-space: nowrap; background-image: url(tbl_bck00.png)" class="hierarchy"><img src="tbl_spacer.png" alt="." style="background-color: inherit" class="hierarchy"/><img src="tbl_vjoin_end.png" alt="." style="background-color: inherit" class="hierarchy"/><img src="icon_datatype.gif" alt="." style="background-color: white; background-color: inherit" title="Data Type" class="hierarchy"/> <a href="StructureDefinition-be-model-nursingprescription-definitions.html#BeNursingPrescription.bodySite">bodySite</a><a name="BeNursingPrescription.bodySite"> </a></td><td style="vertical-align: top; text-align : left; background-color: white; border: 0px #F0F0F0 solid; padding:0px 4px 0px 4px" class="hierarchy"/><td style="vertical-align: top; text-align : left; background-color: white; border: 0px #F0F0F0 solid; padding:0px 4px 0px 4px" class="hierarchy">0..*</td><td style="vertical-align: top; text-align : left; background-color: white; border: 0px #F0F0F0 solid; padding:0px 4px 0px 4px" class="hierarchy"><a href="http://hl7.org/fhir/R4/datatypes.html#CodeableConcept" title="CodeableConcept">CodeableConcept</a></td><td style="vertical-align: top; text-align : left; background-color: white; border: 0px #F0F0F0 solid; padding:0px 4px 0px 4px" class="hierarchy">When needed bodySite SHALL be given<br/></td></tr>
<tr><td colspan="5" class="hierarchy"><br/><a href="http://hl7.org/fhir/R4/formats.html#table" title="Legend for this format"><img src="http://hl7.org/fhir/R4/help16.png" alt="doco" style="background-color: inherit"/> Documentation for this format</a></td></tr></table></div></text><url value="https://www.ehealth.fgov.be/standards/fhir/StructureDefinition/be-model-nursingprescription"/><version value="0.2.0"/><name value="BeNursingPrescription"/><status value="draft"/><date value="2021-09-22T07:45:14+00:00"/><publisher value="HL7 Belgium"/><contact><name value="HL7 Belgium"/><telecom><system value="url"/><value value="http://hl7belgium.org"/></telecom></contact><contact><name value="Bart Decuypere"/><telecom><system value="email"/><value value="bart.decuypere@ehealth.fgov.be"/><use value="work"/></telecom></contact><jurisdiction><coding><system value="http://unstats.un.org/unsd/methods/m49/m49.htm"/><code value="001"/><display value="World"/></coding></jurisdiction><fhirVersion value="4.0.1"/><kind value="logical"/><abstract value="false"/><type value="BeNursingPrescription"/><baseDefinition value="http://hl7.org/fhir/StructureDefinition/Base"/><derivation value="specialization"/><snapshot><element id="BeNursingPrescription"><path value="BeNursingPrescription"/><min value="0"/><max value="*"/><base><path value="Base"/><min value="0"/><max value="*"/></base><isModifier value="false"/></element><element id="BeNursingPrescription.BeReferralPrescription"><path value="BeNursingPrescription.BeReferralPrescription"/><min value="1"/><max value="1"/><base><path value="BeNursingPrescription.BeReferralPrescription"/><min value="1"/><max value="1"/></base><type><code value="https://www.ehealth.fgov.be/standards/fhir/StructureDefinition/be-model-referralprescription"/></type></element><element id="BeNursingPrescription.phoneAvailablityPrescriber"><path value="BeNursingPrescription.phoneAvailablityPrescriber"/><min value="0"/><max value="1"/><base><path value="BeNursingPrescription.phoneAvailablityPrescriber"/><min value="0"/><max value="1"/></base><type><code value="BackboneElement"/></type></element><element id="BeNursingPrescription.phoneAvailablityPrescriber.contactPoint"><path value="BeNursingPrescription.phoneAvailablityPrescriber.contactPoint"/><min value="0"/><max value="*"/><base><path value="BeNursingPrescription.phoneAvailablityPrescriber.contactPoint"/><min value="0"/><max value="*"/></base><type><code value="ContactPoint"/><profile value="http://hl7.org/fhir/StructureDefinition/ContactPoint"/></type></element><element id="BeNursingPrescription.phoneAvailablityPrescriber.availability"><path value="BeNursingPrescription.phoneAvailablityPrescriber.availability"/><min value="0"/><max value="*"/><base><path value="BeNursingPrescription.phoneAvailablityPrescriber.availability"/><min value="0"/><max value="*"/></base><type><code value="BackboneElement"/></type></element><element id="BeNursingPrescription.phoneAvailablityPrescriber.availability.untilHour"><path value="BeNursingPrescription.phoneAvailablityPrescriber.availability.untilHour"/><min value="0"/><max value="1"/><base><path value="BeNursingPrescription.phoneAvailablityPrescriber.availability.untilHour"/><min value="0"/><max value="1"/></base></element><element id="BeNursingPrescription.phoneAvailablityPrescriber.availability.fromHour"><path value="BeNursingPrescription.phoneAvailablityPrescriber.availability.fromHour"/><min value="0"/><max value="1"/><base><path value="BeNursingPrescription.phoneAvailablityPrescriber.availability.fromHour"/><min value="0"/><max value="1"/></base></element><element id="BeNursingPrescription.phoneAvailablityPrescriber.availability.weekDay"><path value="BeNursingPrescription.phoneAvailablityPrescriber.availability.weekDay"/><min value="1"/><max value="1"/><base><path value="BeNursingPrescription.phoneAvailablityPrescriber.availability.weekDay"/><min value="1"/><max value="1"/></base><type><code value="string"/><profile value="http://hl7.org/fhir/StructureDefinition/string"/></type></element><element id="BeNursingPrescription.feedbackAsked"><path value="BeNursingPrescription.feedbackAsked"/><min value="0"/><max value="1"/><base><path value="BeNursingPrescription.feedbackAsked"/><min value="0"/><max value="1"/></base><type><code value="BackboneElement"/></type></element><element id="BeNursingPrescription.feedbackAsked.timingFeedback"><path value="BeNursingPrescription.feedbackAsked.timingFeedback"/><min value="1"/><max value="1"/><base><path value="BeNursingPrescription.feedbackAsked.timingFeedback"/><min value="1"/><max value="1"/></base><type><code value="code"/><profile value="http://hl7.org/fhir/StructureDefinition/code"/></type><fixedCode value="during|end"/></element><element id="BeNursingPrescription.signature"><path value="BeNursingPrescription.signature"/><min value="0"/><max value="1"/><base><path value="BeNursingPrescription.signature"/><min value="0"/><max value="1"/></base><type><code value="Signature"/><profile value="http://hl7.org/fhir/StructureDefinition/Signature"/></type></element><element id="BeNursingPrescription.stampOrIdentification"><path value="BeNursingPrescription.stampOrIdentification"/><short value="What is this?"/><min value="0"/><max value="1"/><base><path value="BeNursingPrescription.stampOrIdentification"/><min value="0"/><max value="1"/></base><type><code value="code"/><profile value="http://hl7.org/fhir/StructureDefinition/code"/></type><fixedCode value="stamp|identification"/></element><element id="BeNursingPrescription.mainNursingCare"><path value="BeNursingPrescription.mainNursingCare"/><short value="e.g. woundcare, medication administartion, compression therapy,...."/><definition value="A high level code to describe the nursing care"/><min value="1"/><max value="1"/><base><path value="BeNursingPrescription.mainNursingCare"/><min value="1"/><max value="1"/></base><type><code value="CodeableConcept"/><profile value="http://hl7.org/fhir/StructureDefinition/CodeableConcept"/></type></element><element id="BeNursingPrescription.detailedCare"><path value="BeNursingPrescription.detailedCare"/><short value="e.g. burncare, injection of medication,..."/><definition value="Detailed code describing the nursing care demanded"/><min value="0"/><max value="*"/><base><path value="BeNursingPrescription.detailedCare"/><min value="0"/><max value="*"/></base><type><code value="CodeableConcept"/><profile value="http://hl7.org/fhir/StructureDefinition/CodeableConcept"/></type></element><element id="BeNursingPrescription.bodySite"><path value="BeNursingPrescription.bodySite"/><short value="When needed bodySite SHALL be given"/><min value="0"/><max value="*"/><base><path value="BeNursingPrescription.bodySite"/><min value="0"/><max value="*"/></base><type><code value="CodeableConcept"/><profile value="http://hl7.org/fhir/StructureDefinition/CodeableConcept"/></type></element></snapshot><differential><element id="BeNursingPrescription"><path value="BeNursingPrescription"/><min value="0"/><max value="*"/></element><element id="BeNursingPrescription.BeReferralPrescription"><path value="BeNursingPrescription.BeReferralPrescription"/><min value="1"/><max value="1"/><type><code value="https://www.ehealth.fgov.be/standards/fhir/StructureDefinition/be-model-referralprescription"/></type></element><element id="BeNursingPrescription.phoneAvailablityPrescriber"><path value="BeNursingPrescription.phoneAvailablityPrescriber"/><min value="0"/><max value="1"/><type><code value="BackboneElement"/></type></element><element id="BeNursingPrescription.phoneAvailablityPrescriber.contactPoint"><path value="BeNursingPrescription.phoneAvailablityPrescriber.contactPoint"/><min value="0"/><max value="*"/><type><code value="ContactPoint"/><profile value="http://hl7.org/fhir/StructureDefinition/ContactPoint"/></type></element><element id="BeNursingPrescription.phoneAvailablityPrescriber.availability"><path value="BeNursingPrescription.phoneAvailablityPrescriber.availability"/><min value="0"/><max value="*"/><type><code value="BackboneElement"/></type></element><element id="BeNursingPrescription.phoneAvailablityPrescriber.availability.untilHour"><path value="BeNursingPrescription.phoneAvailablityPrescriber.availability.untilHour"/><min value="0"/><max value="1"/></element><element id="BeNursingPrescription.phoneAvailablityPrescriber.availability.fromHour"><path value="BeNursingPrescription.phoneAvailablityPrescriber.availability.fromHour"/><min value="0"/><max value="1"/></element><element id="BeNursingPrescription.phoneAvailablityPrescriber.availability.weekDay"><path value="BeNursingPrescription.phoneAvailablityPrescriber.availability.weekDay"/><min value="1"/><max value="1"/><type><code value="string"/><profile value="http://hl7.org/fhir/StructureDefinition/string"/></type></element><element id="BeNursingPrescription.feedbackAsked"><path value="BeNursingPrescription.feedbackAsked"/><min value="0"/><max value="1"/><type><code value="BackboneElement"/></type></element><element id="BeNursingPrescription.feedbackAsked.timingFeedback"><path value="BeNursingPrescription.feedbackAsked.timingFeedback"/><min value="1"/><max value="1"/><type><code value="code"/><profile value="http://hl7.org/fhir/StructureDefinition/code"/></type><fixedCode value="during|end"/></element><element id="BeNursingPrescription.signature"><path value="BeNursingPrescription.signature"/><min value="0"/><max value="1"/><type><code value="Signature"/><profile value="http://hl7.org/fhir/StructureDefinition/Signature"/></type></element><element id="BeNursingPrescription.stampOrIdentification"><path value="BeNursingPrescription.stampOrIdentification"/><short value="What is this?"/><min value="0"/><max value="1"/><type><code value="code"/><profile value="http://hl7.org/fhir/StructureDefinition/code"/></type><fixedCode value="stamp|identification"/></element><element id="BeNursingPrescription.mainNursingCare"><path value="BeNursingPrescription.mainNursingCare"/><short value="e.g. woundcare, medication administartion, compression therapy,...."/><definition value="A high level code to describe the nursing care"/><min value="1"/><max value="1"/><type><code value="CodeableConcept"/><profile value="http://hl7.org/fhir/StructureDefinition/CodeableConcept"/></type></element><element id="BeNursingPrescription.detailedCare"><path value="BeNursingPrescription.detailedCare"/><short value="e.g. burncare, injection of medication,..."/><definition value="Detailed code describing the nursing care demanded"/><min value="0"/><max value="*"/><type><code value="CodeableConcept"/><profile value="http://hl7.org/fhir/StructureDefinition/CodeableConcept"/></type></element><element id="BeNursingPrescription.bodySite"><path value="BeNursingPrescription.bodySite"/><short value="When needed bodySite SHALL be given"/><min value="0"/><max value="*"/><type><code value="CodeableConcept"/><profile value="http://hl7.org/fhir/StructureDefinition/CodeableConcept"/></type></element></differential></StructureDefinition>