<?xml version="1.0" encoding="UTF-8"?><StructureDefinition xmlns="http://hl7.org/fhir"><id value="be-model-diagnosticimagingprescription"/><text><status value="extensions"/><div xmlns="http://www.w3.org/1999/xhtml"><table border="0" cellpadding="0" cellspacing="0" style="border: 0px #F0F0F0 solid; font-size: 11px; font-family: verdana; vertical-align: top;"><tr style="border: 1px #F0F0F0 solid; font-size: 11px; font-family: verdana; vertical-align: top"><th style="vertical-align: top; text-align : left; background-color: white; border: 0px #F0F0F0 solid; padding:0px 4px 0px 4px" class="hierarchy"><a href="http://hl7.org/fhir/R4/formats.html#table" title="The logical name of the element">Name</a></th><th style="vertical-align: top; text-align : left; background-color: white; border: 0px #F0F0F0 solid; padding:0px 4px 0px 4px" class="hierarchy"><a href="http://hl7.org/fhir/R4/formats.html#table" title="Information about the use of the element">Flags</a></th><th style="vertical-align: top; text-align : left; background-color: white; border: 0px #F0F0F0 solid; padding:0px 4px 0px 4px" class="hierarchy"><a href="http://hl7.org/fhir/R4/formats.html#table" title="Minimum and Maximum # of times the the element can appear in the instance">Card.</a></th><th style="width: 100px" class="hierarchy"><a href="http://hl7.org/fhir/R4/formats.html#table" title="Reference to the type of the element">Type</a></th><th style="vertical-align: top; text-align : left; background-color: white; border: 0px #F0F0F0 solid; padding:0px 4px 0px 4px" class="hierarchy"><a href="http://hl7.org/fhir/R4/formats.html#table" title="Additional information about the element">Description &amp; Constraints</a><span style="float: right"><a href="http://hl7.org/fhir/R4/formats.html#table" title="Legend for this format"><img src="http://hl7.org/fhir/R4/help16.png" alt="doco" style="background-color: inherit"/></a></span></th></tr><tr style="border: 0px #F0F0F0 solid; padding:0px; vertical-align: top; background-color: white"><td style="vertical-align: top; text-align : left; background-color: white; border: 0px #F0F0F0 solid; padding:0px 4px 0px 4px; white-space: nowrap; background-image: url(tbl_bck1.png)" class="hierarchy"><img src="tbl_spacer.png" alt="." style="background-color: inherit" class="hierarchy"/><img src="icon_element.gif" alt="." style="background-color: white; background-color: inherit" title="Element" class="hierarchy"/> <a href="StructureDefinition-be-model-diagnosticimagingprescription-definitions.html#BeDiagnosticImagingPrescription" title="Logical model describing the model for the diagnostic imaging prescription. This draft is used in the HL7 Belgian workgroup for referral.">BeDiagnosticImagingPrescription</a><a name="BeDiagnosticImagingPrescription"> </a></td><td style="vertical-align: top; text-align : left; background-color: white; border: 0px #F0F0F0 solid; padding:0px 4px 0px 4px" class="hierarchy"/><td style="vertical-align: top; text-align : left; background-color: white; border: 0px #F0F0F0 solid; padding:0px 4px 0px 4px" class="hierarchy"><span style="opacity: 0.5">0</span><span style="opacity: 0.5">..</span><span style="opacity: 0.5">*</span></td><td style="vertical-align: top; text-align : left; background-color: white; border: 0px #F0F0F0 solid; padding:0px 4px 0px 4px" class="hierarchy"><a href="StructureDefinition-be-model-referralprescription.html">BeModelReferralPrescription</a></td><td style="vertical-align: top; text-align : left; background-color: white; border: 0px #F0F0F0 solid; padding:0px 4px 0px 4px" class="hierarchy"/></tr>
<tr style="border: 0px #F0F0F0 solid; padding:0px; vertical-align: top; background-color: #F7F7F7"><td style="vertical-align: top; text-align : left; background-color: #F7F7F7; border: 0px #F0F0F0 solid; padding:0px 4px 0px 4px; white-space: nowrap; background-image: url(tbl_bck10.png)" class="hierarchy"><img src="tbl_spacer.png" alt="." style="background-color: inherit" class="hierarchy"/><img src="tbl_vjoin.png" alt="." style="background-color: inherit" class="hierarchy"/><img src="icon_resource.png" alt="." style="background-color: #F7F7F7; background-color: inherit" title="Resource" class="hierarchy"/> <a href="StructureDefinition-be-model-diagnosticimagingprescription-definitions.html#BeDiagnosticImagingPrescription.BeReferralPrescription" title="test">BeReferralPrescription</a><a name="BeDiagnosticImagingPrescription.BeReferralPrescription"> </a></td><td style="vertical-align: top; text-align : left; background-color: #F7F7F7; border: 0px #F0F0F0 solid; padding:0px 4px 0px 4px" class="hierarchy"/><td style="vertical-align: top; text-align : left; background-color: #F7F7F7; border: 0px #F0F0F0 solid; padding:0px 4px 0px 4px" class="hierarchy">1..1</td><td style="vertical-align: top; text-align : left; background-color: #F7F7F7; border: 0px #F0F0F0 solid; padding:0px 4px 0px 4px" class="hierarchy"><a href="StructureDefinition-be-model-referralprescription.html" title="BeReferralPrescription">BeModelReferralPrescription</a></td><td style="vertical-align: top; text-align : left; background-color: #F7F7F7; border: 0px #F0F0F0 solid; padding:0px 4px 0px 4px" class="hierarchy">test</td></tr>
<tr style="border: 0px #F0F0F0 solid; padding:0px; vertical-align: top; background-color: white"><td style="vertical-align: top; text-align : left; background-color: white; border: 0px #F0F0F0 solid; padding:0px 4px 0px 4px; white-space: nowrap; background-image: url(tbl_bck11.png)" class="hierarchy"><img src="tbl_spacer.png" alt="." style="background-color: inherit" class="hierarchy"/><img src="tbl_vjoin.png" alt="." style="background-color: inherit" class="hierarchy"/><img src="icon_choice.gif" alt="." style="background-color: white; background-color: inherit" title="Choice of Types" class="hierarchy"/> <a href="StructureDefinition-be-model-diagnosticimagingprescription-definitions.html#BeDiagnosticImagingPrescription.relevantClinicalInformation[x]" title="e.g. stomach ache during 10 days, echo suspected damage kidneys, complaints of patients, allergies,...">relevantClinicalInformation[x]</a><a name="BeDiagnosticImagingPrescription.relevantClinicalInformation_x_"> </a></td><td style="vertical-align: top; text-align : left; background-color: white; border: 0px #F0F0F0 solid; padding:0px 4px 0px 4px" class="hierarchy"/><td style="vertical-align: top; text-align : left; background-color: white; border: 0px #F0F0F0 solid; padding:0px 4px 0px 4px" class="hierarchy">0..*</td><td style="vertical-align: top; text-align : left; background-color: white; border: 0px #F0F0F0 solid; padding:0px 4px 0px 4px" class="hierarchy"/><td style="vertical-align: top; text-align : left; background-color: white; border: 0px #F0F0F0 solid; padding:0px 4px 0px 4px" class="hierarchy">Relevant information in the context of this prescription concerning for example allergies, kidney function, diabetic. When detailed information can be given, it is RECOMMENDED to express it as structured as possible.<br/></td></tr>
<tr style="border: 0px #F0F0F0 solid; padding:0px; vertical-align: top; background-color: #F7F7F7"><td style="vertical-align: top; text-align : left; background-color: #F7F7F7; border: 0px #F0F0F0 solid; padding:0px 4px 0px 4px; white-space: nowrap; background-image: url(tbl_bck110.png)" class="hierarchy"><img src="tbl_spacer.png" alt="." style="background-color: inherit" class="hierarchy"/><img src="tbl_vline.png" alt="." style="background-color: inherit" class="hierarchy"/><img src="tbl_vjoin.png" alt="." style="background-color: inherit" class="hierarchy"/><img src="icon_datatype.gif" alt="." style="background-color: #F7F7F7; background-color: inherit" title="Data Type" class="hierarchy"/> <span title="Base StructureDefinition for Annotation Type: A  text note which also  contains information about who made the statement and when.">relevantClinicalInformationAnnotation</span></td><td style="vertical-align: top; text-align : left; background-color: #F7F7F7; border: 0px #F0F0F0 solid; padding:0px 4px 0px 4px" class="hierarchy"/><td style="vertical-align: top; text-align : left; background-color: #F7F7F7; border: 0px #F0F0F0 solid; padding:0px 4px 0px 4px" class="hierarchy"></td><td style="vertical-align: top; text-align : left; background-color: #F7F7F7; border: 0px #F0F0F0 solid; padding:0px 4px 0px 4px" class="hierarchy"><a href="http://hl7.org/fhir/R4/datatypes.html#Annotation">Annotation</a></td><td style="vertical-align: top; text-align : left; background-color: #F7F7F7; border: 0px #F0F0F0 solid; padding:0px 4px 0px 4px" class="hierarchy"/></tr>
<tr style="border: 0px #F0F0F0 solid; padding:0px; vertical-align: top; background-color: white"><td style="vertical-align: top; text-align : left; background-color: white; border: 0px #F0F0F0 solid; padding:0px 4px 0px 4px; white-space: nowrap; background-image: url(tbl_bck110.png)" class="hierarchy"><img src="tbl_spacer.png" alt="." style="background-color: inherit" class="hierarchy"/><img src="tbl_vline.png" alt="." style="background-color: inherit" class="hierarchy"/><img src="tbl_vjoin.png" alt="." style="background-color: inherit" class="hierarchy"/><img src="icon_datatype.gif" alt="." style="background-color: white; background-color: inherit" title="Data Type" class="hierarchy"/> <span title="Base StructureDefinition for CodeableConcept Type: A concept that may be defined by a formal reference to a terminology or ontology or may be provided by text.">relevantClinicalInformationCodeableConcept</span></td><td style="vertical-align: top; text-align : left; background-color: white; border: 0px #F0F0F0 solid; padding:0px 4px 0px 4px" class="hierarchy"/><td style="vertical-align: top; text-align : left; background-color: white; border: 0px #F0F0F0 solid; padding:0px 4px 0px 4px" class="hierarchy"></td><td style="vertical-align: top; text-align : left; background-color: white; border: 0px #F0F0F0 solid; padding:0px 4px 0px 4px" class="hierarchy"><a href="http://hl7.org/fhir/R4/datatypes.html#CodeableConcept">CodeableConcept</a></td><td style="vertical-align: top; text-align : left; background-color: white; border: 0px #F0F0F0 solid; padding:0px 4px 0px 4px" class="hierarchy"/></tr>
<tr style="border: 0px #F0F0F0 solid; padding:0px; vertical-align: top; background-color: #F7F7F7"><td style="vertical-align: top; text-align : left; background-color: #F7F7F7; border: 0px #F0F0F0 solid; padding:0px 4px 0px 4px; white-space: nowrap; background-image: url(tbl_bck100.png)" class="hierarchy"><img src="tbl_spacer.png" alt="." style="background-color: inherit" class="hierarchy"/><img src="tbl_vline.png" alt="." style="background-color: inherit" class="hierarchy"/><img src="tbl_vjoin_end.png" alt="." style="background-color: inherit" class="hierarchy"/><img src="icon_reference.png" alt="." style="background-color: #F7F7F7; background-color: inherit" title="Reference to another Resource" class="hierarchy"/> relevantClinicalInformationReference</td><td style="vertical-align: top; text-align : left; background-color: #F7F7F7; border: 0px #F0F0F0 solid; padding:0px 4px 0px 4px" class="hierarchy"/><td style="vertical-align: top; text-align : left; background-color: #F7F7F7; border: 0px #F0F0F0 solid; padding:0px 4px 0px 4px" class="hierarchy"></td><td style="vertical-align: top; text-align : left; background-color: #F7F7F7; border: 0px #F0F0F0 solid; padding:0px 4px 0px 4px" class="hierarchy"><a href="http://hl7.org/fhir/R4/references.html#Reference">Reference</a>(<a href="http://hl7.org/fhir/R4/procedure.html">Procedure</a> | <a href="http://hl7.org/fhir/R4/condition.html">Condition</a> | <a href="http://hl7.org/fhir/R4/observation.html">Observation</a> | <a href="http://hl7.org/fhir/R4/allergyintolerance.html">AllergyIntolerance</a> | <a href="http://hl7.org/fhir/R4/medicationstatement.html">MedicationStatement</a>)</td><td style="vertical-align: top; text-align : left; background-color: #F7F7F7; border: 0px #F0F0F0 solid; padding:0px 4px 0px 4px" class="hierarchy"/></tr>
<tr style="border: 0px #F0F0F0 solid; padding:0px; vertical-align: top; background-color: white"><td style="vertical-align: top; text-align : left; background-color: white; border: 0px #F0F0F0 solid; padding:0px 4px 0px 4px; white-space: nowrap; background-image: url(tbl_bck11.png)" class="hierarchy"><img src="tbl_spacer.png" alt="." style="background-color: inherit" class="hierarchy"/><img src="tbl_vjoin.png" alt="." style="background-color: inherit" class="hierarchy"/><img src="icon_choice.gif" alt="." style="background-color: white; background-color: inherit" title="Choice of Types" class="hierarchy"/> <a href="StructureDefinition-be-model-diagnosticimagingprescription-definitions.html#BeDiagnosticImagingPrescription.diagnosticQuestion[x]" title="e.g. Cyste? Metastasis?">diagnosticQuestion[x]</a><a name="BeDiagnosticImagingPrescription.diagnosticQuestion_x_"> </a></td><td style="vertical-align: top; text-align : left; background-color: white; border: 0px #F0F0F0 solid; padding:0px 4px 0px 4px" class="hierarchy"/><td style="vertical-align: top; text-align : left; background-color: white; border: 0px #F0F0F0 solid; padding:0px 4px 0px 4px" class="hierarchy">0..*</td><td style="vertical-align: top; text-align : left; background-color: white; border: 0px #F0F0F0 solid; padding:0px 4px 0px 4px" class="hierarchy"/><td style="vertical-align: top; text-align : left; background-color: white; border: 0px #F0F0F0 solid; padding:0px 4px 0px 4px" class="hierarchy">Either in text or in a coded format. At the discretion of the prescribing party.<br/></td></tr>
<tr style="border: 0px #F0F0F0 solid; padding:0px; vertical-align: top; background-color: #F7F7F7"><td style="vertical-align: top; text-align : left; background-color: #F7F7F7; border: 0px #F0F0F0 solid; padding:0px 4px 0px 4px; white-space: nowrap; background-image: url(tbl_bck110.png)" class="hierarchy"><img src="tbl_spacer.png" alt="." style="background-color: inherit" class="hierarchy"/><img src="tbl_vline.png" alt="." style="background-color: inherit" class="hierarchy"/><img src="tbl_vjoin.png" alt="." style="background-color: inherit" class="hierarchy"/><img src="icon_datatype.gif" alt="." style="background-color: #F7F7F7; background-color: inherit" title="Data Type" class="hierarchy"/> <span title="Base StructureDefinition for Annotation Type: A  text note which also  contains information about who made the statement and when.">diagnosticQuestionAnnotation</span></td><td style="vertical-align: top; text-align : left; background-color: #F7F7F7; border: 0px #F0F0F0 solid; padding:0px 4px 0px 4px" class="hierarchy"/><td style="vertical-align: top; text-align : left; background-color: #F7F7F7; border: 0px #F0F0F0 solid; padding:0px 4px 0px 4px" class="hierarchy"></td><td style="vertical-align: top; text-align : left; background-color: #F7F7F7; border: 0px #F0F0F0 solid; padding:0px 4px 0px 4px" class="hierarchy"><a href="http://hl7.org/fhir/R4/datatypes.html#Annotation">Annotation</a></td><td style="vertical-align: top; text-align : left; background-color: #F7F7F7; border: 0px #F0F0F0 solid; padding:0px 4px 0px 4px" class="hierarchy"/></tr>
<tr style="border: 0px #F0F0F0 solid; padding:0px; vertical-align: top; background-color: white"><td style="vertical-align: top; text-align : left; background-color: white; border: 0px #F0F0F0 solid; padding:0px 4px 0px 4px; white-space: nowrap; background-image: url(tbl_bck100.png)" class="hierarchy"><img src="tbl_spacer.png" alt="." style="background-color: inherit" class="hierarchy"/><img src="tbl_vline.png" alt="." style="background-color: inherit" class="hierarchy"/><img src="tbl_vjoin_end.png" alt="." style="background-color: inherit" class="hierarchy"/><img src="icon_datatype.gif" alt="." style="background-color: white; background-color: inherit" title="Data Type" class="hierarchy"/> <span title="Base StructureDefinition for CodeableConcept Type: A concept that may be defined by a formal reference to a terminology or ontology or may be provided by text.">diagnosticQuestionCodeableConcept</span></td><td style="vertical-align: top; text-align : left; background-color: white; border: 0px #F0F0F0 solid; padding:0px 4px 0px 4px" class="hierarchy"/><td style="vertical-align: top; text-align : left; background-color: white; border: 0px #F0F0F0 solid; padding:0px 4px 0px 4px" class="hierarchy"></td><td style="vertical-align: top; text-align : left; background-color: white; border: 0px #F0F0F0 solid; padding:0px 4px 0px 4px" class="hierarchy"><a href="http://hl7.org/fhir/R4/datatypes.html#CodeableConcept">CodeableConcept</a></td><td style="vertical-align: top; text-align : left; background-color: white; border: 0px #F0F0F0 solid; padding:0px 4px 0px 4px" class="hierarchy"/></tr>
<tr style="border: 0px #F0F0F0 solid; padding:0px; vertical-align: top; background-color: #F7F7F7"><td style="vertical-align: top; text-align : left; background-color: #F7F7F7; border: 0px #F0F0F0 solid; padding:0px 4px 0px 4px; white-space: nowrap; background-image: url(tbl_bck11.png)" class="hierarchy"><img src="tbl_spacer.png" alt="." style="background-color: inherit" class="hierarchy"/><img src="tbl_vjoin.png" alt="." style="background-color: inherit" class="hierarchy"/><img src="icon_choice.gif" alt="." style="background-color: #F7F7F7; background-color: inherit" title="Choice of Types" class="hierarchy"/> <a href="StructureDefinition-be-model-diagnosticimagingprescription-definitions.html#BeDiagnosticImagingPrescription.contraIndication[x]" title="e.g.pregnancy, devices, kidney functioning">contraIndication[x]</a><a name="BeDiagnosticImagingPrescription.contraIndication_x_"> </a></td><td style="vertical-align: top; text-align : left; background-color: #F7F7F7; border: 0px #F0F0F0 solid; padding:0px 4px 0px 4px" class="hierarchy"/><td style="vertical-align: top; text-align : left; background-color: #F7F7F7; border: 0px #F0F0F0 solid; padding:0px 4px 0px 4px" class="hierarchy">1..*</td><td style="vertical-align: top; text-align : left; background-color: #F7F7F7; border: 0px #F0F0F0 solid; padding:0px 4px 0px 4px" class="hierarchy"/><td style="vertical-align: top; text-align : left; background-color: #F7F7F7; border: 0px #F0F0F0 solid; padding:0px 4px 0px 4px" class="hierarchy">Relevant information in the context of this prescription concerning possible contra indication. For example presence of devices or (suspected) pregnancy. When detailed information can be given, it is RECOMMENDED to express it as structured as possible. If prescriber has no knowledge of contra indication, this SHALL be expressed with a 'ASKU' nullFlavor ( = Information was sought but not found  ) in codeableConcept.<br/></td></tr>
<tr style="border: 0px #F0F0F0 solid; padding:0px; vertical-align: top; background-color: white"><td style="vertical-align: top; text-align : left; background-color: white; border: 0px #F0F0F0 solid; padding:0px 4px 0px 4px; white-space: nowrap; background-image: url(tbl_bck110.png)" class="hierarchy"><img src="tbl_spacer.png" alt="." style="background-color: inherit" class="hierarchy"/><img src="tbl_vline.png" alt="." style="background-color: inherit" class="hierarchy"/><img src="tbl_vjoin.png" alt="." style="background-color: inherit" class="hierarchy"/><img src="icon_datatype.gif" alt="." style="background-color: white; background-color: inherit" title="Data Type" class="hierarchy"/> <span title="Base StructureDefinition for CodeableConcept Type: A concept that may be defined by a formal reference to a terminology or ontology or may be provided by text.">contraIndicationCodeableConcept</span></td><td style="vertical-align: top; text-align : left; background-color: white; border: 0px #F0F0F0 solid; padding:0px 4px 0px 4px" class="hierarchy"/><td style="vertical-align: top; text-align : left; background-color: white; border: 0px #F0F0F0 solid; padding:0px 4px 0px 4px" class="hierarchy"></td><td style="vertical-align: top; text-align : left; background-color: white; border: 0px #F0F0F0 solid; padding:0px 4px 0px 4px" class="hierarchy"><a href="http://hl7.org/fhir/R4/datatypes.html#CodeableConcept">CodeableConcept</a></td><td style="vertical-align: top; text-align : left; background-color: white; border: 0px #F0F0F0 solid; padding:0px 4px 0px 4px" class="hierarchy"/></tr>
<tr style="border: 0px #F0F0F0 solid; padding:0px; vertical-align: top; background-color: #F7F7F7"><td style="vertical-align: top; text-align : left; background-color: #F7F7F7; border: 0px #F0F0F0 solid; padding:0px 4px 0px 4px; white-space: nowrap; background-image: url(tbl_bck110.png)" class="hierarchy"><img src="tbl_spacer.png" alt="." style="background-color: inherit" class="hierarchy"/><img src="tbl_vline.png" alt="." style="background-color: inherit" class="hierarchy"/><img src="tbl_vjoin.png" alt="." style="background-color: inherit" class="hierarchy"/><img src="icon_datatype.gif" alt="." style="background-color: #F7F7F7; background-color: inherit" title="Data Type" class="hierarchy"/> <span title="Base StructureDefinition for Annotation Type: A  text note which also  contains information about who made the statement and when.">contraIndicationAnnotation</span></td><td style="vertical-align: top; text-align : left; background-color: #F7F7F7; border: 0px #F0F0F0 solid; padding:0px 4px 0px 4px" class="hierarchy"/><td style="vertical-align: top; text-align : left; background-color: #F7F7F7; border: 0px #F0F0F0 solid; padding:0px 4px 0px 4px" class="hierarchy"></td><td style="vertical-align: top; text-align : left; background-color: #F7F7F7; border: 0px #F0F0F0 solid; padding:0px 4px 0px 4px" class="hierarchy"><a href="http://hl7.org/fhir/R4/datatypes.html#Annotation">Annotation</a></td><td style="vertical-align: top; text-align : left; background-color: #F7F7F7; border: 0px #F0F0F0 solid; padding:0px 4px 0px 4px" class="hierarchy"/></tr>
<tr style="border: 0px #F0F0F0 solid; padding:0px; vertical-align: top; background-color: white"><td style="vertical-align: top; text-align : left; background-color: white; border: 0px #F0F0F0 solid; padding:0px 4px 0px 4px; white-space: nowrap; background-image: url(tbl_bck100.png)" class="hierarchy"><img src="tbl_spacer.png" alt="." style="background-color: inherit" class="hierarchy"/><img src="tbl_vline.png" alt="." style="background-color: inherit" class="hierarchy"/><img src="tbl_vjoin_end.png" alt="." style="background-color: inherit" class="hierarchy"/><img src="icon_reference.png" alt="." style="background-color: white; background-color: inherit" title="Reference to another Resource" class="hierarchy"/> contraIndicationReference</td><td style="vertical-align: top; text-align : left; background-color: white; border: 0px #F0F0F0 solid; padding:0px 4px 0px 4px" class="hierarchy"/><td style="vertical-align: top; text-align : left; background-color: white; border: 0px #F0F0F0 solid; padding:0px 4px 0px 4px" class="hierarchy"></td><td style="vertical-align: top; text-align : left; background-color: white; border: 0px #F0F0F0 solid; padding:0px 4px 0px 4px" class="hierarchy"><a href="http://hl7.org/fhir/R4/references.html#Reference">Reference</a>(<a href="http://hl7.org/fhir/R4/device.html">Device</a> | <a href="http://hl7.org/fhir/R4/condition.html">Condition</a> | <a href="http://hl7.org/fhir/R4/observation.html">Observation</a> | <a href="http://hl7.org/fhir/R4/medicationstatement.html">MedicationStatement</a> | <a href="http://hl7.org/fhir/R4/allergyintolerance.html">AllergyIntolerance</a>)</td><td style="vertical-align: top; text-align : left; background-color: white; border: 0px #F0F0F0 solid; padding:0px 4px 0px 4px" class="hierarchy"/></tr>
<tr style="border: 0px #F0F0F0 solid; padding:0px; vertical-align: top; background-color: #F7F7F7"><td style="vertical-align: top; text-align : left; background-color: #F7F7F7; border: 0px #F0F0F0 solid; padding:0px 4px 0px 4px; white-space: nowrap; background-image: url(tbl_bck11.png)" class="hierarchy"><img src="tbl_spacer.png" alt="." style="background-color: inherit" class="hierarchy"/><img src="tbl_vjoin.png" alt="." style="background-color: inherit" class="hierarchy"/><img src="icon_datatype.gif" alt="." style="background-color: #F7F7F7; background-color: inherit" title="Data Type" class="hierarchy"/> <a href="StructureDefinition-be-model-diagnosticimagingprescription-definitions.html#BeDiagnosticImagingPrescription.supportingInformation[x]" title="test">supportingInformation[x]</a><a name="BeDiagnosticImagingPrescription.supportingInformation_x_"> </a></td><td style="vertical-align: top; text-align : left; background-color: #F7F7F7; border: 0px #F0F0F0 solid; padding:0px 4px 0px 4px" class="hierarchy"/><td style="vertical-align: top; text-align : left; background-color: #F7F7F7; border: 0px #F0F0F0 solid; padding:0px 4px 0px 4px" class="hierarchy">0..*</td><td style="vertical-align: top; text-align : left; background-color: #F7F7F7; border: 0px #F0F0F0 solid; padding:0px 4px 0px 4px" class="hierarchy"><a href="http://hl7.org/fhir/R4/datatypes.html#BackboneElement">BackboneElement</a></td><td style="vertical-align: top; text-align : left; background-color: #F7F7F7; border: 0px #F0F0F0 solid; padding:0px 4px 0px 4px" class="hierarchy">test<br/></td></tr>
<tr style="border: 0px #F0F0F0 solid; padding:0px; vertical-align: top; background-color: white"><td style="vertical-align: top; text-align : left; background-color: white; border: 0px #F0F0F0 solid; padding:0px 4px 0px 4px; white-space: nowrap; background-image: url(tbl_bck110.png)" class="hierarchy"><img src="tbl_spacer.png" alt="." style="background-color: inherit" class="hierarchy"/><img src="tbl_vline.png" alt="." style="background-color: inherit" class="hierarchy"/><img src="tbl_vjoin.png" alt="." style="background-color: inherit" class="hierarchy"/><img src="icon_reference.png" alt="." style="background-color: white; background-color: inherit" title="Reference to another Resource" class="hierarchy"/> <a href="StructureDefinition-be-model-diagnosticimagingprescription-definitions.html#BeDiagnosticImagingPrescription.supportingInformation[x].questionnaireResponse" title="Questionnaire responses">questionnaireResponse</a><a name="BeDiagnosticImagingPrescription.supportingInformation_x_.questionnaireResponse"> </a></td><td style="vertical-align: top; text-align : left; background-color: white; border: 0px #F0F0F0 solid; padding:0px 4px 0px 4px" class="hierarchy"/><td style="vertical-align: top; text-align : left; background-color: white; border: 0px #F0F0F0 solid; padding:0px 4px 0px 4px" class="hierarchy">0..*</td><td style="vertical-align: top; text-align : left; background-color: white; border: 0px #F0F0F0 solid; padding:0px 4px 0px 4px" class="hierarchy"><a href="http://hl7.org/fhir/R4/references.html">Reference</a>(<a href="http://hl7.org/fhir/R4/questionnaireresponse.html">QuestionnaireResponse</a>)</td><td style="vertical-align: top; text-align : left; background-color: white; border: 0px #F0F0F0 solid; padding:0px 4px 0px 4px" class="hierarchy">Questionnaire responses<br/></td></tr>
<tr style="border: 0px #F0F0F0 solid; padding:0px; vertical-align: top; background-color: #F7F7F7"><td style="vertical-align: top; text-align : left; background-color: #F7F7F7; border: 0px #F0F0F0 solid; padding:0px 4px 0px 4px; white-space: nowrap; background-image: url(tbl_bck110.png)" class="hierarchy"><img src="tbl_spacer.png" alt="." style="background-color: inherit" class="hierarchy"/><img src="tbl_vline.png" alt="." style="background-color: inherit" class="hierarchy"/><img src="tbl_vjoin.png" alt="." style="background-color: inherit" class="hierarchy"/><img src="icon_reference.png" alt="." style="background-color: #F7F7F7; background-color: inherit" title="Reference to another Resource" class="hierarchy"/> <a href="StructureDefinition-be-model-diagnosticimagingprescription-definitions.html#BeDiagnosticImagingPrescription.supportingInformation[x].document" title="Any document added as extra information">document</a><a name="BeDiagnosticImagingPrescription.supportingInformation_x_.document"> </a></td><td style="vertical-align: top; text-align : left; background-color: #F7F7F7; border: 0px #F0F0F0 solid; padding:0px 4px 0px 4px" class="hierarchy"/><td style="vertical-align: top; text-align : left; background-color: #F7F7F7; border: 0px #F0F0F0 solid; padding:0px 4px 0px 4px" class="hierarchy">0..*</td><td style="vertical-align: top; text-align : left; background-color: #F7F7F7; border: 0px #F0F0F0 solid; padding:0px 4px 0px 4px" class="hierarchy"><a href="http://hl7.org/fhir/R4/references.html">Reference</a>(<a href="http://hl7.org/fhir/R4/documentreference.html">DocumentReference</a>)</td><td style="vertical-align: top; text-align : left; background-color: #F7F7F7; border: 0px #F0F0F0 solid; padding:0px 4px 0px 4px" class="hierarchy">Any document added as extra information<br/></td></tr>
<tr style="border: 0px #F0F0F0 solid; padding:0px; vertical-align: top; background-color: white"><td style="vertical-align: top; text-align : left; background-color: white; border: 0px #F0F0F0 solid; padding:0px 4px 0px 4px; white-space: nowrap; background-image: url(tbl_bck100.png)" class="hierarchy"><img src="tbl_spacer.png" alt="." style="background-color: inherit" class="hierarchy"/><img src="tbl_vline.png" alt="." style="background-color: inherit" class="hierarchy"/><img src="tbl_vjoin_end.png" alt="." style="background-color: inherit" class="hierarchy"/><img src="icon_reference.png" alt="." style="background-color: white; background-color: inherit" title="Reference to another Resource" class="hierarchy"/> <a href="StructureDefinition-be-model-diagnosticimagingprescription-definitions.html#BeDiagnosticImagingPrescription.supportingInformation[x].imagingStudy" title="If vital to this request, references may be given to previous diagnostic imaging">imagingStudy</a><a name="BeDiagnosticImagingPrescription.supportingInformation_x_.imagingStudy"> </a></td><td style="vertical-align: top; text-align : left; background-color: white; border: 0px #F0F0F0 solid; padding:0px 4px 0px 4px" class="hierarchy"/><td style="vertical-align: top; text-align : left; background-color: white; border: 0px #F0F0F0 solid; padding:0px 4px 0px 4px" class="hierarchy">0..*</td><td style="vertical-align: top; text-align : left; background-color: white; border: 0px #F0F0F0 solid; padding:0px 4px 0px 4px" class="hierarchy"><a href="http://hl7.org/fhir/R4/references.html">Reference</a>(<a href="http://hl7.org/fhir/R4/imagingstudy.html">ImagingStudy</a>)</td><td style="vertical-align: top; text-align : left; background-color: white; border: 0px #F0F0F0 solid; padding:0px 4px 0px 4px" class="hierarchy">If vital to this request, references may be given to previous diagnostic imaging<br/></td></tr>
<tr style="border: 0px #F0F0F0 solid; padding:0px; vertical-align: top; background-color: #F7F7F7"><td style="vertical-align: top; text-align : left; background-color: #F7F7F7; border: 0px #F0F0F0 solid; padding:0px 4px 0px 4px; white-space: nowrap; background-image: url(tbl_bck10.png)" class="hierarchy"><img src="tbl_spacer.png" alt="." style="background-color: inherit" class="hierarchy"/><img src="tbl_vjoin.png" alt="." style="background-color: inherit" class="hierarchy"/><img src="icon_datatype.gif" alt="." style="background-color: #F7F7F7; background-color: inherit" title="Data Type" class="hierarchy"/> <a href="StructureDefinition-be-model-diagnosticimagingprescription-definitions.html#BeDiagnosticImagingPrescription.bodySite" title="bodySite, e.g. using a SNOMED-CT code">bodySite</a><a name="BeDiagnosticImagingPrescription.bodySite"> </a></td><td style="vertical-align: top; text-align : left; background-color: #F7F7F7; border: 0px #F0F0F0 solid; padding:0px 4px 0px 4px" class="hierarchy"/><td style="vertical-align: top; text-align : left; background-color: #F7F7F7; border: 0px #F0F0F0 solid; padding:0px 4px 0px 4px" class="hierarchy">0..*</td><td style="vertical-align: top; text-align : left; background-color: #F7F7F7; border: 0px #F0F0F0 solid; padding:0px 4px 0px 4px" class="hierarchy"><a href="http://hl7.org/fhir/R4/datatypes.html#CodeableConcept">CodeableConcept</a></td><td style="vertical-align: top; text-align : left; background-color: #F7F7F7; border: 0px #F0F0F0 solid; padding:0px 4px 0px 4px" class="hierarchy">bodySite, e.g. using a SNOMED-CT code<br/></td></tr>
<tr style="border: 0px #F0F0F0 solid; padding:0px; vertical-align: top; background-color: white"><td style="vertical-align: top; text-align : left; background-color: white; border: 0px #F0F0F0 solid; padding:0px 4px 0px 4px; white-space: nowrap; background-image: url(tbl_bck10.png)" class="hierarchy"><img src="tbl_spacer.png" alt="." style="background-color: inherit" class="hierarchy"/><img src="tbl_vjoin.png" alt="." style="background-color: inherit" class="hierarchy"/><img src="icon_datatype.gif" alt="." style="background-color: white; background-color: inherit" title="Data Type" class="hierarchy"/> <a href="StructureDefinition-be-model-diagnosticimagingprescription-definitions.html#BeDiagnosticImagingPrescription.proposedInvestigation" title="What to do - coded or as text within the codeableConcept">proposedInvestigation</a><a name="BeDiagnosticImagingPrescription.proposedInvestigation"> </a></td><td style="vertical-align: top; text-align : left; background-color: white; border: 0px #F0F0F0 solid; padding:0px 4px 0px 4px" class="hierarchy"/><td style="vertical-align: top; text-align : left; background-color: white; border: 0px #F0F0F0 solid; padding:0px 4px 0px 4px" class="hierarchy">0..*</td><td style="vertical-align: top; text-align : left; background-color: white; border: 0px #F0F0F0 solid; padding:0px 4px 0px 4px" class="hierarchy"><a href="http://hl7.org/fhir/R4/datatypes.html#CodeableConcept">CodeableConcept</a></td><td style="vertical-align: top; text-align : left; background-color: white; border: 0px #F0F0F0 solid; padding:0px 4px 0px 4px" class="hierarchy">What to do - coded or as text within the codeableConcept<br/></td></tr>
<tr style="border: 0px #F0F0F0 solid; padding:0px; vertical-align: top; background-color: #F7F7F7"><td style="vertical-align: top; text-align : left; background-color: #F7F7F7; border: 0px #F0F0F0 solid; padding:0px 4px 0px 4px; white-space: nowrap; background-image: url(tbl_bck00.png)" class="hierarchy"><img src="tbl_spacer.png" alt="." style="background-color: inherit" class="hierarchy"/><img src="tbl_vjoin_end.png" alt="." style="background-color: inherit" class="hierarchy"/><img src="icon_primitive.png" alt="." style="background-color: #F7F7F7; background-color: inherit" title="Primitive Data Type" class="hierarchy"/> <a href="StructureDefinition-be-model-diagnosticimagingprescription-definitions.html#BeDiagnosticImagingPrescription.contrastFluid" title="ifNecessary|notPermitted">contrastFluid</a><a name="BeDiagnosticImagingPrescription.contrastFluid"> </a></td><td style="vertical-align: top; text-align : left; background-color: #F7F7F7; border: 0px #F0F0F0 solid; padding:0px 4px 0px 4px" class="hierarchy"/><td style="vertical-align: top; text-align : left; background-color: #F7F7F7; border: 0px #F0F0F0 solid; padding:0px 4px 0px 4px" class="hierarchy">0..1</td><td style="vertical-align: top; text-align : left; background-color: #F7F7F7; border: 0px #F0F0F0 solid; padding:0px 4px 0px 4px" class="hierarchy"><a href="http://hl7.org/fhir/R4/datatypes.html#code">code</a></td><td style="vertical-align: top; text-align : left; background-color: #F7F7F7; border: 0px #F0F0F0 solid; padding:0px 4px 0px 4px" class="hierarchy">ifNecessary|notPermitted</td></tr>
<tr><td colspan="5" class="hierarchy"><br/><a href="http://hl7.org/fhir/R4/formats.html#table" title="Legend for this format"><img src="http://hl7.org/fhir/R4/help16.png" alt="doco" style="background-color: inherit"/> Documentation for this format</a></td></tr></table></div></text><url value="https://www.ehealth.fgov.be/standards/fhir/referral/StructureDefinition/be-model-diagnosticimagingprescription"/><version value="0.2.0"/><name value="BeDiagnosticImagingPrescription"/><status value="draft"/><date value="2020-05-12T13:07:15+00:00"/><publisher value="HL7 Belgium"/><contact><name value="HL7 Belgium"/><telecom><system value="url"/><value value="http://hl7belgium.org"/></telecom></contact><contact><name value="Message-Structure"/><telecom><system value="email"/><value value="message-structure@ehealth.fgov.be"/><use value="work"/></telecom></contact><description value="Logical model describing the model for the diagnostic imaging prescription. This draft is used in the HL7 Belgian workgroup for referral."/><jurisdiction><coding><system value="urn:iso:std:iso:3166"/><code value="BE"/><display value="Belgium"/></coding></jurisdiction><fhirVersion value="4.0.1"/><mapping><identity value="rim"/><uri value="http://hl7.org/v3"/><name value="RIM Mapping"/></mapping><kind value="logical"/><abstract value="false"/><type value="BeDiagnosticImagingPrescription"/><baseDefinition value="https://www.ehealth.fgov.be/standards/fhir/referral/StructureDefinition/be-model-referralprescription"/><derivation value="specialization"/><snapshot><element id="BeDiagnosticImagingPrescription"><path value="BeDiagnosticImagingPrescription"/><definition value="Logical model describing the model for the diagnostic imaging prescription. This draft is used in the HL7 Belgian workgroup for referral."/><min value="0"/><max value="*"/><base><path value="Base"/><min value="0"/><max value="*"/></base><isModifier value="false"/></element><element id="BeDiagnosticImagingPrescription.recordedDate"><path value="BeDiagnosticImagingPrescription.recordedDate"/><short value="When this prescription was created"/><definition value="When this prescription was created"/><min value="1"/><max value="1"/><base><path value="BeReferralPrescription.recordedDate"/><min value="1"/><max value="1"/></base><type><code value="dateTime"/></type></element><element id="BeDiagnosticImagingPrescription.recorder"><path value="BeDiagnosticImagingPrescription.recorder"/><short value="The person who is responsable for the content, not necessarily the person who entered the content. This is either the prescriber, a co-prescriber or a performer"/><definition value="The person who is responsable for the content, not necessarily the person who entered the content. This is either the prescriber, a co-prescriber or a performer"/><min value="1"/><max value="1"/><base><path value="BeReferralPrescription.recorder"/><min value="1"/><max value="1"/></base><type><code value="Reference"/></type></element><element id="BeDiagnosticImagingPrescription.prescriber"><path value="BeDiagnosticImagingPrescription.prescriber"/><short value="The prescribing healthcare party"/><definition value="The prescribing healthcare party"/><min value="1"/><max value="1"/><base><path value="BeReferralPrescription.prescriber"/><min value="1"/><max value="1"/></base><type><code value="Reference"/></type></element><element id="BeDiagnosticImagingPrescription.co-prescriber"><path value="BeDiagnosticImagingPrescription.co-prescriber"/><short value="Information about co prescribers"/><definition value="Information about co prescribers"/><min value="0"/><max value="*"/><base><path value="BeReferralPrescription.co-prescriber"/><min value="0"/><max value="*"/></base><type><code value="BackboneElement"/></type></element><element id="BeDiagnosticImagingPrescription.co-prescriber.co-prescriber"><path value="BeDiagnosticImagingPrescription.co-prescriber.co-prescriber"/><short value="The co-prescriber party"/><definition value="The co-prescriber party"/><min value="0"/><max value="1"/><base><path value="BeReferralPrescription.co-prescriber.co-prescriber"/><min value="0"/><max value="1"/></base><type><code value="Reference"/></type></element><element id="BeDiagnosticImagingPrescription.co-prescriber.co-prescriberType"><path value="BeDiagnosticImagingPrescription.co-prescriber.co-prescriberType"/><short value="Type of the practitioner"/><definition value="Type of the practitioner"/><min value="0"/><max value="1"/><base><path value="BeReferralPrescription.co-prescriber.co-prescriberType"/><min value="0"/><max value="1"/></base><type><code value="code"/></type></element><element id="BeDiagnosticImagingPrescription.co-prescriber.status"><path value="BeDiagnosticImagingPrescription.co-prescriber.status"/><short value="Status of co prescribing status (to sign, signed or refused)"/><definition value="Status of co prescribing status (to sign, signed or refused)"/><min value="0"/><max value="1"/><base><path value="BeReferralPrescription.co-prescriber.status"/><min value="0"/><max value="1"/></base><type><code value="code"/></type></element><element id="BeDiagnosticImagingPrescription.patient"><path value="BeDiagnosticImagingPrescription.patient"/><short value="The SSIN of the person for which the referral is prescribed."/><definition value="The SSIN of the person for which the referral is prescribed."/><min value="1"/><max value="1"/><base><path value="BeReferralPrescription.patient"/><min value="1"/><max value="1"/></base><type><code value="Reference"/></type></element><element id="BeDiagnosticImagingPrescription.prescriptionNumber"><path value="BeDiagnosticImagingPrescription.prescriptionNumber"/><short value="An identifier for the ReferralPrescription, e.g. the UHMEP identifier, once available"/><definition value="An identifier for the ReferralPrescription, e.g. the UHMEP identifier, once available"/><min value="0"/><max value="1"/><base><path value="BeReferralPrescription.prescriptionNumber"/><min value="0"/><max value="1"/></base><type><code value="Identifier"/></type></element><element id="BeDiagnosticImagingPrescription.ppsNumber"><path value="BeDiagnosticImagingPrescription.ppsNumber"/><short value="An identifier for the Prescription Proposal Support"/><definition value="An identifier for the Prescription Proposal Support"/><min value="0"/><max value="1"/><base><path value="BeReferralPrescription.ppsNumber"/><min value="0"/><max value="1"/></base><type><code value="Identifier"/></type></element><element id="BeDiagnosticImagingPrescription.ppsRejectionReason"><path value="BeDiagnosticImagingPrescription.ppsRejectionReason"/><short value="Reason for not following the PPS suggestion"/><definition value="Reason for not following the PPS suggestion"/><min value="0"/><max value="1"/><base><path value="BeReferralPrescription.ppsRejectionReason"/><min value="0"/><max value="1"/></base><type><code value="Annotation"/></type></element><element id="BeDiagnosticImagingPrescription.requisition"><path value="BeDiagnosticImagingPrescription.requisition"/><short value="An identifier for the bundle this prescription belongs to. The type of bundle can be indicated in the type of the identifier"/><definition value="An identifier for the bundle this prescription belongs to. The type of bundle can be indicated in the type of the identifier"/><min value="0"/><max value="1"/><base><path value="BeReferralPrescription.requisition"/><min value="0"/><max value="1"/></base><type><code value="Identifier"/></type></element><element id="BeDiagnosticImagingPrescription.basedOn"><path value="BeDiagnosticImagingPrescription.basedOn"/><short value="The original request or prescription triggered this prescription"/><definition value="The original request or prescription that is the reason for this request - for example when a detailed request is created by a broader request."/><min value="0"/><max value="*"/><base><path value="BeReferralPrescription.basedOn"/><min value="0"/><max value="*"/></base><type><code value="Reference"/></type></element><element id="BeDiagnosticImagingPrescription.validitionPeriod"><path value="BeDiagnosticImagingPrescription.validitionPeriod"/><short value="Period of validity of prescription"/><definition value="Period of validity of prescription"/><min value="1"/><max value="1"/><base><path value="BeReferralPrescription.validitionPeriod"/><min value="1"/><max value="1"/></base><type><code value="Period"/></type></element><element id="BeDiagnosticImagingPrescription.treatmentPeriod"><path value="BeDiagnosticImagingPrescription.treatmentPeriod"/><short value="When this prescription is executed, available after start of execution"/><definition value="When this prescription is executed, available after start of execution"/><min value="0"/><max value="1"/><base><path value="BeReferralPrescription.treatmentPeriod"/><min value="0"/><max value="1"/></base><type><code value="Period"/></type></element><element id="BeDiagnosticImagingPrescription.treatmentValidationEndDate"><path value="BeDiagnosticImagingPrescription.treatmentValidationEndDate"/><short value="The latest moment to end this treatment"/><definition value="The latest moment to end this treatment"/><min value="0"/><max value="1"/><base><path value="BeReferralPrescription.treatmentValidationEndDate"/><min value="0"/><max value="1"/></base><type><code value="dateTime"/></type></element><element id="BeDiagnosticImagingPrescription.intendedPerformer"><path value="BeDiagnosticImagingPrescription.intendedPerformer"/><short value="The intended provider, i.e. who is expected to perform the procedure - a specific person or a speciality"/><definition value="The intended provider, i.e. who is expected to perform the procedure - a specific person or a speciality"/><min value="0"/><max value="*"/><base><path value="BeReferralPrescription.intendedPerformer"/><min value="0"/><max value="*"/></base><type><code value="BackboneElement"/></type></element><element id="BeDiagnosticImagingPrescription.intendedPerformer.performer"><path value="BeDiagnosticImagingPrescription.intendedPerformer.performer"/><short value="A reference to the provider party (e.g. a NIHDI number for a healthcare professional, a SSIN or only a displaystring for a non professional caregiver,...)"/><definition value="A reference to the provider party (e.g. a NIHDI number for a healthcare professional, a SSIN or only a displaystring for a non professional caregiver,...)"/><min value="0"/><max value="*"/><base><path value="BeReferralPrescription.intendedPerformer.performer"/><min value="0"/><max value="*"/></base><type><code value="Reference"/></type></element><element id="BeDiagnosticImagingPrescription.intendedPerformer.discipline"><path value="BeDiagnosticImagingPrescription.intendedPerformer.discipline"/><short value="The required discipline of the provider party"/><definition value="The required discipline of the provider party"/><min value="1"/><max value="1"/><base><path value="BeReferralPrescription.intendedPerformer.discipline"/><min value="1"/><max value="1"/></base><type><code value="CodeableConcept"/></type></element><element id="BeDiagnosticImagingPrescription.intendedPerformer.period"><path value="BeDiagnosticImagingPrescription.intendedPerformer.period"/><short value="Start and enddate for the particular provider"/><definition value="Start and enddate for the particular provider"/><min value="1"/><max value="1"/><base><path value="BeReferralPrescription.intendedPerformer.period"/><min value="1"/><max value="1"/></base><type><code value="Period"/></type></element><element id="BeDiagnosticImagingPrescription.intendedPerformer.organization"><path value="BeDiagnosticImagingPrescription.intendedPerformer.organization"/><short value="Reference to an organization that will add the performer"/><definition value="Reference to an organization that will add the performer"/><min value="0"/><max value="1"/><base><path value="BeReferralPrescription.intendedPerformer.organization"/><min value="0"/><max value="1"/></base><type><code value="Reference"/></type></element><element id="BeDiagnosticImagingPrescription.toBePerformedAfter"><path value="BeDiagnosticImagingPrescription.toBePerformedAfter"/><short value="The current prescription should be performed after this one"/><definition value="The current prescription should be performed after this one"/><min value="0"/><max value="1"/><base><path value="BeReferralPrescription.toBePerformedAfter"/><min value="0"/><max value="1"/></base><type><code value="Reference"/></type></element><element id="BeDiagnosticImagingPrescription.serviceRequested"><path value="BeDiagnosticImagingPrescription.serviceRequested"/><short value="What is prescribed"/><definition value="What is prescribed"/><min value="1"/><max value="1"/><base><path value="BeReferralPrescription.serviceRequested"/><min value="1"/><max value="1"/></base><type><code value="CodeableConcept"/></type></element><element id="BeDiagnosticImagingPrescription.problemCode"><path value="BeDiagnosticImagingPrescription.problemCode"/><short value="The problem (code or reference) that is the main reason for this prescription"/><definition value="The problem (code or reference) that is the main reason for this prescription"/><min value="1"/><max value="1"/><base><path value="BeReferralPrescription.problemCode"/><min value="1"/><max value="1"/></base><type><code value="Reference"/></type></element><element id="BeDiagnosticImagingPrescription.supportingInfo"><path value="BeDiagnosticImagingPrescription.supportingInfo"/><short value="Care Set Problem"/><definition value="Care Set Problem"/><min value="0"/><max value="1"/><base><path value="BeReferralPrescription.supportingInfo"/><min value="0"/><max value="1"/></base><type><code value="Reference"/></type></element><element id="BeDiagnosticImagingPrescription.resultReceiver"><path value="BeDiagnosticImagingPrescription.resultReceiver"/><short value="True if the prescriber wants feedback. Other caregivers can be mentioned in the note"/><definition value="True if the prescriber wants feedback. Other caregivers can be mentioned in the note"/><min value="0"/><max value="1"/><base><path value="BeReferralPrescription.resultReceiver"/><min value="0"/><max value="1"/></base><type><code value="boolean"/></type></element><element id="BeDiagnosticImagingPrescription.status"><path value="BeDiagnosticImagingPrescription.status"/><short value="Current status"/><definition value="Current status"/><min value="0"/><max value="1"/><base><path value="BeReferralPrescription.status"/><min value="0"/><max value="1"/></base><type><code value="code"/></type><binding><strength value="required"/><valueSet value="http://hl7.org/fhir/ValueSet/request-status"/></binding></element><element id="BeDiagnosticImagingPrescription.statusReason"><path value="BeDiagnosticImagingPrescription.statusReason"/><short value="Reason current status"/><definition value="Reason current status"/><min value="0"/><max value="1"/><base><path value="BeReferralPrescription.statusReason"/><min value="0"/><max value="1"/></base><type><code value="CodeableConcept"/></type></element><element id="BeDiagnosticImagingPrescription.treatmentStatus"><path value="BeDiagnosticImagingPrescription.treatmentStatus"/><short value="Status of the treatment"/><definition value="Status of the treatment"/><min value="0"/><max value="1"/><base><path value="BeReferralPrescription.treatmentStatus"/><min value="0"/><max value="1"/></base><type><code value="CodeableConcept"/></type></element><element id="BeDiagnosticImagingPrescription.treatmentStatusReason"><path value="BeDiagnosticImagingPrescription.treatmentStatusReason"/><short value="Reason treatment status"/><definition value="Reason treatment status"/><min value="0"/><max value="1"/><base><path value="BeReferralPrescription.treatmentStatusReason"/><min value="0"/><max value="1"/></base><type><code value="CodeableConcept"/></type></element><element id="BeDiagnosticImagingPrescription.bodyLocation"><path value="BeDiagnosticImagingPrescription.bodyLocation"/><short value="Place where the treatment should be executed"/><definition value="Place where the treatment should be executed"/><min value="0"/><max value="*"/><base><path value="BeReferralPrescription.bodyLocation"/><min value="0"/><max value="*"/></base><type><code value="BackboneElement"/></type></element><element id="BeDiagnosticImagingPrescription.bodyLocation.bodySite"><path value="BeDiagnosticImagingPrescription.bodyLocation.bodySite"/><short value="Anatomical place where the treatment should be executed"/><definition value="Anatomical place where the treatment should be executed"/><min value="0"/><max value="1"/><base><path value="BeReferralPrescription.bodyLocation.bodySite"/><min value="0"/><max value="1"/></base><type><code value="CodeableConcept"/></type></element><element id="BeDiagnosticImagingPrescription.bodyLocation.bodyLaterality"><path value="BeDiagnosticImagingPrescription.bodyLocation.bodyLaterality"/><short value="Side of the body"/><definition value="Side of the body"/><min value="0"/><max value="1"/><base><path value="BeReferralPrescription.bodyLocation.bodyLaterality"/><min value="0"/><max value="1"/></base><type><code value="CodeableConcept"/></type></element><element id="BeDiagnosticImagingPrescription.note"><path value="BeDiagnosticImagingPrescription.note"/><short value="Additional text notes about the request."/><definition value="Additional text notes about the request."/><min value="0"/><max value="*"/><base><path value="BeReferralPrescription.note"/><min value="0"/><max value="*"/></base><type><code value="Annotation"/></type></element><element id="BeDiagnosticImagingPrescription.intent"><path value="BeDiagnosticImagingPrescription.intent"/><short value="Proposal, Prolongation, Prescription"/><definition value="Proposal, Prolongation, Prescription"/><min value="1"/><max value="1"/><base><path value="BeReferralPrescription.intent"/><min value="1"/><max value="1"/></base><type><code value="code"/></type></element><element id="BeDiagnosticImagingPrescription.BeReferralPrescription"><path value="BeDiagnosticImagingPrescription.BeReferralPrescription"/><short value="test"/><definition value="test"/><min value="1"/><max value="1"/><base><path value="BeDiagnosticImagingPrescription.BeReferralPrescription"/><min value="1"/><max value="1"/></base><type><code value="BeReferralPrescription"/><profile value="https://www.ehealth.fgov.be/standards/fhir/referral/StructureDefinition/be-model-referralprescription"/></type></element><element id="BeDiagnosticImagingPrescription.relevantClinicalInformation[x]"><path value="BeDiagnosticImagingPrescription.relevantClinicalInformation[x]"/><short value="Relevant information in the context of this prescription concerning for example allergies, kidney function, diabetic. When detailed information can be given, it is RECOMMENDED to express it as structured as possible."/><definition value="e.g. stomach ache during 10 days, echo suspected damage kidneys, complaints of patients, allergies,..."/><min value="0"/><max value="*"/><base><path value="BeDiagnosticImagingPrescription.relevantClinicalInformation[x]"/><min value="0"/><max value="*"/></base><type><code value="Annotation"/></type><type><code value="CodeableConcept"/></type><type><code value="Reference"/><targetProfile value="http://hl7.org/fhir/StructureDefinition/Procedure"/><targetProfile value="http://hl7.org/fhir/StructureDefinition/Condition"/><targetProfile value="http://hl7.org/fhir/StructureDefinition/Observation"/><targetProfile value="http://hl7.org/fhir/StructureDefinition/AllergyIntolerance"/><targetProfile value="http://hl7.org/fhir/StructureDefinition/MedicationStatement"/></type></element><element id="BeDiagnosticImagingPrescription.diagnosticQuestion[x]"><path value="BeDiagnosticImagingPrescription.diagnosticQuestion[x]"/><short value="Either in text or in a coded format. At the discretion of the prescribing party."/><definition value="e.g. Cyste? Metastasis?"/><min value="0"/><max value="*"/><base><path value="BeDiagnosticImagingPrescription.diagnosticQuestion[x]"/><min value="0"/><max value="*"/></base><type><code value="Annotation"/></type><type><code value="CodeableConcept"/></type></element><element id="BeDiagnosticImagingPrescription.contraIndication[x]"><path value="BeDiagnosticImagingPrescription.contraIndication[x]"/><short value="Relevant information in the context of this prescription concerning possible contra indication. For example presence of devices or (suspected) pregnancy. When detailed information can be given, it is RECOMMENDED to express it as structured as possible. If prescriber has no knowledge of contra indication, this SHALL be expressed with a 'ASKU' nullFlavor ( = Information was sought but not found  ) in codeableConcept."/><definition value="e.g.pregnancy, devices, kidney functioning"/><min value="1"/><max value="*"/><base><path value="BeDiagnosticImagingPrescription.contraIndication[x]"/><min value="1"/><max value="*"/></base><type><code value="CodeableConcept"/></type><type><code value="Annotation"/></type><type><code value="Reference"/><targetProfile value="http://hl7.org/fhir/StructureDefinition/Device"/><targetProfile value="http://hl7.org/fhir/StructureDefinition/Condition"/><targetProfile value="http://hl7.org/fhir/StructureDefinition/Observation"/><targetProfile value="http://hl7.org/fhir/StructureDefinition/MedicationStatement"/><targetProfile value="http://hl7.org/fhir/StructureDefinition/AllergyIntolerance"/></type></element><element id="BeDiagnosticImagingPrescription.supportingInformation[x]"><path value="BeDiagnosticImagingPrescription.supportingInformation[x]"/><short value="test"/><definition value="test"/><min value="0"/><max value="*"/><base><path value="BeDiagnosticImagingPrescription.supportingInformation[x]"/><min value="0"/><max value="*"/></base><type><code value="BackboneElement"/></type></element><element id="BeDiagnosticImagingPrescription.supportingInformation[x].questionnaireResponse"><path value="BeDiagnosticImagingPrescription.supportingInformation[x].questionnaireResponse"/><short value="Questionnaire responses"/><definition value="Questionnaire responses"/><min value="0"/><max value="*"/><base><path value="BeDiagnosticImagingPrescription.supportingInformation[x].questionnaireResponse"/><min value="0"/><max value="*"/></base><type><code value="Reference"/><targetProfile value="http://hl7.org/fhir/StructureDefinition/QuestionnaireResponse"/></type></element><element id="BeDiagnosticImagingPrescription.supportingInformation[x].document"><path value="BeDiagnosticImagingPrescription.supportingInformation[x].document"/><short value="Any document added as extra information"/><definition value="Any document added as extra information"/><min value="0"/><max value="*"/><base><path value="BeDiagnosticImagingPrescription.supportingInformation[x].document"/><min value="0"/><max value="*"/></base><type><code value="Reference"/><targetProfile value="http://hl7.org/fhir/StructureDefinition/DocumentReference"/></type></element><element id="BeDiagnosticImagingPrescription.supportingInformation[x].imagingStudy"><path value="BeDiagnosticImagingPrescription.supportingInformation[x].imagingStudy"/><short value="If vital to this request, references may be given to previous diagnostic imaging"/><definition value="If vital to this request, references may be given to previous diagnostic imaging"/><min value="0"/><max value="*"/><base><path value="BeDiagnosticImagingPrescription.supportingInformation[x].imagingStudy"/><min value="0"/><max value="*"/></base><type><code value="Reference"/><targetProfile value="http://hl7.org/fhir/StructureDefinition/ImagingStudy"/></type></element><element id="BeDiagnosticImagingPrescription.bodySite"><path value="BeDiagnosticImagingPrescription.bodySite"/><short value="bodySite, e.g. using a SNOMED-CT code"/><definition value="bodySite, e.g. using a SNOMED-CT code"/><min value="0"/><max value="*"/><base><path value="BeDiagnosticImagingPrescription.bodySite"/><min value="0"/><max value="*"/></base><type><code value="CodeableConcept"/></type></element><element id="BeDiagnosticImagingPrescription.proposedInvestigation"><path value="BeDiagnosticImagingPrescription.proposedInvestigation"/><short value="What to do - coded or as text within the codeableConcept"/><definition value="What to do - coded or as text within the codeableConcept"/><min value="0"/><max value="*"/><base><path value="BeDiagnosticImagingPrescription.proposedInvestigation"/><min value="0"/><max value="*"/></base><type><code value="CodeableConcept"/></type></element><element id="BeDiagnosticImagingPrescription.contrastFluid"><path value="BeDiagnosticImagingPrescription.contrastFluid"/><short value="ifNecessary|notPermitted"/><definition value="ifNecessary|notPermitted"/><min value="0"/><max value="1"/><base><path value="BeDiagnosticImagingPrescription.contrastFluid"/><min value="0"/><max value="1"/></base><type><code value="code"/></type></element></snapshot><differential><element id="BeDiagnosticImagingPrescription"><path value="BeDiagnosticImagingPrescription"/><definition value="Logical model describing the model for the diagnostic imaging prescription. This draft is used in the HL7 Belgian workgroup for referral."/></element><element id="BeDiagnosticImagingPrescription.BeReferralPrescription"><path value="BeDiagnosticImagingPrescription.BeReferralPrescription"/><short value="test"/><definition value="test"/><min value="1"/><max value="1"/><type><code value="BeReferralPrescription"/><profile value="https://www.ehealth.fgov.be/standards/fhir/referral/StructureDefinition/be-model-referralprescription"/></type></element><element id="BeDiagnosticImagingPrescription.relevantClinicalInformation[x]"><path value="BeDiagnosticImagingPrescription.relevantClinicalInformation[x]"/><short value="Relevant information in the context of this prescription concerning for example allergies, kidney function, diabetic. When detailed information can be given, it is RECOMMENDED to express it as structured as possible."/><definition value="e.g. stomach ache during 10 days, echo suspected damage kidneys, complaints of patients, allergies,..."/><min value="0"/><max value="*"/><type><code value="Annotation"/></type><type><code value="CodeableConcept"/></type><type><code value="Reference"/><targetProfile value="http://hl7.org/fhir/StructureDefinition/Procedure"/><targetProfile value="http://hl7.org/fhir/StructureDefinition/Condition"/><targetProfile value="http://hl7.org/fhir/StructureDefinition/Observation"/><targetProfile value="http://hl7.org/fhir/StructureDefinition/AllergyIntolerance"/><targetProfile value="http://hl7.org/fhir/StructureDefinition/MedicationStatement"/></type></element><element id="BeDiagnosticImagingPrescription.diagnosticQuestion[x]"><path value="BeDiagnosticImagingPrescription.diagnosticQuestion[x]"/><short value="Either in text or in a coded format. At the discretion of the prescribing party."/><definition value="e.g. Cyste? Metastasis?"/><min value="0"/><max value="*"/><type><code value="Annotation"/></type><type><code value="CodeableConcept"/></type></element><element id="BeDiagnosticImagingPrescription.contraIndication[x]"><path value="BeDiagnosticImagingPrescription.contraIndication[x]"/><short value="Relevant information in the context of this prescription concerning possible contra indication. For example presence of devices or (suspected) pregnancy. When detailed information can be given, it is RECOMMENDED to express it as structured as possible. If prescriber has no knowledge of contra indication, this SHALL be expressed with a 'ASKU' nullFlavor ( = Information was sought but not found  ) in codeableConcept."/><definition value="e.g.pregnancy, devices, kidney functioning"/><min value="1"/><max value="*"/><type><code value="CodeableConcept"/></type><type><code value="Annotation"/></type><type><code value="Reference"/><targetProfile value="http://hl7.org/fhir/StructureDefinition/Device"/><targetProfile value="http://hl7.org/fhir/StructureDefinition/Condition"/><targetProfile value="http://hl7.org/fhir/StructureDefinition/Observation"/><targetProfile value="http://hl7.org/fhir/StructureDefinition/MedicationStatement"/><targetProfile value="http://hl7.org/fhir/StructureDefinition/AllergyIntolerance"/></type></element><element id="BeDiagnosticImagingPrescription.supportingInformation[x]"><path value="BeDiagnosticImagingPrescription.supportingInformation[x]"/><short value="test"/><definition value="test"/><min value="0"/><max value="*"/><type><code value="BackboneElement"/></type></element><element id="BeDiagnosticImagingPrescription.supportingInformation[x].questionnaireResponse"><path value="BeDiagnosticImagingPrescription.supportingInformation[x].questionnaireResponse"/><short value="Questionnaire responses"/><definition value="Questionnaire responses"/><min value="0"/><max value="*"/><type><code value="Reference"/><targetProfile value="http://hl7.org/fhir/StructureDefinition/QuestionnaireResponse"/></type></element><element id="BeDiagnosticImagingPrescription.supportingInformation[x].document"><path value="BeDiagnosticImagingPrescription.supportingInformation[x].document"/><short value="Any document added as extra information"/><definition value="Any document added as extra information"/><min value="0"/><max value="*"/><type><code value="Reference"/><targetProfile value="http://hl7.org/fhir/StructureDefinition/DocumentReference"/></type></element><element id="BeDiagnosticImagingPrescription.supportingInformation[x].imagingStudy"><path value="BeDiagnosticImagingPrescription.supportingInformation[x].imagingStudy"/><short value="If vital to this request, references may be given to previous diagnostic imaging"/><definition value="If vital to this request, references may be given to previous diagnostic imaging"/><min value="0"/><max value="*"/><type><code value="Reference"/><targetProfile value="http://hl7.org/fhir/StructureDefinition/ImagingStudy"/></type></element><element id="BeDiagnosticImagingPrescription.bodySite"><path value="BeDiagnosticImagingPrescription.bodySite"/><short value="bodySite, e.g. using a SNOMED-CT code"/><definition value="bodySite, e.g. using a SNOMED-CT code"/><min value="0"/><max value="*"/><type><code value="CodeableConcept"/></type></element><element id="BeDiagnosticImagingPrescription.proposedInvestigation"><path value="BeDiagnosticImagingPrescription.proposedInvestigation"/><short value="What to do - coded or as text within the codeableConcept"/><definition value="What to do - coded or as text within the codeableConcept"/><min value="0"/><max value="*"/><type><code value="CodeableConcept"/></type></element><element id="BeDiagnosticImagingPrescription.contrastFluid"><path value="BeDiagnosticImagingPrescription.contrastFluid"/><short value="ifNecessary|notPermitted"/><definition value="ifNecessary|notPermitted"/><min value="0"/><max value="1"/><type><code value="code"/></type></element></differential></StructureDefinition>