<?xml version="1.0" encoding="UTF-8"?><StructureDefinition xmlns="http://hl7.org/fhir"><id value="be-model-referralprescription"/><text><status value="extensions"/><div xmlns="http://www.w3.org/1999/xhtml"><table border="0" cellpadding="0" cellspacing="0" style="border: 0px #F0F0F0 solid; font-size: 11px; font-family: verdana; vertical-align: top;"><tr style="border: 1px #F0F0F0 solid; font-size: 11px; font-family: verdana; vertical-align: top"><th style="vertical-align: top; text-align : left; background-color: white; border: 0px #F0F0F0 solid; padding:0px 4px 0px 4px" class="hierarchy"><a href="http://hl7.org/fhir/R4/formats.html#table" title="The logical name of the element">Name</a></th><th style="vertical-align: top; text-align : left; background-color: white; border: 0px #F0F0F0 solid; padding:0px 4px 0px 4px" class="hierarchy"><a href="http://hl7.org/fhir/R4/formats.html#table" title="Information about the use of the element">Flags</a></th><th style="vertical-align: top; text-align : left; background-color: white; border: 0px #F0F0F0 solid; padding:0px 4px 0px 4px" class="hierarchy"><a href="http://hl7.org/fhir/R4/formats.html#table" title="Minimum and Maximum # of times the the element can appear in the instance">Card.</a></th><th style="width: 100px" class="hierarchy"><a href="http://hl7.org/fhir/R4/formats.html#table" title="Reference to the type of the element">Type</a></th><th style="vertical-align: top; text-align : left; background-color: white; border: 0px #F0F0F0 solid; padding:0px 4px 0px 4px" class="hierarchy"><a href="http://hl7.org/fhir/R4/formats.html#table" title="Additional information about the element">Description &amp; Constraints</a><span style="float: right"><a href="http://hl7.org/fhir/R4/formats.html#table" title="Legend for this format"><img src="http://hl7.org/fhir/R4/help16.png" alt="doco" style="background-color: inherit"/></a></span></th></tr><tr style="border: 0px #F0F0F0 solid; padding:0px; vertical-align: top; background-color: white"><td style="vertical-align: top; text-align : left; background-color: white; border: 0px #F0F0F0 solid; padding:0px 4px 0px 4px; white-space: nowrap; background-image: url(tbl_bck1.png)" class="hierarchy"><img src="tbl_spacer.png" alt="." style="background-color: inherit" class="hierarchy"/><img src="icon_element.gif" alt="." style="background-color: white; background-color: inherit" title="Element" class="hierarchy"/> <a href="StructureDefinition-be-model-referralprescription-definitions.html#BeReferralPrescription" title="Logical model describing the model for the prescription referral. This draft is used in the HL7 Belgian workgroup for referral.">BeReferralPrescription</a><a name="BeReferralPrescription"> </a></td><td style="vertical-align: top; text-align : left; background-color: white; border: 0px #F0F0F0 solid; padding:0px 4px 0px 4px" class="hierarchy"/><td style="vertical-align: top; text-align : left; background-color: white; border: 0px #F0F0F0 solid; padding:0px 4px 0px 4px" class="hierarchy"><span style="opacity: 0.5">0</span><span style="opacity: 0.5">..</span><span style="opacity: 0.5">*</span></td><td style="vertical-align: top; text-align : left; background-color: white; border: 0px #F0F0F0 solid; padding:0px 4px 0px 4px" class="hierarchy"/><td style="vertical-align: top; text-align : left; background-color: white; border: 0px #F0F0F0 solid; padding:0px 4px 0px 4px" class="hierarchy"/></tr>
<tr style="border: 0px #F0F0F0 solid; padding:0px; vertical-align: top; background-color: #F7F7F7"><td style="vertical-align: top; text-align : left; background-color: #F7F7F7; border: 0px #F0F0F0 solid; padding:0px 4px 0px 4px; white-space: nowrap; background-image: url(tbl_bck10.png)" class="hierarchy"><img src="tbl_spacer.png" alt="." style="background-color: inherit" class="hierarchy"/><img src="tbl_vjoin.png" alt="." style="background-color: inherit" class="hierarchy"/><img src="icon_primitive.png" alt="." style="background-color: #F7F7F7; background-color: inherit" title="Primitive Data Type" class="hierarchy"/> <a href="StructureDefinition-be-model-referralprescription-definitions.html#BeReferralPrescription.recordedDate" title="When this prescription was created">recordedDate</a><a name="BeReferralPrescription.recordedDate"> </a></td><td style="vertical-align: top; text-align : left; background-color: #F7F7F7; border: 0px #F0F0F0 solid; padding:0px 4px 0px 4px" class="hierarchy"/><td style="vertical-align: top; text-align : left; background-color: #F7F7F7; border: 0px #F0F0F0 solid; padding:0px 4px 0px 4px" class="hierarchy">1..1</td><td style="vertical-align: top; text-align : left; background-color: #F7F7F7; border: 0px #F0F0F0 solid; padding:0px 4px 0px 4px" class="hierarchy"><a href="http://hl7.org/fhir/R4/datatypes.html#dateTime">dateTime</a></td><td style="vertical-align: top; text-align : left; background-color: #F7F7F7; border: 0px #F0F0F0 solid; padding:0px 4px 0px 4px" class="hierarchy">When this prescription was created</td></tr>
<tr style="border: 0px #F0F0F0 solid; padding:0px; vertical-align: top; background-color: white"><td style="vertical-align: top; text-align : left; background-color: white; border: 0px #F0F0F0 solid; padding:0px 4px 0px 4px; white-space: nowrap; background-image: url(tbl_bck10.png)" class="hierarchy"><img src="tbl_spacer.png" alt="." style="background-color: inherit" class="hierarchy"/><img src="tbl_vjoin.png" alt="." style="background-color: inherit" class="hierarchy"/><img src="icon_reference.png" alt="." style="background-color: white; background-color: inherit" title="Reference to another Resource" class="hierarchy"/> <a href="StructureDefinition-be-model-referralprescription-definitions.html#BeReferralPrescription.recorder" title="The person who is responsable for the content, not necessarily the person who entered the content. This is either the prescriber, a co-prescriber or a performer">recorder</a><a name="BeReferralPrescription.recorder"> </a></td><td style="vertical-align: top; text-align : left; background-color: white; border: 0px #F0F0F0 solid; padding:0px 4px 0px 4px" class="hierarchy"/><td style="vertical-align: top; text-align : left; background-color: white; border: 0px #F0F0F0 solid; padding:0px 4px 0px 4px" class="hierarchy">1..1</td><td style="vertical-align: top; text-align : left; background-color: white; border: 0px #F0F0F0 solid; padding:0px 4px 0px 4px" class="hierarchy"><a href="http://hl7.org/fhir/R4/references.html">Reference</a>()</td><td style="vertical-align: top; text-align : left; background-color: white; border: 0px #F0F0F0 solid; padding:0px 4px 0px 4px" class="hierarchy">The person who is responsable for the content, not necessarily the person who entered the content. This is either the prescriber, a co-prescriber or a performer</td></tr>
<tr style="border: 0px #F0F0F0 solid; padding:0px; vertical-align: top; background-color: #F7F7F7"><td style="vertical-align: top; text-align : left; background-color: #F7F7F7; border: 0px #F0F0F0 solid; padding:0px 4px 0px 4px; white-space: nowrap; background-image: url(tbl_bck10.png)" class="hierarchy"><img src="tbl_spacer.png" alt="." style="background-color: inherit" class="hierarchy"/><img src="tbl_vjoin.png" alt="." style="background-color: inherit" class="hierarchy"/><img src="icon_reference.png" alt="." style="background-color: #F7F7F7; background-color: inherit" title="Reference to another Resource" class="hierarchy"/> <a href="StructureDefinition-be-model-referralprescription-definitions.html#BeReferralPrescription.prescriber" title="The prescribing healthcare party">prescriber</a><a name="BeReferralPrescription.prescriber"> </a></td><td style="vertical-align: top; text-align : left; background-color: #F7F7F7; border: 0px #F0F0F0 solid; padding:0px 4px 0px 4px" class="hierarchy"/><td style="vertical-align: top; text-align : left; background-color: #F7F7F7; border: 0px #F0F0F0 solid; padding:0px 4px 0px 4px" class="hierarchy">1..1</td><td style="vertical-align: top; text-align : left; background-color: #F7F7F7; border: 0px #F0F0F0 solid; padding:0px 4px 0px 4px" class="hierarchy"><a href="http://hl7.org/fhir/R4/references.html">Reference</a>()</td><td style="vertical-align: top; text-align : left; background-color: #F7F7F7; border: 0px #F0F0F0 solid; padding:0px 4px 0px 4px" class="hierarchy">The prescribing healthcare party</td></tr>
<tr style="border: 0px #F0F0F0 solid; padding:0px; vertical-align: top; background-color: white"><td style="vertical-align: top; text-align : left; background-color: white; border: 0px #F0F0F0 solid; padding:0px 4px 0px 4px; white-space: nowrap; background-image: url(tbl_bck11.png)" class="hierarchy"><img src="tbl_spacer.png" alt="." style="background-color: inherit" class="hierarchy"/><img src="tbl_vjoin.png" alt="." style="background-color: inherit" class="hierarchy"/><img src="icon_datatype.gif" alt="." style="background-color: white; background-color: inherit" title="Data Type" class="hierarchy"/> <a href="StructureDefinition-be-model-referralprescription-definitions.html#BeReferralPrescription.co-prescriber" title="Information about co prescribers">co-prescriber</a><a name="BeReferralPrescription.co-prescriber"> </a></td><td style="vertical-align: top; text-align : left; background-color: white; border: 0px #F0F0F0 solid; padding:0px 4px 0px 4px" class="hierarchy"/><td style="vertical-align: top; text-align : left; background-color: white; border: 0px #F0F0F0 solid; padding:0px 4px 0px 4px" class="hierarchy">0..*</td><td style="vertical-align: top; text-align : left; background-color: white; border: 0px #F0F0F0 solid; padding:0px 4px 0px 4px" class="hierarchy"><a href="http://hl7.org/fhir/R4/datatypes.html#BackboneElement">BackboneElement</a></td><td style="vertical-align: top; text-align : left; background-color: white; border: 0px #F0F0F0 solid; padding:0px 4px 0px 4px" class="hierarchy">Information about co prescribers<br/></td></tr>
<tr style="border: 0px #F0F0F0 solid; padding:0px; vertical-align: top; background-color: #F7F7F7"><td style="vertical-align: top; text-align : left; background-color: #F7F7F7; border: 0px #F0F0F0 solid; padding:0px 4px 0px 4px; white-space: nowrap; background-image: url(tbl_bck110.png)" class="hierarchy"><img src="tbl_spacer.png" alt="." style="background-color: inherit" class="hierarchy"/><img src="tbl_vline.png" alt="." style="background-color: inherit" class="hierarchy"/><img src="tbl_vjoin.png" alt="." style="background-color: inherit" class="hierarchy"/><img src="icon_reference.png" alt="." style="background-color: #F7F7F7; background-color: inherit" title="Reference to another Resource" class="hierarchy"/> <a href="StructureDefinition-be-model-referralprescription-definitions.html#BeReferralPrescription.co-prescriber.co-prescriber" title="The co-prescriber party">co-prescriber</a><a name="BeReferralPrescription.co-prescriber.co-prescriber"> </a></td><td style="vertical-align: top; text-align : left; background-color: #F7F7F7; border: 0px #F0F0F0 solid; padding:0px 4px 0px 4px" class="hierarchy"/><td style="vertical-align: top; text-align : left; background-color: #F7F7F7; border: 0px #F0F0F0 solid; padding:0px 4px 0px 4px" class="hierarchy">0..1</td><td style="vertical-align: top; text-align : left; background-color: #F7F7F7; border: 0px #F0F0F0 solid; padding:0px 4px 0px 4px" class="hierarchy"><a href="http://hl7.org/fhir/R4/references.html">Reference</a>()</td><td style="vertical-align: top; text-align : left; background-color: #F7F7F7; border: 0px #F0F0F0 solid; padding:0px 4px 0px 4px" class="hierarchy">The co-prescriber party</td></tr>
<tr style="border: 0px #F0F0F0 solid; padding:0px; vertical-align: top; background-color: white"><td style="vertical-align: top; text-align : left; background-color: white; border: 0px #F0F0F0 solid; padding:0px 4px 0px 4px; white-space: nowrap; background-image: url(tbl_bck110.png)" class="hierarchy"><img src="tbl_spacer.png" alt="." style="background-color: inherit" class="hierarchy"/><img src="tbl_vline.png" alt="." style="background-color: inherit" class="hierarchy"/><img src="tbl_vjoin.png" alt="." style="background-color: inherit" class="hierarchy"/><img src="icon_primitive.png" alt="." style="background-color: white; background-color: inherit" title="Primitive Data Type" class="hierarchy"/> <a href="StructureDefinition-be-model-referralprescription-definitions.html#BeReferralPrescription.co-prescriber.co-prescriberType" title="Type of the practitioner">co-prescriberType</a><a name="BeReferralPrescription.co-prescriber.co-prescriberType"> </a></td><td style="vertical-align: top; text-align : left; background-color: white; border: 0px #F0F0F0 solid; padding:0px 4px 0px 4px" class="hierarchy"/><td style="vertical-align: top; text-align : left; background-color: white; border: 0px #F0F0F0 solid; padding:0px 4px 0px 4px" class="hierarchy">0..1</td><td style="vertical-align: top; text-align : left; background-color: white; border: 0px #F0F0F0 solid; padding:0px 4px 0px 4px" class="hierarchy"><a href="http://hl7.org/fhir/R4/datatypes.html#code">code</a></td><td style="vertical-align: top; text-align : left; background-color: white; border: 0px #F0F0F0 solid; padding:0px 4px 0px 4px" class="hierarchy">Type of the practitioner</td></tr>
<tr style="border: 0px #F0F0F0 solid; padding:0px; vertical-align: top; background-color: #F7F7F7"><td style="vertical-align: top; text-align : left; background-color: #F7F7F7; border: 0px #F0F0F0 solid; padding:0px 4px 0px 4px; white-space: nowrap; background-image: url(tbl_bck100.png)" class="hierarchy"><img src="tbl_spacer.png" alt="." style="background-color: inherit" class="hierarchy"/><img src="tbl_vline.png" alt="." style="background-color: inherit" class="hierarchy"/><img src="tbl_vjoin_end.png" alt="." style="background-color: inherit" class="hierarchy"/><img src="icon_primitive.png" alt="." style="background-color: #F7F7F7; background-color: inherit" title="Primitive Data Type" class="hierarchy"/> <a href="StructureDefinition-be-model-referralprescription-definitions.html#BeReferralPrescription.co-prescriber.status" title="Status of co prescribing status (to sign, signed or refused)">status</a><a name="BeReferralPrescription.co-prescriber.status"> </a></td><td style="vertical-align: top; text-align : left; background-color: #F7F7F7; border: 0px #F0F0F0 solid; padding:0px 4px 0px 4px" class="hierarchy"/><td style="vertical-align: top; text-align : left; background-color: #F7F7F7; border: 0px #F0F0F0 solid; padding:0px 4px 0px 4px" class="hierarchy">0..1</td><td style="vertical-align: top; text-align : left; background-color: #F7F7F7; border: 0px #F0F0F0 solid; padding:0px 4px 0px 4px" class="hierarchy"><a href="http://hl7.org/fhir/R4/datatypes.html#code">code</a></td><td style="vertical-align: top; text-align : left; background-color: #F7F7F7; border: 0px #F0F0F0 solid; padding:0px 4px 0px 4px" class="hierarchy">Status of co prescribing status (to sign, signed or refused)</td></tr>
<tr style="border: 0px #F0F0F0 solid; padding:0px; vertical-align: top; background-color: white"><td style="vertical-align: top; text-align : left; background-color: white; border: 0px #F0F0F0 solid; padding:0px 4px 0px 4px; white-space: nowrap; background-image: url(tbl_bck10.png)" class="hierarchy"><img src="tbl_spacer.png" alt="." style="background-color: inherit" class="hierarchy"/><img src="tbl_vjoin.png" alt="." style="background-color: inherit" class="hierarchy"/><img src="icon_reference.png" alt="." style="background-color: white; background-color: inherit" title="Reference to another Resource" class="hierarchy"/> <a href="StructureDefinition-be-model-referralprescription-definitions.html#BeReferralPrescription.patient" title="The SSIN of the person for which the referral is prescribed.">patient</a><a name="BeReferralPrescription.patient"> </a></td><td style="vertical-align: top; text-align : left; background-color: white; border: 0px #F0F0F0 solid; padding:0px 4px 0px 4px" class="hierarchy"/><td style="vertical-align: top; text-align : left; background-color: white; border: 0px #F0F0F0 solid; padding:0px 4px 0px 4px" class="hierarchy">1..1</td><td style="vertical-align: top; text-align : left; background-color: white; border: 0px #F0F0F0 solid; padding:0px 4px 0px 4px" class="hierarchy"><a href="http://hl7.org/fhir/R4/references.html">Reference</a>()</td><td style="vertical-align: top; text-align : left; background-color: white; border: 0px #F0F0F0 solid; padding:0px 4px 0px 4px" class="hierarchy">The SSIN of the person for which the referral is prescribed.</td></tr>
<tr style="border: 0px #F0F0F0 solid; padding:0px; vertical-align: top; background-color: #F7F7F7"><td style="vertical-align: top; text-align : left; background-color: #F7F7F7; border: 0px #F0F0F0 solid; padding:0px 4px 0px 4px; white-space: nowrap; background-image: url(tbl_bck10.png)" class="hierarchy"><img src="tbl_spacer.png" alt="." style="background-color: inherit" class="hierarchy"/><img src="tbl_vjoin.png" alt="." style="background-color: inherit" class="hierarchy"/><img src="icon_datatype.gif" alt="." style="background-color: #F7F7F7; background-color: inherit" title="Data Type" class="hierarchy"/> <a href="StructureDefinition-be-model-referralprescription-definitions.html#BeReferralPrescription.prescriptionNumber" title="An identifier for the ReferralPrescription, e.g. the UHMEP identifier, once available">prescriptionNumber</a><a name="BeReferralPrescription.prescriptionNumber"> </a></td><td style="vertical-align: top; text-align : left; background-color: #F7F7F7; border: 0px #F0F0F0 solid; padding:0px 4px 0px 4px" class="hierarchy"/><td style="vertical-align: top; text-align : left; background-color: #F7F7F7; border: 0px #F0F0F0 solid; padding:0px 4px 0px 4px" class="hierarchy">0..1</td><td style="vertical-align: top; text-align : left; background-color: #F7F7F7; border: 0px #F0F0F0 solid; padding:0px 4px 0px 4px" class="hierarchy"><a href="http://hl7.org/fhir/R4/datatypes.html#Identifier">Identifier</a></td><td style="vertical-align: top; text-align : left; background-color: #F7F7F7; border: 0px #F0F0F0 solid; padding:0px 4px 0px 4px" class="hierarchy">An identifier for the ReferralPrescription, e.g. the UHMEP identifier, once available</td></tr>
<tr style="border: 0px #F0F0F0 solid; padding:0px; vertical-align: top; background-color: white"><td style="vertical-align: top; text-align : left; background-color: white; border: 0px #F0F0F0 solid; padding:0px 4px 0px 4px; white-space: nowrap; background-image: url(tbl_bck10.png)" class="hierarchy"><img src="tbl_spacer.png" alt="." style="background-color: inherit" class="hierarchy"/><img src="tbl_vjoin.png" alt="." style="background-color: inherit" class="hierarchy"/><img src="icon_datatype.gif" alt="." style="background-color: white; background-color: inherit" title="Data Type" class="hierarchy"/> <a href="StructureDefinition-be-model-referralprescription-definitions.html#BeReferralPrescription.ppsNumber" title="An identifier for the Prescription Proposal Support">ppsNumber</a><a name="BeReferralPrescription.ppsNumber"> </a></td><td style="vertical-align: top; text-align : left; background-color: white; border: 0px #F0F0F0 solid; padding:0px 4px 0px 4px" class="hierarchy"/><td style="vertical-align: top; text-align : left; background-color: white; border: 0px #F0F0F0 solid; padding:0px 4px 0px 4px" class="hierarchy">0..1</td><td style="vertical-align: top; text-align : left; background-color: white; border: 0px #F0F0F0 solid; padding:0px 4px 0px 4px" class="hierarchy"><a href="http://hl7.org/fhir/R4/datatypes.html#Identifier">Identifier</a></td><td style="vertical-align: top; text-align : left; background-color: white; border: 0px #F0F0F0 solid; padding:0px 4px 0px 4px" class="hierarchy">An identifier for the Prescription Proposal Support</td></tr>
<tr style="border: 0px #F0F0F0 solid; padding:0px; vertical-align: top; background-color: #F7F7F7"><td style="vertical-align: top; text-align : left; background-color: #F7F7F7; border: 0px #F0F0F0 solid; padding:0px 4px 0px 4px; white-space: nowrap; background-image: url(tbl_bck10.png)" class="hierarchy"><img src="tbl_spacer.png" alt="." style="background-color: inherit" class="hierarchy"/><img src="tbl_vjoin.png" alt="." style="background-color: inherit" class="hierarchy"/><img src="icon_datatype.gif" alt="." style="background-color: #F7F7F7; background-color: inherit" title="Data Type" class="hierarchy"/> <a href="StructureDefinition-be-model-referralprescription-definitions.html#BeReferralPrescription.ppsRejectionReason" title="Reason for not following the PPS suggestion">ppsRejectionReason</a><a name="BeReferralPrescription.ppsRejectionReason"> </a></td><td style="vertical-align: top; text-align : left; background-color: #F7F7F7; border: 0px #F0F0F0 solid; padding:0px 4px 0px 4px" class="hierarchy"/><td style="vertical-align: top; text-align : left; background-color: #F7F7F7; border: 0px #F0F0F0 solid; padding:0px 4px 0px 4px" class="hierarchy">0..1</td><td style="vertical-align: top; text-align : left; background-color: #F7F7F7; border: 0px #F0F0F0 solid; padding:0px 4px 0px 4px" class="hierarchy"><a href="http://hl7.org/fhir/R4/datatypes.html#Annotation">Annotation</a></td><td style="vertical-align: top; text-align : left; background-color: #F7F7F7; border: 0px #F0F0F0 solid; padding:0px 4px 0px 4px" class="hierarchy">Reason for not following the PPS suggestion</td></tr>
<tr style="border: 0px #F0F0F0 solid; padding:0px; vertical-align: top; background-color: white"><td style="vertical-align: top; text-align : left; background-color: white; border: 0px #F0F0F0 solid; padding:0px 4px 0px 4px; white-space: nowrap; background-image: url(tbl_bck10.png)" class="hierarchy"><img src="tbl_spacer.png" alt="." style="background-color: inherit" class="hierarchy"/><img src="tbl_vjoin.png" alt="." style="background-color: inherit" class="hierarchy"/><img src="icon_datatype.gif" alt="." style="background-color: white; background-color: inherit" title="Data Type" class="hierarchy"/> <a href="StructureDefinition-be-model-referralprescription-definitions.html#BeReferralPrescription.requisition" title="An identifier for the bundle this prescription belongs to. The type of bundle can be indicated in the type of the identifier">requisition</a><a name="BeReferralPrescription.requisition"> </a></td><td style="vertical-align: top; text-align : left; background-color: white; border: 0px #F0F0F0 solid; padding:0px 4px 0px 4px" class="hierarchy"/><td style="vertical-align: top; text-align : left; background-color: white; border: 0px #F0F0F0 solid; padding:0px 4px 0px 4px" class="hierarchy">0..1</td><td style="vertical-align: top; text-align : left; background-color: white; border: 0px #F0F0F0 solid; padding:0px 4px 0px 4px" class="hierarchy"><a href="http://hl7.org/fhir/R4/datatypes.html#Identifier">Identifier</a></td><td style="vertical-align: top; text-align : left; background-color: white; border: 0px #F0F0F0 solid; padding:0px 4px 0px 4px" class="hierarchy">An identifier for the bundle this prescription belongs to. The type of bundle can be indicated in the type of the identifier</td></tr>
<tr style="border: 0px #F0F0F0 solid; padding:0px; vertical-align: top; background-color: #F7F7F7"><td style="vertical-align: top; text-align : left; background-color: #F7F7F7; border: 0px #F0F0F0 solid; padding:0px 4px 0px 4px; white-space: nowrap; background-image: url(tbl_bck10.png)" class="hierarchy"><img src="tbl_spacer.png" alt="." style="background-color: inherit" class="hierarchy"/><img src="tbl_vjoin.png" alt="." style="background-color: inherit" class="hierarchy"/><img src="icon_reference.png" alt="." style="background-color: #F7F7F7; background-color: inherit" title="Reference to another Resource" class="hierarchy"/> <a href="StructureDefinition-be-model-referralprescription-definitions.html#BeReferralPrescription.basedOn" title="The original request or prescription that is the reason for this request - for example when a detailed request is created by a broader request.">basedOn</a><a name="BeReferralPrescription.basedOn"> </a></td><td style="vertical-align: top; text-align : left; background-color: #F7F7F7; border: 0px #F0F0F0 solid; padding:0px 4px 0px 4px" class="hierarchy"/><td style="vertical-align: top; text-align : left; background-color: #F7F7F7; border: 0px #F0F0F0 solid; padding:0px 4px 0px 4px" class="hierarchy">0..*</td><td style="vertical-align: top; text-align : left; background-color: #F7F7F7; border: 0px #F0F0F0 solid; padding:0px 4px 0px 4px" class="hierarchy"><a href="http://hl7.org/fhir/R4/references.html">Reference</a>()</td><td style="vertical-align: top; text-align : left; background-color: #F7F7F7; border: 0px #F0F0F0 solid; padding:0px 4px 0px 4px" class="hierarchy">The original request or prescription triggered this prescription<br/></td></tr>
<tr style="border: 0px #F0F0F0 solid; padding:0px; vertical-align: top; background-color: white"><td style="vertical-align: top; text-align : left; background-color: white; border: 0px #F0F0F0 solid; padding:0px 4px 0px 4px; white-space: nowrap; background-image: url(tbl_bck10.png)" class="hierarchy"><img src="tbl_spacer.png" alt="." style="background-color: inherit" class="hierarchy"/><img src="tbl_vjoin.png" alt="." style="background-color: inherit" class="hierarchy"/><img src="icon_datatype.gif" alt="." style="background-color: white; background-color: inherit" title="Data Type" class="hierarchy"/> <a href="StructureDefinition-be-model-referralprescription-definitions.html#BeReferralPrescription.validitionPeriod" title="Period of validity of prescription">validitionPeriod</a><a name="BeReferralPrescription.validitionPeriod"> </a></td><td style="vertical-align: top; text-align : left; background-color: white; border: 0px #F0F0F0 solid; padding:0px 4px 0px 4px" class="hierarchy"/><td style="vertical-align: top; text-align : left; background-color: white; border: 0px #F0F0F0 solid; padding:0px 4px 0px 4px" class="hierarchy">1..1</td><td style="vertical-align: top; text-align : left; background-color: white; border: 0px #F0F0F0 solid; padding:0px 4px 0px 4px" class="hierarchy"><a href="http://hl7.org/fhir/R4/datatypes.html#Period">Period</a></td><td style="vertical-align: top; text-align : left; background-color: white; border: 0px #F0F0F0 solid; padding:0px 4px 0px 4px" class="hierarchy">Period of validity of prescription</td></tr>
<tr style="border: 0px #F0F0F0 solid; padding:0px; vertical-align: top; background-color: #F7F7F7"><td style="vertical-align: top; text-align : left; background-color: #F7F7F7; border: 0px #F0F0F0 solid; padding:0px 4px 0px 4px; white-space: nowrap; background-image: url(tbl_bck10.png)" class="hierarchy"><img src="tbl_spacer.png" alt="." style="background-color: inherit" class="hierarchy"/><img src="tbl_vjoin.png" alt="." style="background-color: inherit" class="hierarchy"/><img src="icon_datatype.gif" alt="." style="background-color: #F7F7F7; background-color: inherit" title="Data Type" class="hierarchy"/> <a href="StructureDefinition-be-model-referralprescription-definitions.html#BeReferralPrescription.treatmentPeriod" title="When this prescription is executed, available after start of execution">treatmentPeriod</a><a name="BeReferralPrescription.treatmentPeriod"> </a></td><td style="vertical-align: top; text-align : left; background-color: #F7F7F7; border: 0px #F0F0F0 solid; padding:0px 4px 0px 4px" class="hierarchy"/><td style="vertical-align: top; text-align : left; background-color: #F7F7F7; border: 0px #F0F0F0 solid; padding:0px 4px 0px 4px" class="hierarchy">0..1</td><td style="vertical-align: top; text-align : left; background-color: #F7F7F7; border: 0px #F0F0F0 solid; padding:0px 4px 0px 4px" class="hierarchy"><a href="http://hl7.org/fhir/R4/datatypes.html#Period">Period</a></td><td style="vertical-align: top; text-align : left; background-color: #F7F7F7; border: 0px #F0F0F0 solid; padding:0px 4px 0px 4px" class="hierarchy">When this prescription is executed, available after start of execution</td></tr>
<tr style="border: 0px #F0F0F0 solid; padding:0px; vertical-align: top; background-color: white"><td style="vertical-align: top; text-align : left; background-color: white; border: 0px #F0F0F0 solid; padding:0px 4px 0px 4px; white-space: nowrap; background-image: url(tbl_bck10.png)" class="hierarchy"><img src="tbl_spacer.png" alt="." style="background-color: inherit" class="hierarchy"/><img src="tbl_vjoin.png" alt="." style="background-color: inherit" class="hierarchy"/><img src="icon_primitive.png" alt="." style="background-color: white; background-color: inherit" title="Primitive Data Type" class="hierarchy"/> <a href="StructureDefinition-be-model-referralprescription-definitions.html#BeReferralPrescription.treatmentValidationEndDate" title="The latest moment to end this treatment">treatmentValidationEndDate</a><a name="BeReferralPrescription.treatmentValidationEndDate"> </a></td><td style="vertical-align: top; text-align : left; background-color: white; border: 0px #F0F0F0 solid; padding:0px 4px 0px 4px" class="hierarchy"/><td style="vertical-align: top; text-align : left; background-color: white; border: 0px #F0F0F0 solid; padding:0px 4px 0px 4px" class="hierarchy">0..1</td><td style="vertical-align: top; text-align : left; background-color: white; border: 0px #F0F0F0 solid; padding:0px 4px 0px 4px" class="hierarchy"><a href="http://hl7.org/fhir/R4/datatypes.html#dateTime">dateTime</a></td><td style="vertical-align: top; text-align : left; background-color: white; border: 0px #F0F0F0 solid; padding:0px 4px 0px 4px" class="hierarchy">The latest moment to end this treatment</td></tr>
<tr style="border: 0px #F0F0F0 solid; padding:0px; vertical-align: top; background-color: #F7F7F7"><td style="vertical-align: top; text-align : left; background-color: #F7F7F7; border: 0px #F0F0F0 solid; padding:0px 4px 0px 4px; white-space: nowrap; background-image: url(tbl_bck10.png)" class="hierarchy"><img src="tbl_spacer.png" alt="." style="background-color: inherit" class="hierarchy"/><img src="tbl_vjoin.png" alt="." style="background-color: inherit" class="hierarchy"/><img src="icon_primitive.png" alt="." style="background-color: #F7F7F7; background-color: inherit" title="Primitive Data Type" class="hierarchy"/> <a href="StructureDefinition-be-model-referralprescription-definitions.html#BeReferralPrescription.creationEndDate" title="The prescription must have left the draft status before">creationEndDate</a><a name="BeReferralPrescription.creationEndDate"> </a></td><td style="vertical-align: top; text-align : left; background-color: #F7F7F7; border: 0px #F0F0F0 solid; padding:0px 4px 0px 4px" class="hierarchy"/><td style="vertical-align: top; text-align : left; background-color: #F7F7F7; border: 0px #F0F0F0 solid; padding:0px 4px 0px 4px" class="hierarchy">0..1</td><td style="vertical-align: top; text-align : left; background-color: #F7F7F7; border: 0px #F0F0F0 solid; padding:0px 4px 0px 4px" class="hierarchy"><a href="http://hl7.org/fhir/R4/datatypes.html#dateTime">dateTime</a></td><td style="vertical-align: top; text-align : left; background-color: #F7F7F7; border: 0px #F0F0F0 solid; padding:0px 4px 0px 4px" class="hierarchy">The prescription must have left the draft status before</td></tr>
<tr style="border: 0px #F0F0F0 solid; padding:0px; vertical-align: top; background-color: white"><td style="vertical-align: top; text-align : left; background-color: white; border: 0px #F0F0F0 solid; padding:0px 4px 0px 4px; white-space: nowrap; background-image: url(tbl_bck11.png)" class="hierarchy"><img src="tbl_spacer.png" alt="." style="background-color: inherit" class="hierarchy"/><img src="tbl_vjoin.png" alt="." style="background-color: inherit" class="hierarchy"/><img src="icon_datatype.gif" alt="." style="background-color: white; background-color: inherit" title="Data Type" class="hierarchy"/> <a href="StructureDefinition-be-model-referralprescription-definitions.html#BeReferralPrescription.intendedPerformer" title="The intended provider, i.e. who is expected to perform the procedure - a specific person or a speciality">intendedPerformer</a><a name="BeReferralPrescription.intendedPerformer"> </a></td><td style="vertical-align: top; text-align : left; background-color: white; border: 0px #F0F0F0 solid; padding:0px 4px 0px 4px" class="hierarchy"/><td style="vertical-align: top; text-align : left; background-color: white; border: 0px #F0F0F0 solid; padding:0px 4px 0px 4px" class="hierarchy">0..*</td><td style="vertical-align: top; text-align : left; background-color: white; border: 0px #F0F0F0 solid; padding:0px 4px 0px 4px" class="hierarchy"><a href="http://hl7.org/fhir/R4/datatypes.html#BackboneElement">BackboneElement</a></td><td style="vertical-align: top; text-align : left; background-color: white; border: 0px #F0F0F0 solid; padding:0px 4px 0px 4px" class="hierarchy">The intended provider, i.e. who is expected to perform the procedure - a specific person or a speciality<br/></td></tr>
<tr style="border: 0px #F0F0F0 solid; padding:0px; vertical-align: top; background-color: #F7F7F7"><td style="vertical-align: top; text-align : left; background-color: #F7F7F7; border: 0px #F0F0F0 solid; padding:0px 4px 0px 4px; white-space: nowrap; background-image: url(tbl_bck110.png)" class="hierarchy"><img src="tbl_spacer.png" alt="." style="background-color: inherit" class="hierarchy"/><img src="tbl_vline.png" alt="." style="background-color: inherit" class="hierarchy"/><img src="tbl_vjoin.png" alt="." style="background-color: inherit" class="hierarchy"/><img src="icon_reference.png" alt="." style="background-color: #F7F7F7; background-color: inherit" title="Reference to another Resource" class="hierarchy"/> <a href="StructureDefinition-be-model-referralprescription-definitions.html#BeReferralPrescription.intendedPerformer.performer" title="A reference to the provider party (e.g. a NIHDI number for a healthcare professional, a SSIN or only a displaystring for a non professional caregiver,...)">performer</a><a name="BeReferralPrescription.intendedPerformer.performer"> </a></td><td style="vertical-align: top; text-align : left; background-color: #F7F7F7; border: 0px #F0F0F0 solid; padding:0px 4px 0px 4px" class="hierarchy"/><td style="vertical-align: top; text-align : left; background-color: #F7F7F7; border: 0px #F0F0F0 solid; padding:0px 4px 0px 4px" class="hierarchy">0..*</td><td style="vertical-align: top; text-align : left; background-color: #F7F7F7; border: 0px #F0F0F0 solid; padding:0px 4px 0px 4px" class="hierarchy"><a href="http://hl7.org/fhir/R4/references.html">Reference</a>()</td><td style="vertical-align: top; text-align : left; background-color: #F7F7F7; border: 0px #F0F0F0 solid; padding:0px 4px 0px 4px" class="hierarchy">A reference to the provider party (e.g. a NIHDI number for a healthcare professional, a SSIN or only a displaystring for a non professional caregiver,...)<br/></td></tr>
<tr style="border: 0px #F0F0F0 solid; padding:0px; vertical-align: top; background-color: white"><td style="vertical-align: top; text-align : left; background-color: white; border: 0px #F0F0F0 solid; padding:0px 4px 0px 4px; white-space: nowrap; background-image: url(tbl_bck110.png)" class="hierarchy"><img src="tbl_spacer.png" alt="." style="background-color: inherit" class="hierarchy"/><img src="tbl_vline.png" alt="." style="background-color: inherit" class="hierarchy"/><img src="tbl_vjoin.png" alt="." style="background-color: inherit" class="hierarchy"/><img src="icon_datatype.gif" alt="." style="background-color: white; background-color: inherit" title="Data Type" class="hierarchy"/> <a href="StructureDefinition-be-model-referralprescription-definitions.html#BeReferralPrescription.intendedPerformer.discipline" title="The required discipline of the provider party">discipline</a><a name="BeReferralPrescription.intendedPerformer.discipline"> </a></td><td style="vertical-align: top; text-align : left; background-color: white; border: 0px #F0F0F0 solid; padding:0px 4px 0px 4px" class="hierarchy"/><td style="vertical-align: top; text-align : left; background-color: white; border: 0px #F0F0F0 solid; padding:0px 4px 0px 4px" class="hierarchy">1..1</td><td style="vertical-align: top; text-align : left; background-color: white; border: 0px #F0F0F0 solid; padding:0px 4px 0px 4px" class="hierarchy"><a href="http://hl7.org/fhir/R4/datatypes.html#CodeableConcept">CodeableConcept</a></td><td style="vertical-align: top; text-align : left; background-color: white; border: 0px #F0F0F0 solid; padding:0px 4px 0px 4px" class="hierarchy">The required discipline of the provider party</td></tr>
<tr style="border: 0px #F0F0F0 solid; padding:0px; vertical-align: top; background-color: #F7F7F7"><td style="vertical-align: top; text-align : left; background-color: #F7F7F7; border: 0px #F0F0F0 solid; padding:0px 4px 0px 4px; white-space: nowrap; background-image: url(tbl_bck110.png)" class="hierarchy"><img src="tbl_spacer.png" alt="." style="background-color: inherit" class="hierarchy"/><img src="tbl_vline.png" alt="." style="background-color: inherit" class="hierarchy"/><img src="tbl_vjoin.png" alt="." style="background-color: inherit" class="hierarchy"/><img src="icon_datatype.gif" alt="." style="background-color: #F7F7F7; background-color: inherit" title="Data Type" class="hierarchy"/> <a href="StructureDefinition-be-model-referralprescription-definitions.html#BeReferralPrescription.intendedPerformer.period" title="Start and enddate for the particular provider">period</a><a name="BeReferralPrescription.intendedPerformer.period"> </a></td><td style="vertical-align: top; text-align : left; background-color: #F7F7F7; border: 0px #F0F0F0 solid; padding:0px 4px 0px 4px" class="hierarchy"/><td style="vertical-align: top; text-align : left; background-color: #F7F7F7; border: 0px #F0F0F0 solid; padding:0px 4px 0px 4px" class="hierarchy">1..1</td><td style="vertical-align: top; text-align : left; background-color: #F7F7F7; border: 0px #F0F0F0 solid; padding:0px 4px 0px 4px" class="hierarchy"><a href="http://hl7.org/fhir/R4/datatypes.html#Period">Period</a></td><td style="vertical-align: top; text-align : left; background-color: #F7F7F7; border: 0px #F0F0F0 solid; padding:0px 4px 0px 4px" class="hierarchy">Start and enddate for the particular provider</td></tr>
<tr style="border: 0px #F0F0F0 solid; padding:0px; vertical-align: top; background-color: white"><td style="vertical-align: top; text-align : left; background-color: white; border: 0px #F0F0F0 solid; padding:0px 4px 0px 4px; white-space: nowrap; background-image: url(tbl_bck100.png)" class="hierarchy"><img src="tbl_spacer.png" alt="." style="background-color: inherit" class="hierarchy"/><img src="tbl_vline.png" alt="." style="background-color: inherit" class="hierarchy"/><img src="tbl_vjoin_end.png" alt="." style="background-color: inherit" class="hierarchy"/><img src="icon_reference.png" alt="." style="background-color: white; background-color: inherit" title="Reference to another Resource" class="hierarchy"/> <a href="StructureDefinition-be-model-referralprescription-definitions.html#BeReferralPrescription.intendedPerformer.organization" title="Reference to an organization that will add the performer">organization</a><a name="BeReferralPrescription.intendedPerformer.organization"> </a></td><td style="vertical-align: top; text-align : left; background-color: white; border: 0px #F0F0F0 solid; padding:0px 4px 0px 4px" class="hierarchy"/><td style="vertical-align: top; text-align : left; background-color: white; border: 0px #F0F0F0 solid; padding:0px 4px 0px 4px" class="hierarchy">0..1</td><td style="vertical-align: top; text-align : left; background-color: white; border: 0px #F0F0F0 solid; padding:0px 4px 0px 4px" class="hierarchy"><a href="http://hl7.org/fhir/R4/references.html">Reference</a>()</td><td style="vertical-align: top; text-align : left; background-color: white; border: 0px #F0F0F0 solid; padding:0px 4px 0px 4px" class="hierarchy">Reference to an organization that will add the performer</td></tr>
<tr style="border: 0px #F0F0F0 solid; padding:0px; vertical-align: top; background-color: #F7F7F7"><td style="vertical-align: top; text-align : left; background-color: #F7F7F7; border: 0px #F0F0F0 solid; padding:0px 4px 0px 4px; white-space: nowrap; background-image: url(tbl_bck10.png)" class="hierarchy"><img src="tbl_spacer.png" alt="." style="background-color: inherit" class="hierarchy"/><img src="tbl_vjoin.png" alt="." style="background-color: inherit" class="hierarchy"/><img src="icon_reference.png" alt="." style="background-color: #F7F7F7; background-color: inherit" title="Reference to another Resource" class="hierarchy"/> <a href="StructureDefinition-be-model-referralprescription-definitions.html#BeReferralPrescription.toBePerformedAfter" title="The current prescription should be performed after this one">toBePerformedAfter</a><a name="BeReferralPrescription.toBePerformedAfter"> </a></td><td style="vertical-align: top; text-align : left; background-color: #F7F7F7; border: 0px #F0F0F0 solid; padding:0px 4px 0px 4px" class="hierarchy"/><td style="vertical-align: top; text-align : left; background-color: #F7F7F7; border: 0px #F0F0F0 solid; padding:0px 4px 0px 4px" class="hierarchy">0..1</td><td style="vertical-align: top; text-align : left; background-color: #F7F7F7; border: 0px #F0F0F0 solid; padding:0px 4px 0px 4px" class="hierarchy"><a href="http://hl7.org/fhir/R4/references.html">Reference</a>()</td><td style="vertical-align: top; text-align : left; background-color: #F7F7F7; border: 0px #F0F0F0 solid; padding:0px 4px 0px 4px" class="hierarchy">The current prescription should be performed after this one</td></tr>
<tr style="border: 0px #F0F0F0 solid; padding:0px; vertical-align: top; background-color: white"><td style="vertical-align: top; text-align : left; background-color: white; border: 0px #F0F0F0 solid; padding:0px 4px 0px 4px; white-space: nowrap; background-image: url(tbl_bck10.png)" class="hierarchy"><img src="tbl_spacer.png" alt="." style="background-color: inherit" class="hierarchy"/><img src="tbl_vjoin.png" alt="." style="background-color: inherit" class="hierarchy"/><img src="icon_datatype.gif" alt="." style="background-color: white; background-color: inherit" title="Data Type" class="hierarchy"/> <a href="StructureDefinition-be-model-referralprescription-definitions.html#BeReferralPrescription.serviceRequested" title="What is prescribed">serviceRequested</a><a name="BeReferralPrescription.serviceRequested"> </a></td><td style="vertical-align: top; text-align : left; background-color: white; border: 0px #F0F0F0 solid; padding:0px 4px 0px 4px" class="hierarchy"/><td style="vertical-align: top; text-align : left; background-color: white; border: 0px #F0F0F0 solid; padding:0px 4px 0px 4px" class="hierarchy">1..1</td><td style="vertical-align: top; text-align : left; background-color: white; border: 0px #F0F0F0 solid; padding:0px 4px 0px 4px" class="hierarchy"><a href="http://hl7.org/fhir/R4/datatypes.html#CodeableConcept">CodeableConcept</a></td><td style="vertical-align: top; text-align : left; background-color: white; border: 0px #F0F0F0 solid; padding:0px 4px 0px 4px" class="hierarchy">What is prescribed</td></tr>
<tr style="border: 0px #F0F0F0 solid; padding:0px; vertical-align: top; background-color: #F7F7F7"><td style="vertical-align: top; text-align : left; background-color: #F7F7F7; border: 0px #F0F0F0 solid; padding:0px 4px 0px 4px; white-space: nowrap; background-image: url(tbl_bck10.png)" class="hierarchy"><img src="tbl_spacer.png" alt="." style="background-color: inherit" class="hierarchy"/><img src="tbl_vjoin.png" alt="." style="background-color: inherit" class="hierarchy"/><img src="icon_reference.png" alt="." style="background-color: #F7F7F7; background-color: inherit" title="Reference to another Resource" class="hierarchy"/> <a href="StructureDefinition-be-model-referralprescription-definitions.html#BeReferralPrescription.problemCode" title="The problem (code or reference) that is the main reason for this prescription">problemCode</a><a name="BeReferralPrescription.problemCode"> </a></td><td style="vertical-align: top; text-align : left; background-color: #F7F7F7; border: 0px #F0F0F0 solid; padding:0px 4px 0px 4px" class="hierarchy"/><td style="vertical-align: top; text-align : left; background-color: #F7F7F7; border: 0px #F0F0F0 solid; padding:0px 4px 0px 4px" class="hierarchy">1..1</td><td style="vertical-align: top; text-align : left; background-color: #F7F7F7; border: 0px #F0F0F0 solid; padding:0px 4px 0px 4px" class="hierarchy"><a href="http://hl7.org/fhir/R4/references.html">Reference</a>()</td><td style="vertical-align: top; text-align : left; background-color: #F7F7F7; border: 0px #F0F0F0 solid; padding:0px 4px 0px 4px" class="hierarchy">The problem (code or reference) that is the main reason for this prescription</td></tr>
<tr style="border: 0px #F0F0F0 solid; padding:0px; vertical-align: top; background-color: white"><td style="vertical-align: top; text-align : left; background-color: white; border: 0px #F0F0F0 solid; padding:0px 4px 0px 4px; white-space: nowrap; background-image: url(tbl_bck10.png)" class="hierarchy"><img src="tbl_spacer.png" alt="." style="background-color: inherit" class="hierarchy"/><img src="tbl_vjoin.png" alt="." style="background-color: inherit" class="hierarchy"/><img src="icon_reference.png" alt="." style="background-color: white; background-color: inherit" title="Reference to another Resource" class="hierarchy"/> <a href="StructureDefinition-be-model-referralprescription-definitions.html#BeReferralPrescription.supportingInfo" title="Care Set Problem">supportingInfo</a><a name="BeReferralPrescription.supportingInfo"> </a></td><td style="vertical-align: top; text-align : left; background-color: white; border: 0px #F0F0F0 solid; padding:0px 4px 0px 4px" class="hierarchy"/><td style="vertical-align: top; text-align : left; background-color: white; border: 0px #F0F0F0 solid; padding:0px 4px 0px 4px" class="hierarchy">0..1</td><td style="vertical-align: top; text-align : left; background-color: white; border: 0px #F0F0F0 solid; padding:0px 4px 0px 4px" class="hierarchy"><a href="http://hl7.org/fhir/R4/references.html">Reference</a>()</td><td style="vertical-align: top; text-align : left; background-color: white; border: 0px #F0F0F0 solid; padding:0px 4px 0px 4px" class="hierarchy">Care Set Problem</td></tr>
<tr style="border: 0px #F0F0F0 solid; padding:0px; vertical-align: top; background-color: #F7F7F7"><td style="vertical-align: top; text-align : left; background-color: #F7F7F7; border: 0px #F0F0F0 solid; padding:0px 4px 0px 4px; white-space: nowrap; background-image: url(tbl_bck10.png)" class="hierarchy"><img src="tbl_spacer.png" alt="." style="background-color: inherit" class="hierarchy"/><img src="tbl_vjoin.png" alt="." style="background-color: inherit" class="hierarchy"/><img src="icon_primitive.png" alt="." style="background-color: #F7F7F7; background-color: inherit" title="Primitive Data Type" class="hierarchy"/> <a href="StructureDefinition-be-model-referralprescription-definitions.html#BeReferralPrescription.resultReceiver" title="True if the prescriber wants feedback. Other caregivers can be mentioned in the note">resultReceiver</a><a name="BeReferralPrescription.resultReceiver"> </a></td><td style="vertical-align: top; text-align : left; background-color: #F7F7F7; border: 0px #F0F0F0 solid; padding:0px 4px 0px 4px" class="hierarchy"/><td style="vertical-align: top; text-align : left; background-color: #F7F7F7; border: 0px #F0F0F0 solid; padding:0px 4px 0px 4px" class="hierarchy">0..1</td><td style="vertical-align: top; text-align : left; background-color: #F7F7F7; border: 0px #F0F0F0 solid; padding:0px 4px 0px 4px" class="hierarchy"><a href="http://hl7.org/fhir/R4/datatypes.html#boolean">boolean</a></td><td style="vertical-align: top; text-align : left; background-color: #F7F7F7; border: 0px #F0F0F0 solid; padding:0px 4px 0px 4px" class="hierarchy">True if the prescriber wants feedback. Other caregivers can be mentioned in the note</td></tr>
<tr style="border: 0px #F0F0F0 solid; padding:0px; vertical-align: top; background-color: white"><td style="vertical-align: top; text-align : left; background-color: white; border: 0px #F0F0F0 solid; padding:0px 4px 0px 4px; white-space: nowrap; background-image: url(tbl_bck10.png)" class="hierarchy"><img src="tbl_spacer.png" alt="." style="background-color: inherit" class="hierarchy"/><img src="tbl_vjoin.png" alt="." style="background-color: inherit" class="hierarchy"/><img src="icon_primitive.png" alt="." style="background-color: white; background-color: inherit" title="Primitive Data Type" class="hierarchy"/> <a href="StructureDefinition-be-model-referralprescription-definitions.html#BeReferralPrescription.status" title="Current status">status</a><a name="BeReferralPrescription.status"> </a></td><td style="vertical-align: top; text-align : left; background-color: white; border: 0px #F0F0F0 solid; padding:0px 4px 0px 4px" class="hierarchy"/><td style="vertical-align: top; text-align : left; background-color: white; border: 0px #F0F0F0 solid; padding:0px 4px 0px 4px" class="hierarchy">0..1</td><td style="vertical-align: top; text-align : left; background-color: white; border: 0px #F0F0F0 solid; padding:0px 4px 0px 4px" class="hierarchy"><a href="http://hl7.org/fhir/R4/datatypes.html#code">code</a></td><td style="vertical-align: top; text-align : left; background-color: white; border: 0px #F0F0F0 solid; padding:0px 4px 0px 4px" class="hierarchy">Current status<br/><span style="font-weight:bold">Binding: </span><a href="http://hl7.org/fhir/R4/valueset-request-status.html">RequestStatus</a> (<a href="http://hl7.org/fhir/R4/terminologies.html#required" title="To be conformant, the concept in this element SHALL be from the specified value set.">required</a>)</td></tr>
<tr style="border: 0px #F0F0F0 solid; padding:0px; vertical-align: top; background-color: #F7F7F7"><td style="vertical-align: top; text-align : left; background-color: #F7F7F7; border: 0px #F0F0F0 solid; padding:0px 4px 0px 4px; white-space: nowrap; background-image: url(tbl_bck10.png)" class="hierarchy"><img src="tbl_spacer.png" alt="." style="background-color: inherit" class="hierarchy"/><img src="tbl_vjoin.png" alt="." style="background-color: inherit" class="hierarchy"/><img src="icon_datatype.gif" alt="." style="background-color: #F7F7F7; background-color: inherit" title="Data Type" class="hierarchy"/> <a href="StructureDefinition-be-model-referralprescription-definitions.html#BeReferralPrescription.statusReason" title="Reason current status">statusReason</a><a name="BeReferralPrescription.statusReason"> </a></td><td style="vertical-align: top; text-align : left; background-color: #F7F7F7; border: 0px #F0F0F0 solid; padding:0px 4px 0px 4px" class="hierarchy"/><td style="vertical-align: top; text-align : left; background-color: #F7F7F7; border: 0px #F0F0F0 solid; padding:0px 4px 0px 4px" class="hierarchy">0..1</td><td style="vertical-align: top; text-align : left; background-color: #F7F7F7; border: 0px #F0F0F0 solid; padding:0px 4px 0px 4px" class="hierarchy"><a href="http://hl7.org/fhir/R4/datatypes.html#CodeableConcept">CodeableConcept</a></td><td style="vertical-align: top; text-align : left; background-color: #F7F7F7; border: 0px #F0F0F0 solid; padding:0px 4px 0px 4px" class="hierarchy">Reason current status</td></tr>
<tr style="border: 0px #F0F0F0 solid; padding:0px; vertical-align: top; background-color: white"><td style="vertical-align: top; text-align : left; background-color: white; border: 0px #F0F0F0 solid; padding:0px 4px 0px 4px; white-space: nowrap; background-image: url(tbl_bck10.png)" class="hierarchy"><img src="tbl_spacer.png" alt="." style="background-color: inherit" class="hierarchy"/><img src="tbl_vjoin.png" alt="." style="background-color: inherit" class="hierarchy"/><img src="icon_datatype.gif" alt="." style="background-color: white; background-color: inherit" title="Data Type" class="hierarchy"/> <a href="StructureDefinition-be-model-referralprescription-definitions.html#BeReferralPrescription.treatmentStatus" title="Status of the treatment">treatmentStatus</a><a name="BeReferralPrescription.treatmentStatus"> </a></td><td style="vertical-align: top; text-align : left; background-color: white; border: 0px #F0F0F0 solid; padding:0px 4px 0px 4px" class="hierarchy"/><td style="vertical-align: top; text-align : left; background-color: white; border: 0px #F0F0F0 solid; padding:0px 4px 0px 4px" class="hierarchy">0..1</td><td style="vertical-align: top; text-align : left; background-color: white; border: 0px #F0F0F0 solid; padding:0px 4px 0px 4px" class="hierarchy"><a href="http://hl7.org/fhir/R4/datatypes.html#CodeableConcept">CodeableConcept</a></td><td style="vertical-align: top; text-align : left; background-color: white; border: 0px #F0F0F0 solid; padding:0px 4px 0px 4px" class="hierarchy">Status of the treatment</td></tr>
<tr style="border: 0px #F0F0F0 solid; padding:0px; vertical-align: top; background-color: #F7F7F7"><td style="vertical-align: top; text-align : left; background-color: #F7F7F7; border: 0px #F0F0F0 solid; padding:0px 4px 0px 4px; white-space: nowrap; background-image: url(tbl_bck10.png)" class="hierarchy"><img src="tbl_spacer.png" alt="." style="background-color: inherit" class="hierarchy"/><img src="tbl_vjoin.png" alt="." style="background-color: inherit" class="hierarchy"/><img src="icon_datatype.gif" alt="." style="background-color: #F7F7F7; background-color: inherit" title="Data Type" class="hierarchy"/> <a href="StructureDefinition-be-model-referralprescription-definitions.html#BeReferralPrescription.treatmentStatusReason" title="Reason treatment status">treatmentStatusReason</a><a name="BeReferralPrescription.treatmentStatusReason"> </a></td><td style="vertical-align: top; text-align : left; background-color: #F7F7F7; border: 0px #F0F0F0 solid; padding:0px 4px 0px 4px" class="hierarchy"/><td style="vertical-align: top; text-align : left; background-color: #F7F7F7; border: 0px #F0F0F0 solid; padding:0px 4px 0px 4px" class="hierarchy">0..1</td><td style="vertical-align: top; text-align : left; background-color: #F7F7F7; border: 0px #F0F0F0 solid; padding:0px 4px 0px 4px" class="hierarchy"><a href="http://hl7.org/fhir/R4/datatypes.html#CodeableConcept">CodeableConcept</a></td><td style="vertical-align: top; text-align : left; background-color: #F7F7F7; border: 0px #F0F0F0 solid; padding:0px 4px 0px 4px" class="hierarchy">Reason treatment status</td></tr>
<tr style="border: 0px #F0F0F0 solid; padding:0px; vertical-align: top; background-color: white"><td style="vertical-align: top; text-align : left; background-color: white; border: 0px #F0F0F0 solid; padding:0px 4px 0px 4px; white-space: nowrap; background-image: url(tbl_bck11.png)" class="hierarchy"><img src="tbl_spacer.png" alt="." style="background-color: inherit" class="hierarchy"/><img src="tbl_vjoin.png" alt="." style="background-color: inherit" class="hierarchy"/><img src="icon_datatype.gif" alt="." style="background-color: white; background-color: inherit" title="Data Type" class="hierarchy"/> <a href="StructureDefinition-be-model-referralprescription-definitions.html#BeReferralPrescription.bodyLocation" title="Place where the treatment should be executed">bodyLocation</a><a name="BeReferralPrescription.bodyLocation"> </a></td><td style="vertical-align: top; text-align : left; background-color: white; border: 0px #F0F0F0 solid; padding:0px 4px 0px 4px" class="hierarchy"/><td style="vertical-align: top; text-align : left; background-color: white; border: 0px #F0F0F0 solid; padding:0px 4px 0px 4px" class="hierarchy">0..*</td><td style="vertical-align: top; text-align : left; background-color: white; border: 0px #F0F0F0 solid; padding:0px 4px 0px 4px" class="hierarchy"><a href="http://hl7.org/fhir/R4/datatypes.html#BackboneElement">BackboneElement</a></td><td style="vertical-align: top; text-align : left; background-color: white; border: 0px #F0F0F0 solid; padding:0px 4px 0px 4px" class="hierarchy">Place where the treatment should be executed<br/></td></tr>
<tr style="border: 0px #F0F0F0 solid; padding:0px; vertical-align: top; background-color: #F7F7F7"><td style="vertical-align: top; text-align : left; background-color: #F7F7F7; border: 0px #F0F0F0 solid; padding:0px 4px 0px 4px; white-space: nowrap; background-image: url(tbl_bck110.png)" class="hierarchy"><img src="tbl_spacer.png" alt="." style="background-color: inherit" class="hierarchy"/><img src="tbl_vline.png" alt="." style="background-color: inherit" class="hierarchy"/><img src="tbl_vjoin.png" alt="." style="background-color: inherit" class="hierarchy"/><img src="icon_datatype.gif" alt="." style="background-color: #F7F7F7; background-color: inherit" title="Data Type" class="hierarchy"/> <a href="StructureDefinition-be-model-referralprescription-definitions.html#BeReferralPrescription.bodyLocation.bodySite" title="Anatomical place where the treatment should be executed">bodySite</a><a name="BeReferralPrescription.bodyLocation.bodySite"> </a></td><td style="vertical-align: top; text-align : left; background-color: #F7F7F7; border: 0px #F0F0F0 solid; padding:0px 4px 0px 4px" class="hierarchy"/><td style="vertical-align: top; text-align : left; background-color: #F7F7F7; border: 0px #F0F0F0 solid; padding:0px 4px 0px 4px" class="hierarchy">0..1</td><td style="vertical-align: top; text-align : left; background-color: #F7F7F7; border: 0px #F0F0F0 solid; padding:0px 4px 0px 4px" class="hierarchy"><a href="http://hl7.org/fhir/R4/datatypes.html#CodeableConcept">CodeableConcept</a></td><td style="vertical-align: top; text-align : left; background-color: #F7F7F7; border: 0px #F0F0F0 solid; padding:0px 4px 0px 4px" class="hierarchy">Anatomical place where the treatment should be executed</td></tr>
<tr style="border: 0px #F0F0F0 solid; padding:0px; vertical-align: top; background-color: white"><td style="vertical-align: top; text-align : left; background-color: white; border: 0px #F0F0F0 solid; padding:0px 4px 0px 4px; white-space: nowrap; background-image: url(tbl_bck100.png)" class="hierarchy"><img src="tbl_spacer.png" alt="." style="background-color: inherit" class="hierarchy"/><img src="tbl_vline.png" alt="." style="background-color: inherit" class="hierarchy"/><img src="tbl_vjoin_end.png" alt="." style="background-color: inherit" class="hierarchy"/><img src="icon_datatype.gif" alt="." style="background-color: white; background-color: inherit" title="Data Type" class="hierarchy"/> <a href="StructureDefinition-be-model-referralprescription-definitions.html#BeReferralPrescription.bodyLocation.bodyLaterality" title="Side of the body">bodyLaterality</a><a name="BeReferralPrescription.bodyLocation.bodyLaterality"> </a></td><td style="vertical-align: top; text-align : left; background-color: white; border: 0px #F0F0F0 solid; padding:0px 4px 0px 4px" class="hierarchy"/><td style="vertical-align: top; text-align : left; background-color: white; border: 0px #F0F0F0 solid; padding:0px 4px 0px 4px" class="hierarchy">0..1</td><td style="vertical-align: top; text-align : left; background-color: white; border: 0px #F0F0F0 solid; padding:0px 4px 0px 4px" class="hierarchy"><a href="http://hl7.org/fhir/R4/datatypes.html#CodeableConcept">CodeableConcept</a></td><td style="vertical-align: top; text-align : left; background-color: white; border: 0px #F0F0F0 solid; padding:0px 4px 0px 4px" class="hierarchy">Side of the body</td></tr>
<tr style="border: 0px #F0F0F0 solid; padding:0px; vertical-align: top; background-color: #F7F7F7"><td style="vertical-align: top; text-align : left; background-color: #F7F7F7; border: 0px #F0F0F0 solid; padding:0px 4px 0px 4px; white-space: nowrap; background-image: url(tbl_bck10.png)" class="hierarchy"><img src="tbl_spacer.png" alt="." style="background-color: inherit" class="hierarchy"/><img src="tbl_vjoin.png" alt="." style="background-color: inherit" class="hierarchy"/><img src="icon_datatype.gif" alt="." style="background-color: #F7F7F7; background-color: inherit" title="Data Type" class="hierarchy"/> <a href="StructureDefinition-be-model-referralprescription-definitions.html#BeReferralPrescription.note" title="Additional text notes about the request.">note</a><a name="BeReferralPrescription.note"> </a></td><td style="vertical-align: top; text-align : left; background-color: #F7F7F7; border: 0px #F0F0F0 solid; padding:0px 4px 0px 4px" class="hierarchy"/><td style="vertical-align: top; text-align : left; background-color: #F7F7F7; border: 0px #F0F0F0 solid; padding:0px 4px 0px 4px" class="hierarchy">0..*</td><td style="vertical-align: top; text-align : left; background-color: #F7F7F7; border: 0px #F0F0F0 solid; padding:0px 4px 0px 4px" class="hierarchy"><a href="http://hl7.org/fhir/R4/datatypes.html#Annotation">Annotation</a></td><td style="vertical-align: top; text-align : left; background-color: #F7F7F7; border: 0px #F0F0F0 solid; padding:0px 4px 0px 4px" class="hierarchy">Additional text notes about the request.<br/></td></tr>
<tr style="border: 0px #F0F0F0 solid; padding:0px; vertical-align: top; background-color: white"><td style="vertical-align: top; text-align : left; background-color: white; border: 0px #F0F0F0 solid; padding:0px 4px 0px 4px; white-space: nowrap; background-image: url(tbl_bck00.png)" class="hierarchy"><img src="tbl_spacer.png" alt="." style="background-color: inherit" class="hierarchy"/><img src="tbl_vjoin_end.png" alt="." style="background-color: inherit" class="hierarchy"/><img src="icon_primitive.png" alt="." style="background-color: white; background-color: inherit" title="Primitive Data Type" class="hierarchy"/> <a href="StructureDefinition-be-model-referralprescription-definitions.html#BeReferralPrescription.intent" title="Proposal, Prolongation, Prescription">intent</a><a name="BeReferralPrescription.intent"> </a></td><td style="vertical-align: top; text-align : left; background-color: white; border: 0px #F0F0F0 solid; padding:0px 4px 0px 4px" class="hierarchy"/><td style="vertical-align: top; text-align : left; background-color: white; border: 0px #F0F0F0 solid; padding:0px 4px 0px 4px" class="hierarchy">1..1</td><td style="vertical-align: top; text-align : left; background-color: white; border: 0px #F0F0F0 solid; padding:0px 4px 0px 4px" class="hierarchy"><a href="http://hl7.org/fhir/R4/datatypes.html#code">code</a></td><td style="vertical-align: top; text-align : left; background-color: white; border: 0px #F0F0F0 solid; padding:0px 4px 0px 4px" class="hierarchy">Proposal, Prolongation, Prescription</td></tr>
<tr><td colspan="5" class="hierarchy"><br/><a href="http://hl7.org/fhir/R4/formats.html#table" title="Legend for this format"><img src="http://hl7.org/fhir/R4/help16.png" alt="doco" style="background-color: inherit"/> Documentation for this format</a></td></tr></table></div></text><url value="https://www.ehealth.fgov.be/standards/fhir/referral/StructureDefinition/be-model-referralprescription"/><version value="0.2.0"/><name value="BeModelReferralPrescription"/><status value="draft"/><date value="2020-05-12T13:07:15+00:00"/><publisher value="HL7 Belgium"/><contact><name value="HL7 Belgium"/><telecom><system value="url"/><value value="http://hl7belgium.org"/></telecom></contact><contact><name value="Message-Structure"/><telecom><system value="email"/><value value="message-structure@ehealth.fgov.be"/><use value="work"/></telecom></contact><description value="Logical model describing the model for the prescription referral. This draft is used in the HL7 Belgian workgroup for referral."/><jurisdiction><coding><system value="urn:iso:std:iso:3166"/><code value="BE"/><display value="Belgium"/></coding></jurisdiction><fhirVersion value="4.0.1"/><mapping><identity value="rim"/><uri value="http://hl7.org/v3"/><name value="RIM Mapping"/></mapping><kind value="logical"/><abstract value="false"/><type value="BeReferralPrescription"/><baseDefinition value="http://hl7.org/fhir/StructureDefinition/Base"/><derivation value="specialization"/><snapshot><element id="BeReferralPrescription"><path value="BeReferralPrescription"/><definition value="Logical model describing the model for the prescription referral. This draft is used in the HL7 Belgian workgroup for referral."/><min value="0"/><max value="*"/><base><path value="Base"/><min value="0"/><max value="*"/></base><isModifier value="false"/></element><element id="BeReferralPrescription.recordedDate"><path value="BeReferralPrescription.recordedDate"/><short value="When this prescription was created"/><definition value="When this prescription was created"/><min value="1"/><max value="1"/><base><path value="BeReferralPrescription.recordedDate"/><min value="1"/><max value="1"/></base><type><code value="dateTime"/></type></element><element id="BeReferralPrescription.recorder"><path value="BeReferralPrescription.recorder"/><short value="The person who is responsable for the content, not necessarily the person who entered the content. This is either the prescriber, a co-prescriber or a performer"/><definition value="The person who is responsable for the content, not necessarily the person who entered the content. This is either the prescriber, a co-prescriber or a performer"/><min value="1"/><max value="1"/><base><path value="BeReferralPrescription.recorder"/><min value="1"/><max value="1"/></base><type><code value="Reference"/></type></element><element id="BeReferralPrescription.prescriber"><path value="BeReferralPrescription.prescriber"/><short value="The prescribing healthcare party"/><definition value="The prescribing healthcare party"/><min value="1"/><max value="1"/><base><path value="BeReferralPrescription.prescriber"/><min value="1"/><max value="1"/></base><type><code value="Reference"/></type></element><element id="BeReferralPrescription.co-prescriber"><path value="BeReferralPrescription.co-prescriber"/><short value="Information about co prescribers"/><definition value="Information about co prescribers"/><min value="0"/><max value="*"/><base><path value="BeReferralPrescription.co-prescriber"/><min value="0"/><max value="*"/></base><type><code value="BackboneElement"/></type></element><element id="BeReferralPrescription.co-prescriber.co-prescriber"><path value="BeReferralPrescription.co-prescriber.co-prescriber"/><short value="The co-prescriber party"/><definition value="The co-prescriber party"/><min value="0"/><max value="1"/><base><path value="BeReferralPrescription.co-prescriber.co-prescriber"/><min value="0"/><max value="1"/></base><type><code value="Reference"/></type></element><element id="BeReferralPrescription.co-prescriber.co-prescriberType"><path value="BeReferralPrescription.co-prescriber.co-prescriberType"/><short value="Type of the practitioner"/><definition value="Type of the practitioner"/><min value="0"/><max value="1"/><base><path value="BeReferralPrescription.co-prescriber.co-prescriberType"/><min value="0"/><max value="1"/></base><type><code value="code"/></type></element><element id="BeReferralPrescription.co-prescriber.status"><path value="BeReferralPrescription.co-prescriber.status"/><short value="Status of co prescribing status (to sign, signed or refused)"/><definition value="Status of co prescribing status (to sign, signed or refused)"/><min value="0"/><max value="1"/><base><path value="BeReferralPrescription.co-prescriber.status"/><min value="0"/><max value="1"/></base><type><code value="code"/></type></element><element id="BeReferralPrescription.patient"><path value="BeReferralPrescription.patient"/><short value="The SSIN of the person for which the referral is prescribed."/><definition value="The SSIN of the person for which the referral is prescribed."/><min value="1"/><max value="1"/><base><path value="BeReferralPrescription.patient"/><min value="1"/><max value="1"/></base><type><code value="Reference"/></type></element><element id="BeReferralPrescription.prescriptionNumber"><path value="BeReferralPrescription.prescriptionNumber"/><short value="An identifier for the ReferralPrescription, e.g. the UHMEP identifier, once available"/><definition value="An identifier for the ReferralPrescription, e.g. the UHMEP identifier, once available"/><min value="0"/><max value="1"/><base><path value="BeReferralPrescription.prescriptionNumber"/><min value="0"/><max value="1"/></base><type><code value="Identifier"/></type></element><element id="BeReferralPrescription.ppsNumber"><path value="BeReferralPrescription.ppsNumber"/><short value="An identifier for the Prescription Proposal Support"/><definition value="An identifier for the Prescription Proposal Support"/><min value="0"/><max value="1"/><base><path value="BeReferralPrescription.ppsNumber"/><min value="0"/><max value="1"/></base><type><code value="Identifier"/></type></element><element id="BeReferralPrescription.ppsRejectionReason"><path value="BeReferralPrescription.ppsRejectionReason"/><short value="Reason for not following the PPS suggestion"/><definition value="Reason for not following the PPS suggestion"/><min value="0"/><max value="1"/><base><path value="BeReferralPrescription.ppsRejectionReason"/><min value="0"/><max value="1"/></base><type><code value="Annotation"/></type></element><element id="BeReferralPrescription.requisition"><path value="BeReferralPrescription.requisition"/><short value="An identifier for the bundle this prescription belongs to. The type of bundle can be indicated in the type of the identifier"/><definition value="An identifier for the bundle this prescription belongs to. The type of bundle can be indicated in the type of the identifier"/><min value="0"/><max value="1"/><base><path value="BeReferralPrescription.requisition"/><min value="0"/><max value="1"/></base><type><code value="Identifier"/></type></element><element id="BeReferralPrescription.basedOn"><path value="BeReferralPrescription.basedOn"/><short value="The original request or prescription triggered this prescription"/><definition value="The original request or prescription that is the reason for this request - for example when a detailed request is created by a broader request."/><min value="0"/><max value="*"/><base><path value="BeReferralPrescription.basedOn"/><min value="0"/><max value="*"/></base><type><code value="Reference"/></type></element><element id="BeReferralPrescription.validitionPeriod"><path value="BeReferralPrescription.validitionPeriod"/><short value="Period of validity of prescription"/><definition value="Period of validity of prescription"/><min value="1"/><max value="1"/><base><path value="BeReferralPrescription.validitionPeriod"/><min value="1"/><max value="1"/></base><type><code value="Period"/></type></element><element id="BeReferralPrescription.treatmentPeriod"><path value="BeReferralPrescription.treatmentPeriod"/><short value="When this prescription is executed, available after start of execution"/><definition value="When this prescription is executed, available after start of execution"/><min value="0"/><max value="1"/><base><path value="BeReferralPrescription.treatmentPeriod"/><min value="0"/><max value="1"/></base><type><code value="Period"/></type></element><element id="BeReferralPrescription.treatmentValidationEndDate"><path value="BeReferralPrescription.treatmentValidationEndDate"/><short value="The latest moment to end this treatment"/><definition value="The latest moment to end this treatment"/><min value="0"/><max value="1"/><base><path value="BeReferralPrescription.treatmentValidationEndDate"/><min value="0"/><max value="1"/></base><type><code value="dateTime"/></type></element><element id="BeReferralPrescription.creationEndDate"><path value="BeReferralPrescription.creationEndDate"/><short value="The prescription must have left the draft status before"/><definition value="The prescription must have left the draft status before"/><min value="0"/><max value="1"/><base><path value="BeReferralPrescription.creationEndDate"/><min value="0"/><max value="1"/></base><type><code value="dateTime"/></type></element><element id="BeReferralPrescription.intendedPerformer"><path value="BeReferralPrescription.intendedPerformer"/><short value="The intended provider, i.e. who is expected to perform the procedure - a specific person or a speciality"/><definition value="The intended provider, i.e. who is expected to perform the procedure - a specific person or a speciality"/><min value="0"/><max value="*"/><base><path value="BeReferralPrescription.intendedPerformer"/><min value="0"/><max value="*"/></base><type><code value="BackboneElement"/></type></element><element id="BeReferralPrescription.intendedPerformer.performer"><path value="BeReferralPrescription.intendedPerformer.performer"/><short value="A reference to the provider party (e.g. a NIHDI number for a healthcare professional, a SSIN or only a displaystring for a non professional caregiver,...)"/><definition value="A reference to the provider party (e.g. a NIHDI number for a healthcare professional, a SSIN or only a displaystring for a non professional caregiver,...)"/><min value="0"/><max value="*"/><base><path value="BeReferralPrescription.intendedPerformer.performer"/><min value="0"/><max value="*"/></base><type><code value="Reference"/></type></element><element id="BeReferralPrescription.intendedPerformer.discipline"><path value="BeReferralPrescription.intendedPerformer.discipline"/><short value="The required discipline of the provider party"/><definition value="The required discipline of the provider party"/><min value="1"/><max value="1"/><base><path value="BeReferralPrescription.intendedPerformer.discipline"/><min value="1"/><max value="1"/></base><type><code value="CodeableConcept"/></type></element><element id="BeReferralPrescription.intendedPerformer.period"><path value="BeReferralPrescription.intendedPerformer.period"/><short value="Start and enddate for the particular provider"/><definition value="Start and enddate for the particular provider"/><min value="1"/><max value="1"/><base><path value="BeReferralPrescription.intendedPerformer.period"/><min value="1"/><max value="1"/></base><type><code value="Period"/></type></element><element id="BeReferralPrescription.intendedPerformer.organization"><path value="BeReferralPrescription.intendedPerformer.organization"/><short value="Reference to an organization that will add the performer"/><definition value="Reference to an organization that will add the performer"/><min value="0"/><max value="1"/><base><path value="BeReferralPrescription.intendedPerformer.organization"/><min value="0"/><max value="1"/></base><type><code value="Reference"/></type></element><element id="BeReferralPrescription.toBePerformedAfter"><path value="BeReferralPrescription.toBePerformedAfter"/><short value="The current prescription should be performed after this one"/><definition value="The current prescription should be performed after this one"/><min value="0"/><max value="1"/><base><path value="BeReferralPrescription.toBePerformedAfter"/><min value="0"/><max value="1"/></base><type><code value="Reference"/></type></element><element id="BeReferralPrescription.serviceRequested"><path value="BeReferralPrescription.serviceRequested"/><short value="What is prescribed"/><definition value="What is prescribed"/><min value="1"/><max value="1"/><base><path value="BeReferralPrescription.serviceRequested"/><min value="1"/><max value="1"/></base><type><code value="CodeableConcept"/></type></element><element id="BeReferralPrescription.problemCode"><path value="BeReferralPrescription.problemCode"/><short value="The problem (code or reference) that is the main reason for this prescription"/><definition value="The problem (code or reference) that is the main reason for this prescription"/><min value="1"/><max value="1"/><base><path value="BeReferralPrescription.problemCode"/><min value="1"/><max value="1"/></base><type><code value="Reference"/></type></element><element id="BeReferralPrescription.supportingInfo"><path value="BeReferralPrescription.supportingInfo"/><short value="Care Set Problem"/><definition value="Care Set Problem"/><min value="0"/><max value="1"/><base><path value="BeReferralPrescription.supportingInfo"/><min value="0"/><max value="1"/></base><type><code value="Reference"/></type></element><element id="BeReferralPrescription.resultReceiver"><path value="BeReferralPrescription.resultReceiver"/><short value="True if the prescriber wants feedback. Other caregivers can be mentioned in the note"/><definition value="True if the prescriber wants feedback. Other caregivers can be mentioned in the note"/><min value="0"/><max value="1"/><base><path value="BeReferralPrescription.resultReceiver"/><min value="0"/><max value="1"/></base><type><code value="boolean"/></type></element><element id="BeReferralPrescription.status"><path value="BeReferralPrescription.status"/><short value="Current status"/><definition value="Current status"/><min value="0"/><max value="1"/><base><path value="BeReferralPrescription.status"/><min value="0"/><max value="1"/></base><type><code value="code"/></type><binding><strength value="required"/><valueSet value="http://hl7.org/fhir/ValueSet/request-status"/></binding></element><element id="BeReferralPrescription.statusReason"><path value="BeReferralPrescription.statusReason"/><short value="Reason current status"/><definition value="Reason current status"/><min value="0"/><max value="1"/><base><path value="BeReferralPrescription.statusReason"/><min value="0"/><max value="1"/></base><type><code value="CodeableConcept"/></type></element><element id="BeReferralPrescription.treatmentStatus"><path value="BeReferralPrescription.treatmentStatus"/><short value="Status of the treatment"/><definition value="Status of the treatment"/><min value="0"/><max value="1"/><base><path value="BeReferralPrescription.treatmentStatus"/><min value="0"/><max value="1"/></base><type><code value="CodeableConcept"/></type></element><element id="BeReferralPrescription.treatmentStatusReason"><path value="BeReferralPrescription.treatmentStatusReason"/><short value="Reason treatment status"/><definition value="Reason treatment status"/><min value="0"/><max value="1"/><base><path value="BeReferralPrescription.treatmentStatusReason"/><min value="0"/><max value="1"/></base><type><code value="CodeableConcept"/></type></element><element id="BeReferralPrescription.bodyLocation"><path value="BeReferralPrescription.bodyLocation"/><short value="Place where the treatment should be executed"/><definition value="Place where the treatment should be executed"/><min value="0"/><max value="*"/><base><path value="BeReferralPrescription.bodyLocation"/><min value="0"/><max value="*"/></base><type><code value="BackboneElement"/></type></element><element id="BeReferralPrescription.bodyLocation.bodySite"><path value="BeReferralPrescription.bodyLocation.bodySite"/><short value="Anatomical place where the treatment should be executed"/><definition value="Anatomical place where the treatment should be executed"/><min value="0"/><max value="1"/><base><path value="BeReferralPrescription.bodyLocation.bodySite"/><min value="0"/><max value="1"/></base><type><code value="CodeableConcept"/></type></element><element id="BeReferralPrescription.bodyLocation.bodyLaterality"><path value="BeReferralPrescription.bodyLocation.bodyLaterality"/><short value="Side of the body"/><definition value="Side of the body"/><min value="0"/><max value="1"/><base><path value="BeReferralPrescription.bodyLocation.bodyLaterality"/><min value="0"/><max value="1"/></base><type><code value="CodeableConcept"/></type></element><element id="BeReferralPrescription.note"><path value="BeReferralPrescription.note"/><short value="Additional text notes about the request."/><definition value="Additional text notes about the request."/><min value="0"/><max value="*"/><base><path value="BeReferralPrescription.note"/><min value="0"/><max value="*"/></base><type><code value="Annotation"/></type></element><element id="BeReferralPrescription.intent"><path value="BeReferralPrescription.intent"/><short value="Proposal, Prolongation, Prescription"/><definition value="Proposal, Prolongation, Prescription"/><min value="1"/><max value="1"/><base><path value="BeReferralPrescription.intent"/><min value="1"/><max value="1"/></base><type><code value="code"/></type></element></snapshot><differential><element id="BeReferralPrescription"><path value="BeReferralPrescription"/><definition value="Logical model describing the model for the prescription referral. This draft is used in the HL7 Belgian workgroup for referral."/></element><element id="BeReferralPrescription.recordedDate"><path value="BeReferralPrescription.recordedDate"/><short value="When this prescription was created"/><definition value="When this prescription was created"/><min value="1"/><max value="1"/><type><code value="dateTime"/></type></element><element id="BeReferralPrescription.recorder"><path value="BeReferralPrescription.recorder"/><short value="The person who is responsable for the content, not necessarily the person who entered the content. This is either the prescriber, a co-prescriber or a performer"/><definition value="The person who is responsable for the content, not necessarily the person who entered the content. This is either the prescriber, a co-prescriber or a performer"/><min value="1"/><max value="1"/><type><code value="Reference"/></type></element><element id="BeReferralPrescription.prescriber"><path value="BeReferralPrescription.prescriber"/><short value="The prescribing healthcare party"/><definition value="The prescribing healthcare party"/><min value="1"/><max value="1"/><type><code value="Reference"/></type></element><element id="BeReferralPrescription.co-prescriber"><path value="BeReferralPrescription.co-prescriber"/><short value="Information about co prescribers"/><definition value="Information about co prescribers"/><min value="0"/><max value="*"/><type><code value="BackboneElement"/></type></element><element id="BeReferralPrescription.co-prescriber.co-prescriber"><path value="BeReferralPrescription.co-prescriber.co-prescriber"/><short value="The co-prescriber party"/><definition value="The co-prescriber party"/><min value="0"/><max value="1"/><type><code value="Reference"/></type></element><element id="BeReferralPrescription.co-prescriber.co-prescriberType"><path value="BeReferralPrescription.co-prescriber.co-prescriberType"/><short value="Type of the practitioner"/><definition value="Type of the practitioner"/><min value="0"/><max value="1"/><type><code value="code"/></type></element><element id="BeReferralPrescription.co-prescriber.status"><path value="BeReferralPrescription.co-prescriber.status"/><short value="Status of co prescribing status (to sign, signed or refused)"/><definition value="Status of co prescribing status (to sign, signed or refused)"/><min value="0"/><max value="1"/><type><code value="code"/></type></element><element id="BeReferralPrescription.patient"><path value="BeReferralPrescription.patient"/><short value="The SSIN of the person for which the referral is prescribed."/><definition value="The SSIN of the person for which the referral is prescribed."/><min value="1"/><max value="1"/><type><code value="Reference"/></type></element><element id="BeReferralPrescription.prescriptionNumber"><path value="BeReferralPrescription.prescriptionNumber"/><short value="An identifier for the ReferralPrescription, e.g. the UHMEP identifier, once available"/><definition value="An identifier for the ReferralPrescription, e.g. the UHMEP identifier, once available"/><min value="0"/><max value="1"/><type><code value="Identifier"/></type></element><element id="BeReferralPrescription.ppsNumber"><path value="BeReferralPrescription.ppsNumber"/><short value="An identifier for the Prescription Proposal Support"/><definition value="An identifier for the Prescription Proposal Support"/><min value="0"/><max value="1"/><type><code value="Identifier"/></type></element><element id="BeReferralPrescription.ppsRejectionReason"><path value="BeReferralPrescription.ppsRejectionReason"/><short value="Reason for not following the PPS suggestion"/><definition value="Reason for not following the PPS suggestion"/><min value="0"/><max value="1"/><type><code value="Annotation"/></type></element><element id="BeReferralPrescription.requisition"><path value="BeReferralPrescription.requisition"/><short value="An identifier for the bundle this prescription belongs to. The type of bundle can be indicated in the type of the identifier"/><definition value="An identifier for the bundle this prescription belongs to. The type of bundle can be indicated in the type of the identifier"/><min value="0"/><max value="1"/><type><code value="Identifier"/></type></element><element id="BeReferralPrescription.basedOn"><path value="BeReferralPrescription.basedOn"/><short value="The original request or prescription triggered this prescription"/><definition value="The original request or prescription that is the reason for this request - for example when a detailed request is created by a broader request."/><min value="0"/><max value="*"/><type><code value="Reference"/></type></element><element id="BeReferralPrescription.validitionPeriod"><path value="BeReferralPrescription.validitionPeriod"/><short value="Period of validity of prescription"/><definition value="Period of validity of prescription"/><min value="1"/><max value="1"/><type><code value="Period"/></type></element><element id="BeReferralPrescription.treatmentPeriod"><path value="BeReferralPrescription.treatmentPeriod"/><short value="When this prescription is executed, available after start of execution"/><definition value="When this prescription is executed, available after start of execution"/><min value="0"/><max value="1"/><type><code value="Period"/></type></element><element id="BeReferralPrescription.treatmentValidationEndDate"><path value="BeReferralPrescription.treatmentValidationEndDate"/><short value="The latest moment to end this treatment"/><definition value="The latest moment to end this treatment"/><min value="0"/><max value="1"/><type><code value="dateTime"/></type></element><element id="BeReferralPrescription.creationEndDate"><path value="BeReferralPrescription.creationEndDate"/><short value="The prescription must have left the draft status before"/><definition value="The prescription must have left the draft status before"/><min value="0"/><max value="1"/><type><code value="dateTime"/></type></element><element id="BeReferralPrescription.intendedPerformer"><path value="BeReferralPrescription.intendedPerformer"/><short value="The intended provider, i.e. who is expected to perform the procedure - a specific person or a speciality"/><definition value="The intended provider, i.e. who is expected to perform the procedure - a specific person or a speciality"/><min value="0"/><max value="*"/><type><code value="BackboneElement"/></type></element><element id="BeReferralPrescription.intendedPerformer.performer"><path value="BeReferralPrescription.intendedPerformer.performer"/><short value="A reference to the provider party (e.g. a NIHDI number for a healthcare professional, a SSIN or only a displaystring for a non professional caregiver,...)"/><definition value="A reference to the provider party (e.g. a NIHDI number for a healthcare professional, a SSIN or only a displaystring for a non professional caregiver,...)"/><min value="0"/><max value="*"/><type><code value="Reference"/></type></element><element id="BeReferralPrescription.intendedPerformer.discipline"><path value="BeReferralPrescription.intendedPerformer.discipline"/><short value="The required discipline of the provider party"/><definition value="The required discipline of the provider party"/><min value="1"/><max value="1"/><type><code value="CodeableConcept"/></type></element><element id="BeReferralPrescription.intendedPerformer.period"><path value="BeReferralPrescription.intendedPerformer.period"/><short value="Start and enddate for the particular provider"/><definition value="Start and enddate for the particular provider"/><min value="1"/><max value="1"/><type><code value="Period"/></type></element><element id="BeReferralPrescription.intendedPerformer.organization"><path value="BeReferralPrescription.intendedPerformer.organization"/><short value="Reference to an organization that will add the performer"/><definition value="Reference to an organization that will add the performer"/><min value="0"/><max value="1"/><type><code value="Reference"/></type></element><element id="BeReferralPrescription.toBePerformedAfter"><path value="BeReferralPrescription.toBePerformedAfter"/><short value="The current prescription should be performed after this one"/><definition value="The current prescription should be performed after this one"/><min value="0"/><max value="1"/><type><code value="Reference"/></type></element><element id="BeReferralPrescription.serviceRequested"><path value="BeReferralPrescription.serviceRequested"/><short value="What is prescribed"/><definition value="What is prescribed"/><min value="1"/><max value="1"/><type><code value="CodeableConcept"/></type></element><element id="BeReferralPrescription.problemCode"><path value="BeReferralPrescription.problemCode"/><short value="The problem (code or reference) that is the main reason for this prescription"/><definition value="The problem (code or reference) that is the main reason for this prescription"/><min value="1"/><max value="1"/><type><code value="Reference"/></type></element><element id="BeReferralPrescription.supportingInfo"><path value="BeReferralPrescription.supportingInfo"/><short value="Care Set Problem"/><definition value="Care Set Problem"/><min value="0"/><max value="1"/><type><code value="Reference"/></type></element><element id="BeReferralPrescription.resultReceiver"><path value="BeReferralPrescription.resultReceiver"/><short value="True if the prescriber wants feedback. Other caregivers can be mentioned in the note"/><definition value="True if the prescriber wants feedback. Other caregivers can be mentioned in the note"/><min value="0"/><max value="1"/><type><code value="boolean"/></type></element><element id="BeReferralPrescription.status"><path value="BeReferralPrescription.status"/><short value="Current status"/><definition value="Current status"/><min value="0"/><max value="1"/><type><code value="code"/></type><binding><strength value="required"/><valueSet value="http://hl7.org/fhir/ValueSet/request-status"/></binding></element><element id="BeReferralPrescription.statusReason"><path value="BeReferralPrescription.statusReason"/><short value="Reason current status"/><definition value="Reason current status"/><min value="0"/><max value="1"/><type><code value="CodeableConcept"/></type></element><element id="BeReferralPrescription.treatmentStatus"><path value="BeReferralPrescription.treatmentStatus"/><short value="Status of the treatment"/><definition value="Status of the treatment"/><min value="0"/><max value="1"/><type><code value="CodeableConcept"/></type></element><element id="BeReferralPrescription.treatmentStatusReason"><path value="BeReferralPrescription.treatmentStatusReason"/><short value="Reason treatment status"/><definition value="Reason treatment status"/><min value="0"/><max value="1"/><type><code value="CodeableConcept"/></type></element><element id="BeReferralPrescription.bodyLocation"><path value="BeReferralPrescription.bodyLocation"/><short value="Place where the treatment should be executed"/><definition value="Place where the treatment should be executed"/><min value="0"/><max value="*"/><type><code value="BackboneElement"/></type></element><element id="BeReferralPrescription.bodyLocation.bodySite"><path value="BeReferralPrescription.bodyLocation.bodySite"/><short value="Anatomical place where the treatment should be executed"/><definition value="Anatomical place where the treatment should be executed"/><min value="0"/><max value="1"/><type><code value="CodeableConcept"/></type></element><element id="BeReferralPrescription.bodyLocation.bodyLaterality"><path value="BeReferralPrescription.bodyLocation.bodyLaterality"/><short value="Side of the body"/><definition value="Side of the body"/><min value="0"/><max value="1"/><type><code value="CodeableConcept"/></type></element><element id="BeReferralPrescription.note"><path value="BeReferralPrescription.note"/><short value="Additional text notes about the request."/><definition value="Additional text notes about the request."/><min value="0"/><max value="*"/><type><code value="Annotation"/></type></element><element id="BeReferralPrescription.intent"><path value="BeReferralPrescription.intent"/><short value="Proposal, Prolongation, Prescription"/><definition value="Proposal, Prolongation, Prescription"/><min value="1"/><max value="1"/><type><code value="code"/></type></element></differential></StructureDefinition>