<?xml version="1.0" encoding="UTF-8"?><StructureDefinition xmlns="http://hl7.org/fhir"><id value="be-model-physiotherapyprescription"/><text><status value="extensions"/><div xmlns="http://www.w3.org/1999/xhtml"><table border="0" cellpadding="0" cellspacing="0" style="border: 0px #F0F0F0 solid; font-size: 11px; font-family: verdana; vertical-align: top;"><tr style="border: 1px #F0F0F0 solid; font-size: 11px; font-family: verdana; vertical-align: top"><th style="vertical-align: top; text-align : left; background-color: white; border: 0px #F0F0F0 solid; padding:0px 4px 0px 4px" class="hierarchy"><a href="https://build.fhir.org/ig/FHIR/ig-guidance/readingIgs.html#table-views" title="The logical name of the element">Name</a></th><th style="vertical-align: top; text-align : left; background-color: white; border: 0px #F0F0F0 solid; padding:0px 4px 0px 4px" class="hierarchy"><a href="https://build.fhir.org/ig/FHIR/ig-guidance/readingIgs.html#table-views" title="Information about the use of the element">Flags</a></th><th style="vertical-align: top; text-align : left; background-color: white; border: 0px #F0F0F0 solid; padding:0px 4px 0px 4px" class="hierarchy"><a href="https://build.fhir.org/ig/FHIR/ig-guidance/readingIgs.html#table-views" title="Minimum and Maximum # of times the the element can appear in the instance">Card.</a></th><th style="width: 100px" class="hierarchy"><a href="https://build.fhir.org/ig/FHIR/ig-guidance/readingIgs.html#table-views" title="Reference to the type of the element">Type</a></th><th style="vertical-align: top; text-align : left; background-color: white; border: 0px #F0F0F0 solid; padding:0px 4px 0px 4px" class="hierarchy"><a href="https://build.fhir.org/ig/FHIR/ig-guidance/readingIgs.html#table-views" title="Additional information about the element">Description &amp; Constraints</a><span style="float: right"><a href="https://build.fhir.org/ig/FHIR/ig-guidance/readingIgs.html#table-views" title="Legend for this format"><img src="http://hl7.org/fhir/R4/help16.png" alt="doco" style="background-color: inherit"/></a></span></th></tr><tr style="border: 0px #F0F0F0 solid; padding:0px; vertical-align: top; background-color: white"><td style="vertical-align: top; text-align : left; background-color: white; border: 0px #F0F0F0 solid; padding:0px 4px 0px 4px; white-space: nowrap; background-image: url(tbl_bck1.png)" class="hierarchy"><img src="tbl_spacer.png" alt="." style="background-color: inherit" class="hierarchy"/><img src="icon_element.gif" alt="." style="background-color: white; background-color: inherit" title="Element" class="hierarchy"/> <a href="StructureDefinition-be-model-physiotherapyprescription-definitions.html#BePhysiotherapyPrescription">BePhysiotherapyPrescription</a><a name="BePhysiotherapyPrescription"> </a></td><td style="vertical-align: top; text-align : left; background-color: white; border: 0px #F0F0F0 solid; padding:0px 4px 0px 4px" class="hierarchy"/><td style="vertical-align: top; text-align : left; background-color: white; border: 0px #F0F0F0 solid; padding:0px 4px 0px 4px" class="hierarchy"><span style="opacity: 0.5">0</span><span style="opacity: 0.5">..</span><span style="opacity: 0.5">*</span></td><td style="vertical-align: top; text-align : left; background-color: white; border: 0px #F0F0F0 solid; padding:0px 4px 0px 4px" class="hierarchy"><a href="StructureDefinition-be-model-referralprescription.html">BeModelReferralPrescription</a></td><td style="vertical-align: top; text-align : left; background-color: white; border: 0px #F0F0F0 solid; padding:0px 4px 0px 4px" class="hierarchy"><span style="opacity: 0.5">Base for all elements</span></td></tr>
<tr style="border: 0px #F0F0F0 solid; padding:0px; vertical-align: top; background-color: #F7F7F7"><td style="vertical-align: top; text-align : left; background-color: #F7F7F7; border: 0px #F0F0F0 solid; padding:0px 4px 0px 4px; white-space: nowrap; background-image: url(tbl_bck00.png)" class="hierarchy"><img src="tbl_spacer.png" alt="." style="background-color: inherit" class="hierarchy"/><img src="tbl_vjoin_end.png" alt="." style="background-color: inherit" class="hierarchy"/><img src="icon_primitive.png" alt="." style="background-color: #F7F7F7; background-color: inherit" title="Primitive Data Type" class="hierarchy"/> <a href="StructureDefinition-be-model-physiotherapyprescription-definitions.html#BePhysiotherapyPrescription.numberOfSessions" title="Number of pt sessions that are prescribed">numberOfSessions</a><a name="BePhysiotherapyPrescription.numberOfSessions"> </a></td><td style="vertical-align: top; text-align : left; background-color: #F7F7F7; border: 0px #F0F0F0 solid; padding:0px 4px 0px 4px" class="hierarchy"/><td style="vertical-align: top; text-align : left; background-color: #F7F7F7; border: 0px #F0F0F0 solid; padding:0px 4px 0px 4px" class="hierarchy">0..1</td><td style="vertical-align: top; text-align : left; background-color: #F7F7F7; border: 0px #F0F0F0 solid; padding:0px 4px 0px 4px" class="hierarchy"><a href="http://hl7.org/fhir/R4/datatypes.html#integer">integer</a></td><td style="vertical-align: top; text-align : left; background-color: #F7F7F7; border: 0px #F0F0F0 solid; padding:0px 4px 0px 4px" class="hierarchy">Number of pt sessions that are prescribed</td></tr>
<tr><td colspan="5" class="hierarchy"><br/><a href="https://build.fhir.org/ig/FHIR/ig-guidance/readingIgs.html#table-views" title="Legend for this format"><img src="http://hl7.org/fhir/R4/help16.png" alt="doco" style="background-color: inherit"/> Documentation for this format</a></td></tr></table></div></text><url value="https://www.ehealth.fgov.be/standards/fhir/referral/StructureDefinition/be-model-physiotherapyprescription"/><version value="1.0.0"/><name value="BePhysiotherapyPrescription"/><status value="draft"/><date value="2021-10-07T15:14:36+02:00"/><publisher value="HL7 Belgium"/><contact><name value="HL7 Belgium"/><telecom><system value="url"/><value value="http://hl7belgium.org"/></telecom></contact><contact><name value="Message-Structure"/><telecom><system value="email"/><value value="message-structure@ehealth.fgov.be"/><use value="work"/></telecom></contact><jurisdiction><coding><system value="urn:iso:std:iso:3166"/><code value="BE"/><display value="Belgium"/></coding></jurisdiction><fhirVersion value="4.0.1"/><mapping><identity value="rim"/><uri value="http://hl7.org/v3"/><name value="RIM Mapping"/></mapping><kind value="logical"/><abstract value="false"/><type value="BePhysiotherapyPrescription"/><baseDefinition value="https://www.ehealth.fgov.be/standards/fhir/referral/StructureDefinition/be-model-referralprescription"/><derivation value="specialization"/><snapshot><element id="BePhysiotherapyPrescription"><path value="BePhysiotherapyPrescription"/><short value="Base for all elements"/><definition value="Logical model describing the model for the prescription referral. This draft is used in the HL7 Belgian workgroup for referral."/><min value="0"/><max value="*"/><base><path value="Element"/><min value="0"/><max value="*"/></base><condition value="ele-1"/><isModifier value="false"/><mapping><identity value="rim"/><map value="n/a"/></mapping></element><element id="BePhysiotherapyPrescription.id"><path value="BePhysiotherapyPrescription.id"/><representation value="xmlAttr"/><short value="Unique id for inter-element referencing"/><definition value="Unique id for the element within a resource (for internal references). This may be any string value that does not contain spaces."/><min value="0"/><max value="1"/><base><path value="Element.id"/><min value="0"/><max value="1"/></base><type><extension url="http://hl7.org/fhir/StructureDefinition/structuredefinition-fhir-type"><valueUrl value="string"/></extension><code value="http://hl7.org/fhirpath/System.String"/></type><isModifier value="false"/><isSummary value="false"/><mapping><identity value="rim"/><map value="n/a"/></mapping></element><element id="BePhysiotherapyPrescription.extension"><path value="BePhysiotherapyPrescription.extension"/><slicing><discriminator><type value="value"/><path value="url"/></discriminator><description value="Extensions are always sliced by (at least) url"/><rules value="open"/></slicing><short value="Additional content defined by implementations"/><definition value="May be used to represent additional information that is not part of the basic definition of the element. To make the use of extensions safe and manageable, there is a strict set of governance  applied to the definition and use of extensions. Though any implementer can define an extension, there is a set of requirements that SHALL be met as part of the definition of the extension."/><comment value="There can be no stigma associated with the use of extensions by any application, project, or standard - regardless of the institution or jurisdiction that uses or defines the extensions.  The use of extensions is what allows the FHIR specification to retain a core level of simplicity for everyone."/><alias value="extensions"/><alias value="user content"/><min value="0"/><max value="*"/><base><path value="Element.extension"/><min value="0"/><max value="*"/></base><type><code value="Extension"/></type><constraint><key value="ele-1"/><severity value="error"/><human value="All FHIR elements must have a @value or children"/><expression value="hasValue() or (children().count() &gt; id.count())"/><xpath value="@value|f:*|h:div"/><source value="http://hl7.org/fhir/StructureDefinition/Element"/></constraint><constraint><key value="ext-1"/><severity value="error"/><human value="Must have either extensions or value[x], not both"/><expression value="extension.exists() != value.exists()"/><xpath value="exists(f:extension)!=exists(f:*[starts-with(local-name(.), &quot;value&quot;)])"/><source value="http://hl7.org/fhir/StructureDefinition/Extension"/></constraint><isModifier value="false"/><isSummary value="false"/><mapping><identity value="rim"/><map value="n/a"/></mapping></element><element id="BePhysiotherapyPrescription.recordedDate"><path value="BePhysiotherapyPrescription.recordedDate"/><short value="When this prescription was created"/><definition value="When this prescription was created"/><min value="1"/><max value="1"/><base><path value="BeReferralPrescription.recordedDate"/><min value="1"/><max value="1"/></base><type><code value="dateTime"/></type></element><element id="BePhysiotherapyPrescription.recorder"><path value="BePhysiotherapyPrescription.recorder"/><short value="The person who is responsable for the content, not necessarily the person who entered the content. This is either the prescriber, a co-prescriber or a performer"/><definition value="The person who is responsable for the content, not necessarily the person who entered the content. This is either the prescriber, a co-prescriber or a performer"/><min value="1"/><max value="1"/><base><path value="BeReferralPrescription.recorder"/><min value="1"/><max value="1"/></base><type><code value="Reference"/></type></element><element id="BePhysiotherapyPrescription.prescriber"><path value="BePhysiotherapyPrescription.prescriber"/><short value="The prescribing healthcare party"/><definition value="The prescribing healthcare party"/><min value="1"/><max value="1"/><base><path value="BeReferralPrescription.prescriber"/><min value="1"/><max value="1"/></base><type><code value="Reference"/></type></element><element id="BePhysiotherapyPrescription.co-prescriberNumber"><path value="BePhysiotherapyPrescription.co-prescriberNumber"/><short value="Number of co-prescribers that must sign the prescription to activate it"/><definition value="Number of co-prescribers that must sign the prescription to activate it"/><min value="1"/><max value="1"/><base><path value="BeReferralPrescription.co-prescriberNumber"/><min value="1"/><max value="1"/></base><type><code value="positiveInt"/></type></element><element id="BePhysiotherapyPrescription.co-prescriber"><path value="BePhysiotherapyPrescription.co-prescriber"/><short value="Information about co prescribers"/><definition value="Information about co prescribers"/><min value="0"/><max value="*"/><base><path value="BeReferralPrescription.co-prescriber"/><min value="0"/><max value="*"/></base><type><code value="BackboneElement"/></type><constraint><key value="ele-1"/><severity value="error"/><human value="All FHIR elements must have a @value or children"/><expression value="hasValue() or (children().count() &gt; id.count())"/><xpath value="@value|f:*|h:div"/><source value="http://hl7.org/fhir/StructureDefinition/Element"/></constraint></element><element id="BePhysiotherapyPrescription.co-prescriber.id"><path value="BePhysiotherapyPrescription.co-prescriber.id"/><representation value="xmlAttr"/><short value="Unique id for inter-element referencing"/><definition value="Unique id for the element within a resource (for internal references). This may be any string value that does not contain spaces."/><min value="0"/><max value="1"/><base><path value="Element.id"/><min value="0"/><max value="1"/></base><type><extension url="http://hl7.org/fhir/StructureDefinition/structuredefinition-fhir-type"><valueUrl value="string"/></extension><code value="http://hl7.org/fhirpath/System.String"/></type><isModifier value="false"/><isSummary value="false"/><mapping><identity value="rim"/><map value="n/a"/></mapping></element><element id="BePhysiotherapyPrescription.co-prescriber.extension"><path value="BePhysiotherapyPrescription.co-prescriber.extension"/><slicing><discriminator><type value="value"/><path value="url"/></discriminator><description value="Extensions are always sliced by (at least) url"/><rules value="open"/></slicing><short value="Additional content defined by implementations"/><definition value="May be used to represent additional information that is not part of the basic definition of the element. To make the use of extensions safe and manageable, there is a strict set of governance  applied to the definition and use of extensions. Though any implementer can define an extension, there is a set of requirements that SHALL be met as part of the definition of the extension."/><comment value="There can be no stigma associated with the use of extensions by any application, project, or standard - regardless of the institution or jurisdiction that uses or defines the extensions.  The use of extensions is what allows the FHIR specification to retain a core level of simplicity for everyone."/><alias value="extensions"/><alias value="user content"/><min value="0"/><max value="*"/><base><path value="Element.extension"/><min value="0"/><max value="*"/></base><type><code value="Extension"/></type><constraint><key value="ele-1"/><severity value="error"/><human value="All FHIR elements must have a @value or children"/><expression value="hasValue() or (children().count() &gt; id.count())"/><xpath value="@value|f:*|h:div"/><source value="http://hl7.org/fhir/StructureDefinition/Element"/></constraint><constraint><key value="ext-1"/><severity value="error"/><human value="Must have either extensions or value[x], not both"/><expression value="extension.exists() != value.exists()"/><xpath value="exists(f:extension)!=exists(f:*[starts-with(local-name(.), &quot;value&quot;)])"/><source value="http://hl7.org/fhir/StructureDefinition/Extension"/></constraint><isModifier value="false"/><isSummary value="false"/><mapping><identity value="rim"/><map value="n/a"/></mapping></element><element id="BePhysiotherapyPrescription.co-prescriber.modifierExtension"><path value="BePhysiotherapyPrescription.co-prescriber.modifierExtension"/><short value="Extensions that cannot be ignored even if unrecognized"/><definition value="May be used to represent additional information that is not part of the basic definition of the element and that modifies the understanding of the element in which it is contained and/or the understanding of the containing element's descendants. Usually modifier elements provide negation or qualification. To make the use of extensions safe and manageable, there is a strict set of governance applied to the definition and use of extensions. Though any implementer can define an extension, there is a set of requirements that SHALL be met as part of the definition of the extension. Applications processing a resource are required to check for modifier extensions.&#xA;&#xA;Modifier extensions SHALL NOT change the meaning of any elements on Resource or DomainResource (including cannot change the meaning of modifierExtension itself)."/><comment value="There can be no stigma associated with the use of extensions by any application, project, or standard - regardless of the institution or jurisdiction that uses or defines the extensions.  The use of extensions is what allows the FHIR specification to retain a core level of simplicity for everyone."/><requirements value="Modifier extensions allow for extensions that *cannot* be safely ignored to be clearly distinguished from the vast majority of extensions which can be safely ignored.  This promotes interoperability by eliminating the need for implementers to prohibit the presence of extensions. For further information, see the [definition of modifier extensions](http://hl7.org/fhir/R4/extensibility.html#modifierExtension)."/><alias value="extensions"/><alias value="user content"/><alias value="modifiers"/><min value="0"/><max value="*"/><base><path value="BackboneElement.modifierExtension"/><min value="0"/><max value="*"/></base><type><code value="Extension"/></type><constraint><key value="ele-1"/><severity value="error"/><human value="All FHIR elements must have a @value or children"/><expression value="hasValue() or (children().count() &gt; id.count())"/><xpath value="@value|f:*|h:div"/><source value="http://hl7.org/fhir/StructureDefinition/Element"/></constraint><constraint><key value="ext-1"/><severity value="error"/><human value="Must have either extensions or value[x], not both"/><expression value="extension.exists() != value.exists()"/><xpath value="exists(f:extension)!=exists(f:*[starts-with(local-name(.), &quot;value&quot;)])"/><source value="http://hl7.org/fhir/StructureDefinition/Extension"/></constraint><isModifier value="true"/><isModifierReason value="Modifier extensions are expected to modify the meaning or interpretation of the element that contains them"/><isSummary value="true"/><mapping><identity value="rim"/><map value="N/A"/></mapping></element><element id="BePhysiotherapyPrescription.co-prescriber.co-prescriber"><path value="BePhysiotherapyPrescription.co-prescriber.co-prescriber"/><short value="The co-prescriber party"/><definition value="The co-prescriber party"/><min value="0"/><max value="1"/><base><path value="BeReferralPrescription.co-prescriber.co-prescriber"/><min value="0"/><max value="1"/></base><type><code value="Reference"/></type></element><element id="BePhysiotherapyPrescription.co-prescriber.co-prescriberType"><path value="BePhysiotherapyPrescription.co-prescriber.co-prescriberType"/><short value="Type of the practitioner"/><definition value="Type of the practitioner"/><min value="1"/><max value="1"/><base><path value="BeReferralPrescription.co-prescriber.co-prescriberType"/><min value="1"/><max value="1"/></base><type><code value="code"/></type></element><element id="BePhysiotherapyPrescription.co-prescriber.status"><path value="BePhysiotherapyPrescription.co-prescriber.status"/><short value="Status of co prescribing status (to sign, signed or refused)"/><definition value="Status of co prescribing status (to sign, signed or refused)"/><min value="0"/><max value="1"/><base><path value="BeReferralPrescription.co-prescriber.status"/><min value="0"/><max value="1"/></base><type><code value="code"/></type></element><element id="BePhysiotherapyPrescription.co-prescriber.required"><path value="BePhysiotherapyPrescription.co-prescriber.required"/><short value="Type of mandatory for the signature of the co-prescriber (1= required: the co-prescriber SHALL sign to make the prescription valid, 2= conditionally required: the co-prescriber SHALL sign if the number of co-prescribers with a signature is lower than the number in co-prescriber number 3= optional: the signature does not affect the validity of the prescription, but is for information only"/><definition value="Type of mandatory for the signature of the co-prescriber (1= required: the co-prescriber SHALL sign to make the prescription valid, 2= conditionally required: the co-prescriber SHALL sign if the number of co-prescribers with a signature is lower than the number in co-prescriber number 3= optional: the signature does not affect the validity of the prescription, but is for information only"/><min value="1"/><max value="1"/><base><path value="BeReferralPrescription.co-prescriber.required"/><min value="1"/><max value="1"/></base><type><code value="positiveInt"/></type></element><element id="BePhysiotherapyPrescription.patient"><path value="BePhysiotherapyPrescription.patient"/><short value="The SSIN of the person for which the referral is prescribed."/><definition value="The SSIN of the person for which the referral is prescribed."/><min value="1"/><max value="1"/><base><path value="BeReferralPrescription.patient"/><min value="1"/><max value="1"/></base><type><code value="Reference"/></type></element><element id="BePhysiotherapyPrescription.prescriptionNumber"><path value="BePhysiotherapyPrescription.prescriptionNumber"/><short value="An identifier for the ReferralPrescription, e.g. the UHMEP identifier, once available"/><definition value="An identifier for the ReferralPrescription, e.g. the UHMEP identifier, once available"/><min value="1"/><max value="1"/><base><path value="BeReferralPrescription.prescriptionNumber"/><min value="1"/><max value="1"/></base><type><code value="Identifier"/></type></element><element id="BePhysiotherapyPrescription.pssNumber"><path value="BePhysiotherapyPrescription.pssNumber"/><short value="An identifier for the Prescription Search Support"/><definition value="An identifier for the Prescription Search Support"/><min value="0"/><max value="1"/><base><path value="BeReferralPrescription.pssNumber"/><min value="0"/><max value="1"/></base><type><code value="Identifier"/></type></element><element id="BePhysiotherapyPrescription.pssRejectionReason"><path value="BePhysiotherapyPrescription.pssRejectionReason"/><short value="Reason for not following the PSS suggestion"/><definition value="Reason for not following the PSS suggestion"/><min value="0"/><max value="1"/><base><path value="BeReferralPrescription.pssRejectionReason"/><min value="0"/><max value="1"/></base><type><code value="Annotation"/></type></element><element id="BePhysiotherapyPrescription.groupIdentifier"><path value="BePhysiotherapyPrescription.groupIdentifier"/><short value="An identifier for the bundle this prescription belongs to."/><min value="0"/><max value="1"/><base><path value="BeReferralPrescription.groupIdentifier"/><min value="0"/><max value="1"/></base><type><code value="positiveInt"/></type></element><element id="BePhysiotherapyPrescription.basedOn"><path value="BePhysiotherapyPrescription.basedOn"/><short value="The original request or prescription triggered this prescription"/><definition value="The original request or prescription that is the reason for this request - for example when a detailed request is created by a broader request."/><min value="0"/><max value="*"/><base><path value="BeReferralPrescription.basedOn"/><min value="0"/><max value="*"/></base><type><code value="Reference"/></type></element><element id="BePhysiotherapyPrescription.validitionPeriod"><path value="BePhysiotherapyPrescription.validitionPeriod"/><short value="Period of validity of prescription"/><definition value="Period of validity of prescription"/><min value="1"/><max value="1"/><base><path value="BeReferralPrescription.validitionPeriod"/><min value="1"/><max value="1"/></base><type><code value="Period"/></type></element><element id="BePhysiotherapyPrescription.treatmentPeriod"><path value="BePhysiotherapyPrescription.treatmentPeriod"/><short value="When this prescription is executed, available after start of execution"/><definition value="When this prescription is executed, available after start of execution"/><min value="0"/><max value="1"/><base><path value="BeReferralPrescription.treatmentPeriod"/><min value="0"/><max value="1"/></base><type><code value="Period"/></type></element><element id="BePhysiotherapyPrescription.treatmentValidationEndDate"><path value="BePhysiotherapyPrescription.treatmentValidationEndDate"/><short value="The latest moment to end this treatment"/><definition value="The latest moment to end this treatment"/><min value="0"/><max value="1"/><base><path value="BeReferralPrescription.treatmentValidationEndDate"/><min value="0"/><max value="1"/></base><type><code value="dateTime"/></type></element><element id="BePhysiotherapyPrescription.creationEndDate"><path value="BePhysiotherapyPrescription.creationEndDate"/><short value="The prescription must have left the draft status before"/><definition value="The prescription must have left the draft status before"/><min value="0"/><max value="1"/><base><path value="BeReferralPrescription.creationEndDate"/><min value="0"/><max value="1"/></base><type><code value="dateTime"/></type></element><element id="BePhysiotherapyPrescription.intendedPerformer"><path value="BePhysiotherapyPrescription.intendedPerformer"/><short value="The intended provider, i.e. who is expected to perform the procedure - a specific person or a speciality"/><definition value="The intended provider, i.e. who is expected to perform the procedure - a specific person or a speciality"/><min value="1"/><max value="*"/><base><path value="BeReferralPrescription.intendedPerformer"/><min value="1"/><max value="*"/></base><type><code value="BackboneElement"/></type><constraint><key value="ele-1"/><severity value="error"/><human value="All FHIR elements must have a @value or children"/><expression value="hasValue() or (children().count() &gt; id.count())"/><xpath value="@value|f:*|h:div"/><source value="http://hl7.org/fhir/StructureDefinition/Element"/></constraint></element><element id="BePhysiotherapyPrescription.intendedPerformer.id"><path value="BePhysiotherapyPrescription.intendedPerformer.id"/><representation value="xmlAttr"/><short value="Unique id for inter-element referencing"/><definition value="Unique id for the element within a resource (for internal references). This may be any string value that does not contain spaces."/><min value="0"/><max value="1"/><base><path value="Element.id"/><min value="0"/><max value="1"/></base><type><extension url="http://hl7.org/fhir/StructureDefinition/structuredefinition-fhir-type"><valueUrl value="string"/></extension><code value="http://hl7.org/fhirpath/System.String"/></type><isModifier value="false"/><isSummary value="false"/><mapping><identity value="rim"/><map value="n/a"/></mapping></element><element id="BePhysiotherapyPrescription.intendedPerformer.extension"><path value="BePhysiotherapyPrescription.intendedPerformer.extension"/><slicing><discriminator><type value="value"/><path value="url"/></discriminator><description value="Extensions are always sliced by (at least) url"/><rules value="open"/></slicing><short value="Additional content defined by implementations"/><definition value="May be used to represent additional information that is not part of the basic definition of the element. To make the use of extensions safe and manageable, there is a strict set of governance  applied to the definition and use of extensions. Though any implementer can define an extension, there is a set of requirements that SHALL be met as part of the definition of the extension."/><comment value="There can be no stigma associated with the use of extensions by any application, project, or standard - regardless of the institution or jurisdiction that uses or defines the extensions.  The use of extensions is what allows the FHIR specification to retain a core level of simplicity for everyone."/><alias value="extensions"/><alias value="user content"/><min value="0"/><max value="*"/><base><path value="Element.extension"/><min value="0"/><max value="*"/></base><type><code value="Extension"/></type><constraint><key value="ele-1"/><severity value="error"/><human value="All FHIR elements must have a @value or children"/><expression value="hasValue() or (children().count() &gt; id.count())"/><xpath value="@value|f:*|h:div"/><source value="http://hl7.org/fhir/StructureDefinition/Element"/></constraint><constraint><key value="ext-1"/><severity value="error"/><human value="Must have either extensions or value[x], not both"/><expression value="extension.exists() != value.exists()"/><xpath value="exists(f:extension)!=exists(f:*[starts-with(local-name(.), &quot;value&quot;)])"/><source value="http://hl7.org/fhir/StructureDefinition/Extension"/></constraint><isModifier value="false"/><isSummary value="false"/><mapping><identity value="rim"/><map value="n/a"/></mapping></element><element id="BePhysiotherapyPrescription.intendedPerformer.modifierExtension"><path value="BePhysiotherapyPrescription.intendedPerformer.modifierExtension"/><short value="Extensions that cannot be ignored even if unrecognized"/><definition value="May be used to represent additional information that is not part of the basic definition of the element and that modifies the understanding of the element in which it is contained and/or the understanding of the containing element's descendants. Usually modifier elements provide negation or qualification. To make the use of extensions safe and manageable, there is a strict set of governance applied to the definition and use of extensions. Though any implementer can define an extension, there is a set of requirements that SHALL be met as part of the definition of the extension. Applications processing a resource are required to check for modifier extensions.&#xA;&#xA;Modifier extensions SHALL NOT change the meaning of any elements on Resource or DomainResource (including cannot change the meaning of modifierExtension itself)."/><comment value="There can be no stigma associated with the use of extensions by any application, project, or standard - regardless of the institution or jurisdiction that uses or defines the extensions.  The use of extensions is what allows the FHIR specification to retain a core level of simplicity for everyone."/><requirements value="Modifier extensions allow for extensions that *cannot* be safely ignored to be clearly distinguished from the vast majority of extensions which can be safely ignored.  This promotes interoperability by eliminating the need for implementers to prohibit the presence of extensions. For further information, see the [definition of modifier extensions](http://hl7.org/fhir/R4/extensibility.html#modifierExtension)."/><alias value="extensions"/><alias value="user content"/><alias value="modifiers"/><min value="0"/><max value="*"/><base><path value="BackboneElement.modifierExtension"/><min value="0"/><max value="*"/></base><type><code value="Extension"/></type><constraint><key value="ele-1"/><severity value="error"/><human value="All FHIR elements must have a @value or children"/><expression value="hasValue() or (children().count() &gt; id.count())"/><xpath value="@value|f:*|h:div"/><source value="http://hl7.org/fhir/StructureDefinition/Element"/></constraint><constraint><key value="ext-1"/><severity value="error"/><human value="Must have either extensions or value[x], not both"/><expression value="extension.exists() != value.exists()"/><xpath value="exists(f:extension)!=exists(f:*[starts-with(local-name(.), &quot;value&quot;)])"/><source value="http://hl7.org/fhir/StructureDefinition/Extension"/></constraint><isModifier value="true"/><isModifierReason value="Modifier extensions are expected to modify the meaning or interpretation of the element that contains them"/><isSummary value="true"/><mapping><identity value="rim"/><map value="N/A"/></mapping></element><element id="BePhysiotherapyPrescription.intendedPerformer.performer"><path value="BePhysiotherapyPrescription.intendedPerformer.performer"/><short value="A reference to the provider party (e.g. a NIHDI number for a healthcare professional, a SSIN or only a displaystring for a non professional caregiver,...)"/><definition value="A reference to the provider party (e.g. a NIHDI number for a healthcare professional, a SSIN or only a displaystring for a non professional caregiver,...)"/><min value="0"/><max value="1"/><base><path value="BeReferralPrescription.intendedPerformer.performer"/><min value="0"/><max value="1"/></base><type><code value="Reference"/></type></element><element id="BePhysiotherapyPrescription.intendedPerformer.discipline"><path value="BePhysiotherapyPrescription.intendedPerformer.discipline"/><short value="The required discipline of the provider party"/><definition value="The required discipline of the provider party"/><min value="1"/><max value="1"/><base><path value="BeReferralPrescription.intendedPerformer.discipline"/><min value="1"/><max value="1"/></base><type><code value="CodeableConcept"/></type></element><element id="BePhysiotherapyPrescription.intendedPerformer.period"><path value="BePhysiotherapyPrescription.intendedPerformer.period"/><short value="Start and enddate for the particular provider"/><definition value="Start and enddate for the particular provider"/><min value="0"/><max value="1"/><base><path value="BeReferralPrescription.intendedPerformer.period"/><min value="0"/><max value="1"/></base><type><code value="Period"/></type></element><element id="BePhysiotherapyPrescription.intendedPerformer.organization"><path value="BePhysiotherapyPrescription.intendedPerformer.organization"/><short value="Reference to an organization that will add the performer"/><definition value="Reference to an organization that will add the performer"/><min value="0"/><max value="1"/><base><path value="BeReferralPrescription.intendedPerformer.organization"/><min value="0"/><max value="1"/></base><type><code value="Reference"/></type></element><element id="BePhysiotherapyPrescription.intendedPerformer.executionPeriod"><path value="BePhysiotherapyPrescription.intendedPerformer.executionPeriod"/><short value="Period in which the caregiver executes the treatment"/><definition value="Period in which the caregiver executes the treatment"/><min value="0"/><max value="1"/><base><path value="BeReferralPrescription.intendedPerformer.executionPeriod"/><min value="0"/><max value="1"/></base><type><code value="Period"/></type></element><element id="BePhysiotherapyPrescription.intendedPerformer.status"><path value="BePhysiotherapyPrescription.intendedPerformer.status"/><short value="Status of the action executed by the performer"/><definition value="Status of the action executed by the performer"/><min value="0"/><max value="1"/><base><path value="BeReferralPrescription.intendedPerformer.status"/><min value="0"/><max value="1"/></base><type><code value="code"/></type></element><element id="BePhysiotherapyPrescription.intendedPerformer.statusReason"><path value="BePhysiotherapyPrescription.intendedPerformer.statusReason"/><short value="The reason of the status of the action executed by the performer"/><definition value="The reason of the status of the action executed by the performer"/><min value="0"/><max value="1"/><base><path value="BeReferralPrescription.intendedPerformer.statusReason"/><min value="0"/><max value="1"/></base><type><code value="CodeableConcept"/></type></element><element id="BePhysiotherapyPrescription.serviceRequested"><path value="BePhysiotherapyPrescription.serviceRequested"/><short value="What is prescribed"/><definition value="What is prescribed"/><min value="1"/><max value="1"/><base><path value="BeReferralPrescription.serviceRequested"/><min value="1"/><max value="1"/></base><type><code value="CodeableConcept"/></type></element><element id="BePhysiotherapyPrescription.serviceRequestedDetail"><path value="BePhysiotherapyPrescription.serviceRequestedDetail"/><short value="More detailed specification of the prescribed act"/><definition value="More detailed specification of the prescribed act"/><min value="0"/><max value="1"/><base><path value="BeReferralPrescription.serviceRequestedDetail"/><min value="0"/><max value="1"/></base><type><code value="CodeableConcept"/></type></element><element id="BePhysiotherapyPrescription.problemCode"><path value="BePhysiotherapyPrescription.problemCode"/><short value="The problem (code or reference) that is the main reason for this prescription"/><definition value="The problem (code or reference) that is the main reason for this prescription"/><min value="0"/><max value="1"/><base><path value="BeReferralPrescription.problemCode"/><min value="0"/><max value="1"/></base><type><code value="Reference"/></type></element><element id="BePhysiotherapyPrescription.supportingInfo"><path value="BePhysiotherapyPrescription.supportingInfo"/><short value="Care Set Problem"/><definition value="Care Set Problem"/><min value="0"/><max value="1"/><base><path value="BeReferralPrescription.supportingInfo"/><min value="0"/><max value="1"/></base><type><code value="Reference"/></type></element><element id="BePhysiotherapyPrescription.resultReceiver"><path value="BePhysiotherapyPrescription.resultReceiver"/><short value="True if the prescriber wants feedback. Other caregivers can be mentioned in the note"/><definition value="True if the prescriber wants feedback. Other caregivers can be mentioned in the note"/><min value="1"/><max value="1"/><base><path value="BeReferralPrescription.resultReceiver"/><min value="1"/><max value="1"/></base><type><code value="boolean"/></type></element><element id="BePhysiotherapyPrescription.status"><path value="BePhysiotherapyPrescription.status"/><short value="Current status"/><definition value="Current status"/><min value="1"/><max value="1"/><base><path value="BeReferralPrescription.status"/><min value="1"/><max value="1"/></base><type><code value="code"/></type><binding><strength value="required"/><valueSet value="http://hl7.org/fhir/ValueSet/request-status"/></binding></element><element id="BePhysiotherapyPrescription.statusReason"><path value="BePhysiotherapyPrescription.statusReason"/><short value="Reason current status"/><definition value="Reason current status"/><min value="0"/><max value="1"/><base><path value="BeReferralPrescription.statusReason"/><min value="0"/><max value="1"/></base><type><code value="CodeableConcept"/></type></element><element id="BePhysiotherapyPrescription.treatmentStatus"><path value="BePhysiotherapyPrescription.treatmentStatus"/><short value="Status of the treatment"/><definition value="Status of the treatment"/><min value="0"/><max value="1"/><base><path value="BeReferralPrescription.treatmentStatus"/><min value="0"/><max value="1"/></base><type><code value="CodeableConcept"/></type></element><element id="BePhysiotherapyPrescription.treatmentStatusReason"><path value="BePhysiotherapyPrescription.treatmentStatusReason"/><short value="Reason treatment status"/><definition value="Reason treatment status"/><min value="0"/><max value="1"/><base><path value="BeReferralPrescription.treatmentStatusReason"/><min value="0"/><max value="1"/></base><type><code value="CodeableConcept"/></type></element><element id="BePhysiotherapyPrescription.bodyLocation"><path value="BePhysiotherapyPrescription.bodyLocation"/><short value="Place where the treatment should be executed"/><definition value="Place where the treatment should be executed"/><min value="0"/><max value="*"/><base><path value="BeReferralPrescription.bodyLocation"/><min value="0"/><max value="*"/></base><type><code value="BackboneElement"/></type><constraint><key value="ele-1"/><severity value="error"/><human value="All FHIR elements must have a @value or children"/><expression value="hasValue() or (children().count() &gt; id.count())"/><xpath value="@value|f:*|h:div"/><source value="http://hl7.org/fhir/StructureDefinition/Element"/></constraint></element><element id="BePhysiotherapyPrescription.bodyLocation.id"><path value="BePhysiotherapyPrescription.bodyLocation.id"/><representation value="xmlAttr"/><short value="Unique id for inter-element referencing"/><definition value="Unique id for the element within a resource (for internal references). This may be any string value that does not contain spaces."/><min value="0"/><max value="1"/><base><path value="Element.id"/><min value="0"/><max value="1"/></base><type><extension url="http://hl7.org/fhir/StructureDefinition/structuredefinition-fhir-type"><valueUrl value="string"/></extension><code value="http://hl7.org/fhirpath/System.String"/></type><isModifier value="false"/><isSummary value="false"/><mapping><identity value="rim"/><map value="n/a"/></mapping></element><element id="BePhysiotherapyPrescription.bodyLocation.extension"><path value="BePhysiotherapyPrescription.bodyLocation.extension"/><slicing><discriminator><type value="value"/><path value="url"/></discriminator><description value="Extensions are always sliced by (at least) url"/><rules value="open"/></slicing><short value="Additional content defined by implementations"/><definition value="May be used to represent additional information that is not part of the basic definition of the element. To make the use of extensions safe and manageable, there is a strict set of governance  applied to the definition and use of extensions. Though any implementer can define an extension, there is a set of requirements that SHALL be met as part of the definition of the extension."/><comment value="There can be no stigma associated with the use of extensions by any application, project, or standard - regardless of the institution or jurisdiction that uses or defines the extensions.  The use of extensions is what allows the FHIR specification to retain a core level of simplicity for everyone."/><alias value="extensions"/><alias value="user content"/><min value="0"/><max value="*"/><base><path value="Element.extension"/><min value="0"/><max value="*"/></base><type><code value="Extension"/></type><constraint><key value="ele-1"/><severity value="error"/><human value="All FHIR elements must have a @value or children"/><expression value="hasValue() or (children().count() &gt; id.count())"/><xpath value="@value|f:*|h:div"/><source value="http://hl7.org/fhir/StructureDefinition/Element"/></constraint><constraint><key value="ext-1"/><severity value="error"/><human value="Must have either extensions or value[x], not both"/><expression value="extension.exists() != value.exists()"/><xpath value="exists(f:extension)!=exists(f:*[starts-with(local-name(.), &quot;value&quot;)])"/><source value="http://hl7.org/fhir/StructureDefinition/Extension"/></constraint><isModifier value="false"/><isSummary value="false"/><mapping><identity value="rim"/><map value="n/a"/></mapping></element><element id="BePhysiotherapyPrescription.bodyLocation.modifierExtension"><path value="BePhysiotherapyPrescription.bodyLocation.modifierExtension"/><short value="Extensions that cannot be ignored even if unrecognized"/><definition value="May be used to represent additional information that is not part of the basic definition of the element and that modifies the understanding of the element in which it is contained and/or the understanding of the containing element's descendants. Usually modifier elements provide negation or qualification. To make the use of extensions safe and manageable, there is a strict set of governance applied to the definition and use of extensions. Though any implementer can define an extension, there is a set of requirements that SHALL be met as part of the definition of the extension. Applications processing a resource are required to check for modifier extensions.&#xA;&#xA;Modifier extensions SHALL NOT change the meaning of any elements on Resource or DomainResource (including cannot change the meaning of modifierExtension itself)."/><comment value="There can be no stigma associated with the use of extensions by any application, project, or standard - regardless of the institution or jurisdiction that uses or defines the extensions.  The use of extensions is what allows the FHIR specification to retain a core level of simplicity for everyone."/><requirements value="Modifier extensions allow for extensions that *cannot* be safely ignored to be clearly distinguished from the vast majority of extensions which can be safely ignored.  This promotes interoperability by eliminating the need for implementers to prohibit the presence of extensions. For further information, see the [definition of modifier extensions](http://hl7.org/fhir/R4/extensibility.html#modifierExtension)."/><alias value="extensions"/><alias value="user content"/><alias value="modifiers"/><min value="0"/><max value="*"/><base><path value="BackboneElement.modifierExtension"/><min value="0"/><max value="*"/></base><type><code value="Extension"/></type><constraint><key value="ele-1"/><severity value="error"/><human value="All FHIR elements must have a @value or children"/><expression value="hasValue() or (children().count() &gt; id.count())"/><xpath value="@value|f:*|h:div"/><source value="http://hl7.org/fhir/StructureDefinition/Element"/></constraint><constraint><key value="ext-1"/><severity value="error"/><human value="Must have either extensions or value[x], not both"/><expression value="extension.exists() != value.exists()"/><xpath value="exists(f:extension)!=exists(f:*[starts-with(local-name(.), &quot;value&quot;)])"/><source value="http://hl7.org/fhir/StructureDefinition/Extension"/></constraint><isModifier value="true"/><isModifierReason value="Modifier extensions are expected to modify the meaning or interpretation of the element that contains them"/><isSummary value="true"/><mapping><identity value="rim"/><map value="N/A"/></mapping></element><element id="BePhysiotherapyPrescription.bodyLocation.bodySite"><path value="BePhysiotherapyPrescription.bodyLocation.bodySite"/><short value="Anatomical place where the treatment should be executed"/><definition value="Anatomical place where the treatment should be executed"/><min value="0"/><max value="1"/><base><path value="BeReferralPrescription.bodyLocation.bodySite"/><min value="0"/><max value="1"/></base><type><code value="CodeableConcept"/></type></element><element id="BePhysiotherapyPrescription.bodyLocation.bodyLaterality"><path value="BePhysiotherapyPrescription.bodyLocation.bodyLaterality"/><short value="Side of the body"/><definition value="Side of the body"/><min value="0"/><max value="1"/><base><path value="BeReferralPrescription.bodyLocation.bodyLaterality"/><min value="0"/><max value="1"/></base><type><code value="CodeableConcept"/></type></element><element id="BePhysiotherapyPrescription.note"><path value="BePhysiotherapyPrescription.note"/><short value="Additional text notes about the request."/><definition value="Additional text notes about the request."/><min value="0"/><max value="*"/><base><path value="BeReferralPrescription.note"/><min value="0"/><max value="*"/></base><type><code value="Annotation"/></type></element><element id="BePhysiotherapyPrescription.prescriptionType"><path value="BePhysiotherapyPrescription.prescriptionType"/><short value="Proposal, Prolongation, Prescription"/><definition value="Proposal, Prolongation, Prescription"/><min value="1"/><max value="1"/><base><path value="BeReferralPrescription.prescriptionType"/><min value="1"/><max value="1"/></base><type><code value="code"/></type></element><element id="BePhysiotherapyPrescription.numberOfSessions"><path value="BePhysiotherapyPrescription.numberOfSessions"/><short value="Number of pt sessions that are prescribed"/><definition value="Number of pt sessions that are prescribed"/><min value="0"/><max value="1"/><base><path value="BePhysiotherapyPrescription.numberOfSessions"/><min value="0"/><max value="1"/></base><type><code value="integer"/></type></element></snapshot><differential><element id="BePhysiotherapyPrescription"><path value="BePhysiotherapyPrescription"/></element><element id="BePhysiotherapyPrescription.numberOfSessions"><path value="BePhysiotherapyPrescription.numberOfSessions"/><short value="Number of pt sessions that are prescribed"/><definition value="Number of pt sessions that are prescribed"/><min value="0"/><max value="1"/><type><code value="integer"/></type></element></differential></StructureDefinition>