<?xml version="1.0" encoding="UTF-8"?><ValueSet xmlns="http://hl7.org/fhir"><id value="be-vs-communication-method"/><text><status value="generated"/><div xmlns="http://www.w3.org/1999/xhtml"><p>This value set includes codes based on the following rules:</p><ul><li>Include all codes defined in <a href="CodeSystem-be-communication-code.html"><code>https://www.ehealth.fgov.be/standards/fhir/referral/CodeSystem/be-communication-code</code></a></li><li>Include all codes defined in <a href="http://hl7.org/fhir/R4/codesystem-contact-point-system.html"><code>http://hl7.org/fhir/contact-point-system</code></a></li></ul></div></text><url value="https://www.ehealth.fgov.be/standards/fhir/referral/ValueSet/be-vs-communication-method"/><version value="1.0.0"/><name value="BeCommunicationMethod"/><title value="BeCommunicationMethod"/><status value="draft"/><experimental value="false"/><date value="2022-05-03T10:04:16+02:00"/><publisher value="HL7 Belgium"/><contact><name value="HL7 Belgium"/><telecom><system value="url"/><value value="http://hl7belgium.org"/></telecom></contact><contact><name value="Message-Structure"/><telecom><system value="email"/><value value="message-structure@ehealth.fgov.be"/><use value="work"/></telecom></contact><description value="Codes to define a communication method."/><jurisdiction><coding><system value="urn:iso:std:iso:3166"/><code value="BE"/><display value="Belgium"/></coding></jurisdiction><compose><include><system value="https://www.ehealth.fgov.be/standards/fhir/referral/CodeSystem/be-communication-code"/></include><include><system value="http://hl7.org/fhir/contact-point-system"/></include></compose></ValueSet>