<?xml version="1.0" encoding="UTF-8"?><ValueSet xmlns="http://hl7.org/fhir"><id value="be-vs-nursing-medication-perfusion"/><text><status value="generated"/><div xmlns="http://www.w3.org/1999/xhtml"><ul><li>Include all codes defined in <a href="CodeSystem-be-nursing-medication-perfusion.html"><code>https://www.ehealth.fgov.be/standards/fhir/CodeSystem/be-nursing-medication-perfusion</code></a></li></ul></div></text><url value="https://www.ehealth.fgov.be/standards/fhir/ValueSet/be-vs-nursing-medication-perfusion"/><version value="0.2.0"/><name value="BeNursingMedicationPerfusion"/><status value="draft"/><date value="2021-09-21T15:01:56+00:00"/><publisher value="HL7 Belgium"/><contact><name value="HL7 Belgium"/><telecom><system value="url"/><value value="http://hl7belgium.org"/></telecom></contact><contact><name value="Bart Decuypere"/><telecom><system value="email"/><value value="bart.decuypere@ehealth.fgov.be"/><use value="work"/></telecom></contact><description value="Codes to define a type of nursing medication perfusion."/><jurisdiction><coding><system value="http://unstats.un.org/unsd/methods/m49/m49.htm"/><code value="001"/><display value="World"/></coding></jurisdiction><compose><include><system value="https://www.ehealth.fgov.be/standards/fhir/CodeSystem/be-nursing-medication-perfusion"/></include></compose></ValueSet>