<?xml version="1.0" encoding="UTF-8"?><ValueSet xmlns="http://hl7.org/fhir"><id value="be-vs-digestive-system-care"/><text><status value="generated"/><div xmlns="http://www.w3.org/1999/xhtml"><ul><li>Include all codes defined in <a href="CodeSystem-codesystem-be-digestive-system-care.html"><code>https://www.ehealth.fgov.be/standards/fhir/CodeSystem/be-cs-digestive-system-care</code></a></li></ul></div></text><url value="https://www.ehealth.fgov.be/standards/fhir/ValueSet/be-vs-digestive-system-care"/><version value="0.2.0"/><name value="BeDigestiveSystemCare"/><status value="draft"/><date value="2022-02-17T07:59:49+00:00"/><publisher value="HL7 Belgium"/><contact><name value="HL7 Belgium"/><telecom><system value="url"/><value value="http://hl7belgium.org"/></telecom></contact><contact><name value="Message-Structure"/><telecom><system value="email"/><value value="message-structure@ehealth.fgov.be"/><use value="work"/></telecom></contact><description value="Codes to define digestive system care"/><jurisdiction><coding><system value="http://unstats.un.org/unsd/methods/m49/m49.htm"/><code value="056"/><display value="Belgium"/></coding></jurisdiction><compose><include><system value="https://www.ehealth.fgov.be/standards/fhir/CodeSystem/be-cs-digestive-system-care"/></include></compose></ValueSet>