<?xml version="1.0" encoding="UTF-8"?><ValueSet xmlns="http://hl7.org/fhir"><id value="be-vs-referral-category"/><text><status value="generated"/><div xmlns="http://www.w3.org/1999/xhtml"><ul><li>Include these codes as defined in <a href="http://www.snomed.org/"><code>http://snomed.info/sct</code></a><table class="none"><tr><td style="white-space:nowrap"><b>Code</b></td><td><b>Display</b></td><td><b>English (English, en)</b></td><td><b>Nederlands (België) (Dutch (Belgium), nl)</b></td><td><b>French (Belgium) (fr)</b></td></tr><tr><td><a href="http://browser.ihtsdotools.org/?perspective=full&amp;conceptId1=363679005">363679005</a></td><td>Imaging</td><td>Imaging</td><td>medische beeldvorming</td><td>imagerie médicale</td></tr><tr><td><a href="http://browser.ihtsdotools.org/?perspective=full&amp;conceptId1=91251008">91251008</a></td><td>Physical therapy procedure</td><td>Physical therapy</td><td>kinesitherapie</td><td>kinésithérapie</td></tr><tr><td><a href="http://browser.ihtsdotools.org/?perspective=full&amp;conceptId1=9632001">9632001</a></td><td>Nursing procedure</td><td>Nursing procedure</td><td>verpleegkundige procedure</td><td>procédure infirmière</td></tr><tr><td><a href="http://browser.ihtsdotools.org/?perspective=full&amp;conceptId1=15220000">15220000</a></td><td>Laboratory test</td><td>Laboratory test</td><td>laboratorium test</td><td>test de laboratoire</td></tr></table></li></ul></div></text><url value="https://www.ehealth.fgov.be/standards/fhir/ValueSet/be-referral-category"/><version value="0.2.0"/><name value="BeReferralCategory"/><status value="draft"/><date value="2021-09-21T15:01:56+00:00"/><publisher value="HL7 Belgium"/><contact><name value="HL7 Belgium"/><telecom><system value="url"/><value value="http://hl7belgium.org"/></telecom></contact><contact><name value="Bart Decuypere"/><telecom><system value="email"/><value value="bart.decuypere@ehealth.fgov.be"/><use value="work"/></telecom></contact><description value="Codes to define the high level category for a referral prescription. SNOMED-CT codes in this valueset are just a draft proposal to give a general idea - pending an official valueset."/><jurisdiction><coding><system value="http://unstats.un.org/unsd/methods/m49/m49.htm"/><code value="001"/><display value="World"/></coding></jurisdiction><compose><include><system value="http://snomed.info/sct"/><concept><code value="363679005"/><display value="Imaging"/><designation><use><system value="http://snomed.info/sct"/><code value="900000000000003001"/><display value="Fully specified name"/></use><value value="Imaging (procedure)"/></designation><designation><language value="en"/><value value="Imaging"/></designation><designation><language value="nl-BE"/><value value="medische beeldvorming"/></designation><designation><language value="fr-BE"/><value value="imagerie médicale"/></designation></concept><concept><code value="91251008"/><display value="Physical therapy procedure"/><designation><use><system value="http://snomed.info/sct"/><code value="900000000000003001"/><display value="Fully specified name"/></use><value value="Physical therapy procedure (regime/therapy)"/></designation><designation><language value="en"/><value value="Physical therapy"/></designation><designation><language value="nl-BE"/><value value="kinesitherapie"/></designation><designation><language value="fr-BE"/><value value="kinésithérapie"/></designation></concept><concept><code value="9632001"/><display value="Nursing procedure"/><designation><use><system value="http://snomed.info/sct"/><code value="900000000000003001"/><display value="Fully specified name"/></use><value value="Nursing procedure (procedure)"/></designation><designation><language value="en"/><value value="Nursing procedure"/></designation><designation><language value="nl-BE"/><value value="verpleegkundige procedure"/></designation><designation><language value="fr-BE"/><value value="procédure infirmière"/></designation></concept><concept><code value="15220000"/><display value="Laboratory test"/><designation><use><system value="http://snomed.info/sct"/><code value="900000000000003001"/><display value="Fully specified name"/></use><value value="Laboratory test (procedure)"/></designation><designation><language value="en"/><value value="Laboratory test"/></designation><designation><language value="nl-BE"/><value value="laboratorium test"/></designation><designation><language value="fr-BE"/><value value="test de laboratoire"/></designation></concept></include></compose></ValueSet>