<?xml version="1.0" encoding="UTF-8"?><ValueSet xmlns="http://hl7.org/fhir"><id value="be-vs-prescription-status-reason"/><text><status value="generated"/><div xmlns="http://www.w3.org/1999/xhtml"><ul><li>Include all codes defined in <a href="CodeSystem-be-prescription-status-reason.html"><code>https://www.ehealth.fgov.be/standards/fhir/referral/CodeSystem/be-prescription-status-reason</code></a></li></ul></div></text><url value="https://www.ehealth.fgov.be/standards/fhir/referral/ValueSet/be-vs-prescription-status-reason"/><version value="1.0.0"/><name value="BeVSPrescriptionStatusReason"/><title value="BeVSPrescriptionStatusReason"/><status value="draft"/><experimental value="false"/><date value="2023-06-06T07:33:19+00:00"/><description value="This is the status reason of the prescription"/><jurisdiction><coding><system value="urn:iso:std:iso:3166"/><code value="BE"/><display value="Belgium"/></coding></jurisdiction><compose><include><system value="https://www.ehealth.fgov.be/standards/fhir/referral/CodeSystem/be-prescription-status-reason"/></include></compose></ValueSet>