<?xml version="1.0" encoding="UTF-8"?><ValueSet xmlns="http://hl7.org/fhir"><id value="be-vs-referral-category"/><text><status value="generated"/><div xmlns="http://www.w3.org/1999/xhtml"><ul><li>Include these codes as defined in <a href="http://www.snomed.org/"><code>http://snomed.info/sct</code></a><table class="none"><tr><td style="white-space:nowrap"><b>Code</b></td><td><b>Display</b></td><td><b>Fully specified name</b></td><td><b>English (English, en)</b></td><td><b>Nederlands (België) (Dutch (Belgium), nl)</b></td><td><b>French (Belgium) (fr)</b></td></tr><tr><td><a href="http://snomed.info/id/363679005">363679005</a></td><td>Imaging</td><td>Imaging (procedure)</td><td>Imaging</td><td>medische beeldvorming</td><td>imagerie médicale</td></tr><tr><td><a href="http://snomed.info/id/91251008">91251008</a></td><td>Physical therapy procedure</td><td>Physical therapy procedure (regime/therapy)</td><td>Physical therapy</td><td>kinesitherapie</td><td>kinésithérapie</td></tr><tr><td><a href="http://snomed.info/id/9632001">9632001</a></td><td>Nursing procedure</td><td>Nursing procedure (procedure)</td><td>Nursing procedure</td><td>verpleegkundige procedure</td><td>procédure infirmière</td></tr><tr><td><a href="http://snomed.info/id/15220000">15220000</a></td><td>Laboratory test</td><td>Laboratory test (procedure)</td><td>Laboratory test</td><td>laboratorium test</td><td>test de laboratoire</td></tr><tr><td><a href="http://snomed.info/id/312856000">312856000</a></td><td>Referral to diabetes nurse</td><td>Referral to diabetes nurse (procedure)</td><td>Referral to diabetes nurse</td><td>Diabetes verwijzing</td><td>Renvoi diabétique</td></tr><tr><td><a href="http://snomed.info/id/183545006">183545006</a></td><td>Orthopedic referral</td><td>Orthopedic referral (procedure)</td><td>Orthopedic referral</td><td>Orthopedische verwijzing</td><td>Renvoi orthopédique</td></tr><tr><td><a href="http://snomed.info/id/69377005">69377005</a></td><td>Patient referral for rehabilitation, psychological (procedure)</td><td>Patient referral for rehabilitation, psychological (procedure)</td><td>Patient referral for rehabilitation, psychological</td><td>Psychologische of orthopedagogische verwijzing</td><td>Renvoi psychologique ou orthopédagogique</td></tr></table></li></ul></div></text><url value="https://www.ehealth.fgov.be/standards/fhir/referral/ValueSet/be-vs-referral-category"/><version value="0.2.0"/><name value="BeReferralCategory"/><status value="draft"/><date value="2021-10-07T15:14:36+02:00"/><publisher value="HL7 Belgium"/><contact><name value="HL7 Belgium"/><telecom><system value="url"/><value value="http://hl7belgium.org"/></telecom></contact><contact><name value="Message-Structure"/><telecom><system value="email"/><value value="message-structure@ehealth.fgov.be"/><use value="work"/></telecom></contact><description value="Codes to define the high level category for a referral prescription. SNOMED-CT codes in this valueset are just a draft proposal to give a general idea - pending an official valueset."/><jurisdiction><coding><system value="urn:iso:std:iso:3166"/><code value="BE"/><display value="Belgium"/></coding></jurisdiction><compose><include><system value="http://snomed.info/sct"/><concept><code value="363679005"/><display value="Imaging"/><designation><use><system value="http://snomed.info/sct"/><code value="900000000000003001"/><display value="Fully specified name"/></use><value value="Imaging (procedure)"/></designation><designation><language value="en"/><value value="Imaging"/></designation><designation><language value="nl-BE"/><value value="medische beeldvorming"/></designation><designation><language value="fr-BE"/><value value="imagerie médicale"/></designation></concept><concept><code value="91251008"/><display value="Physical therapy procedure"/><designation><use><system value="http://snomed.info/sct"/><code value="900000000000003001"/><display value="Fully specified name"/></use><value value="Physical therapy procedure (regime/therapy)"/></designation><designation><language value="en"/><value value="Physical therapy"/></designation><designation><language value="nl-BE"/><value value="kinesitherapie"/></designation><designation><language value="fr-BE"/><value value="kinésithérapie"/></designation></concept><concept><code value="9632001"/><display value="Nursing procedure"/><designation><use><system value="http://snomed.info/sct"/><code value="900000000000003001"/><display value="Fully specified name"/></use><value value="Nursing procedure (procedure)"/></designation><designation><language value="en"/><value value="Nursing procedure"/></designation><designation><language value="nl-BE"/><value value="verpleegkundige procedure"/></designation><designation><language value="fr-BE"/><value value="procédure infirmière"/></designation></concept><concept><code value="15220000"/><display value="Laboratory test"/><designation><use><system value="http://snomed.info/sct"/><code value="900000000000003001"/><display value="Fully specified name"/></use><value value="Laboratory test (procedure)"/></designation><designation><language value="en"/><value value="Laboratory test"/></designation><designation><language value="nl-BE"/><value value="laboratorium test"/></designation><designation><language value="fr-BE"/><value value="test de laboratoire"/></designation></concept><concept><code value="312856000"/><display value="Referral to diabetes nurse"/><designation><use><system value="http://snomed.info/sct"/><code value="900000000000003001"/><display value="Fully specified name"/></use><value value="Referral to diabetes nurse (procedure)"/></designation><designation><language value="en"/><value value="Referral to diabetes nurse"/></designation><designation><language value="nl-BE"/><value value="Diabetes verwijzing"/></designation><designation><language value="fr-BE"/><value value="Renvoi diabétique"/></designation></concept><concept><code value="183545006"/><display value="Orthopedic referral"/><designation><use><system value="http://snomed.info/sct"/><code value="900000000000003001"/><display value="Fully specified name"/></use><value value="Orthopedic referral (procedure)"/></designation><designation><language value="en"/><value value="Orthopedic referral"/></designation><designation><language value="nl-BE"/><value value="Orthopedische verwijzing"/></designation><designation><language value="fr-BE"/><value value="Renvoi orthopédique"/></designation></concept><concept><code value="69377005"/><display value="Patient referral for rehabilitation, psychological (procedure)"/><designation><use><system value="http://snomed.info/sct"/><code value="900000000000003001"/><display value="Fully specified name"/></use><value value="Patient referral for rehabilitation, psychological (procedure)"/></designation><designation><language value="en"/><value value="Patient referral for rehabilitation, psychological"/></designation><designation><language value="nl-BE"/><value value="Psychologische of orthopedagogische verwijzing"/></designation><designation><language value="fr-BE"/><value value="Renvoi psychologique ou orthopédagogique"/></designation></concept></include></compose></ValueSet>