<?xml version="1.0" encoding="UTF-8"?><ValueSet xmlns="http://hl7.org/fhir"><id value="be-vs-nursing-medication-injection"/><text><status value="generated"/><div xmlns="http://www.w3.org/1999/xhtml"><ul><li>Include all codes defined in <a href="CodeSystem-be-nursing-medication-injection.html"><code>https://www.ehealth.fgov.be/standards/fhir/referral/CodeSystem/be-nursing-medication-injection</code></a></li></ul></div></text><url value="https://www.ehealth.fgov.be/standards/fhir/referral/ValueSet/be-vs-nursing-medication-injection"/><version value="0.2.0"/><name value="BeNursingMedicationInjection"/><status value="draft"/><date value="2022-05-03T10:04:16+02:00"/><publisher value="HL7 Belgium"/><contact><name value="HL7 Belgium"/><telecom><system value="url"/><value value="http://hl7belgium.org"/></telecom></contact><contact><name value="Message-Structure"/><telecom><system value="email"/><value value="message-structure@ehealth.fgov.be"/><use value="work"/></telecom></contact><description value="Codes to define a type of nursing medication injection."/><jurisdiction><coding><system value="urn:iso:std:iso:3166"/><code value="BE"/><display value="Belgium"/></coding></jurisdiction><compose><include><system value="https://www.ehealth.fgov.be/standards/fhir/referral/CodeSystem/be-nursing-medication-injection"/></include></compose></ValueSet>