<?xml version="1.0" encoding="UTF-8"?><ValueSet xmlns="http://hl7.org/fhir"><id value="be-vs-requested-services-nurse"/><text><status value="generated"/><div xmlns="http://www.w3.org/1999/xhtml"><p>This value set includes codes based on the following rules:</p><ul><li>Include these codes as defined in <a href="http://www.snomed.org/"><code>http://snomed.info/sct</code></a> version <code>http://snomed.info/sct/11000172109</code><table class="none"><tr><td style="white-space:nowrap"><b>Code</b></td><td><b>Display</b></td></tr><tr><td><a href="http://snomed.info/id/18629005">18629005</a></td><td>Administration of medication</td></tr><tr><td><a href="http://snomed.info/id/385796006">385796006</a></td><td>Medication prefill preparation (procedure)</td></tr><tr><td><a href="http://snomed.info/id/385805005">385805005</a></td><td>Diabetic care education</td></tr><tr><td><a href="http://snomed.info/id/17636008">17636008</a></td><td>Specimen collection</td></tr><tr><td><a href="http://snomed.info/id/166900001">166900001</a></td><td>Glucometer blood sugar</td></tr><tr><td><a href="http://snomed.info/id/127606004">127606004</a></td><td>Therapeutic phlebotomy</td></tr><tr><td><a href="http://snomed.info/id/225964003">225964003</a></td><td>Assisting with personal hygiene</td></tr><tr><td><a href="http://snomed.info/id/225230008">225230008</a></td><td>Chronic peritoneal dialysis</td></tr><tr><td><a href="http://snomed.info/id/182777000">182777000</a></td><td>Monitoring of patient</td></tr><tr><td><a href="http://snomed.info/id/427391006">427391006</a></td><td>Clearance of secretions of respiratory tract (procedure)</td></tr><tr><td><a href="http://snomed.info/id/276737004">276737004</a></td><td>Domiciliary ventilation</td></tr><tr><td><a href="http://snomed.info/id/57485005">57485005</a></td><td>Oxygen therapy</td></tr><tr><td><a href="http://snomed.info/id/2267008">2267008</a></td><td>Changing tracheostomy tube</td></tr><tr><td><a href="http://snomed.info/id/41351007">41351007</a></td><td>Suction and cleaning of tracheostomy tube</td></tr><tr><td><a href="http://snomed.info/id/174297001">174297001</a></td><td>Manual removal of impacted feces from rectum</td></tr><tr><td><a href="http://snomed.info/id/386225006">386225006</a></td><td>Irrigation of bowel (procedure)</td></tr><tr><td><a href="http://snomed.info/id/28177007">28177007</a></td><td>Rectal irrigation</td></tr><tr><td><a href="http://snomed.info/id/87750000">87750000</a></td><td>Insertion of nasogastric tube</td></tr><tr><td><a href="http://snomed.info/id/81011003">81011003</a></td><td>Nasogastric tube removal</td></tr><tr><td><a href="http://snomed.info/id/762238003">762238003</a></td><td>Attention to nasogastric tube</td></tr><tr><td><a href="http://snomed.info/id/89826002">89826002</a></td><td>Nasogastric tube irrigation</td></tr><tr><td><a href="http://snomed.info/id/90838004">90838004</a></td><td>Removal of gastrostomy tube</td></tr><tr><td><a href="http://snomed.info/id/6125005">6125005</a></td><td>Change of gastrostomy tube</td></tr><tr><td><a href="http://snomed.info/id/173765009">173765009</a></td><td>Attention to gastrostomy tube</td></tr><tr><td><a href="http://snomed.info/id/48817005">48817005</a></td><td>Irrigation of gastrostomy</td></tr><tr><td><a href="http://snomed.info/id/56993006">56993006</a></td><td>Vaginal irrigation</td></tr><tr><td><a href="http://snomed.info/id/225268005">225268005</a></td><td>Vulval toilet</td></tr><tr><td><a href="http://snomed.info/id/429723008">429723008</a></td><td>Procedure involving urinary catheter (procedure)</td></tr><tr><td><a href="http://snomed.info/id/385966005">385966005</a></td><td>Bladder instillation management</td></tr><tr><td><a href="http://snomed.info/id/18011004">18011004</a></td><td>Instillation of bladder</td></tr><tr><td><a href="http://snomed.info/id/445191009">445191009</a></td><td>Care of suprapubic urinary catheter (procedure)</td></tr><tr><td><a href="http://snomed.info/id/79165006">79165006</a></td><td>Change of cystostomy tube</td></tr><tr><td><a href="http://snomed.info/id/75325006">75325006</a></td><td>Removal of cystostomy tube</td></tr><tr><td><a href="http://snomed.info/id/183232006">183232006</a></td><td>Provision of penile sheath</td></tr><tr><td><a href="http://snomed.info/id/233520008">233520008</a></td><td>Peripheral venous cannula insertion</td></tr><tr><td><a href="http://snomed.info/id/113154008">113154008</a></td><td>Subcutaneous clysis of patient for fluid administration</td></tr><tr><td><a href="http://snomed.info/id/397958003">397958003</a></td><td>Accessing of implantable venous access port (procedure)</td></tr><tr><td><a href="http://snomed.info/id/103713001">103713001</a></td><td>Replacement of catheter</td></tr><tr><td><a href="http://snomed.info/id/103715008">103715008</a></td><td>Removal of catheter</td></tr><tr><td><a href="http://snomed.info/id/175852005">175852005</a></td><td>Flushing of central line</td></tr><tr><td><a href="http://snomed.info/id/225358003">225358003</a></td><td>Wound care</td></tr><tr><td><a href="http://snomed.info/id/413899004">413899004</a></td><td>Compression bandaging</td></tr><tr><td><a href="http://snomed.info/id/225420001">225420001</a></td><td>Application of anti-embolic stockings</td></tr></table></li><li>Include all codes defined in <a href="CodeSystem-be-cs-temp-requested-service.html"><code>https://www.ehealth.fgov.be/standards/fhir/referral/CodeSystem/be-cs-temp-requested-service</code></a></li></ul></div></text><url value="https://www.ehealth.fgov.be/standards/fhir/referral/ValueSet/be-vs-requested-services-nurse"/><version value="1.0.0"/><name value="BeVSRequestedServicesNurse"/><title value="BeVSRequestedServicesNurse"/><status value="active"/><experimental value="false"/><date value="2023-04-20T18:38:40+00:00"/><description value="Codes indicating the requests that can be asked from a nurse."/><jurisdiction><coding><system value="urn:iso:std:iso:3166"/><code value="BE"/><display value="Belgium"/></coding></jurisdiction><compose><include><system value="http://snomed.info/sct"/><version value="http://snomed.info/sct/11000172109"/><concept><code value="18629005"/></concept><concept><code value="385796006"/></concept><concept><code value="385805005"/></concept><concept><code value="17636008"/></concept><concept><code value="166900001"/></concept><concept><code value="127606004"/></concept><concept><code value="225964003"/></concept><concept><code value="225230008"/></concept><concept><code value="182777000"/></concept><concept><code value="427391006"/></concept><concept><code value="276737004"/></concept><concept><code value="57485005"/></concept><concept><code value="2267008"/></concept><concept><code value="41351007"/></concept><concept><code value="174297001"/></concept><concept><code value="386225006"/></concept><concept><code value="28177007"/></concept><concept><code value="87750000"/></concept><concept><code value="81011003"/></concept><concept><code value="762238003"/></concept><concept><code value="89826002"/></concept><concept><code value="90838004"/></concept><concept><code value="6125005"/></concept><concept><code value="173765009"/></concept><concept><code value="48817005"/></concept><concept><code value="56993006"/></concept><concept><code value="225268005"/></concept><concept><code value="429723008"/></concept><concept><code value="385966005"/></concept><concept><code value="18011004"/></concept><concept><code value="445191009"/></concept><concept><code value="79165006"/></concept><concept><code value="75325006"/></concept><concept><code value="183232006"/></concept><concept><code value="233520008"/></concept><concept><code value="113154008"/></concept><concept><code value="397958003"/></concept><concept><code value="103713001"/></concept><concept><code value="103715008"/></concept><concept><code value="175852005"/></concept><concept><code value="225358003"/></concept><concept><code value="413899004"/></concept><concept><code value="225420001"/></concept></include><include><system value="https://www.ehealth.fgov.be/standards/fhir/referral/CodeSystem/be-cs-temp-requested-service"/></include></compose></ValueSet>