URL,Version,Status,OIDs,Name,Title,Descriptino,Used
https://www.ehealth.fgov.be/standards/fhir/referral/CodeSystem/be-cs-temp-requested-service,1.0.0,draft,,BeTempRequestedService,BeTempRequestedService,"Temporary codes for indicating services that can be requested from a Nurse",
https://www.ehealth.fgov.be/standards/fhir/referral/CodeSystem/be-cs-temp-requested-service-detail,1.0.0,draft,,BeTempRequestedServiceDetail,BeTempRequestedServiceDetail,"Temporary codes for indicating service details that can be requested from a Nurse",
https://www.ehealth.fgov.be/standards/fhir/referral/CodeSystem/be-prescription-status-reason,1.0.0,draft,,BePrescriptionStatusReason,BePrescriptionStatusReason,"Status reason for the prescription. Initially defined as supporting CodeSystem for the referral prescription.",
https://www.ehealth.fgov.be/standards/fhir/referral/CodeSystem/be-treatment-status-reason,1.0.0,draft,,BeTreatmentStatusReason,BeTreatmentStatusReason,"Status reason for the treatment. Initially defined as supporting CodeSystem for the referral prescription.",
