{
  "resourceType" : "Bundle",
  "id" : "ef3cca95-c2da-40a1-8090-b53e504044aa",
  "meta" : {
    "lastUpdated" : "2022-09-26T07:40:38.298+00:00"
  },
  "type" : "collection",
  "entry" : [{
    "fullUrl" : "https://www.ehealth.fgov.be/standards/fhir/referral/ValueSet/be-vs-co-prescription-status",
    "resource" : {
      "resourceType" : "ValueSet",
      "id" : "be-vs-co-prescription-status",
      "text" : {
        "status" : "generated",
        "div" : "<div xmlns=\"http://www.w3.org/1999/xhtml\"><p>This value set contains 3 concepts</p><p style=\"border: black 1px dotted; background-color: #EEEEEE; padding: 8px; margin-bottom: 8px\">Expansion based on <a href=\"http://hl7.org/fhir/R4/codesystem-task-status.html\">TaskStatus v4.0.1 (CodeSystem)</a></p><table class=\"codes\"><tr><td style=\"white-space:nowrap\"><b>Code</b></td><td><b>System</b></td><td><b>Display</b></td><td><b>Definition</b></td></tr><tr><td style=\"white-space:nowrap\"><a name=\"http---hl7.org-fhir-task-status-requested\"> </a>  <a href=\"http://hl7.org/fhir/R4/codesystem-task-status.html#task-status-requested\">requested</a></td><td>http://hl7.org/fhir/task-status</td><td>Requested</td><td><div><p>The task is ready to be acted upon and action is sought.</p>\n</div></td></tr><tr><td style=\"white-space:nowrap\"><a name=\"http---hl7.org-fhir-task-status-accepted\"> </a>  <a href=\"http://hl7.org/fhir/R4/codesystem-task-status.html#task-status-accepted\">accepted</a></td><td>http://hl7.org/fhir/task-status</td><td>Accepted</td><td><div><p>The potential performer has agreed to execute the task but has not yet started work.</p>\n</div></td></tr><tr><td style=\"white-space:nowrap\"><a name=\"http---hl7.org-fhir-task-status-rejected\"> </a>  <a href=\"http://hl7.org/fhir/R4/codesystem-task-status.html#task-status-rejected\">rejected</a></td><td>http://hl7.org/fhir/task-status</td><td>Rejected</td><td><div><p>The potential performer who claimed ownership of the task has decided not to execute it prior to performing any action.</p>\n</div></td></tr></table></div>"
      },
      "url" : "https://www.ehealth.fgov.be/standards/fhir/referral/ValueSet/be-vs-co-prescription-status",
      "version" : "0.2.0",
      "name" : "BeCoPrescriptionStatus",
      "status" : "active",
      "date" : "2022-05-03T10:04:16+02:00",
      "publisher" : "HL7 Belgium",
      "contact" : [{
        "name" : "HL7 Belgium",
        "telecom" : [{
          "system" : "url",
          "value" : "http://hl7belgium.org"
        }]
      },
      {
        "name" : "Message-Structure",
        "telecom" : [{
          "system" : "email",
          "value" : "message-structure@ehealth.fgov.be",
          "use" : "work"
        }]
      }],
      "description" : "This is the status of the prescription for the coprescriber",
      "jurisdiction" : [{
        "coding" : [{
          "system" : "urn:iso:std:iso:3166",
          "code" : "BE",
          "display" : "Belgium"
        }]
      }],
      "expansion" : {
        "identifier" : "urn:uuid:3d92cbaf-d68f-4a20-9ba9-884ed98499a1",
        "timestamp" : "2022-09-26T07:41:21+00:00",
        "total" : 3,
        "parameter" : [{
          "name" : "excludeNested",
          "valueBoolean" : false
        },
        {
          "name" : "version",
          "valueUri" : "http://hl7.org/fhir/task-status|4.0.1"
        }],
        "contains" : [{
          "system" : "http://hl7.org/fhir/task-status",
          "code" : "requested",
          "display" : "Requested"
        },
        {
          "system" : "http://hl7.org/fhir/task-status",
          "code" : "accepted",
          "display" : "Accepted"
        },
        {
          "system" : "http://hl7.org/fhir/task-status",
          "code" : "rejected",
          "display" : "Rejected"
        }]
      }
    }
  },
  {
    "fullUrl" : "https://www.ehealth.fgov.be/standards/fhir/referral/ValueSet/be-vs-contrastfluid-use",
    "resource" : {
      "resourceType" : "ValueSet",
      "id" : "be-vs-contrastfluid-use",
      "text" : {
        "status" : "generated",
        "div" : "<div xmlns=\"http://www.w3.org/1999/xhtml\"><p>This value set contains 2 concepts</p><p style=\"border: black 1px dotted; background-color: #EEEEEE; padding: 8px; margin-bottom: 8px\">Expansion based on <a href=\"CodeSystem-be-vs-contrastfluid-use.html\">BeContrastFluidUse v0.2.0 (CodeSystem)</a></p><table class=\"codes\"><tr><td style=\"white-space:nowrap\"><b>Code</b></td><td><b>System</b></td><td><b>Display</b></td></tr><tr><td style=\"white-space:nowrap\"><a name=\"https---www.ehealth.fgov.be-standards-fhir-referral-CodeSystem-be-vs-contrastfluid-use-if-necessary\"> </a>  <a href=\"CodeSystem-be-vs-contrastfluid-use.html#be-vs-contrastfluid-use-if-necessary\">if-necessary</a></td><td>https://www.ehealth.fgov.be/standards/fhir/referral/CodeSystem/be-vs-contrastfluid-use</td><td>if-necessary</td></tr><tr><td style=\"white-space:nowrap\"><a name=\"https---www.ehealth.fgov.be-standards-fhir-referral-CodeSystem-be-vs-contrastfluid-use-not-permitted\"> </a>  <a href=\"CodeSystem-be-vs-contrastfluid-use.html#be-vs-contrastfluid-use-not-permitted\">not-permitted</a></td><td>https://www.ehealth.fgov.be/standards/fhir/referral/CodeSystem/be-vs-contrastfluid-use</td><td>not-permitted</td></tr></table></div>"
      },
      "url" : "https://www.ehealth.fgov.be/standards/fhir/referral/ValueSet/be-vs-contrastfluid-use",
      "version" : "0.2.0",
      "name" : "BeContrastFluidUse",
      "status" : "draft",
      "date" : "2022-05-03T10:04:16+02:00",
      "publisher" : "HL7 Belgium",
      "contact" : [{
        "name" : "HL7 Belgium",
        "telecom" : [{
          "system" : "url",
          "value" : "http://hl7belgium.org"
        }]
      },
      {
        "name" : "Message-Structure",
        "telecom" : [{
          "system" : "email",
          "value" : "message-structure@ehealth.fgov.be",
          "use" : "work"
        }]
      }],
      "description" : "Codes to define the use of contrast fluid.",
      "jurisdiction" : [{
        "coding" : [{
          "system" : "urn:iso:std:iso:3166",
          "code" : "BE",
          "display" : "Belgium"
        }]
      }],
      "expansion" : {
        "identifier" : "urn:uuid:f28d5469-af84-4657-821b-72f413d7fcab",
        "timestamp" : "2022-09-26T07:41:22+00:00",
        "total" : 2,
        "parameter" : [{
          "name" : "excludeNested",
          "valueBoolean" : false
        },
        {
          "name" : "version",
          "valueUri" : "https://www.ehealth.fgov.be/standards/fhir/referral/CodeSystem/be-vs-contrastfluid-use|0.2.0"
        }],
        "contains" : [{
          "system" : "https://www.ehealth.fgov.be/standards/fhir/referral/CodeSystem/be-vs-contrastfluid-use",
          "code" : "if-necessary",
          "display" : "if-necessary"
        },
        {
          "system" : "https://www.ehealth.fgov.be/standards/fhir/referral/CodeSystem/be-vs-contrastfluid-use",
          "code" : "not-permitted",
          "display" : "not-permitted"
        }]
      }
    }
  },
  {
    "fullUrl" : "https://www.ehealth.fgov.be/standards/fhir/referral/ValueSet/be-vs-type-of-nursing",
    "resource" : {
      "resourceType" : "ValueSet",
      "id" : "be-vs-type-of-nursing",
      "text" : {
        "status" : "generated",
        "div" : "<div xmlns=\"http://www.w3.org/1999/xhtml\"><p>This value set contains 10 concepts</p><p style=\"border: black 1px dotted; background-color: #ffcccc; padding: 8px; margin-bottom: 8px\">Expansion based on code system fragment <a href=\"CodeSystem-be-cs-nursing-code.html\">BeNursingCode v0.2.0 (CodeSystem)</a></p><p style=\"border: black 1px dotted; background-color: #EEEEEE; padding: 8px; margin-bottom: 8px\">Expansion based on <a href=\"CodeSystem-be-cs-nursing-code.html\">BeNursingCode v0.2.0 (CodeSystem)</a></p><table class=\"codes\"><tr><td style=\"white-space:nowrap\"><b>Code</b></td><td><b>System</b></td><td><b>Display</b></td></tr><tr><td style=\"white-space:nowrap\"><a name=\"https---www.ehealth.fgov.be-standards-fhir-referral-CodeSystem-be-cs-nursing-code-bladder-care\"> </a>  <a href=\"CodeSystem-be-cs-nursing-code.html#be-cs-nursing-code-bladder-care\">bladder-care</a></td><td>https://www.ehealth.fgov.be/standards/fhir/referral/CodeSystem/be-cs-nursing-code</td><td>Bladder care</td></tr><tr><td style=\"white-space:nowrap\"><a name=\"https---www.ehealth.fgov.be-standards-fhir-referral-CodeSystem-be-cs-nursing-code-digestive-system-care\"> </a>  <a href=\"CodeSystem-be-cs-nursing-code.html#be-cs-nursing-code-digestive-system-care\">digestive-system-care</a></td><td>https://www.ehealth.fgov.be/standards/fhir/referral/CodeSystem/be-cs-nursing-code</td><td>Digestive system care</td></tr><tr><td style=\"white-space:nowrap\"><a name=\"https---www.ehealth.fgov.be-standards-fhir-referral-CodeSystem-be-cs-nursing-code-wound-care\"> </a>  <a href=\"CodeSystem-be-cs-nursing-code.html#be-cs-nursing-code-wound-care\">wound-care</a></td><td>https://www.ehealth.fgov.be/standards/fhir/referral/CodeSystem/be-cs-nursing-code</td><td>Wound care</td></tr><tr><td style=\"white-space:nowrap\"><a name=\"https---www.ehealth.fgov.be-standards-fhir-referral-CodeSystem-be-cs-nursing-code-compression-therapy\"> </a>  <a href=\"CodeSystem-be-cs-nursing-code.html#be-cs-nursing-code-compression-therapy\">compression-therapy</a></td><td>https://www.ehealth.fgov.be/standards/fhir/referral/CodeSystem/be-cs-nursing-code</td><td>Compression therapy</td></tr><tr><td style=\"white-space:nowrap\"><a name=\"https---www.ehealth.fgov.be-standards-fhir-referral-CodeSystem-be-cs-nursing-code-medication\"> </a>  <a href=\"CodeSystem-be-cs-nursing-code.html#be-cs-nursing-code-medication\">medication</a></td><td>https://www.ehealth.fgov.be/standards/fhir/referral/CodeSystem/be-cs-nursing-code</td><td>Medication</td></tr><tr><td style=\"white-space:nowrap\"><a name=\"https---www.ehealth.fgov.be-standards-fhir-referral-CodeSystem-be-cs-nursing-code-appendix-81-preparation-of-medications\"> </a>  <a href=\"CodeSystem-be-cs-nursing-code.html#be-cs-nursing-code-appendix-81-preparation-of-medications\">appendix-81-preparation-of-medications</a></td><td>https://www.ehealth.fgov.be/standards/fhir/referral/CodeSystem/be-cs-nursing-code</td><td>Appendix 81 preparation of medications</td></tr><tr><td style=\"white-space:nowrap\"><a name=\"https---www.ehealth.fgov.be-standards-fhir-referral-CodeSystem-be-cs-nursing-code-preparation-and-administration-of-medication-to-chronical-psychiatric-patient\"> </a>  <a href=\"CodeSystem-be-cs-nursing-code.html#be-cs-nursing-code-preparation-and-administration-of-medication-to-chronical-psychiatric-patient\">preparation-and-administration-of-medication-to-chronical-psychiatric-patient</a></td><td>https://www.ehealth.fgov.be/standards/fhir/referral/CodeSystem/be-cs-nursing-code</td><td>Preparation and administration of medication to chronical psychiatric patient</td></tr><tr><td style=\"white-space:nowrap\"><a name=\"https---www.ehealth.fgov.be-standards-fhir-referral-CodeSystem-be-cs-nursing-code-diabetic-patient-services\"> </a>  <a href=\"CodeSystem-be-cs-nursing-code.html#be-cs-nursing-code-diabetic-patient-services\">diabetic-patient-services</a></td><td>https://www.ehealth.fgov.be/standards/fhir/referral/CodeSystem/be-cs-nursing-code</td><td>Diabetic patient services</td></tr><tr><td style=\"white-space:nowrap\"><a name=\"https---www.ehealth.fgov.be-standards-fhir-referral-CodeSystem-be-cs-nursing-code-non-reimbursed-services\"> </a>  <a href=\"CodeSystem-be-cs-nursing-code.html#be-cs-nursing-code-non-reimbursed-services\">non-reimbursed-services</a></td><td>https://www.ehealth.fgov.be/standards/fhir/referral/CodeSystem/be-cs-nursing-code</td><td>Non reimbursed services</td></tr><tr><td style=\"white-space:nowrap\"><a name=\"https---www.ehealth.fgov.be-standards-fhir-referral-CodeSystem-be-cs-nursing-code-other\"> </a>  <a href=\"CodeSystem-be-cs-nursing-code.html#be-cs-nursing-code-other\">other</a></td><td>https://www.ehealth.fgov.be/standards/fhir/referral/CodeSystem/be-cs-nursing-code</td><td>Other</td></tr></table></div>"
      },
      "url" : "https://www.ehealth.fgov.be/standards/fhir/referral/ValueSet/be-vs-type-of-nursing",
      "version" : "0.2.0",
      "name" : "BeNursingType",
      "status" : "draft",
      "date" : "2022-05-03T10:04:16+02:00",
      "publisher" : "HL7 Belgium",
      "contact" : [{
        "name" : "HL7 Belgium",
        "telecom" : [{
          "system" : "url",
          "value" : "http://hl7belgium.org"
        }]
      },
      {
        "name" : "Message-Structure",
        "telecom" : [{
          "system" : "email",
          "value" : "message-structure@ehealth.fgov.be",
          "use" : "work"
        }]
      }],
      "description" : "Codes to define a type of nursing.",
      "jurisdiction" : [{
        "coding" : [{
          "system" : "urn:iso:std:iso:3166",
          "code" : "BE",
          "display" : "Belgium"
        }]
      }],
      "expansion" : {
        "identifier" : "urn:uuid:80c02c4f-8337-4bf1-92d2-befcbeac7041",
        "timestamp" : "2022-09-26T07:41:22+00:00",
        "total" : 10,
        "parameter" : [{
          "name" : "excludeNested",
          "valueBoolean" : false
        },
        {
          "name" : "version",
          "valueUri" : "https://www.ehealth.fgov.be/standards/fhir/referral/CodeSystem/be-cs-nursing-code|0.2.0"
        },
        {
          "name" : "fragment",
          "valueUri" : "https://www.ehealth.fgov.be/standards/fhir/referral/CodeSystem/be-cs-nursing-code|0.2.0"
        }],
        "contains" : [{
          "system" : "https://www.ehealth.fgov.be/standards/fhir/referral/CodeSystem/be-cs-nursing-code",
          "code" : "bladder-care",
          "display" : "Bladder care"
        },
        {
          "system" : "https://www.ehealth.fgov.be/standards/fhir/referral/CodeSystem/be-cs-nursing-code",
          "code" : "digestive-system-care",
          "display" : "Digestive system care"
        },
        {
          "system" : "https://www.ehealth.fgov.be/standards/fhir/referral/CodeSystem/be-cs-nursing-code",
          "code" : "wound-care",
          "display" : "Wound care"
        },
        {
          "system" : "https://www.ehealth.fgov.be/standards/fhir/referral/CodeSystem/be-cs-nursing-code",
          "code" : "compression-therapy",
          "display" : "Compression therapy"
        },
        {
          "system" : "https://www.ehealth.fgov.be/standards/fhir/referral/CodeSystem/be-cs-nursing-code",
          "code" : "medication",
          "display" : "Medication"
        },
        {
          "system" : "https://www.ehealth.fgov.be/standards/fhir/referral/CodeSystem/be-cs-nursing-code",
          "code" : "appendix-81-preparation-of-medications",
          "display" : "Appendix 81 preparation of medications"
        },
        {
          "system" : "https://www.ehealth.fgov.be/standards/fhir/referral/CodeSystem/be-cs-nursing-code",
          "code" : "preparation-and-administration-of-medication-to-chronical-psychiatric-patient",
          "display" : "Preparation and administration of medication to chronical psychiatric patient"
        },
        {
          "system" : "https://www.ehealth.fgov.be/standards/fhir/referral/CodeSystem/be-cs-nursing-code",
          "code" : "diabetic-patient-services",
          "display" : "Diabetic patient services"
        },
        {
          "system" : "https://www.ehealth.fgov.be/standards/fhir/referral/CodeSystem/be-cs-nursing-code",
          "code" : "non-reimbursed-services",
          "display" : "Non reimbursed services"
        },
        {
          "system" : "https://www.ehealth.fgov.be/standards/fhir/referral/CodeSystem/be-cs-nursing-code",
          "code" : "other",
          "display" : "Other"
        }]
      }
    }
  },
  {
    "fullUrl" : "https://www.ehealth.fgov.be/standards/fhir/referral/ValueSet/be-vs-prescription-status",
    "resource" : {
      "resourceType" : "ValueSet",
      "id" : "be-vs-prescription-status",
      "text" : {
        "status" : "generated",
        "div" : "<div xmlns=\"http://www.w3.org/1999/xhtml\"><p>This value set contains 11 concepts</p><div style=\"border: black 1px dotted; background-color: #EEEEEE; padding: 8px; margin-bottom: 8px\"><p>Expansion based on: </p><ul><li><a href=\"http://hl7.org/fhir/R4/codesystem-request-status.html\">RequestStatus v4.0.1 (CodeSystem)</a></li><li><a href=\"CodeSystem-be-prescription-status.html\">BePrescriptionStatus v0.2.0 (CodeSystem)</a></li></ul></div><table class=\"codes\"><tr><td style=\"white-space:nowrap\"><b>Code</b></td><td><b>System</b></td><td><b>Display</b></td><td><b>Definition</b></td></tr><tr><td style=\"white-space:nowrap\"><a name=\"http---hl7.org-fhir-request-status-draft\"> </a>  <a href=\"http://hl7.org/fhir/R4/codesystem-request-status.html#request-status-draft\">draft</a></td><td>http://hl7.org/fhir/request-status</td><td>Draft</td><td><div><p>The request has been created but is not yet complete or ready for action.</p>\n</div></td></tr><tr><td style=\"white-space:nowrap\"><a name=\"http---hl7.org-fhir-request-status-active\"> </a>  <a href=\"http://hl7.org/fhir/R4/codesystem-request-status.html#request-status-active\">active</a></td><td>http://hl7.org/fhir/request-status</td><td>Active</td><td><div><p>The request is in force and ready to be acted upon.</p>\n</div></td></tr><tr><td style=\"white-space:nowrap\"><a name=\"http---hl7.org-fhir-request-status-on-hold\"> </a>  <a href=\"http://hl7.org/fhir/R4/codesystem-request-status.html#request-status-on-hold\">on-hold</a></td><td>http://hl7.org/fhir/request-status</td><td>On Hold</td><td><div><p>The request (and any implicit authorization to act) has been temporarily withdrawn but is expected to resume in the future.</p>\n</div></td></tr><tr><td style=\"white-space:nowrap\"><a name=\"http---hl7.org-fhir-request-status-revoked\"> </a>  <a href=\"http://hl7.org/fhir/R4/codesystem-request-status.html#request-status-revoked\">revoked</a></td><td>http://hl7.org/fhir/request-status</td><td>Revoked</td><td><div><p>The request (and any implicit authorization to act) has been terminated prior to the known full completion of the intended actions.  No further activity should occur.</p>\n</div></td></tr><tr><td style=\"white-space:nowrap\"><a name=\"http---hl7.org-fhir-request-status-completed\"> </a>  <a href=\"http://hl7.org/fhir/R4/codesystem-request-status.html#request-status-completed\">completed</a></td><td>http://hl7.org/fhir/request-status</td><td>Completed</td><td><div><p>The activity described by the request has been fully performed.  No further activity will occur.</p>\n</div></td></tr><tr><td style=\"white-space:nowrap\"><a name=\"http---hl7.org-fhir-request-status-entered-in-error\"> </a>  <a href=\"http://hl7.org/fhir/R4/codesystem-request-status.html#request-status-entered-in-error\">entered-in-error</a></td><td>http://hl7.org/fhir/request-status</td><td>Entered in Error</td><td><div><p>This request should never have existed and should be considered 'void'.  (It is possible that real-world decisions were based on it.  If real-world activity has occurred, the status should be &quot;revoked&quot; rather than &quot;entered-in-error&quot;.).</p>\n</div></td></tr><tr><td style=\"white-space:nowrap\"><a name=\"http---hl7.org-fhir-request-status-unknown\"> </a>  <a href=\"http://hl7.org/fhir/R4/codesystem-request-status.html#request-status-unknown\">unknown</a></td><td>http://hl7.org/fhir/request-status</td><td>Unknown</td><td><div><p>The authoring/source system does not know which of the status values currently applies for this request.  Note: This concept is not to be used for &quot;other&quot; - one of the listed statuses is presumed to apply,  but the authoring/source system does not know which.</p>\n</div></td></tr><tr><td style=\"white-space:nowrap\"><a name=\"https---www.ehealth.fgov.be-standards-fhir-referral-CodeSystem-be-prescription-status-open\"> </a>  <a href=\"CodeSystem-be-prescription-status.html#be-prescription-status-open\">open</a></td><td>https://www.ehealth.fgov.be/standards/fhir/referral/CodeSystem/be-prescription-status</td><td>open</td><td/></tr><tr><td style=\"white-space:nowrap\"><a name=\"https---www.ehealth.fgov.be-standards-fhir-referral-CodeSystem-be-prescription-status-stopped\"> </a>  <a href=\"CodeSystem-be-prescription-status.html#be-prescription-status-stopped\">stopped</a></td><td>https://www.ehealth.fgov.be/standards/fhir/referral/CodeSystem/be-prescription-status</td><td>stopped</td><td/></tr><tr><td style=\"white-space:nowrap\"><a name=\"https---www.ehealth.fgov.be-standards-fhir-referral-CodeSystem-be-prescription-status-not-done\"> </a>  <a href=\"CodeSystem-be-prescription-status.html#be-prescription-status-not-done\">not-done</a></td><td>https://www.ehealth.fgov.be/standards/fhir/referral/CodeSystem/be-prescription-status</td><td>not done</td><td/></tr><tr><td style=\"white-space:nowrap\"><a name=\"https---www.ehealth.fgov.be-standards-fhir-referral-CodeSystem-be-prescription-status-other\"> </a>  <a href=\"CodeSystem-be-prescription-status.html#be-prescription-status-other\">other</a></td><td>https://www.ehealth.fgov.be/standards/fhir/referral/CodeSystem/be-prescription-status</td><td>other</td><td/></tr></table></div>"
      },
      "url" : "https://www.ehealth.fgov.be/standards/fhir/referral/ValueSet/be-vs-prescription-status",
      "version" : "0.2.0",
      "name" : "BePrescriptionStatus",
      "status" : "active",
      "date" : "2022-05-03T10:04:16+02:00",
      "publisher" : "HL7 Belgium",
      "contact" : [{
        "name" : "HL7 Belgium",
        "telecom" : [{
          "system" : "url",
          "value" : "http://hl7belgium.org"
        }]
      },
      {
        "name" : "Message-Structure",
        "telecom" : [{
          "system" : "email",
          "value" : "message-structure@ehealth.fgov.be",
          "use" : "work"
        }]
      }],
      "description" : "This is the status of the prescription",
      "jurisdiction" : [{
        "coding" : [{
          "system" : "urn:iso:std:iso:3166",
          "code" : "BE",
          "display" : "Belgium"
        }]
      }],
      "expansion" : {
        "identifier" : "urn:uuid:c273fc17-bae6-461b-b2c7-d2be55cba8e4",
        "timestamp" : "2022-09-26T07:41:22+00:00",
        "total" : 11,
        "parameter" : [{
          "name" : "excludeNested",
          "valueBoolean" : false
        },
        {
          "name" : "version",
          "valueUri" : "http://hl7.org/fhir/request-status|4.0.1"
        },
        {
          "name" : "version",
          "valueUri" : "https://www.ehealth.fgov.be/standards/fhir/referral/CodeSystem/be-prescription-status|0.2.0"
        }],
        "contains" : [{
          "system" : "http://hl7.org/fhir/request-status",
          "code" : "draft",
          "display" : "Draft"
        },
        {
          "system" : "http://hl7.org/fhir/request-status",
          "code" : "active",
          "display" : "Active"
        },
        {
          "system" : "http://hl7.org/fhir/request-status",
          "code" : "on-hold",
          "display" : "On Hold"
        },
        {
          "system" : "http://hl7.org/fhir/request-status",
          "code" : "revoked",
          "display" : "Revoked"
        },
        {
          "system" : "http://hl7.org/fhir/request-status",
          "code" : "completed",
          "display" : "Completed"
        },
        {
          "system" : "http://hl7.org/fhir/request-status",
          "code" : "entered-in-error",
          "display" : "Entered in Error"
        },
        {
          "system" : "http://hl7.org/fhir/request-status",
          "code" : "unknown",
          "display" : "Unknown"
        },
        {
          "system" : "https://www.ehealth.fgov.be/standards/fhir/referral/CodeSystem/be-prescription-status",
          "code" : "open",
          "display" : "open"
        },
        {
          "system" : "https://www.ehealth.fgov.be/standards/fhir/referral/CodeSystem/be-prescription-status",
          "code" : "stopped",
          "display" : "stopped"
        },
        {
          "system" : "https://www.ehealth.fgov.be/standards/fhir/referral/CodeSystem/be-prescription-status",
          "code" : "not-done",
          "display" : "not done"
        },
        {
          "system" : "https://www.ehealth.fgov.be/standards/fhir/referral/CodeSystem/be-prescription-status",
          "code" : "other",
          "display" : "other"
        }]
      }
    }
  },
  {
    "fullUrl" : "https://www.ehealth.fgov.be/standards/fhir/referral/ValueSet/be-vs-reason-referral-status",
    "resource" : {
      "resourceType" : "ValueSet",
      "id" : "be-vs-reason-referral-status",
      "text" : {
        "status" : "generated",
        "div" : "<div xmlns=\"http://www.w3.org/1999/xhtml\"><p>This value set contains 8 concepts</p><div style=\"border: black 1px dotted; background-color: #EEEEEE; padding: 8px; margin-bottom: 8px\"><p>Expansion based on: </p><ul><li><a href=\"CodeSystem-be-status-reason.html\">BeStatusReason v0.2.0 (CodeSystem)</a></li><li><a href=\"http://terminology.hl7.org/3.1.0/CodeSystem-v3-ActReason.html\">ActReason v2.1.0 (CodeSystem)</a></li></ul></div><table class=\"codes\"><tr><td style=\"white-space:nowrap\"><b>Code</b></td><td><b>System</b></td><td><b>Display</b></td><td><b>Definition</b></td></tr><tr><td style=\"white-space:nowrap\"><a name=\"https---www.ehealth.fgov.be-standards-fhir-referral-CodeSystem-be-status-reason-other\"> </a>  <a href=\"CodeSystem-be-status-reason.html#be-status-reason-other\">other</a></td><td>https://www.ehealth.fgov.be/standards/fhir/referral/CodeSystem/be-status-reason</td><td>other</td><td/></tr><tr><td style=\"white-space:nowrap\"><a name=\"http---terminology.hl7.org-CodeSystem-v3-ActReason-MEDPREC\"> </a>  <a href=\"http://terminology.hl7.org/3.1.0/CodeSystem-v3-ActReason.html#v3-ActReason-MEDPREC\">MEDPREC</a></td><td>http://terminology.hl7.org/CodeSystem/v3-ActReason</td><td>Medical Precaution</td><td><div><p>**Definition:**The patient currently has a medical condition for which the vaccine is contraindicated or for which precaution is warranted.</p>\n</div></td></tr><tr><td style=\"white-space:nowrap\"><a name=\"http---terminology.hl7.org-CodeSystem-v3-ActReason-OSTOCK\"> </a>  <a href=\"http://terminology.hl7.org/3.1.0/CodeSystem-v3-ActReason.html#v3-ActReason-OSTOCK\">OSTOCK</a></td><td>http://terminology.hl7.org/CodeSystem/v3-ActReason</td><td>Out of Stock</td><td><div><p>**Definition:**There was no supply of the product on hand to perform the service.</p>\n</div></td></tr><tr><td style=\"white-space:nowrap\"><a name=\"http---terminology.hl7.org-CodeSystem-v3-ActReason-PATOBJ\"> </a>  <a href=\"http://terminology.hl7.org/3.1.0/CodeSystem-v3-ActReason.html#v3-ActReason-PATOBJ\">PATOBJ</a></td><td>http://terminology.hl7.org/CodeSystem/v3-ActReason</td><td>Patient Objection</td><td><div><p>**Definition:**The patient or their guardian objects to receiving the vaccine.</p>\n</div></td></tr><tr><td style=\"white-space:nowrap\"><a name=\"http---terminology.hl7.org-CodeSystem-v3-ActReason-DECSD\"> </a>  <a href=\"http://terminology.hl7.org/3.1.0/CodeSystem-v3-ActReason.html#v3-ActReason-DECSD\">DECSD</a></td><td>http://terminology.hl7.org/CodeSystem/v3-ActReason</td><td>deceased</td><td><div><p>Client deceased.</p>\n</div></td></tr><tr><td style=\"white-space:nowrap\"><a name=\"http---terminology.hl7.org-CodeSystem-v3-ActReason-SALG\"> </a>  <a href=\"http://terminology.hl7.org/3.1.0/CodeSystem-v3-ActReason.html#v3-ActReason-SALG\">SALG</a></td><td>http://terminology.hl7.org/CodeSystem/v3-ActReason</td><td>allergy</td><td><div><p>**Description:**The patient is believed to be allergic to a substance that is part of the therapy and the therapy is being temporarily withdrawn to confirm.</p>\n</div></td></tr><tr><td style=\"white-space:nowrap\"><a name=\"http---terminology.hl7.org-CodeSystem-v3-ActReason-MODIFY\"> </a>  <a href=\"http://terminology.hl7.org/3.1.0/CodeSystem-v3-ActReason.html#v3-ActReason-MODIFY\">MODIFY</a></td><td>http://terminology.hl7.org/CodeSystem/v3-ActReason</td><td>modified prescription exists</td><td><div><p>**Definition:**Therapy has been changed and new prescription issued</p>\n</div></td></tr><tr><td style=\"white-space:nowrap\"><a name=\"http---terminology.hl7.org-CodeSystem-v3-ActReason-CONTRA\"> </a>  <a href=\"http://terminology.hl7.org/3.1.0/CodeSystem-v3-ActReason.html#v3-ActReason-CONTRA\">CONTRA</a></td><td>http://terminology.hl7.org/CodeSystem/v3-ActReason</td><td>contraindication</td><td><div><p>**Definition:**Contraindication identified</p>\n</div></td></tr></table></div>"
      },
      "url" : "https://www.ehealth.fgov.be/standards/fhir/referral/ValueSet/be-vs-reason-referral-status",
      "version" : "0.2.0",
      "name" : "BeReasonReferralStatus",
      "status" : "active",
      "date" : "2021-10-07T15:14:36+02:00",
      "publisher" : "HL7 Belgium",
      "contact" : [{
        "name" : "HL7 Belgium",
        "telecom" : [{
          "system" : "url",
          "value" : "http://hl7belgium.org"
        }]
      },
      {
        "name" : "Message-Structure",
        "telecom" : [{
          "system" : "email",
          "value" : "message-structure@ehealth.fgov.be",
          "use" : "work"
        }]
      }],
      "description" : "Codes to explain the current status of a referral prescription.",
      "jurisdiction" : [{
        "coding" : [{
          "system" : "urn:iso:std:iso:3166",
          "code" : "BE",
          "display" : "Belgium"
        }]
      }],
      "expansion" : {
        "identifier" : "urn:uuid:69fc7d3b-c634-4b50-9516-cbb3c1c02555",
        "timestamp" : "2022-09-26T07:41:22+00:00",
        "total" : 8,
        "parameter" : [{
          "name" : "excludeNested",
          "valueBoolean" : false
        },
        {
          "name" : "version",
          "valueUri" : "https://www.ehealth.fgov.be/standards/fhir/referral/CodeSystem/be-status-reason|0.2.0"
        },
        {
          "name" : "version",
          "valueUri" : "http://terminology.hl7.org/CodeSystem/v3-ActReason|2.1.0"
        }],
        "contains" : [{
          "system" : "https://www.ehealth.fgov.be/standards/fhir/referral/CodeSystem/be-status-reason",
          "code" : "other",
          "display" : "other"
        },
        {
          "system" : "http://terminology.hl7.org/CodeSystem/v3-ActReason",
          "code" : "MEDPREC",
          "display" : "Medical Precaution"
        },
        {
          "system" : "http://terminology.hl7.org/CodeSystem/v3-ActReason",
          "code" : "OSTOCK",
          "display" : "Out of Stock"
        },
        {
          "system" : "http://terminology.hl7.org/CodeSystem/v3-ActReason",
          "code" : "PATOBJ",
          "display" : "Patient Objection"
        },
        {
          "system" : "http://terminology.hl7.org/CodeSystem/v3-ActReason",
          "code" : "DECSD",
          "display" : "deceased"
        },
        {
          "system" : "http://terminology.hl7.org/CodeSystem/v3-ActReason",
          "code" : "SALG",
          "display" : "allergy"
        },
        {
          "system" : "http://terminology.hl7.org/CodeSystem/v3-ActReason",
          "code" : "MODIFY",
          "display" : "modified prescription exists"
        },
        {
          "system" : "http://terminology.hl7.org/CodeSystem/v3-ActReason",
          "code" : "CONTRA",
          "display" : "contraindication"
        }]
      }
    }
  },
  {
    "fullUrl" : "https://www.ehealth.fgov.be/standards/fhir/referral/ValueSet/be-vs-co-prescriber-choice",
    "resource" : {
      "resourceType" : "ValueSet",
      "id" : "be-vs-co-prescriber-choice",
      "text" : {
        "status" : "generated",
        "div" : "<div xmlns=\"http://www.w3.org/1999/xhtml\"><p>This value set contains 3 concepts</p><p style=\"border: black 1px dotted; background-color: #EEEEEE; padding: 8px; margin-bottom: 8px\">Expansion based on <a href=\"CodeSystem-be-cs-co-prescriber-choice.html\">BeCSCoPrescriberChoice v0.2.0 (CodeSystem)</a></p><table class=\"codes\"><tr><td style=\"white-space:nowrap\"><b>Code</b></td><td><b>System</b></td><td><b>Display</b></td></tr><tr><td style=\"white-space:nowrap\"><a name=\"https---www.ehealth.fgov.be-standards-fhir-referral-CodeSystem-be-cs-co-prescriber-choice-mandatory\"> </a>  <a href=\"CodeSystem-be-cs-co-prescriber-choice.html#be-cs-co-prescriber-choice-mandatory\">mandatory</a></td><td>https://www.ehealth.fgov.be/standards/fhir/referral/CodeSystem/be-cs-co-prescriber-choice</td><td>The co-prescriber must sign</td></tr><tr><td style=\"white-space:nowrap\"><a name=\"https---www.ehealth.fgov.be-standards-fhir-referral-CodeSystem-be-cs-co-prescriber-choice-one-of-mandatory\"> </a>  <a href=\"CodeSystem-be-cs-co-prescriber-choice.html#be-cs-co-prescriber-choice-one-of-mandatory\">one-of-mandatory</a></td><td>https://www.ehealth.fgov.be/standards/fhir/referral/CodeSystem/be-cs-co-prescriber-choice</td><td>The signature of the co-prescriber counts in the number of required signatures, but not blocking</td></tr><tr><td style=\"white-space:nowrap\"><a name=\"https---www.ehealth.fgov.be-standards-fhir-referral-CodeSystem-be-cs-co-prescriber-choice-recommended\"> </a>  <a href=\"CodeSystem-be-cs-co-prescriber-choice.html#be-cs-co-prescriber-choice-recommended\">recommended</a></td><td>https://www.ehealth.fgov.be/standards/fhir/referral/CodeSystem/be-cs-co-prescriber-choice</td><td>The signature of the co-prescriber is recommended, but not blocking</td></tr></table></div>"
      },
      "url" : "https://www.ehealth.fgov.be/standards/fhir/referral/ValueSet/be-vs-co-prescriber-choice",
      "version" : "0.2.0",
      "name" : "BeVsCoPrescriberChoice",
      "status" : "active",
      "date" : "2022-05-03T10:04:16+02:00",
      "publisher" : "HL7 Belgium",
      "contact" : [{
        "name" : "HL7 Belgium",
        "telecom" : [{
          "system" : "url",
          "value" : "http://hl7belgium.org"
        }]
      },
      {
        "name" : "Message-Structure",
        "telecom" : [{
          "system" : "email",
          "value" : "message-structure@ehealth.fgov.be",
          "use" : "work"
        }]
      }],
      "jurisdiction" : [{
        "coding" : [{
          "system" : "urn:iso:std:iso:3166",
          "code" : "BE",
          "display" : "Belgium"
        }]
      }],
      "expansion" : {
        "identifier" : "urn:uuid:e20d7e2c-a094-40fa-9ca8-2660c3f8aba6",
        "timestamp" : "2022-09-26T07:41:22+00:00",
        "total" : 3,
        "parameter" : [{
          "name" : "excludeNested",
          "valueBoolean" : false
        },
        {
          "name" : "version",
          "valueUri" : "https://www.ehealth.fgov.be/standards/fhir/referral/CodeSystem/be-cs-co-prescriber-choice|0.2.0"
        }],
        "contains" : [{
          "system" : "https://www.ehealth.fgov.be/standards/fhir/referral/CodeSystem/be-cs-co-prescriber-choice",
          "code" : "mandatory",
          "display" : "The co-prescriber must sign"
        },
        {
          "system" : "https://www.ehealth.fgov.be/standards/fhir/referral/CodeSystem/be-cs-co-prescriber-choice",
          "code" : "one-of-mandatory",
          "display" : "The signature of the co-prescriber counts in the number of required signatures, but not blocking"
        },
        {
          "system" : "https://www.ehealth.fgov.be/standards/fhir/referral/CodeSystem/be-cs-co-prescriber-choice",
          "code" : "recommended",
          "display" : "The signature of the co-prescriber is recommended, but not blocking"
        }]
      }
    }
  },
  {
    "fullUrl" : "https://www.ehealth.fgov.be/standards/fhir/referral/ValueSet/be-vs-proposal-type",
    "resource" : {
      "resourceType" : "ValueSet",
      "id" : "be-vs-proposal-type",
      "text" : {
        "status" : "generated",
        "div" : "<div xmlns=\"http://www.w3.org/1999/xhtml\"><p>This value set contains 2 concepts</p><p style=\"border: black 1px dotted; background-color: #EEEEEE; padding: 8px; margin-bottom: 8px\">Expansion based on <a href=\"CodeSystem-be-prescription-proposal-type.html\">BePrescriptionProposalType v0.2.0 (CodeSystem)</a></p><table class=\"codes\"><tr><td style=\"white-space:nowrap\"><b>Code</b></td><td><b>System</b></td><td><b>Display</b></td></tr><tr><td style=\"white-space:nowrap\"><a name=\"https---www.ehealth.fgov.be-standards-fhir-referral-CodeSystem-be-prescription-proposal-type-new\"> </a>  <a href=\"CodeSystem-be-prescription-proposal-type.html#be-prescription-proposal-type-new\">new</a></td><td>https://www.ehealth.fgov.be/standards/fhir/referral/CodeSystem/be-prescription-proposal-type</td><td>new</td></tr><tr><td style=\"white-space:nowrap\"><a name=\"https---www.ehealth.fgov.be-standards-fhir-referral-CodeSystem-be-prescription-proposal-type-prolongation\"> </a>  <a href=\"CodeSystem-be-prescription-proposal-type.html#be-prescription-proposal-type-prolongation\">prolongation</a></td><td>https://www.ehealth.fgov.be/standards/fhir/referral/CodeSystem/be-prescription-proposal-type</td><td>prolongation</td></tr></table></div>"
      },
      "url" : "https://www.ehealth.fgov.be/standards/fhir/referral/ValueSet/be-vs-proposal-type",
      "version" : "0.2.0",
      "name" : "BeVsProposalType",
      "status" : "active",
      "date" : "2022-05-03T10:04:16+02:00",
      "publisher" : "HL7 Belgium",
      "contact" : [{
        "name" : "HL7 Belgium",
        "telecom" : [{
          "system" : "url",
          "value" : "http://hl7belgium.org"
        }]
      },
      {
        "name" : "Message-Structure",
        "telecom" : [{
          "system" : "email",
          "value" : "message-structure@ehealth.fgov.be",
          "use" : "work"
        }]
      }],
      "jurisdiction" : [{
        "coding" : [{
          "system" : "urn:iso:std:iso:3166",
          "code" : "BE",
          "display" : "Belgium"
        }]
      }],
      "expansion" : {
        "identifier" : "urn:uuid:572bd75e-b9a9-4fa3-b931-5029ea833766",
        "timestamp" : "2022-09-26T07:41:22+00:00",
        "total" : 2,
        "parameter" : [{
          "name" : "excludeNested",
          "valueBoolean" : false
        },
        {
          "name" : "version",
          "valueUri" : "https://www.ehealth.fgov.be/standards/fhir/referral/CodeSystem/be-prescription-proposal-type|0.2.0"
        }],
        "contains" : [{
          "system" : "https://www.ehealth.fgov.be/standards/fhir/referral/CodeSystem/be-prescription-proposal-type",
          "code" : "new",
          "display" : "new"
        },
        {
          "system" : "https://www.ehealth.fgov.be/standards/fhir/referral/CodeSystem/be-prescription-proposal-type",
          "code" : "prolongation",
          "display" : "prolongation"
        }]
      }
    }
  },
  {
    "fullUrl" : "https://www.ehealth.fgov.be/standards/fhir/referral/ValueSet/be-vs-referral-category",
    "resource" : {
      "resourceType" : "ValueSet",
      "id" : "be-vs-referral-category",
      "text" : {
        "status" : "generated",
        "div" : "<div xmlns=\"http://www.w3.org/1999/xhtml\"><p>This value set contains 7 concepts</p><p style=\"border: black 1px dotted; background-color: #EEEEEE; padding: 8px; margin-bottom: 8px\">Expansion based on SNOMED CT International edition 31-Jul 2022</p><table class=\"codes\"><tr><td style=\"white-space:nowrap\"><b>Code</b></td><td><b>System</b></td><td><b>Display</b></td></tr><tr><td style=\"white-space:nowrap\"><a name=\"http---snomed.info-sct-363679005\"> </a>  <a href=\"http://snomed.info/id/363679005\">363679005</a></td><td>http://snomed.info/sct</td><td>Imaging (procedure)</td></tr><tr><td style=\"white-space:nowrap\"><a name=\"http---snomed.info-sct-91251008\"> </a>  <a href=\"http://snomed.info/id/91251008\">91251008</a></td><td>http://snomed.info/sct</td><td>Physical therapy procedure (regime/therapy)</td></tr><tr><td style=\"white-space:nowrap\"><a name=\"http---snomed.info-sct-9632001\"> </a>  <a href=\"http://snomed.info/id/9632001\">9632001</a></td><td>http://snomed.info/sct</td><td>Nursing procedure (procedure)</td></tr><tr><td style=\"white-space:nowrap\"><a name=\"http---snomed.info-sct-15220000\"> </a>  <a href=\"http://snomed.info/id/15220000\">15220000</a></td><td>http://snomed.info/sct</td><td>Laboratory test (procedure)</td></tr><tr><td style=\"white-space:nowrap\"><a name=\"http---snomed.info-sct-312856000\"> </a>  <a href=\"http://snomed.info/id/312856000\">312856000</a></td><td>http://snomed.info/sct</td><td>Referral to diabetes nurse (procedure)</td></tr><tr><td style=\"white-space:nowrap\"><a name=\"http---snomed.info-sct-183545006\"> </a>  <a href=\"http://snomed.info/id/183545006\">183545006</a></td><td>http://snomed.info/sct</td><td>Orthopedic referral (procedure)</td></tr><tr><td style=\"white-space:nowrap\"><a name=\"http---snomed.info-sct-69377005\"> </a>  <a href=\"http://snomed.info/id/69377005\">69377005</a></td><td>http://snomed.info/sct</td><td>Patient referral for rehabilitation, psychological (procedure)</td></tr></table></div>"
      },
      "url" : "https://www.ehealth.fgov.be/standards/fhir/referral/ValueSet/be-vs-referral-category",
      "version" : "0.2.0",
      "name" : "BeReferralCategory",
      "status" : "draft",
      "date" : "2021-10-07T15:14:36+02:00",
      "publisher" : "HL7 Belgium",
      "contact" : [{
        "name" : "HL7 Belgium",
        "telecom" : [{
          "system" : "url",
          "value" : "http://hl7belgium.org"
        }]
      },
      {
        "name" : "Message-Structure",
        "telecom" : [{
          "system" : "email",
          "value" : "message-structure@ehealth.fgov.be",
          "use" : "work"
        }]
      }],
      "description" : "Codes to define the high level category for a referral prescription. SNOMED-CT codes in this valueset are just a draft proposal to give a general idea - pending an official valueset.",
      "jurisdiction" : [{
        "coding" : [{
          "system" : "urn:iso:std:iso:3166",
          "code" : "BE",
          "display" : "Belgium"
        }]
      }],
      "expansion" : {
        "identifier" : "urn:uuid:3bcac637-dfc0-49a9-b0de-769ffd8f74d5",
        "timestamp" : "2022-09-26T07:41:22+00:00",
        "total" : 7,
        "parameter" : [{
          "name" : "excludeNested",
          "valueBoolean" : false
        },
        {
          "name" : "limitedExpansion",
          "valueBoolean" : true
        },
        {
          "name" : "version",
          "valueUri" : "http://snomed.info/sct|http://snomed.info/sct/900000000000207008/version/20220731"
        }],
        "contains" : [{
          "system" : "http://snomed.info/sct",
          "code" : "363679005",
          "display" : "Imaging (procedure)"
        },
        {
          "system" : "http://snomed.info/sct",
          "code" : "91251008",
          "display" : "Physical therapy procedure (regime/therapy)"
        },
        {
          "system" : "http://snomed.info/sct",
          "code" : "9632001",
          "display" : "Nursing procedure (procedure)"
        },
        {
          "system" : "http://snomed.info/sct",
          "code" : "15220000",
          "display" : "Laboratory test (procedure)"
        },
        {
          "system" : "http://snomed.info/sct",
          "code" : "312856000",
          "display" : "Referral to diabetes nurse (procedure)"
        },
        {
          "system" : "http://snomed.info/sct",
          "code" : "183545006",
          "display" : "Orthopedic referral (procedure)"
        },
        {
          "system" : "http://snomed.info/sct",
          "code" : "69377005",
          "display" : "Patient referral for rehabilitation, psychological (procedure)"
        }]
      }
    }
  }]
}