"Id","Path","Slice Name","Alias(s)","Label","Min","Max","Must Support?","Is Modifier?","Is Summary?","Type(s)","Short","Definition","Comments","Requirements","Default Value","Meaning When Missing","Fixed Value","Pattern","Example","Minimum Value","Maximum Value","Maximum Length","Binding Strength","Binding Description","Binding Value Set","Code","Slicing Discriminator","Slicing Description","Slicing Ordered","Slicing Rules","Base Path","Base Min","Base Max","Condition(s)","Constraint(s)","Mapping: RIM Mapping"
"be-model-referral-requestgroup","be-model-referral-requestgroup","","","",0,*,"","","","","Base for all elements","Logical model describing the model for a group of referral prescriptions. This draft is used in the HL7 Belgian workgroup for referral.","","","","","","","","","",,,,,"",,,,"Element",0,*,"ele-1
","","n/a"
"be-model-referral-requestgroup.id","be-model-referral-requestgroup.id","","","",0,1,"","","","string {[]} {[]}
","Unique id for inter-element referencing","Unique id for the element within a resource (for internal references). This may be any string value that does not contain spaces.","","","","","","","","","",,,,,"",,,,"Element.id",0,1,"","","n/a"
"be-model-referral-requestgroup.extension","be-model-referral-requestgroup.extension","","extensions
user content","",0,*,"","","","Extension {[]} {[]}
","Additional content defined by implementations","May be used to represent additional information that is not part of the basic definition of the element. To make the use of extensions safe and manageable, there is a strict set of governance  applied to the definition and use of extensions. Though any implementer can define an extension, there is a set of requirements that SHALL be met as part of the definition of the extension.","There can be no stigma associated with the use of extensions by any application, project, or standard - regardless of the institution or jurisdiction that uses or defines the extensions.  The use of extensions is what allows the FHIR specification to retain a core level of simplicity for everyone.","","","","","","","","",,,,,"","value:url}
","Extensions are always sliced by (at least) url",,"open","Element.extension",0,*,"","ele-1:All FHIR elements must have a @value or children {hasValue() or (children().count() > id.count())}
ext-1:Must have either extensions or value[x], not both {extension.exists() != value.exists()}","n/a"
"be-model-referral-requestgroup.identifier","be-model-referral-requestgroup.identifier","","","",1,1,"","","","Identifier {[]} {[]}
","The business identifier of the request group","The business identifier of the request group","","","","","","","","","",,,,,"",,,,"be-model-referral-requestgroup.identifier",1,1,"",""
"be-model-referral-requestgroup.groupIdentifier","be-model-referral-requestgroup.groupIdentifier","","","",0,1,"","","","Identifier {[]} {[]}
","If the group belongs to another group, the identifier of this group","","","","","","","","","","",,,,,"",,,,"be-model-referral-requestgroup.groupIdentifier",0,1,"",""
"be-model-referral-requestgroup.action","be-model-referral-requestgroup.action","","","",0,*,"","","","BackboneElement {[]} {[]}
","The actions (prescriptions) that belong together in the referral request-group","","","","","","","","","","",,,,,"",,,,"be-model-referral-requestgroup.action",0,*,"",""
"be-model-referral-requestgroup.action.id","be-model-referral-requestgroup.action.id","","","",1,1,"","","","string {[]} {[]}
","id for local reference","id for local reference","","","","","","","","","",,,,,"",,,,"be-model-referral-requestgroup.action.id",1,1,"",""
"be-model-referral-requestgroup.action.relatedAction","be-model-referral-requestgroup.action.relatedAction","","","",1,*,"","","","BackboneElement {[]} {[]}
","The actions (prescriptions) that are related to the current action","","","","","","","","","","",,,,,"",,,,"be-model-referral-requestgroup.action.relatedAction",1,*,"",""
"be-model-referral-requestgroup.action.relatedAction.actionId","be-model-referral-requestgroup.action.relatedAction.actionId","","","",1,1,"","","","string {[]} {[]}
","The actionId of the action the action is related to","","","","","","","","","","",,,,,"",,,,"be-model-referral-requestgroup.action.relatedAction.actionId",1,1,"",""
"be-model-referral-requestgroup.action.relatedAction.relationShip","be-model-referral-requestgroup.action.relatedAction.relationShip","","","",1,1,"","","","code {[]} {[]}
","The description of the relationship between both actions (before, after, concurrent)","","","","","","","","","","",,,,,"",,,,"be-model-referral-requestgroup.action.relatedAction.relationShip",1,1,"",""
