"Id","Path","Slice Name","Alias(s)","Label","Min","Max","Must Support?","Is Modifier?","Is Summary?","Type(s)","Short","Definition","Comments","Requirements","Default Value","Meaning When Missing","Fixed Value","Pattern","Example","Minimum Value","Maximum Value","Maximum Length","Binding Strength","Binding Description","Binding Value Set","Code","Slicing Discriminator","Slicing Description","Slicing Ordered","Slicing Rules","Base Path","Base Min","Base Max","Condition(s)","Constraint(s)","Mapping: Workflow Pattern","Mapping: HL7 v2 Mapping","Mapping: RIM Mapping","Mapping: FiveWs Pattern Mapping","Mapping: Quality Improvement and Clinical Knowledge (QUICK)"
"ServiceRequest","ServiceRequest","","diagnostic request
referralreferral requesttransfer of care request","",0,*,"","","","null {[]} {[]}
","A request for a service to be performed","A record of a request for service such as diagnostic investigations, treatments, or operations to be performed.","","","","","","","","","",,,,,"",,,,"ServiceRequest",0,*,"","dom-2:If the resource is contained in another resource, it SHALL NOT contain nested Resources {contained.contained.empty()}
dom-3:If the resource is contained in another resource, it SHALL be referred to from elsewhere in the resource or SHALL refer to the containing resource {contained.where((('#'+id in (%resource.descendants().reference | %resource.descendants().as(canonical) | %resource.descendants().as(uri) | %resource.descendants().as(url))) or descendants().where(reference = '#').exists() or descendants().where(as(canonical) = '#').exists() or descendants().where(as(canonical) = '#').exists()).not()).trace('unmatched', id).empty()}dom-4:If a resource is contained in another resource, it SHALL NOT have a meta.versionId or a meta.lastUpdated {contained.meta.versionId.empty() and contained.meta.lastUpdated.empty()}dom-5:If a resource is contained in another resource, it SHALL NOT have a security label {contained.meta.security.empty()}dom-6:A resource should have narrative for robust management {text.`div`.exists()}prr-1:orderDetail SHALL only be present if code is present {orderDetail.empty() or code.exists()}","Request","ORC","Entity. Role, or Act","Act[moodCode<=INT]"
"ServiceRequest.id","ServiceRequest.id","","","",0,1,"","","Y","id {[]} {[]}
","Logical id of this artifact","The logical id of the resource, as used in the URL for the resource. Once assigned, this value never changes.","The only time that a resource does not have an id is when it is being submitted to the server using a create operation.","","","","","","","","",,,,,"",,,,"Resource.id",0,1,"",""
"ServiceRequest.meta","ServiceRequest.meta","","","",0,1,"","","Y","Meta {[]} {[]}
","Metadata about the resource","The metadata about the resource. This is content that is maintained by the infrastructure. Changes to the content might not always be associated with version changes to the resource.","","","","","","","","","",,,,,"",,,,"Resource.meta",0,1,"","ele-1:All FHIR elements must have a @value or children {hasValue() or (children().count() > id.count())}
"
"ServiceRequest.implicitRules","ServiceRequest.implicitRules","","","",0,1,"","Y","Y","uri {[]} {[]}
","A set of rules under which this content was created","A reference to a set of rules that were followed when the resource was constructed, and which must be understood when processing the content. Often, this is a reference to an implementation guide that defines the special rules along with other profiles etc.","Asserting this rule set restricts the content to be only understood by a limited set of trading partners. This inherently limits the usefulness of the data in the long term. However, the existing health eco-system is highly fractured, and not yet ready to define, collect, and exchange data in a generally computable sense. Wherever possible, implementers and/or specification writers should avoid using this element. Often, when used, the URL is a reference to an implementation guide that defines these special rules as part of it's narrative along with other profiles, value sets, etc.","","","","","","","","",,,,,"",,,,"Resource.implicitRules",0,1,"","ele-1:All FHIR elements must have a @value or children {hasValue() or (children().count() > id.count())}
"
"ServiceRequest.language","ServiceRequest.language","","","",0,1,"","","","code {[]} {[]}
","Language of the resource content","The base language in which the resource is written.","Language is provided to support indexing and accessibility (typically, services such as text to speech use the language tag). The html language tag in the narrative applies  to the narrative. The language tag on the resource may be used to specify the language of other presentations generated from the data in the resource. Not all the content has to be in the base language. The Resource.language should not be assumed to apply to the narrative automatically. If a language is specified, it should it also be specified on the div element in the html (see rules in HTML5 for information about the relationship between xml:lang and the html lang attribute).","","","","","","","","",,"preferred","A human language.","http://hl7.org/fhir/ValueSet/languages","",,,,"Resource.language",0,1,"","ele-1:All FHIR elements must have a @value or children {hasValue() or (children().count() > id.count())}
"
"ServiceRequest.text","ServiceRequest.text","","narrative
htmlxhtmldisplay","",0,1,"Y","","","Narrative {[]} {[]}
","Text summary of the resource, for human interpretation","A human-readable narrative that contains a summary of the resource and can be used to represent the content of the resource to a human. The narrative need not encode all the structured data, but is required to contain sufficient detail to make it ""clinically safe"" for a human to just read the narrative. Resource definitions may define what content should be represented in the narrative to ensure clinical safety.","Contained resources do not have narrative. Resources that are not contained SHOULD have a narrative. In some cases, a resource may only have text with little or no additional discrete data (as long as all minOccurs=1 elements are satisfied).  This may be necessary for data from legacy systems where information is captured as a ""text blob"" or where text is additionally entered raw or narrated and encoded information is added later.","","","","","","","","",,,,,"",,,,"DomainResource.text",0,1,"","ele-1:All FHIR elements must have a @value or children {hasValue() or (children().count() > id.count())}
","Act.text?"
"ServiceRequest.contained","ServiceRequest.contained","","inline resources
anonymous resourcescontained resources","",0,*,"","","","Resource {[]} {[]}
","Contained, inline Resources","These resources do not have an independent existence apart from the resource that contains them - they cannot be identified independently, and nor can they have their own independent transaction scope.","This should never be done when the content can be identified properly, as once identification is lost, it is extremely difficult (and context dependent) to restore it again. Contained resources may have profiles and tags In their meta elements, but SHALL NOT have security labels.","","","","","","","","",,,,,"",,,,"DomainResource.contained",0,*,"","","N/A"
"ServiceRequest.extension","ServiceRequest.extension","","","",2,*,"","","","Extension {[]} {[]}
","Extension","An Extension","","","","","","","","","",,,,,"","value:url}
","",,"open","DomainResource.extension",0,*,"","ele-1:All FHIR elements must have a @value or children {hasValue() or (children().count() > id.count())}
ext-1:Must have either extensions or value[x], not both {extension.exists() != value.exists()}"
"ServiceRequest.extension:statusReason","ServiceRequest.extension","statusReason","","",0,1,"Y","","","Extension {[CanonicalType[http://hl7.org/fhir/StructureDefinition/request-statusReason]]} {[]}
","Reason for current status","Captures the reason for the current state of the resource.","This is generally only used for ""exception"" statuses such as ""suspended"" or ""cancelled"".  The reason for performing the request at all is captured in reasonCode, not here.  (Distinct reason codes for different statuses can be enforced using invariants if they are universal bindings).","","","","","","","","",,,,,"",,,,"DomainResource.extension",0,*,"ele-1
","ele-1:All FHIR elements must have a @value or children {hasValue() or (children().count() > id.count())}
ext-1:Must have either extensions or value[x], not both {extension.exists() != value.exists()}","Varies by domain",".inboundRelationship[typeCode=SUBJ].source[classCode=CACT, moodCode=EVN].reasonCOde"
"ServiceRequest.extension:statusReason.id","ServiceRequest.extension.id","","","",0,1,"","","","string {[]} {[]}
","Unique id for inter-element referencing","Unique id for the element within a resource (for internal references). This may be any string value that does not contain spaces.","","","","","","","","","",,,,,"",,,,"Element.id",0,1,"","","n/a"
"ServiceRequest.extension:statusReason.extension","ServiceRequest.extension.extension","","","",0,0,"","","","Extension {[]} {[]}
","Extension","An Extension","","","","","","","","","",,,,,"","value:url}
","Extensions are always sliced by (at least) url",,"open","Element.extension",0,*,"","ele-1:All FHIR elements must have a @value or children {hasValue() or (children().count() > id.count())}
ext-1:Must have either extensions or value[x], not both {extension.exists() != value.exists()}"
"ServiceRequest.extension:statusReason.url","ServiceRequest.extension.url","","","",1,1,"","","","uri {[]} {[]}
","identifies the meaning of the extension","Source of the definition for the extension code - a logical name or a URL.","The definition may point directly to a computable or human-readable definition of the extensibility codes, or it may be a logical URI as declared in some other specification. The definition SHALL be a URI for the Structure Definition defining the extension.","","","","<valueUri xmlns=""http://hl7.org/fhir"" value=""http://hl7.org/fhir/StructureDefinition/request-statusReason""/>","","","","",,,,,"",,,,"Extension.url",1,1,"","","N/A"
"ServiceRequest.extension:statusReason.value[x]","ServiceRequest.extension.value[x]","","","",1,1,"","","","CodeableConcept {[]} {[]}
","Value of extension","Value of extension - must be one of a constrained set of the data types (see [Extensibility](http://hl7.org/fhir/extensibility.html) for a list).","","","","","","","","","",,"extensible","","https://www.ehealth.fgov.be/standards/fhir/referral/ValueSet/be-vs-prescription-status-reason","",,,,"Extension.value[x]",0,1,"","ele-1:All FHIR elements must have a @value or children {hasValue() or (children().count() > id.count())}
","N/A"
"ServiceRequest.extension:feedback","ServiceRequest.extension","feedback","","",1,1,"Y","","","Extension {[CanonicalType[https://www.ehealth.fgov.be/standards/fhir/referral/StructureDefinition/be-ext-feedback-to-prescriber]]} {[]}
","Give feedback to the prescriber","Optional Extension Element - found in all resources.","","","","","","","","","",,,,,"",,,,"DomainResource.extension",0,*,"ele-1
","ele-1:All FHIR elements must have a @value or children {hasValue() or (children().count() > id.count())}
ext-1:Must have either extensions or value[x], not both {extension.exists() != value.exists()}","n/a","N/A"
"ServiceRequest.extension:coprescriber","ServiceRequest.extension","coprescriber","","",0,1,"Y","","","Extension {[CanonicalType[https://www.ehealth.fgov.be/standards/fhir/referral/StructureDefinition/be-co-prescriber-info]]} {[]}
","Info about the other parties that have to take part in the prescription.","Other practitioners that must take part in this prescripiton","","","","","","","","","",,,,,"",,,,"DomainResource.extension",0,*,"ele-1
","ele-1:All FHIR elements must have a @value or children {hasValue() or (children().count() > id.count())}
ext-1:Must have either extensions or value[x], not both {extension.exists() != value.exists()}"
"ServiceRequest.extension:validity","ServiceRequest.extension","validity","","",1,1,"Y","","","Extension {[CanonicalType[https://www.ehealth.fgov.be/standards/fhir/referral/StructureDefinition/be-ext-validity-period]]} {[]}
","Validity period of the prescription","Begin and enddate of the validity of the request","","","","","","","","","",,,,,"",,,,"DomainResource.extension",0,*,"ele-1
","ele-1:All FHIR elements must have a @value or children {hasValue() or (children().count() > id.count())}
ext-1:Must have either extensions or value[x], not both {extension.exists() != value.exists()}"
"ServiceRequest.extension:latest","ServiceRequest.extension","latest","","",0,1,"Y","","","Extension {[CanonicalType[https://www.ehealth.fgov.be/standards/fhir/referral/StructureDefinition/be-ext-latest-end-date]]} {[]}
","Request must be executed before","Request must be performed before","","","","","","","","","",,,,,"",,,,"DomainResource.extension",0,*,"ele-1
","ele-1:All FHIR elements must have a @value or children {hasValue() or (children().count() > id.count())}
ext-1:Must have either extensions or value[x], not both {extension.exists() != value.exists()}"
"ServiceRequest.extension:latestDraft","ServiceRequest.extension","latestDraft","","",0,1,"Y","","","Extension {[CanonicalType[https://www.ehealth.fgov.be/standards/fhir/referral/StructureDefinition/be-ext-latest-draft-date]]} {[]}
","The prescription must have left the draft status befor this moment","Request must leave draft status before","","","","","","","","","",,,,,"",,,,"DomainResource.extension",0,*,"ele-1
","ele-1:All FHIR elements must have a @value or children {hasValue() or (children().count() > id.count())}
ext-1:Must have either extensions or value[x], not both {extension.exists() != value.exists()}"
"ServiceRequest.extension:proposalType","ServiceRequest.extension","proposalType","","",0,1,"Y","","","Extension {[CanonicalType[https://www.ehealth.fgov.be/standards/fhir/referral/StructureDefinition/be-ext-proposal-type]]} {[]}
","BeProposalType","Type of proposal","","","","","","","","","",,,,,"",,,,"DomainResource.extension",0,*,"ele-1
","ele-1:All FHIR elements must have a @value or children {hasValue() or (children().count() > id.count())}
ext-1:Must have either extensions or value[x], not both {extension.exists() != value.exists()}"
"ServiceRequest.extension:pss","ServiceRequest.extension","pss","","",0,1,"Y","","","Extension {[CanonicalType[https://www.ehealth.fgov.be/standards/fhir/referral/StructureDefinition/be-ext-pss-info]]} {[]}
","BePSSInfo","Prescription Search Support Info","","","","","","","","","",,,,,"",,,,"DomainResource.extension",0,*,"ele-1
","ele-1:All FHIR elements must have a @value or children {hasValue() or (children().count() > id.count())}
ext-1:Must have either extensions or value[x], not both {extension.exists() != value.exists()}"
"ServiceRequest.extension:recorder","ServiceRequest.extension","recorder","","",0,1,"Y","","","Extension {[CanonicalType[https://www.ehealth.fgov.be/standards/fhir/core/StructureDefinition/be-ext-recorder]]} {[]}
","The person responsable for this information, not necessarily the person who recorded the information","The recorder of the information - note that this may not always be the same as the asserter - when a patient reports to a nurse and the nurse enters the data, the asserter is the patient, but the recorder is the nurse","","","","","","","","","",,,,,"",,,,"DomainResource.extension",0,*,"ele-1
","ele-1:All FHIR elements must have a @value or children {hasValue() or (children().count() > id.count())}
ext-1:Must have either extensions or value[x], not both {extension.exists() != value.exists()}"
"ServiceRequest.extension:performerType","ServiceRequest.extension","performerType","","",0,*,"Y","","","Extension {[CanonicalType[https://www.ehealth.fgov.be/standards/fhir/referral/StructureDefinition/be-ext-performer-type]]} {[]}
","Discipline of provider. Replaces .performerType because of wrong cardinality","Optional Extension Element - found in all resources.","","","","","","","","","",,,,,"",,,,"DomainResource.extension",0,*,"ele-1
","ele-1:All FHIR elements must have a @value or children {hasValue() or (children().count() > id.count())}
ext-1:Must have either extensions or value[x], not both {extension.exists() != value.exists()}","n/a","N/A"
"ServiceRequest.extension:urgentCommunication","ServiceRequest.extension","urgentCommunication","","",0,1,"","","","Extension {[CanonicalType[https://www.ehealth.fgov.be/standards/fhir/referral/StructureDefinition/be-ext-urgent-communication]]} {[]}
","when needed to communicate urgently any results","An Extension","","","","","","","","","",,,,,"",,,,"DomainResource.extension",0,*,"","ele-1:All FHIR elements must have a @value or children {hasValue() or (children().count() > id.count())}
ext-1:Must have either extensions or value[x], not both {extension.exists() != value.exists()}"
"ServiceRequest.modifierExtension","ServiceRequest.modifierExtension","","extensions
user content","",0,*,"","Y","","Extension {[]} {[]}
","Extensions that cannot be ignored","May be used to represent additional information that is not part of the basic definition of the resource and that modifies the understanding of the element that contains it and/or the understanding of the containing element's descendants. Usually modifier elements provide negation or qualification. To make the use of extensions safe and manageable, there is a strict set of governance applied to the definition and use of extensions. Though any implementer is allowed to define an extension, there is a set of requirements that SHALL be met as part of the definition of the extension. Applications processing a resource are required to check for modifier extensions.

Modifier extensions SHALL NOT change the meaning of any elements on Resource or DomainResource (including cannot change the meaning of modifierExtension itself).","There can be no stigma associated with the use of extensions by any application, project, or standard - regardless of the institution or jurisdiction that uses or defines the extensions.  The use of extensions is what allows the FHIR specification to retain a core level of simplicity for everyone.","Modifier extensions allow for extensions that *cannot* be safely ignored to be clearly distinguished from the vast majority of extensions which can be safely ignored.  This promotes interoperability by eliminating the need for implementers to prohibit the presence of extensions. For further information, see the [definition of modifier extensions](http://hl7.org/fhir/R4/extensibility.html#modifierExtension).","","","","","","","",,,,,"",,,,"DomainResource.modifierExtension",0,*,"","ele-1:All FHIR elements must have a @value or children {hasValue() or (children().count() > id.count())}
ext-1:Must have either extensions or value[x], not both {extension.exists() != value.exists()}","N/A"
"ServiceRequest.identifier","ServiceRequest.identifier","","","",0,*,"Y","","Y","Identifier {[]} {[]}
","Identifiers assigned to this order","Identifiers assigned to this order instance by the orderer and/or the receiver and/or order fulfiller.","The identifier.type element is used to distinguish between the identifiers assigned by the orderer (known as the 'Placer' in HL7 v2) and the producer of the observations in response to the order (known as the 'Filler' in HL7 v2).  For further discussion and examples see the resource notes section below.","","","","","","","","",,,,,"","value:system}
","",,"open","ServiceRequest.identifier",0,*,"","ele-1:All FHIR elements must have a @value or children {hasValue() or (children().count() > id.count())}
","Request.identifier","ORC.2, ORC.3, RF1-6 / RF1-11,",".identifier","FiveWs.identifier","ClinicalStatement.identifier"
"ServiceRequest.identifier:UHMEP","ServiceRequest.identifier","UHMEP","","",0,1,"","","Y","Identifier {[]} {[]}
","Reference ID of the UHMEP once available there","Identifiers assigned to this order instance by the orderer and/or the receiver and/or order fulfiller.","The identifier.type element is used to distinguish between the identifiers assigned by the orderer (known as the 'Placer' in HL7 v2) and the producer of the observations in response to the order (known as the 'Filler' in HL7 v2).  For further discussion and examples see the resource notes section below.","","","","","","","","",,,,,"",,,,"ServiceRequest.identifier",0,*,"","ele-1:All FHIR elements must have a @value or children {hasValue() or (children().count() > id.count())}
","Request.identifier","ORC.2, ORC.3, RF1-6 / RF1-11,",".identifier","FiveWs.identifier","ClinicalStatement.identifier"
"ServiceRequest.identifier:UHMEP.id","ServiceRequest.identifier.id","","","",0,1,"","","","string {[]} {[]}
","Unique id for inter-element referencing","Unique id for the element within a resource (for internal references). This may be any string value that does not contain spaces.","","","","","","","","","",,,,,"",,,,"Element.id",0,1,"","","n/a"
"ServiceRequest.identifier:UHMEP.extension","ServiceRequest.identifier.extension","","extensions
user content","",0,*,"","","","Extension {[]} {[]}
","Additional content defined by implementations","May be used to represent additional information that is not part of the basic definition of the element. To make the use of extensions safe and manageable, there is a strict set of governance  applied to the definition and use of extensions. Though any implementer can define an extension, there is a set of requirements that SHALL be met as part of the definition of the extension.","There can be no stigma associated with the use of extensions by any application, project, or standard - regardless of the institution or jurisdiction that uses or defines the extensions.  The use of extensions is what allows the FHIR specification to retain a core level of simplicity for everyone.","","","","","","","","",,,,,"","value:url}
","Extensions are always sliced by (at least) url",,"open","Element.extension",0,*,"","ele-1:All FHIR elements must have a @value or children {hasValue() or (children().count() > id.count())}
ext-1:Must have either extensions or value[x], not both {extension.exists() != value.exists()}","n/a"
"ServiceRequest.identifier:UHMEP.use","ServiceRequest.identifier.use","","","",0,1,"","Y","Y","code {[]} {[]}
","usual | official | temp | secondary | old (If known)","The purpose of this identifier.","Applications can assume that an identifier is permanent unless it explicitly says that it is temporary.","Allows the appropriate identifier for a particular context of use to be selected from among a set of identifiers.","","","","","","","",,"required","Identifies the purpose for this identifier, if known .","http://hl7.org/fhir/ValueSet/identifier-use|4.0.1","",,,,"Identifier.use",0,1,"","ele-1:All FHIR elements must have a @value or children {hasValue() or (children().count() > id.count())}
","N/A","Role.code or implied by context"
"ServiceRequest.identifier:UHMEP.type","ServiceRequest.identifier.type","","","",0,1,"","","Y","CodeableConcept {[]} {[]}
","Description of identifier","A coded type for the identifier that can be used to determine which identifier to use for a specific purpose.","This element deals only with general categories of identifiers.  It SHOULD not be used for codes that correspond 1..1 with the Identifier.system. Some identifiers may fall into multiple categories due to common usage.   Where the system is known, a type is unnecessary because the type is always part of the system definition. However systems often need to handle identifiers where the system is not known. There is not a 1:1 relationship between type and system, since many different systems have the same type.","Allows users to make use of identifiers when the identifier system is not known.","","","","","","","",,"extensible","A coded type for an identifier that can be used to determine which identifier to use for a specific purpose.","http://hl7.org/fhir/ValueSet/identifier-type","",,,,"Identifier.type",0,1,"","ele-1:All FHIR elements must have a @value or children {hasValue() or (children().count() > id.count())}
","CX.5","Role.code or implied by context"
"ServiceRequest.identifier:UHMEP.system","ServiceRequest.identifier.system","","","",1,1,"","","Y","uri {[]} {[]}
","The namespace for the identifier value","Establishes the namespace for the value - that is, a URL that describes a set values that are unique.","Identifier.system is always case sensitive.","There are many sets  of identifiers.  To perform matching of two identifiers, we need to know what set we're dealing with. The system identifies a particular set of unique identifiers.","","","<valueUri xmlns=""http://hl7.org/fhir"" value=""https://www.ehealth.fgov.be/standards/fhir/referral/NamingSystem/uhmep""/>","","<valueUri xmlns=""http://hl7.org/fhir"" value=""http://www.acme.com/identifiers/patient""/>","","",,,,,"",,,,"Identifier.system",0,1,"","ele-1:All FHIR elements must have a @value or children {hasValue() or (children().count() > id.count())}
","CX.4 / EI-2-4","II.root or Role.id.root"
"ServiceRequest.identifier:UHMEP.value","ServiceRequest.identifier.value","","","",1,1,"","","Y","string {[]} {[]}
","The value that is unique","The portion of the identifier typically relevant to the user and which is unique within the context of the system.","If the value is a full URI, then the system SHALL be urn:ietf:rfc:3986.  The value's primary purpose is computational mapping.  As a result, it may be normalized for comparison purposes (e.g. removing non-significant whitespace, dashes, etc.)  A value formatted for human display can be conveyed using the [Rendered Value extension](http://hl7.org/fhir/R4/extension-rendered-value.html). Identifier.value is to be treated as case sensitive unless knowledge of the Identifier.system allows the processer to be confident that non-case-sensitive processing is safe.","","","","","","<valueString xmlns=""http://hl7.org/fhir"" value=""123456""/>","","",,,,,"",,,,"Identifier.value",0,1,"","ele-1:All FHIR elements must have a @value or children {hasValue() or (children().count() > id.count())}
","CX.1 / EI.1","II.extension or II.root if system indicates OID or GUID (Or Role.id.extension or root)"
"ServiceRequest.identifier:UHMEP.period","ServiceRequest.identifier.period","","","",0,1,"","","Y","Period {[]} {[]}
","Time period when id is/was valid for use","Time period during which identifier is/was valid for use.","","","","","","","","","",,,,,"",,,,"Identifier.period",0,1,"","ele-1:All FHIR elements must have a @value or children {hasValue() or (children().count() > id.count())}
","CX.7 + CX.8","Role.effectiveTime or implied by context"
"ServiceRequest.identifier:UHMEP.assigner","ServiceRequest.identifier.assigner","","","",0,1,"","","Y","Reference {[]} {[CanonicalType[http://hl7.org/fhir/StructureDefinition/Organization]]}
","Organization that issued id (may be just text)","Organization that issued/manages the identifier.","The Identifier.assigner may omit the .reference element and only contain a .display element reflecting the name or other textual information about the assigning organization.","","","","","","","","",,,,,"",,,,"Identifier.assigner",0,1,"","ele-1:All FHIR elements must have a @value or children {hasValue() or (children().count() > id.count())}
","CX.4 / (CX.4,CX.9,CX.10)","II.assigningAuthorityName but note that this is an improper use by the definition of the field.  Also Role.scoper"
"ServiceRequest.instantiatesCanonical","ServiceRequest.instantiatesCanonical","","","",0,*,"","","Y","canonical {[]} {[CanonicalType[http://hl7.org/fhir/StructureDefinition/ActivityDefinition], CanonicalType[http://hl7.org/fhir/StructureDefinition/PlanDefinition]]}
","Instantiates FHIR protocol or definition","The URL pointing to a FHIR-defined protocol, guideline, orderset or other definition that is adhered to in whole or in part by this ServiceRequest.","Note: This is a business identifier, not a resource identifier (see [discussion](http://hl7.org/fhir/R4/resource.html#identifiers)).  It is best practice for the identifier to only appear on a single resource instance, however business practices may occasionally dictate that multiple resource instances with the same identifier can exist - possibly even with different resource types.  For example, multiple Patient and a Person resource instance might share the same social insurance number.","","","","","","","","",,,,,"",,,,"ServiceRequest.instantiatesCanonical",0,*,"","ele-1:All FHIR elements must have a @value or children {hasValue() or (children().count() > id.count())}
","Request.instantiatesCanonical","Varies by domain",".outboundRelationship[typeCode=DEFN].target"
"ServiceRequest.instantiatesUri","ServiceRequest.instantiatesUri","","","",0,*,"","","Y","uri {[]} {[]}
","Instantiates external protocol or definition","The URL pointing to an externally maintained protocol, guideline, orderset or other definition that is adhered to in whole or in part by this ServiceRequest.","This might be an HTML page, PDF, etc. or could just be a non-resolvable URI identifier.","","","","","","","","",,,,,"",,,,"ServiceRequest.instantiatesUri",0,*,"","ele-1:All FHIR elements must have a @value or children {hasValue() or (children().count() > id.count())}
","Request.instantiatesUri","Varies by domain",".outboundRelationship[typeCode=DEFN].target"
"ServiceRequest.basedOn","ServiceRequest.basedOn","","fulfills
","",0,*,"Y","","Y","Reference {[]} {[CanonicalType[http://hl7.org/fhir/StructureDefinition/CarePlan], CanonicalType[http://hl7.org/fhir/StructureDefinition/ServiceRequest], CanonicalType[http://hl7.org/fhir/StructureDefinition/MedicationRequest]]}
","What request fulfills - could be a different lab order for example in case of sub orders.","The order might depend on a different order .","","","","","","","","","",,,,,"",,,,"ServiceRequest.basedOn",0,*,"","ele-1:All FHIR elements must have a @value or children {hasValue() or (children().count() > id.count())}
","Request.basedOn","ORC.8 (plus others)",".outboundRelationship[typeCode=FLFS].target"
"ServiceRequest.replaces","ServiceRequest.replaces","","supersedes
priorrenewed order","",0,*,"Y","","Y","Reference {[]} {[CanonicalType[http://hl7.org/fhir/StructureDefinition/ServiceRequest]]}
","What request replaces","The request takes the place of the referenced completed or terminated request(s).","","","","","","","","","",,,,,"",,,,"ServiceRequest.replaces",0,*,"","ele-1:All FHIR elements must have a @value or children {hasValue() or (children().count() > id.count())}
","Request.replaces","Handled by message location of ORC (ORC.1=RO or RU)",".outboundRelationship[typeCode=RPLC].target"
"ServiceRequest.requisition","ServiceRequest.requisition","","grouperId
groupIdentifier","",0,1,"Y","","Y","Identifier {[]} {[]}
","If needed to have a common identifier among different prescriptions.","A shared identifier common to all service requests that were authorized more or less simultaneously by a single author, representing the composite or group identifier.","Requests are linked either by a ""basedOn"" relationship (i.e. one request is fulfilling another) or by having a common requisition. Requests that are part of the same requisition are generally treated independently from the perspective of changing their state or maintaining them after initial creation.","Some business processes need to know if multiple items were ordered as part of the same ""requisition"" for billing or other purposes.","","","","","","","",,,,,"",,,,"ServiceRequest.requisition",0,1,"","ele-1:All FHIR elements must have a @value or children {hasValue() or (children().count() > id.count())}
","Request.groupIdentifier","ORC.4",".inboundRelationship(typeCode=COMP].source[moodCode=INT].identifier"
"ServiceRequest.status","ServiceRequest.status","","","",1,1,"Y","Y","Y","code {[]} {[]}
","draft | active | on-hold | revoked | completed | entered-in-error | unknown","The status of the order.","The status is generally fully in the control of the requester - they determine whether the order is draft or active and, after it has been activated, competed, cancelled or suspended. States relating to the activities of the performer are reflected on either the corresponding event (see [Event Pattern](http://hl7.org/fhir/R4/event.html) for general discussion) or using the [Task](http://hl7.org/fhir/R4/task.html) resource.","","","","","","","","",,"required","The status of a service order.","http://hl7.org/fhir/ValueSet/request-status|4.0.1","",,,,"ServiceRequest.status",1,1,"","ele-1:All FHIR elements must have a @value or children {hasValue() or (children().count() > id.count())}
","Request.status","ORC.5,RF1-1",".status","FiveWs.status","Action.currentStatus"
"ServiceRequest.intent","ServiceRequest.intent","","","",1,1,"Y","Y","Y","code {[]} {[]}
","proposal | plan | directive | order | original-order | reflex-order | filler-order | instance-order | option","Whether the request is a proposal, plan, an original order or a reflex order.","This element is labeled as a modifier because the intent alters when and how the resource is actually applicable.","","","","","","","","",,"required","","https://www.ehealth.fgov.be/standards/fhir/referral/ValueSet/be-vs-request-intent","",,,,"ServiceRequest.intent",1,1,"","ele-1:All FHIR elements must have a @value or children {hasValue() or (children().count() > id.count())}
","Request.intent","N/A",".moodCode (nuances beyond PRP/PLAN/RQO would need to be elsewhere)","FiveWs.class"
"ServiceRequest.category","ServiceRequest.category","","","",1,1,"Y","","Y","CodeableConcept {[]} {[]}
","Classification of service","A code that classifies the service for searching, sorting and display purposes (e.g. ""Surgical Procedure"").","There may be multiple axis of categorization depending on the context or use case for retrieving or displaying the resource.  The level of granularity is defined by the category concepts in the value set.","Used for filtering what service request are retrieved and displayed.","","","","","","","",,"extensible","","https://www.ehealth.fgov.be/standards/fhir/referral/ValueSet/be-vs-referral-category","",,,,"ServiceRequest.category",0,*,"","ele-1:All FHIR elements must have a @value or children {hasValue() or (children().count() > id.count())}
","RF1-5",".outboundRelationship[typeCode=""COMP].target[classCode=""LIST"", moodCode=""INT""].code","FiveWs.class"
"ServiceRequest.priority","ServiceRequest.priority","","","",0,1,"Y","","Y","code {[]} {[]}
","routine | urgent | asap | stat","Indicates how quickly the ServiceRequest should be addressed with respect to other requests.","","","","If missing, this task should be performed with normal priority","","","","","",,"required","Identifies the level of importance to be assigned to actioning the request.","http://hl7.org/fhir/ValueSet/request-priority|4.0.1","",,,,"ServiceRequest.priority",0,1,"","ele-1:All FHIR elements must have a @value or children {hasValue() or (children().count() > id.count())}
","Request.priority","TQ1.9, RF1-2",".priorityCode","FiveWs.grade"
"ServiceRequest.doNotPerform","ServiceRequest.doNotPerform","","","",0,1,"","Y","Y","boolean {[]} {[]}
","True if service/procedure should not be performed","Set this to true if the record is saying that the service/procedure should NOT be performed.","In general, only the code and timeframe will be present, though occasional additional qualifiers such as body site or even performer could be included to narrow the scope of the prohibition.  If the ServiceRequest.code and ServiceRequest.doNotPerform both contain negation, that will reinforce prohibition and should not have a double negative interpretation.","Used for do not ambulate, do not elevate head of bed, do not flush NG tube, do not take blood pressure on a certain arm, etc.","","If missing, the request is a positive request e.g. ""do perform""","","","","","",,,,,"",,,,"ServiceRequest.doNotPerform",0,1,"","ele-1:All FHIR elements must have a @value or children {hasValue() or (children().count() > id.count())}
","Request.doNotPerform",".actionNegationInd"
"ServiceRequest.code","ServiceRequest.code","","service requested
","",0,1,"Y","","","CodeableConcept {[CanonicalType[https://www.ehealth.fgov.be/standards/fhir/core-clinical/StructureDefinition/be-observationcodeableconcept]]} {[]}
","High level code to describe the tests - if needed to detail within orderDetail - consult comment for more detail.","A concept that may be defined by a formal reference to a terminology or ontology or may be provided by text.","Many laboratory and radiology procedure codes embed the specimen/organ system in the test order name, for example,  serum or serum/plasma glucose, or a chest x-ray. The specimen might not be recorded separately from the test code.
The implementer SHALL adhere to the preferred codes to use.
The recommended codification used is LOINC as per the subset defined by the FPS Health, for the majority of commonly used lab measurements and demands. This subset is available on https://www.vas.ehealth.fgov.be/webretam/retam/home.htm

It is allowed to use multiple codes within the FHIR CodeableConcept datatype. But the first code given must follow the following rules.(Other codes given will be for information purposes.)

The actual observation is preferably coded in LOINC (subset as defined by FPS Health)

If that is not possible , ALBERT codes are used (subset as defined by FPS Health.) 

If that is not possible,laboratory may send its own code plus obligatory a text element to further explain. For a laboratory order, this SHALL be used with caution as the laboratory fulfilling the order needs to understand what is ordered - as such it SHALL only be used when the order is sent adressed.

If that is not possible the kind of observation is expressed only in text (allowed but NOT RECOMMENDED - although if considered sufficient the .code element could be just a .text element e.g. ""Diabetes?"")","","","","","","","","",,"example","Codes for tests or services that can be carried out by a designated individual, organization or healthcare service.","http://hl7.org/fhir/ValueSet/procedure-code","",,,,"ServiceRequest.code",0,1,"ele-1
","ele-1:All FHIR elements must have a @value or children {hasValue() or (children().count() > id.count())}
","CE/CNE/CWE","n/a","CD"
"ServiceRequest.orderDetail","ServiceRequest.orderDetail","","detailed instructions
","",0,*,"Y","","","CodeableConcept {[CanonicalType[https://www.ehealth.fgov.be/standards/fhir/core-clinical/StructureDefinition/be-observationcodeableconcept]]} {[]}
","Additional order information - consult comment for more information","A concept that may be defined by a formal reference to a terminology or ontology or may be provided by text.","For information from the medical record intended to support the delivery of the requested services, use the `supportingInformation` element.
The implementer SHALL adhere to the preferred codes to use.
The recommended codification used is LOINC as per the subset defined by the FPS Health, for the majority of commonly used lab measurements and demands. This subset is available on https://www.vas.ehealth.fgov.be/webretam/retam/home.htm

It is allowed to use multiple codes within the FHIR CodeableConcept datatype. But the first code given must follow the following rules.(Other codes given will be for information purposes.)

The actual observation is preferably coded in LOINC (subset as defined by FPS Health)

If that is not possible , ALBERT codes are used (subset as defined by FPS Health.) 

If that is not possible,laboratory may send its own code plus obligatory a text element to further explain. For a laboratory order, this SHALL be used with caution as the laboratory fulfilling the order needs to understand what is ordered - as such it SHALL only be used when the order is sent adressed.

If that is not possible the kind of observation is expressed only in text (allowed but NOT RECOMMENDED)","","","","","","","","",,"example","Codified order entry details which are based on order context.","http://hl7.org/fhir/ValueSet/servicerequest-orderdetail","",,,,"ServiceRequest.orderDetail",0,*,"ele-1
","ele-1:All FHIR elements must have a @value or children {hasValue() or (children().count() > id.count())}
","CE/CNE/CWE","n/a","CD"
"ServiceRequest.quantity[x]","ServiceRequest.quantity[x]","","","",0,1,"","","Y","Quantity {[]} {[]}
Ratio {[]} {[]}Range {[]} {[]}","Service amount","An amount of service being requested which can be a quantity ( for example $1,500 home modification), a ratio ( for example, 20 half day visits per month), or a range (2.0 to 1.8 Gy per fraction).","","When ordering a service the number of service items may need to be specified separately from the the service item.","","","","","","","",,,,,"",,,,"ServiceRequest.quantity[x]",0,1,"","ele-1:All FHIR elements must have a @value or children {hasValue() or (children().count() > id.count())}
","NTE",".quantity"
"ServiceRequest.subject","ServiceRequest.subject","","","",1,1,"Y","","Y","Reference {[CanonicalType[https://www.ehealth.fgov.be/standards/fhir/referral/StructureDefinition/be-contained-or-logical-reference]]} {[CanonicalType[https://www.ehealth.fgov.be/standards/fhir/core/StructureDefinition/be-patient]]}
","Individual or Entity the service is ordered for","On whom or what the service is to be performed. This is usually a human patient, but can also be requested on animals, groups of humans or animals, devices such as dialysis machines, or even locations (typically for environmental scans).","","","","","","","","","",,,,,"",,,,"ServiceRequest.subject",1,1,"","ele-1:All FHIR elements must have a @value or children {hasValue() or (children().count() > id.count())}
","Request.subject","PID",".participation[typeCode=SBJ].role","FiveWs.subject[x]","FiveWs.subject","ClinicalStatement.subject"
"ServiceRequest.encounter","ServiceRequest.encounter","","context
","",0,1,"","","Y","Reference {[]} {[CanonicalType[http://hl7.org/fhir/StructureDefinition/Encounter]]}
","Encounter in which the request was created","An encounter that provides additional information about the healthcare context in which this request is made.","","","","","","","","","",,,,,"",,,,"ServiceRequest.encounter",0,1,"","ele-1:All FHIR elements must have a @value or children {hasValue() or (children().count() > id.count())}
","Request.encounter","PV1",".inboundRelationship(typeCode=COMP].source[classCode<=PCPR, moodCode=EVN]","FiveWs.context","ClinicalStatement.encounter"
"ServiceRequest.occurrence[x]","ServiceRequest.occurrence[x]","","schedule
","",0,0,"Y","","Y","dateTime {[]} {[]}
Period {[]} {[]}Timing {[]} {[]}","When service shall occur - once this is past, this prescription is no longer valid and the status shall reflect this.","The date/time at which the requested service should occur.","","","","","","","","","",,,,,"",,,,"ServiceRequest.occurrence[x]",0,1,"","ele-1:All FHIR elements must have a @value or children {hasValue() or (children().count() > id.count())}
","Request.occurrence[x]","TQ1/TQ2, OBR-7/OBR-8",".effectiveTime","FiveWs.planned","Procedure.procedureSchedule"
"ServiceRequest.asNeeded[x]","ServiceRequest.asNeeded[x]","","","",0,1,"","","Y","boolean {[]} {[]}
CodeableConcept {[]} {[]}","Preconditions for service","If a CodeableConcept is present, it indicates the pre-condition for performing the service.  For example ""pain"", ""on flare-up"", etc.","","","","","","","","","",,"example","A coded concept identifying the pre-condition that should hold prior to performing a procedure.  For example ""pain"", ""on flare-up"", etc.","http://hl7.org/fhir/ValueSet/medication-as-needed-reason","",,,,"ServiceRequest.asNeeded[x]",0,1,"","ele-1:All FHIR elements must have a @value or children {hasValue() or (children().count() > id.count())}
","boolean: precondition.negationInd (inversed - so negationInd = true means asNeeded=false CodeableConcept: precondition.observationEventCriterion[code=""Assertion""].value","Proposal.prnReason.reason"
"ServiceRequest.authoredOn","ServiceRequest.authoredOn","","orderedOn
","",1,1,"Y","","","dateTime {[CanonicalType[https://www.ehealth.fgov.be/standards/fhir/referral/StructureDefinition/be-year-month-day]]} {[]}
","Primitive Type dateTime","A date, date-time or partial date (e.g. just year or year + month).  If hours and minutes are specified, a time zone SHALL be populated. The format is a union of the schema types gYear, gYearMonth, date and dateTime. Seconds must be provided due to schema type constraints but may be zero-filled and may be ignored.                 Dates SHALL be valid dates.","","","","","","","","","",,,,,"",,,,"ServiceRequest.authoredOn",0,1,"","ele-1:All FHIR elements must have a @value or children {hasValue() or (children().count() > id.count())}
be-inv-year-month-day:date SHALL be of format YYYY-MM-DD {empty() or toString().length()=10}"
"ServiceRequest.requester","ServiceRequest.requester","","author
orderer","",1,1,"Y","","Y","Reference {[CanonicalType[https://www.ehealth.fgov.be/standards/fhir/referral/StructureDefinition/be-contained-or-logical-reference]]} {[CanonicalType[https://www.ehealth.fgov.be/standards/fhir/core/StructureDefinition/be-practitionerrole]]}
","Prescriber of the requested service","The individual who initiated the request and has responsibility for its activation.","This not the dispatcher, but rather who is the authorizer.  This element is not intended to handle delegation which would generally be managed through the Provenance resource.","","","","","","","","",,,,,"",,,,"ServiceRequest.requester",0,1,"","ele-1:All FHIR elements must have a @value or children {hasValue() or (children().count() > id.count())}
","Request.requester","ORC.12, PRT",".participation[typeCode=AUT].role","FiveWs.author","ClinicalStatement.statementAuthor"
"ServiceRequest.performerType","ServiceRequest.performerType","","specialty
","",0,0,"Y","","Y","CodeableConcept {[]} {[]}
","Performer role","Desired type of performer for doing the requested service.","This is a  role, not  a participation type.  In other words, does not describe the task but describes the capacity.  For example, “compounding pharmacy”, “psychiatrist” or “internal referral”.","","","","","","","","",,"example","Indicates specific responsibility of an individual within the care team, such as ""Primary physician"", ""Team coordinator"", ""Caregiver"", etc.","http://hl7.org/fhir/ValueSet/participant-role","",,,,"ServiceRequest.performerType",0,1,"","ele-1:All FHIR elements must have a @value or children {hasValue() or (children().count() > id.count())}
","Request.performerType","PRT, RF!-3",".participation[typeCode=PRF].role[scoper.determinerCode=KIND].code","FiveWs.actor"
"ServiceRequest.performer","ServiceRequest.performer","","request recipient
","",0,*,"Y","","Y","Reference {[CanonicalType[https://www.ehealth.fgov.be/standards/fhir/referral/StructureDefinition/be-contained-or-logical-reference]]} {[CanonicalType[https://www.ehealth.fgov.be/standards/fhir/core/StructureDefinition/be-practitionerrole]]}
","Requested performer - typically reference to practitionerroles","The desired performer for doing the requested service.  For example, the surgeon, dermatopathologist, endoscopist, etc.","If multiple performers are present, it is interpreted as a list of *alternative* performers without any preference regardless of order.  If order of preference is needed use the [request-performerOrder extension](http://hl7.org/fhir/R4/extension-request-performerorder.html).  Use CareTeam to represent a group of performers (for example, Practitioner A *and* Practitioner B).","","","","","","","","",,,,,"",,,,"ServiceRequest.performer",0,*,"","ele-1:All FHIR elements must have a @value or children {hasValue() or (children().count() > id.count())}
","Request.performer","PRT, Practitioner: PRD-2/PRD-7 where PRD-3 = RT; Organization: PRD-10 where PRD-3 = RT",".participation[typeCode=PRF].role[scoper.determinerCode=INSTANCE]","FiveWs.actor"
"ServiceRequest.locationCode","ServiceRequest.locationCode","","","",0,*,"","","Y","CodeableConcept {[]} {[]}
","Requested location","The preferred location(s) where the procedure should actually happen in coded or free text form. E.g. at home or nursing day care center.","","","","","","","","","",,"example","A location type where services are delivered.","http://terminology.hl7.org/ValueSet/v3-ServiceDeliveryLocationRoleType","",,,,"ServiceRequest.locationCode",0,*,"","ele-1:All FHIR elements must have a @value or children {hasValue() or (children().count() > id.count())}
",".participation[typeCode=LOC].role[scoper.determinerCode=KIND].code","FiveWs.actor"
"ServiceRequest.locationReference","ServiceRequest.locationReference","","","",0,*,"","","Y","Reference {[]} {[CanonicalType[http://hl7.org/fhir/StructureDefinition/Location]]}
","Requested location","A reference to the the preferred location(s) where the procedure should actually happen. E.g. at home or nursing day care center.","","","","","","","","","",,,,,"",,,,"ServiceRequest.locationReference",0,*,"","ele-1:All FHIR elements must have a @value or children {hasValue() or (children().count() > id.count())}
",".participation[typeCode=LOC].role[scoper.determinerCode=INSTANCE]","FiveWs.actor"
"ServiceRequest.reasonCode","ServiceRequest.reasonCode","","","",1,1,"Y","","Y","CodeableConcept {[]} {[]}
","Explanation/Justification for procedure or service. Based on nomenclature codes.","An explanation or justification for why this service is being requested in coded or textual form.   This is often for billing purposes.  May relate to the resources referred to in `supportingInfo`.","This element represents why the referral is being made and may be used to decide how the service will be performed, or even if it will be performed at all.   Use `CodeableConcept.text` element if the data is free (uncoded) text as shown in the [CT Scan example](http://hl7.org/fhir/R4/servicerequest-example-di.html).","","","","","","","","",,"example","Diagnosis or problem codes justifying the reason for requesting the service investigation.","http://hl7.org/fhir/ValueSet/procedure-reason","",,,,"ServiceRequest.reasonCode",0,*,"","ele-1:All FHIR elements must have a @value or children {hasValue() or (children().count() > id.count())}
","Request.reasonCode","ORC.16, RF1-10",".reasonCode","FiveWs.why[x]"
"ServiceRequest.reasonReference","ServiceRequest.reasonReference","","","",0,*,"","","Y","Reference {[]} {[CanonicalType[http://hl7.org/fhir/StructureDefinition/Condition], CanonicalType[http://hl7.org/fhir/StructureDefinition/Observation], CanonicalType[http://hl7.org/fhir/StructureDefinition/DiagnosticReport], CanonicalType[http://hl7.org/fhir/StructureDefinition/DocumentReference]]}
","Explanation/Justification for service or service","Indicates another resource that provides a justification for why this service is being requested.   May relate to the resources referred to in `supportingInfo`.","This element represents why the referral is being made and may be used to decide how the service will be performed, or even if it will be performed at all.    To be as specific as possible,  a reference to  *Observation* or *Condition* should be used if available.  Otherwise when referencing  *DiagnosticReport*  it should contain a finding  in `DiagnosticReport.conclusion` and/or `DiagnosticReport.conclusionCode`.   When using a reference to *DocumentReference*, the target document should contain clear findings language providing the relevant reason for this service request.  Use  the CodeableConcept text element in `ServiceRequest.reasonCode` if the data is free (uncoded) text as shown in the [CT Scan example](http://hl7.org/fhir/R4/servicerequest-example-di.html).","","","","","","","","",,,,,"",,,,"ServiceRequest.reasonReference",0,*,"","ele-1:All FHIR elements must have a @value or children {hasValue() or (children().count() > id.count())}
","Request.reasonReference","ORC.16",".outboundRelationship[typeCode=RSON].target","FiveWs.why[x]"
"ServiceRequest.insurance","ServiceRequest.insurance","","","",0,*,"","","","Reference {[]} {[CanonicalType[http://hl7.org/fhir/StructureDefinition/Coverage], CanonicalType[http://hl7.org/fhir/StructureDefinition/ClaimResponse]]}
","Associated insurance coverage","Insurance plans, coverage extensions, pre-authorizations and/or pre-determinations that may be needed for delivering the requested service.","","","","","","","","","",,,,,"",,,,"ServiceRequest.insurance",0,*,"","ele-1:All FHIR elements must have a @value or children {hasValue() or (children().count() > id.count())}
","Request.insurance","IN1/IN2",".outboundRelationship[typeCode=COVBY].target"
"ServiceRequest.supportingInfo","ServiceRequest.supportingInfo","","Ask at order entry question
AOE","",0,*,"Y","","","Reference {[]} {[CanonicalType[http://hl7.org/fhir/StructureDefinition/Resource]]}
","Additional clinical information - e.g. an Observation or Condition or a link to a supporting image.","Additional clinical information about the patient or specimen that may influence the services or their interpretations.     
This information includes diagnosis, clinical findings and other observations.  In laboratory ordering these are typically referred to as ""ask at order entry questions (AOEs)"".  This includes observations explicitly requested by the producer (filler) to provide context or supporting information needed to complete the order. For example,  reporting the amount of inspired oxygen for blood gas measurements.","To represent information about how the services are to be delivered use the `instructions` element.

Typically, for a laboratory order, it might be needed to inform the laboratory of the existence of an unconfirmed or provisional problem. This can be fully provided for by using the Condition resource and the correct .verificationStatus.","","","","","","","","",,,,,"",,,,"ServiceRequest.supportingInfo",0,*,"","ele-1:All FHIR elements must have a @value or children {hasValue() or (children().count() > id.count())}
","Request.supportingInfo","Accompanying segments",".outboundRelationship[typeCode=PERT].target"
"ServiceRequest.specimen","ServiceRequest.specimen","","","",0,*,"Y","","Y","Reference {[]} {[CanonicalType[http://hl7.org/fhir/StructureDefinition/Specimen]]}
","Procedure Samples","One or more specimens that the laboratory procedure will use.","The taking of the specimen is done by either the laboratory or the placer of the order.

When the order is placed via an unaddressed system and picked up by a laboratory, the specimen will normally be taken by the laboratory.

When the Order Placer places an order with a specific laboratory, it can be the Order Placer that takes the specimen but it can also be the laboratory.

Many diagnostic procedures need a specimen, but the request itself is not actually about the specimen. This element is for when the diagnostic is requested on already existing specimens and the request points to the specimen it applies to. Conversely, if the request is entered first with an unknown specimen, then the Specimen resource points to the ServiceRequest.","","","","","","","","",,,,,"",,,,"ServiceRequest.specimen",0,*,"","ele-1:All FHIR elements must have a @value or children {hasValue() or (children().count() > id.count())}
","SPM",".participation[typeCode=SPC].role"
"ServiceRequest.bodySite","ServiceRequest.bodySite","","location
","",0,0,"","","Y","CodeableConcept {[]} {[]}
","Location on Body","Anatomic location where the procedure should be performed. This is the target site.","Only used if not implicit in the code found in ServiceRequest.code.  If the use case requires BodySite to be handled as a separate resource instead of an inline coded element (e.g. to identify and track separately)  then use the standard extension [procedure-targetBodyStructure](http://hl7.org/fhir/R4/extension-procedure-targetbodystructure.html).","Knowing where the procedure is performed is important for tracking if multiple sites are possible.","","","","","","","",,"example","Codes describing anatomical locations. May include laterality.","http://hl7.org/fhir/ValueSet/body-site","",,,,"ServiceRequest.bodySite",0,*,"","ele-1:All FHIR elements must have a @value or children {hasValue() or (children().count() > id.count())}
","SPM","targetSiteCode","Procedure.targetBodySite"
"ServiceRequest.bodySite.id","ServiceRequest.bodySite.id","","","",0,1,"","","","string {[]} {[]}
","Unique id for inter-element referencing","Unique id for the element within a resource (for internal references). This may be any string value that does not contain spaces.","","","","","","","","","",,,,,"",,,,"Element.id",0,1,"","","n/a"
"ServiceRequest.bodySite.extension","ServiceRequest.bodySite.extension","","extensions
user content","",0,*,"","","","Extension {[]} {[]}
","Additional content defined by implementations","May be used to represent additional information that is not part of the basic definition of the element. To make the use of extensions safe and manageable, there is a strict set of governance  applied to the definition and use of extensions. Though any implementer can define an extension, there is a set of requirements that SHALL be met as part of the definition of the extension.","There can be no stigma associated with the use of extensions by any application, project, or standard - regardless of the institution or jurisdiction that uses or defines the extensions.  The use of extensions is what allows the FHIR specification to retain a core level of simplicity for everyone.","","","","","","","","",,,,,"","value:url}
","Extensions are always sliced by (at least) url",,"open","Element.extension",0,*,"","ele-1:All FHIR elements must have a @value or children {hasValue() or (children().count() > id.count())}
ext-1:Must have either extensions or value[x], not both {extension.exists() != value.exists()}","n/a"
"ServiceRequest.bodySite.extension:bodyLaterality","ServiceRequest.bodySite.extension","bodyLaterality","","",0,1,"","","","Extension {[CanonicalType[https://www.ehealth.fgov.be/standards/fhir/core-clinical/StructureDefinition/be-ext-laterality]]} {[]}
","BeExtLaterality","An explicit statement of laterality of a lesion, or a treatment, etc.","","","","","","","","","",,,,,"",,,,"Element.extension",0,*,"","ele-1:All FHIR elements must have a @value or children {hasValue() or (children().count() > id.count())}
ext-1:Must have either extensions or value[x], not both {extension.exists() != value.exists()}"
"ServiceRequest.bodySite.coding","ServiceRequest.bodySite.coding","","","",0,*,"","","Y","Coding {[]} {[]}
","Code defined by a terminology system","A reference to a code defined by a terminology system.","Codes may be defined very casually in enumerations, or code lists, up to very formal definitions such as SNOMED CT - see the HL7 v3 Core Principles for more information.  Ordering of codings is undefined and SHALL NOT be used to infer meaning. Generally, at most only one of the coding values will be labeled as UserSelected = true.","Allows for alternative encodings within a code system, and translations to other code systems.","","","","","","","",,,,,"",,,,"CodeableConcept.coding",0,*,"","ele-1:All FHIR elements must have a @value or children {hasValue() or (children().count() > id.count())}
","C*E.1-8, C*E.10-22","union(., ./translation)"
"ServiceRequest.bodySite.text","ServiceRequest.bodySite.text","","","",0,1,"","","Y","string {[]} {[]}
","Plain text representation of the concept","A human language representation of the concept as seen/selected/uttered by the user who entered the data and/or which represents the intended meaning of the user.","Very often the text is the same as a displayName of one of the codings.","The codes from the terminologies do not always capture the correct meaning with all the nuances of the human using them, or sometimes there is no appropriate code at all. In these cases, the text is used to capture the full meaning of the source.","","","","","","","",,,,,"",,,,"CodeableConcept.text",0,1,"","ele-1:All FHIR elements must have a @value or children {hasValue() or (children().count() > id.count())}
","C*E.9. But note many systems use C*E.2 for this","./originalText[mediaType/code=""text/plain""]/data"
"ServiceRequest.note","ServiceRequest.note","","","",0,*,"Y","","","Annotation {[CanonicalType[https://www.ehealth.fgov.be/standards/fhir/core/StructureDefinition/be-coded-annotation]]} {[]}
","Text node with attribution","A  text note which also  contains information about who made the statement and when.","For systems that do not have structured annotations, they can simply communicate a single annotation with no author or time.  This element may need to be included in narrative because of the potential for modifying information.  *Annotations SHOULD NOT* be used to communicate ""modifying"" information that could be computable. (This is a SHOULD because enforcing user behavior is nearly impossible).","","","","","","","","",,,,,"",,,,"ServiceRequest.note",0,*,"ele-1
","ele-1:All FHIR elements must have a @value or children {hasValue() or (children().count() > id.count())}
","N/A","n/a","Act"
"ServiceRequest.note.id","ServiceRequest.note.id","","","",0,1,"","","","string {[]} {[]}
","Unique id for inter-element referencing","Unique id for the element within a resource (for internal references). This may be any string value that does not contain spaces.","","","","","","","","","",,,,,"",,,,"Element.id",0,1,"","","n/a"
"ServiceRequest.note.extension","ServiceRequest.note.extension","","extensions
user content","",0,*,"","","","Extension {[]} {[]}
","Additional content defined by implementations","May be used to represent additional information that is not part of the basic definition of the element. To make the use of extensions safe and manageable, there is a strict set of governance  applied to the definition and use of extensions. Though any implementer can define an extension, there is a set of requirements that SHALL be met as part of the definition of the extension.","There can be no stigma associated with the use of extensions by any application, project, or standard - regardless of the institution or jurisdiction that uses or defines the extensions.  The use of extensions is what allows the FHIR specification to retain a core level of simplicity for everyone.","","","","","","","","",,,,,"","value:url}
","Extensions are always sliced by (at least) url",,"open","Element.extension",0,*,"","ele-1:All FHIR elements must have a @value or children {hasValue() or (children().count() > id.count())}
ext-1:Must have either extensions or value[x], not both {extension.exists() != value.exists()}","n/a"
"ServiceRequest.note.extension:code","ServiceRequest.note.extension","code","","",0,1,"","","","Extension {[CanonicalType[https://www.ehealth.fgov.be/standards/fhir/core/StructureDefinition/be-ext-codeableconcept]]} {[]}
","Code","Codifies the content of an Element","","","","","","","","","",,,,,"",,,,"Element.extension",0,*,"","ele-1:All FHIR elements must have a @value or children {hasValue() or (children().count() > id.count())}
ext-1:Must have either extensions or value[x], not both {extension.exists() != value.exists()}"
"ServiceRequest.note.extension:code.id","ServiceRequest.note.extension.id","","","",0,1,"","","","string {[]} {[]}
","Unique id for inter-element referencing","Unique id for the element within a resource (for internal references). This may be any string value that does not contain spaces.","","","","","","","","","",,,,,"",,,,"Element.id",0,1,"","","n/a"
"ServiceRequest.note.extension:code.extension","ServiceRequest.note.extension.extension","","","",0,0,"","","","Extension {[]} {[]}
","Extension","An Extension","","","","","","","","","",,,,,"","value:url}
","Extensions are always sliced by (at least) url",,"open","Element.extension",0,*,"","ele-1:All FHIR elements must have a @value or children {hasValue() or (children().count() > id.count())}
ext-1:Must have either extensions or value[x], not both {extension.exists() != value.exists()}"
"ServiceRequest.note.extension:code.url","ServiceRequest.note.extension.url","","","",1,1,"","","","uri {[]} {[]}
","identifies the meaning of the extension","Source of the definition for the extension code - a logical name or a URL.","The definition may point directly to a computable or human-readable definition of the extensibility codes, or it may be a logical URI as declared in some other specification. The definition SHALL be a URI for the Structure Definition defining the extension.","","","","<valueUri xmlns=""http://hl7.org/fhir"" value=""https://www.ehealth.fgov.be/standards/fhir/core/StructureDefinition/be-ext-codeableconcept""/>","","","","",,,,,"",,,,"Extension.url",1,1,"","","N/A"
"ServiceRequest.note.extension:code.value[x]","ServiceRequest.note.extension.value[x]","","","",0,1,"","","","CodeableConcept {[]} {[]}
","Value of extension","Value of extension - must be one of a constrained set of the data types (see [Extensibility](http://hl7.org/fhir/R4/extensibility.html) for a list).","","","","","","","","","",,"required","","https://www.ehealth.fgov.be/standards/fhir/referral/ValueSet/be-vs-request-note-type","",,,,"Extension.value[x]",0,1,"","ele-1:All FHIR elements must have a @value or children {hasValue() or (children().count() > id.count())}
","N/A"
"ServiceRequest.note.author[x]","ServiceRequest.note.author[x]","","","",0,1,"","","Y","Reference {[]} {[CanonicalType[http://hl7.org/fhir/StructureDefinition/Practitioner], CanonicalType[http://hl7.org/fhir/StructureDefinition/Patient], CanonicalType[http://hl7.org/fhir/StructureDefinition/RelatedPerson], CanonicalType[http://hl7.org/fhir/StructureDefinition/Organization]]}
string {[]} {[]}","Individual responsible for the annotation","The individual responsible for making the annotation.","Organization is used when there's no need for specific attribution as to who made the comment.","","","","","","","","",,,,,"",,,,"Annotation.author[x]",0,1,"","ele-1:All FHIR elements must have a @value or children {hasValue() or (children().count() > id.count())}
","N/A","Act.participant[typeCode=AUT].role"
"ServiceRequest.note.time","ServiceRequest.note.time","","","",0,1,"","","Y","dateTime {[]} {[]}
","When the annotation was made","Indicates when this particular annotation was made.","","","","","","","","","",,,,,"",,,,"Annotation.time",0,1,"","ele-1:All FHIR elements must have a @value or children {hasValue() or (children().count() > id.count())}
","N/A","Act.effectiveTime"
"ServiceRequest.note.text","ServiceRequest.note.text","","","",1,1,"","","Y","markdown {[]} {[]}
","The annotation - plain text without markdown is strongly recommended","The text of the annotation in markdown format.","","","","","","","","","",,,,,"",,,,"Annotation.text",1,1,"","ele-1:All FHIR elements must have a @value or children {hasValue() or (children().count() > id.count())}
","N/A","Act.text"
"ServiceRequest.patientInstruction","ServiceRequest.patientInstruction","","","",0,1,"Y","","Y","string {[]} {[]}
","Patient or consumer-oriented instructions","Instructions in terms that are understood by the patient or consumer.","","","","","","","","","",,,,,"",,,,"ServiceRequest.patientInstruction",0,1,"","ele-1:All FHIR elements must have a @value or children {hasValue() or (children().count() > id.count())}
","NTE",".text"
"ServiceRequest.relevantHistory","ServiceRequest.relevantHistory","","","",0,*,"","","","Reference {[]} {[CanonicalType[http://hl7.org/fhir/StructureDefinition/Provenance]]}
","Request provenance","Key events in the history of the request.","This might not include provenances for all versions of the request – only those deemed “relevant” or important.This SHALL NOT include the Provenance associated with this current version of the resource.  (If that provenance is deemed to be a “relevant” change, it will need to be added as part of a later update.  Until then, it can be queried directly as the Provenance that points to this version using _revincludeAll Provenances should have some historical version of this Request as their subject.","","","","","","","","",,,,,"",,,,"ServiceRequest.relevantHistory",0,*,"","ele-1:All FHIR elements must have a @value or children {hasValue() or (children().count() > id.count())}
","Request.relevantHistory","N/A",".inboundRelationship(typeCode=SUBJ].source[classCode=CACT, moodCode=EVN]"
