"Id","Path","Slice Name","Alias(s)","Label","Min","Max","Must Support?","Is Modifier?","Is Summary?","Type(s)","Short","Definition","Comments","Requirements","Default Value","Meaning When Missing","Fixed Value","Pattern","Example","Minimum Value","Maximum Value","Maximum Length","Binding Strength","Binding Description","Binding Value Set","Code","Slicing Discriminator","Slicing Description","Slicing Ordered","Slicing Rules","Base Path","Base Min","Base Max","Condition(s)","Constraint(s)","Mapping: RIM Mapping"
"BeReferralPrescription","BeReferralPrescription","","","",0,*,"","","","null {[]} {[]}
","","Logical model describing the model for the prescription referral. This draft is used in the HL7 Belgian workgroup for referral.","","","","","","","","","",,,,,"",,,,"Base",0,*,"",""
"BeReferralPrescription.recordedDate","BeReferralPrescription.recordedDate","","","",1,1,"","","","dateTime {[]} {[]}
","When this prescription was created","When this prescription was created","","","","","","","","","",,,,,"",,,,"BeReferralPrescription.recordedDate",1,1,"",""
"BeReferralPrescription.prescriber","BeReferralPrescription.prescriber","","","",1,1,"","","","Reference {[]} {[]}
","The prescribing healthcare party","The prescribing healthcare party","","","","","","","","","",,,,,"",,,,"BeReferralPrescription.prescriber",1,1,"",""
"BeReferralPrescription.co-prescriber","BeReferralPrescription.co-prescriber","","","",0,*,"","","","BackboneElement {[]} {[]}
","Information about co prescribers","Information about co prescribers","","","","","","","","","",,,,,"",,,,"BeReferralPrescription.co-prescriber",0,*,"","ele-1:All FHIR elements must have a @value or children {hasValue() or (children().count() > id.count())}
"
"BeReferralPrescription.co-prescriber.id","BeReferralPrescription.co-prescriber.id","","","",0,1,"","","","string {[]} {[]}
","Unique id for inter-element referencing","Unique id for the element within a resource (for internal references). This may be any string value that does not contain spaces.","","","","","","","","","",,,,,"",,,,"Element.id",0,1,"","","n/a"
"BeReferralPrescription.co-prescriber.extension","BeReferralPrescription.co-prescriber.extension","","extensions
user content","",0,*,"","","","Extension {[]} {[]}
","Additional content defined by implementations","May be used to represent additional information that is not part of the basic definition of the element. To make the use of extensions safe and manageable, there is a strict set of governance  applied to the definition and use of extensions. Though any implementer can define an extension, there is a set of requirements that SHALL be met as part of the definition of the extension.","There can be no stigma associated with the use of extensions by any application, project, or standard - regardless of the institution or jurisdiction that uses or defines the extensions.  The use of extensions is what allows the FHIR specification to retain a core level of simplicity for everyone.","","","","","","","","",,,,,"","value:url}
","Extensions are always sliced by (at least) url",,"open","Element.extension",0,*,"","ele-1:All FHIR elements must have a @value or children {hasValue() or (children().count() > id.count())}
ext-1:Must have either extensions or value[x], not both {extension.exists() != value.exists()}","n/a"
"BeReferralPrescription.co-prescriber.modifierExtension","BeReferralPrescription.co-prescriber.modifierExtension","","extensions
user contentmodifiers","",0,*,"","Y","Y","Extension {[]} {[]}
","Extensions that cannot be ignored even if unrecognized","May be used to represent additional information that is not part of the basic definition of the element and that modifies the understanding of the element in which it is contained and/or the understanding of the containing element's descendants. Usually modifier elements provide negation or qualification. To make the use of extensions safe and manageable, there is a strict set of governance applied to the definition and use of extensions. Though any implementer can define an extension, there is a set of requirements that SHALL be met as part of the definition of the extension. Applications processing a resource are required to check for modifier extensions.

Modifier extensions SHALL NOT change the meaning of any elements on Resource or DomainResource (including cannot change the meaning of modifierExtension itself).","There can be no stigma associated with the use of extensions by any application, project, or standard - regardless of the institution or jurisdiction that uses or defines the extensions.  The use of extensions is what allows the FHIR specification to retain a core level of simplicity for everyone.","Modifier extensions allow for extensions that *cannot* be safely ignored to be clearly distinguished from the vast majority of extensions which can be safely ignored.  This promotes interoperability by eliminating the need for implementers to prohibit the presence of extensions. For further information, see the [definition of modifier extensions](http://hl7.org/fhir/R4/extensibility.html#modifierExtension).","","","","","","","",,,,,"",,,,"BackboneElement.modifierExtension",0,*,"","ele-1:All FHIR elements must have a @value or children {hasValue() or (children().count() > id.count())}
ext-1:Must have either extensions or value[x], not both {extension.exists() != value.exists()}","N/A"
"BeReferralPrescription.co-prescriber.co-prescriber","BeReferralPrescription.co-prescriber.co-prescriber","","","",0,1,"","","","Reference {[]} {[]}
","The co-prescriber party","The co-prescriber party","","","","","","","","","",,,,,"",,,,"BeReferralPrescription.co-prescriber.co-prescriber",0,1,"",""
"BeReferralPrescription.co-prescriber.co-prescriberType","BeReferralPrescription.co-prescriber.co-prescriberType","","","",0,1,"","","","code {[]} {[]}
","Type of the practitioner","Type of the practitioner","","","","","","","","","",,,,,"",,,,"BeReferralPrescription.co-prescriber.co-prescriberType",0,1,"",""
"BeReferralPrescription.co-prescriber.status","BeReferralPrescription.co-prescriber.status","","","",0,1,"","","","code {[]} {[]}
","Status of co prescribing status (to sign, signed or refused)","Status of co prescribing status (to sign, signed or refused)","","","","","","","","","",,,,,"",,,,"BeReferralPrescription.co-prescriber.status",0,1,"",""
"BeReferralPrescription.patient","BeReferralPrescription.patient","","","",1,1,"","","","Reference {[]} {[]}
","The SSIN of the person for which the referral is prescribed.","The SSIN of the person for which the referral is prescribed.","","","","","","","","","",,,,,"",,,,"BeReferralPrescription.patient",1,1,"",""
"BeReferralPrescription.prescriptionNumber","BeReferralPrescription.prescriptionNumber","","","",0,1,"","","","Identifier {[]} {[]}
","An identifier for the ReferralPrescription, e.g. the UHMEP identifier, once available","An identifier for the ReferralPrescription, e.g. the UHMEP identifier, once available","","","","","","","","","",,,,,"",,,,"BeReferralPrescription.prescriptionNumber",0,1,"",""
"BeReferralPrescription.basedOn","BeReferralPrescription.basedOn","","","",0,*,"","","","Reference {[]} {[]}
","The original request or prescription triggered this prescription","The original request or prescription that is the reason for this request - for example when a detailed request is created by a broader request.","","","","","","","","","",,,,,"",,,,"BeReferralPrescription.basedOn",0,*,"",""
"BeReferralPrescription.validitionPeriod","BeReferralPrescription.validitionPeriod","","","",1,1,"","","","Period {[]} {[]}
","Period of validity of prescription","Period of validity of prescription","","","","","","","","","",,,,,"",,,,"BeReferralPrescription.validitionPeriod",1,1,"",""
"BeReferralPrescription.treatmentPeriod","BeReferralPrescription.treatmentPeriod","","","",0,1,"","","","Period {[]} {[]}
","When this prescription is executed, available after start of execution","When this prescription is executed, available after start of execution","","","","","","","","","",,,,,"",,,,"BeReferralPrescription.treatmentPeriod",0,1,"",""
"BeReferralPrescription.treatmentValidationEndDate","BeReferralPrescription.treatmentValidationEndDate","","","",0,1,"","","","dateTime {[]} {[]}
","The latest moment to end this treatment","The latest moment to end this treatment","","","","","","","","","",,,,,"",,,,"BeReferralPrescription.treatmentValidationEndDate",0,1,"",""
"BeReferralPrescription.intendedProvider","BeReferralPrescription.intendedProvider","","","",0,*,"","","","BackboneElement {[]} {[]}
","The intended provider, i.e. who is expected to perform the procedure - a specific person or a speciality","The intended provider, i.e. who is expected to perform the procedure - a specific person or a speciality","","","","","","","","","",,,,,"",,,,"BeReferralPrescription.intendedProvider",0,*,"","ele-1:All FHIR elements must have a @value or children {hasValue() or (children().count() > id.count())}
"
"BeReferralPrescription.intendedProvider.id","BeReferralPrescription.intendedProvider.id","","","",0,1,"","","","string {[]} {[]}
","Unique id for inter-element referencing","Unique id for the element within a resource (for internal references). This may be any string value that does not contain spaces.","","","","","","","","","",,,,,"",,,,"Element.id",0,1,"","","n/a"
"BeReferralPrescription.intendedProvider.extension","BeReferralPrescription.intendedProvider.extension","","extensions
user content","",0,*,"","","","Extension {[]} {[]}
","Additional content defined by implementations","May be used to represent additional information that is not part of the basic definition of the element. To make the use of extensions safe and manageable, there is a strict set of governance  applied to the definition and use of extensions. Though any implementer can define an extension, there is a set of requirements that SHALL be met as part of the definition of the extension.","There can be no stigma associated with the use of extensions by any application, project, or standard - regardless of the institution or jurisdiction that uses or defines the extensions.  The use of extensions is what allows the FHIR specification to retain a core level of simplicity for everyone.","","","","","","","","",,,,,"","value:url}
","Extensions are always sliced by (at least) url",,"open","Element.extension",0,*,"","ele-1:All FHIR elements must have a @value or children {hasValue() or (children().count() > id.count())}
ext-1:Must have either extensions or value[x], not both {extension.exists() != value.exists()}","n/a"
"BeReferralPrescription.intendedProvider.modifierExtension","BeReferralPrescription.intendedProvider.modifierExtension","","extensions
user contentmodifiers","",0,*,"","Y","Y","Extension {[]} {[]}
","Extensions that cannot be ignored even if unrecognized","May be used to represent additional information that is not part of the basic definition of the element and that modifies the understanding of the element in which it is contained and/or the understanding of the containing element's descendants. Usually modifier elements provide negation or qualification. To make the use of extensions safe and manageable, there is a strict set of governance applied to the definition and use of extensions. Though any implementer can define an extension, there is a set of requirements that SHALL be met as part of the definition of the extension. Applications processing a resource are required to check for modifier extensions.

Modifier extensions SHALL NOT change the meaning of any elements on Resource or DomainResource (including cannot change the meaning of modifierExtension itself).","There can be no stigma associated with the use of extensions by any application, project, or standard - regardless of the institution or jurisdiction that uses or defines the extensions.  The use of extensions is what allows the FHIR specification to retain a core level of simplicity for everyone.","Modifier extensions allow for extensions that *cannot* be safely ignored to be clearly distinguished from the vast majority of extensions which can be safely ignored.  This promotes interoperability by eliminating the need for implementers to prohibit the presence of extensions. For further information, see the [definition of modifier extensions](http://hl7.org/fhir/R4/extensibility.html#modifierExtension).","","","","","","","",,,,,"",,,,"BackboneElement.modifierExtension",0,*,"","ele-1:All FHIR elements must have a @value or children {hasValue() or (children().count() > id.count())}
ext-1:Must have either extensions or value[x], not both {extension.exists() != value.exists()}","N/A"
"BeReferralPrescription.intendedProvider.provider","BeReferralPrescription.intendedProvider.provider","","","",0,*,"","","","Reference {[]} {[]}
","A reference to the provider party (e.g. a NIHDI number for a healthcare professional, a SSIN or only a displaystring for a non professional caregiver,...)","A reference to the provider party (e.g. a NIHDI number for a healthcare professional, a SSIN or only a displaystring for a non professional caregiver,...)","","","","","","","","","",,,,,"",,,,"BeReferralPrescription.intendedProvider.provider",0,*,"",""
"BeReferralPrescription.intendedProvider.discipline","BeReferralPrescription.intendedProvider.discipline","","","",1,1,"","","","CodeableConcept {[]} {[]}
","The required discipline of the provider party","The required discipline of the provider party","","","","","","","","","",,,,,"",,,,"BeReferralPrescription.intendedProvider.discipline",1,1,"",""
"BeReferralPrescription.serviceRequested","BeReferralPrescription.serviceRequested","","","",1,1,"","","","CodeableConcept {[]} {[]}
","What is prescribed","What is prescribed","","","","","","","","","",,,,,"",,,,"BeReferralPrescription.serviceRequested",1,1,"",""
"BeReferralPrescription.problemCode","BeReferralPrescription.problemCode","","","",1,1,"","","","Reference {[]} {[]}
","The problem (code or reference) that is the main reason for this prescription","The problem (code or reference) that is the main reason for this prescription","","","","","","","","","",,,,,"",,,,"BeReferralPrescription.problemCode",1,1,"",""
"BeReferralPrescription.supportingInfo","BeReferralPrescription.supportingInfo","","","",0,1,"","","","Reference {[]} {[]}
","Care Set Problem","Care Set Problem","","","","","","","","","",,,,,"",,,,"BeReferralPrescription.supportingInfo",0,1,"",""
"BeReferralPrescription.resultReceiver","BeReferralPrescription.resultReceiver","","","",0,1,"","","","boolean {[]} {[]}
","True if the prescriber wants feedback. Other caregivers can be mentioned in the note","True if the prescriber wants feedback. Other caregivers can be mentioned in the note","","","","","","","","","",,,,,"",,,,"BeReferralPrescription.resultReceiver",0,1,"",""
"BeReferralPrescription.status","BeReferralPrescription.status","","","",0,1,"","","","code {[]} {[]}
","Current status","Current status","","","","","","","","","",,"required","","http://hl7.org/fhir/ValueSet/request-status","",,,,"BeReferralPrescription.status",0,1,"",""
"BeReferralPrescription.statusReason","BeReferralPrescription.statusReason","","","",0,1,"","","","CodeableConcept {[]} {[]}
","Reason current status","Reason current status","","","","","","","","","",,,,,"",,,,"BeReferralPrescription.statusReason",0,1,"",""
"BeReferralPrescription.bodySite","BeReferralPrescription.bodySite","","","",0,*,"","","","CodeableConcept {[]} {[]}
","Anatomical place where the treatment should be executed","Anatomical place where the treatment should be executed","","","","","","","","","",,,,,"",,,,"BeReferralPrescription.bodySite",0,*,"",""
"BeReferralPrescription.note","BeReferralPrescription.note","","","",0,*,"","","","Annotation {[]} {[]}
","Additional text notes about the request.","Additional text notes about the request.","","","","","","","","","",,,,,"",,,,"BeReferralPrescription.note",0,*,"",""
"BeReferralPrescription.intent","BeReferralPrescription.intent","","","",1,1,"","","","code {[]} {[]}
","Proposal, Prolongation, Prescription","Proposal, Prolongation, Prescription","","","","","","","","","",,,,,"",,,,"BeReferralPrescription.intent",1,1,"",""
