<?xml version="1.0" encoding="UTF-8"?>

<Bundle xmlns="http://hl7.org/fhir">
  <id value="2a1c17b5-c593-4e8c-a4f1-17e24eed1699"/>
  <meta>
    <lastUpdated value="2022-07-28T12:59:06.866+00:00"/>
  </meta>
  <type value="collection"/>
  <entry>
    <fullUrl value="https://www.ehealth.fgov.be/standards/fhir/referral/ValueSet/be-vs-co-prescription-status"/>
    <resource>
      <ValueSet>
        <id value="be-vs-co-prescription-status"/>
        <text>
          <status value="generated"/>
          <div xmlns="http://www.w3.org/1999/xhtml">
            <p>This value set contains 3 concepts</p>
            <p style="border: black 1px dotted; background-color: #EEEEEE; padding: 8px; margin-bottom: 8px">Expansion based on 
              <a href="http://hl7.org/fhir/R4/codesystem-task-status.html">TaskStatus v4.0.1 (CodeSystem)</a>
            </p>
            <p>All codes in this table are from the system 
              <a href="http://hl7.org/fhir/R4/codesystem-task-status.html">
                <code>http://hl7.org/fhir/task-status</code>
              </a>
            </p>
            <table class="codes">
              <tr>
                <td style="white-space:nowrap">
                  <b>Code</b>
                </td>
                <td>
                  <b>Display</b>
                </td>
                <td>
                  <b>Definition</b>
                </td>
              </tr>
              <tr>
                <td style="white-space:nowrap">
                  <a name="http---hl7.org-fhir-task-status-requested"> </a>  
                  <a href="http://hl7.org/fhir/R4/codesystem-task-status.html#task-status-requested">requested</a>
                </td>
                <td>Requested</td>
                <td>The task is ready to be acted upon and action is sought.</td>
              </tr>
              <tr>
                <td style="white-space:nowrap">
                  <a name="http---hl7.org-fhir-task-status-accepted"> </a>  
                  <a href="http://hl7.org/fhir/R4/codesystem-task-status.html#task-status-accepted">accepted</a>
                </td>
                <td>Accepted</td>
                <td>The potential performer has agreed to execute the task but has not yet started work.</td>
              </tr>
              <tr>
                <td style="white-space:nowrap">
                  <a name="http---hl7.org-fhir-task-status-rejected"> </a>  
                  <a href="http://hl7.org/fhir/R4/codesystem-task-status.html#task-status-rejected">rejected</a>
                </td>
                <td>Rejected</td>
                <td>The potential performer who claimed ownership of the task has decided not to execute it prior to performing any action.</td>
              </tr>
            </table>
          </div>
        </text>
        <url value="https://www.ehealth.fgov.be/standards/fhir/referral/ValueSet/be-vs-co-prescription-status"/>
        <version value="0.2.0"/>
        <name value="BeCoPrescriptionStatus"/>
        <status value="active"/>
        <date value="2022-05-03T10:04:16+02:00"/>
        <publisher value="HL7 Belgium"/>
        <contact>
          <name value="HL7 Belgium"/>
          <telecom>
            <system value="url"/>
            <value value="http://hl7belgium.org"/>
          </telecom>
        </contact>
        <contact>
          <name value="Message-Structure"/>
          <telecom>
            <system value="email"/>
            <value value="message-structure@ehealth.fgov.be"/>
            <use value="work"/>
          </telecom>
        </contact>
        <description value="This is the status of the prescription for the coprescriber"/>
        <jurisdiction>
          <coding>
            <system value="urn:iso:std:iso:3166"/>
            <code value="BE"/>
            <display value="Belgium"/>
          </coding>
        </jurisdiction>
        <expansion>
          <identifier value="urn:uuid:ac2b1972-2cac-4fad-a784-79aea22399d6"/>
          <timestamp value="2022-07-28T12:59:43+00:00"/>
          <total value="3"/>
          <parameter>
            <name value="excludeNested"/>
            <valueBoolean value="false"/>
          </parameter>
          <parameter>
            <name value="version"/>
            <valueUri value="http://hl7.org/fhir/task-status|4.0.1"/>
          </parameter>
          <contains>
            <system value="http://hl7.org/fhir/task-status"/>
            <code value="requested"/>
            <display value="Requested"/>
          </contains>
          <contains>
            <system value="http://hl7.org/fhir/task-status"/>
            <code value="accepted"/>
            <display value="Accepted"/>
          </contains>
          <contains>
            <system value="http://hl7.org/fhir/task-status"/>
            <code value="rejected"/>
            <display value="Rejected"/>
          </contains>
        </expansion>
      </ValueSet>
    </resource>
  </entry>
  <entry>
    <fullUrl value="https://www.ehealth.fgov.be/standards/fhir/referral/ValueSet/be-vs-contrastfluid-use"/>
    <resource>
      <ValueSet>
        <id value="be-vs-contrastfluid-use"/>
        <text>
          <status value="generated"/>
          <div xmlns="http://www.w3.org/1999/xhtml">
            <p>This value set contains 2 concepts</p>
            <p style="border: black 1px dotted; background-color: #EEEEEE; padding: 8px; margin-bottom: 8px">Expansion based on 
              <a href="CodeSystem-be-vs-contrastfluid-use.html">BeContrastFluidUse v0.2.0 (CodeSystem)</a>
            </p>
            <p>All codes in this table are from the system 
              <a href="CodeSystem-be-vs-contrastfluid-use.html">
                <code>https://www.ehealth.fgov.be/standards/fhir/referral/CodeSystem/be-vs-contrastfluid-use</code>
              </a>
            </p>
            <table class="codes">
              <tr>
                <td style="white-space:nowrap">
                  <b>Code</b>
                </td>
                <td>
                  <b>Display</b>
                </td>
              </tr>
              <tr>
                <td style="white-space:nowrap">
                  <a name="https---www.ehealth.fgov.be-standards-fhir-referral-CodeSystem-be-vs-contrastfluid-use-if-necessary"> </a>  
                  <a href="CodeSystem-be-vs-contrastfluid-use.html#be-vs-contrastfluid-use-if-necessary">if-necessary</a>
                </td>
                <td>if-necessary</td>
              </tr>
              <tr>
                <td style="white-space:nowrap">
                  <a name="https---www.ehealth.fgov.be-standards-fhir-referral-CodeSystem-be-vs-contrastfluid-use-not-permitted"> </a>  
                  <a href="CodeSystem-be-vs-contrastfluid-use.html#be-vs-contrastfluid-use-not-permitted">not-permitted</a>
                </td>
                <td>not-permitted</td>
              </tr>
            </table>
          </div>
        </text>
        <url value="https://www.ehealth.fgov.be/standards/fhir/referral/ValueSet/be-vs-contrastfluid-use"/>
        <version value="0.2.0"/>
        <name value="BeContrastFluidUse"/>
        <status value="draft"/>
        <date value="2022-05-03T10:04:16+02:00"/>
        <publisher value="HL7 Belgium"/>
        <contact>
          <name value="HL7 Belgium"/>
          <telecom>
            <system value="url"/>
            <value value="http://hl7belgium.org"/>
          </telecom>
        </contact>
        <contact>
          <name value="Message-Structure"/>
          <telecom>
            <system value="email"/>
            <value value="message-structure@ehealth.fgov.be"/>
            <use value="work"/>
          </telecom>
        </contact>
        <description value="Codes to define the use of contrast fluid."/>
        <jurisdiction>
          <coding>
            <system value="urn:iso:std:iso:3166"/>
            <code value="BE"/>
            <display value="Belgium"/>
          </coding>
        </jurisdiction>
        <expansion>
          <identifier value="urn:uuid:5acd008f-f467-4fcb-9dde-c01c01ba19ad"/>
          <timestamp value="2022-07-28T12:59:44+00:00"/>
          <total value="2"/>
          <parameter>
            <name value="excludeNested"/>
            <valueBoolean value="false"/>
          </parameter>
          <parameter>
            <name value="version"/>
            <valueUri value="https://www.ehealth.fgov.be/standards/fhir/referral/CodeSystem/be-vs-contrastfluid-use|0.2.0"/>
          </parameter>
          <contains>
            <system value="https://www.ehealth.fgov.be/standards/fhir/referral/CodeSystem/be-vs-contrastfluid-use"/>
            <code value="if-necessary"/>
            <display value="if-necessary"/>
          </contains>
          <contains>
            <system value="https://www.ehealth.fgov.be/standards/fhir/referral/CodeSystem/be-vs-contrastfluid-use"/>
            <code value="not-permitted"/>
            <display value="not-permitted"/>
          </contains>
        </expansion>
      </ValueSet>
    </resource>
  </entry>
  <entry>
    <fullUrl value="https://www.ehealth.fgov.be/standards/fhir/referral/ValueSet/be-vs-type-of-nursing"/>
    <resource>
      <ValueSet>
        <id value="be-vs-type-of-nursing"/>
        <text>
          <status value="generated"/>
          <div xmlns="http://www.w3.org/1999/xhtml">
            <p>This value set contains 10 concepts</p>
            <p style="border: black 1px dotted; background-color: #ffcccc; padding: 8px; margin-bottom: 8px">Expansion based on code system fragment 
              <a href="CodeSystem-be-cs-nursing-code.html">BeNursingCode v0.2.0 (CodeSystem)</a>
            </p>
            <p style="border: black 1px dotted; background-color: #EEEEEE; padding: 8px; margin-bottom: 8px">Expansion based on 
              <a href="CodeSystem-be-cs-nursing-code.html">BeNursingCode v0.2.0 (CodeSystem)</a>
            </p>
            <p>All codes in this table are from the system 
              <a href="CodeSystem-be-cs-nursing-code.html">
                <code>https://www.ehealth.fgov.be/standards/fhir/referral/CodeSystem/be-cs-nursing-code</code>
              </a>
            </p>
            <table class="codes">
              <tr>
                <td style="white-space:nowrap">
                  <b>Code</b>
                </td>
                <td>
                  <b>Display</b>
                </td>
              </tr>
              <tr>
                <td style="white-space:nowrap">
                  <a name="https---www.ehealth.fgov.be-standards-fhir-referral-CodeSystem-be-cs-nursing-code-bladder-care"> </a>  
                  <a href="CodeSystem-be-cs-nursing-code.html#be-cs-nursing-code-bladder-care">bladder-care</a>
                </td>
                <td>Bladder care</td>
              </tr>
              <tr>
                <td style="white-space:nowrap">
                  <a name="https---www.ehealth.fgov.be-standards-fhir-referral-CodeSystem-be-cs-nursing-code-digestive-system-care"> </a>  
                  <a href="CodeSystem-be-cs-nursing-code.html#be-cs-nursing-code-digestive-system-care">digestive-system-care</a>
                </td>
                <td>Digestive system care</td>
              </tr>
              <tr>
                <td style="white-space:nowrap">
                  <a name="https---www.ehealth.fgov.be-standards-fhir-referral-CodeSystem-be-cs-nursing-code-wound-care"> </a>  
                  <a href="CodeSystem-be-cs-nursing-code.html#be-cs-nursing-code-wound-care">wound-care</a>
                </td>
                <td>Wound care</td>
              </tr>
              <tr>
                <td style="white-space:nowrap">
                  <a name="https---www.ehealth.fgov.be-standards-fhir-referral-CodeSystem-be-cs-nursing-code-compression-therapy"> </a>  
                  <a href="CodeSystem-be-cs-nursing-code.html#be-cs-nursing-code-compression-therapy">compression-therapy</a>
                </td>
                <td>Compression therapy</td>
              </tr>
              <tr>
                <td style="white-space:nowrap">
                  <a name="https---www.ehealth.fgov.be-standards-fhir-referral-CodeSystem-be-cs-nursing-code-medication"> </a>  
                  <a href="CodeSystem-be-cs-nursing-code.html#be-cs-nursing-code-medication">medication</a>
                </td>
                <td>Medication</td>
              </tr>
              <tr>
                <td style="white-space:nowrap">
                  <a name="https---www.ehealth.fgov.be-standards-fhir-referral-CodeSystem-be-cs-nursing-code-appendix-81-preparation-of-medications"> </a>  
                  <a href="CodeSystem-be-cs-nursing-code.html#be-cs-nursing-code-appendix-81-preparation-of-medications">appendix-81-preparation-of-medications</a>
                </td>
                <td>Appendix 81 preparation of medications</td>
              </tr>
              <tr>
                <td style="white-space:nowrap">
                  <a name="https---www.ehealth.fgov.be-standards-fhir-referral-CodeSystem-be-cs-nursing-code-preparation-and-administration-of-medication-to-chronical-psychiatric-patient"> </a>  
                  <a href="CodeSystem-be-cs-nursing-code.html#be-cs-nursing-code-preparation-and-administration-of-medication-to-chronical-psychiatric-patient">preparation-and-administration-of-medication-to-chronical-psychiatric-patient</a>
                </td>
                <td>Preparation and administration of medication to chronical psychiatric patient</td>
              </tr>
              <tr>
                <td style="white-space:nowrap">
                  <a name="https---www.ehealth.fgov.be-standards-fhir-referral-CodeSystem-be-cs-nursing-code-diabetic-patient-services"> </a>  
                  <a href="CodeSystem-be-cs-nursing-code.html#be-cs-nursing-code-diabetic-patient-services">diabetic-patient-services</a>
                </td>
                <td>Diabetic patient services</td>
              </tr>
              <tr>
                <td style="white-space:nowrap">
                  <a name="https---www.ehealth.fgov.be-standards-fhir-referral-CodeSystem-be-cs-nursing-code-non-reimbursed-services"> </a>  
                  <a href="CodeSystem-be-cs-nursing-code.html#be-cs-nursing-code-non-reimbursed-services">non-reimbursed-services</a>
                </td>
                <td>Non reimbursed services</td>
              </tr>
              <tr>
                <td style="white-space:nowrap">
                  <a name="https---www.ehealth.fgov.be-standards-fhir-referral-CodeSystem-be-cs-nursing-code-other"> </a>  
                  <a href="CodeSystem-be-cs-nursing-code.html#be-cs-nursing-code-other">other</a>
                </td>
                <td>Other</td>
              </tr>
            </table>
          </div>
        </text>
        <url value="https://www.ehealth.fgov.be/standards/fhir/referral/ValueSet/be-vs-type-of-nursing"/>
        <version value="0.2.0"/>
        <name value="BeNursingType"/>
        <status value="draft"/>
        <date value="2022-05-03T10:04:16+02:00"/>
        <publisher value="HL7 Belgium"/>
        <contact>
          <name value="HL7 Belgium"/>
          <telecom>
            <system value="url"/>
            <value value="http://hl7belgium.org"/>
          </telecom>
        </contact>
        <contact>
          <name value="Message-Structure"/>
          <telecom>
            <system value="email"/>
            <value value="message-structure@ehealth.fgov.be"/>
            <use value="work"/>
          </telecom>
        </contact>
        <description value="Codes to define a type of nursing."/>
        <jurisdiction>
          <coding>
            <system value="urn:iso:std:iso:3166"/>
            <code value="BE"/>
            <display value="Belgium"/>
          </coding>
        </jurisdiction>
        <expansion>
          <identifier value="urn:uuid:d1304955-37a3-44de-8029-bcf36910570e"/>
          <timestamp value="2022-07-28T12:59:44+00:00"/>
          <total value="10"/>
          <parameter>
            <name value="excludeNested"/>
            <valueBoolean value="false"/>
          </parameter>
          <parameter>
            <name value="version"/>
            <valueUri value="https://www.ehealth.fgov.be/standards/fhir/referral/CodeSystem/be-cs-nursing-code|0.2.0"/>
          </parameter>
          <parameter>
            <name value="fragment"/>
            <valueUri value="https://www.ehealth.fgov.be/standards/fhir/referral/CodeSystem/be-cs-nursing-code|0.2.0"/>
          </parameter>
          <contains>
            <system value="https://www.ehealth.fgov.be/standards/fhir/referral/CodeSystem/be-cs-nursing-code"/>
            <code value="bladder-care"/>
            <display value="Bladder care"/>
          </contains>
          <contains>
            <system value="https://www.ehealth.fgov.be/standards/fhir/referral/CodeSystem/be-cs-nursing-code"/>
            <code value="digestive-system-care"/>
            <display value="Digestive system care"/>
          </contains>
          <contains>
            <system value="https://www.ehealth.fgov.be/standards/fhir/referral/CodeSystem/be-cs-nursing-code"/>
            <code value="wound-care"/>
            <display value="Wound care"/>
          </contains>
          <contains>
            <system value="https://www.ehealth.fgov.be/standards/fhir/referral/CodeSystem/be-cs-nursing-code"/>
            <code value="compression-therapy"/>
            <display value="Compression therapy"/>
          </contains>
          <contains>
            <system value="https://www.ehealth.fgov.be/standards/fhir/referral/CodeSystem/be-cs-nursing-code"/>
            <code value="medication"/>
            <display value="Medication"/>
          </contains>
          <contains>
            <system value="https://www.ehealth.fgov.be/standards/fhir/referral/CodeSystem/be-cs-nursing-code"/>
            <code value="appendix-81-preparation-of-medications"/>
            <display value="Appendix 81 preparation of medications"/>
          </contains>
          <contains>
            <system value="https://www.ehealth.fgov.be/standards/fhir/referral/CodeSystem/be-cs-nursing-code"/>
            <code value="preparation-and-administration-of-medication-to-chronical-psychiatric-patient"/>
            <display value="Preparation and administration of medication to chronical psychiatric patient"/>
          </contains>
          <contains>
            <system value="https://www.ehealth.fgov.be/standards/fhir/referral/CodeSystem/be-cs-nursing-code"/>
            <code value="diabetic-patient-services"/>
            <display value="Diabetic patient services"/>
          </contains>
          <contains>
            <system value="https://www.ehealth.fgov.be/standards/fhir/referral/CodeSystem/be-cs-nursing-code"/>
            <code value="non-reimbursed-services"/>
            <display value="Non reimbursed services"/>
          </contains>
          <contains>
            <system value="https://www.ehealth.fgov.be/standards/fhir/referral/CodeSystem/be-cs-nursing-code"/>
            <code value="other"/>
            <display value="Other"/>
          </contains>
        </expansion>
      </ValueSet>
    </resource>
  </entry>
  <entry>
    <fullUrl value="https://www.ehealth.fgov.be/standards/fhir/referral/ValueSet/be-vs-prescription-status"/>
    <resource>
      <ValueSet>
        <id value="be-vs-prescription-status"/>
        <text>
          <status value="generated"/>
          <div xmlns="http://www.w3.org/1999/xhtml">
            <p>This value set contains 11 concepts</p>
            <div style="border: black 1px dotted; background-color: #EEEEEE; padding: 8px; margin-bottom: 8px">
              <p>Expansion based on: </p>
              <ul>
                <li>
                  <a href="http://hl7.org/fhir/R4/codesystem-request-status.html">RequestStatus v4.0.1 (CodeSystem)</a>
                </li>
                <li>
                  <a href="CodeSystem-be-prescription-status.html">BePrescriptionStatus v0.2.0 (CodeSystem)</a>
                </li>
              </ul>
            </div>
            <table class="codes">
              <tr>
                <td style="white-space:nowrap">
                  <b>Code</b>
                </td>
                <td>
                  <b>System</b>
                </td>
                <td>
                  <b>Display</b>
                </td>
                <td>
                  <b>Definition</b>
                </td>
              </tr>
              <tr>
                <td style="white-space:nowrap">
                  <a name="http---hl7.org-fhir-request-status-draft"> </a>  
                  <a href="http://hl7.org/fhir/R4/codesystem-request-status.html#request-status-draft">draft</a>
                </td>
                <td>http://hl7.org/fhir/request-status</td>
                <td>Draft</td>
                <td>The request has been created but is not yet complete or ready for action.</td>
              </tr>
              <tr>
                <td style="white-space:nowrap">
                  <a name="http---hl7.org-fhir-request-status-active"> </a>  
                  <a href="http://hl7.org/fhir/R4/codesystem-request-status.html#request-status-active">active</a>
                </td>
                <td>http://hl7.org/fhir/request-status</td>
                <td>Active</td>
                <td>The request is in force and ready to be acted upon.</td>
              </tr>
              <tr>
                <td style="white-space:nowrap">
                  <a name="http---hl7.org-fhir-request-status-on-hold"> </a>  
                  <a href="http://hl7.org/fhir/R4/codesystem-request-status.html#request-status-on-hold">on-hold</a>
                </td>
                <td>http://hl7.org/fhir/request-status</td>
                <td>On Hold</td>
                <td>The request (and any implicit authorization to act) has been temporarily withdrawn but is expected to resume in the future.</td>
              </tr>
              <tr>
                <td style="white-space:nowrap">
                  <a name="http---hl7.org-fhir-request-status-revoked"> </a>  
                  <a href="http://hl7.org/fhir/R4/codesystem-request-status.html#request-status-revoked">revoked</a>
                </td>
                <td>http://hl7.org/fhir/request-status</td>
                <td>Revoked</td>
                <td>The request (and any implicit authorization to act) has been terminated prior to the known full completion of the intended actions.  No further activity should occur.</td>
              </tr>
              <tr>
                <td style="white-space:nowrap">
                  <a name="http---hl7.org-fhir-request-status-completed"> </a>  
                  <a href="http://hl7.org/fhir/R4/codesystem-request-status.html#request-status-completed">completed</a>
                </td>
                <td>http://hl7.org/fhir/request-status</td>
                <td>Completed</td>
                <td>The activity described by the request has been fully performed.  No further activity will occur.</td>
              </tr>
              <tr>
                <td style="white-space:nowrap">
                  <a name="http---hl7.org-fhir-request-status-entered-in-error"> </a>  
                  <a href="http://hl7.org/fhir/R4/codesystem-request-status.html#request-status-entered-in-error">entered-in-error</a>
                </td>
                <td>http://hl7.org/fhir/request-status</td>
                <td>Entered in Error</td>
                <td>This request should never have existed and should be considered 'void'.  (It is possible that real-world decisions were based on it.  If real-world activity has occurred, the status should be &quot;revoked&quot; rather than &quot;entered-in-error&quot;.).</td>
              </tr>
              <tr>
                <td style="white-space:nowrap">
                  <a name="http---hl7.org-fhir-request-status-unknown"> </a>  
                  <a href="http://hl7.org/fhir/R4/codesystem-request-status.html#request-status-unknown">unknown</a>
                </td>
                <td>http://hl7.org/fhir/request-status</td>
                <td>Unknown</td>
                <td>The authoring/source system does not know which of the status values currently applies for this request.  Note: This concept is not to be used for &quot;other&quot; - one of the listed statuses is presumed to apply,  but the authoring/source system does not know which.</td>
              </tr>
              <tr>
                <td style="white-space:nowrap">
                  <a name="https---www.ehealth.fgov.be-standards-fhir-referral-CodeSystem-be-prescription-status-open"> </a>  
                  <a href="CodeSystem-be-prescription-status.html#be-prescription-status-open">open</a>
                </td>
                <td>https://www.ehealth.fgov.be/standards/fhir/referral/CodeSystem/be-prescription-status</td>
                <td>open</td>
                <td/>
              </tr>
              <tr>
                <td style="white-space:nowrap">
                  <a name="https---www.ehealth.fgov.be-standards-fhir-referral-CodeSystem-be-prescription-status-stopped"> </a>  
                  <a href="CodeSystem-be-prescription-status.html#be-prescription-status-stopped">stopped</a>
                </td>
                <td>https://www.ehealth.fgov.be/standards/fhir/referral/CodeSystem/be-prescription-status</td>
                <td>stopped</td>
                <td/>
              </tr>
              <tr>
                <td style="white-space:nowrap">
                  <a name="https---www.ehealth.fgov.be-standards-fhir-referral-CodeSystem-be-prescription-status-not-done"> </a>  
                  <a href="CodeSystem-be-prescription-status.html#be-prescription-status-not-done">not-done</a>
                </td>
                <td>https://www.ehealth.fgov.be/standards/fhir/referral/CodeSystem/be-prescription-status</td>
                <td>not done</td>
                <td/>
              </tr>
              <tr>
                <td style="white-space:nowrap">
                  <a name="https---www.ehealth.fgov.be-standards-fhir-referral-CodeSystem-be-prescription-status-other"> </a>  
                  <a href="CodeSystem-be-prescription-status.html#be-prescription-status-other">other</a>
                </td>
                <td>https://www.ehealth.fgov.be/standards/fhir/referral/CodeSystem/be-prescription-status</td>
                <td>other</td>
                <td/>
              </tr>
            </table>
          </div>
        </text>
        <url value="https://www.ehealth.fgov.be/standards/fhir/referral/ValueSet/be-vs-prescription-status"/>
        <version value="0.2.0"/>
        <name value="BePrescriptionStatus"/>
        <status value="active"/>
        <date value="2022-05-03T10:04:16+02:00"/>
        <publisher value="HL7 Belgium"/>
        <contact>
          <name value="HL7 Belgium"/>
          <telecom>
            <system value="url"/>
            <value value="http://hl7belgium.org"/>
          </telecom>
        </contact>
        <contact>
          <name value="Message-Structure"/>
          <telecom>
            <system value="email"/>
            <value value="message-structure@ehealth.fgov.be"/>
            <use value="work"/>
          </telecom>
        </contact>
        <description value="This is the status of the prescription"/>
        <jurisdiction>
          <coding>
            <system value="urn:iso:std:iso:3166"/>
            <code value="BE"/>
            <display value="Belgium"/>
          </coding>
        </jurisdiction>
        <expansion>
          <identifier value="urn:uuid:810632d0-1369-43b3-90f5-6edc7754c3f3"/>
          <timestamp value="2022-07-28T12:59:44+00:00"/>
          <total value="11"/>
          <parameter>
            <name value="excludeNested"/>
            <valueBoolean value="false"/>
          </parameter>
          <parameter>
            <name value="version"/>
            <valueUri value="http://hl7.org/fhir/request-status|4.0.1"/>
          </parameter>
          <parameter>
            <name value="version"/>
            <valueUri value="https://www.ehealth.fgov.be/standards/fhir/referral/CodeSystem/be-prescription-status|0.2.0"/>
          </parameter>
          <contains>
            <system value="http://hl7.org/fhir/request-status"/>
            <code value="draft"/>
            <display value="Draft"/>
          </contains>
          <contains>
            <system value="http://hl7.org/fhir/request-status"/>
            <code value="active"/>
            <display value="Active"/>
          </contains>
          <contains>
            <system value="http://hl7.org/fhir/request-status"/>
            <code value="on-hold"/>
            <display value="On Hold"/>
          </contains>
          <contains>
            <system value="http://hl7.org/fhir/request-status"/>
            <code value="revoked"/>
            <display value="Revoked"/>
          </contains>
          <contains>
            <system value="http://hl7.org/fhir/request-status"/>
            <code value="completed"/>
            <display value="Completed"/>
          </contains>
          <contains>
            <system value="http://hl7.org/fhir/request-status"/>
            <code value="entered-in-error"/>
            <display value="Entered in Error"/>
          </contains>
          <contains>
            <system value="http://hl7.org/fhir/request-status"/>
            <code value="unknown"/>
            <display value="Unknown"/>
          </contains>
          <contains>
            <system value="https://www.ehealth.fgov.be/standards/fhir/referral/CodeSystem/be-prescription-status"/>
            <code value="open"/>
            <display value="open"/>
          </contains>
          <contains>
            <system value="https://www.ehealth.fgov.be/standards/fhir/referral/CodeSystem/be-prescription-status"/>
            <code value="stopped"/>
            <display value="stopped"/>
          </contains>
          <contains>
            <system value="https://www.ehealth.fgov.be/standards/fhir/referral/CodeSystem/be-prescription-status"/>
            <code value="not-done"/>
            <display value="not done"/>
          </contains>
          <contains>
            <system value="https://www.ehealth.fgov.be/standards/fhir/referral/CodeSystem/be-prescription-status"/>
            <code value="other"/>
            <display value="other"/>
          </contains>
        </expansion>
      </ValueSet>
    </resource>
  </entry>
  <entry>
    <fullUrl value="https://www.ehealth.fgov.be/standards/fhir/referral/ValueSet/be-vs-reason-referral-status"/>
    <resource>
      <ValueSet>
        <id value="be-vs-reason-referral-status"/>
        <text>
          <status value="generated"/>
          <div xmlns="http://www.w3.org/1999/xhtml">
            <p>This value set contains 8 concepts</p>
            <div style="border: black 1px dotted; background-color: #EEEEEE; padding: 8px; margin-bottom: 8px">
              <p>Expansion based on: </p>
              <ul>
                <li>
                  <a href="CodeSystem-be-status-reason.html">BeStatusReason v0.2.0 (CodeSystem)</a>
                </li>
                <li>
                  <a href="http://terminology.hl7.org/3.1.0/CodeSystem-v3-ActReason.html">ActReason v2.1.0 (CodeSystem)</a>
                </li>
              </ul>
            </div>
            <table class="codes">
              <tr>
                <td style="white-space:nowrap">
                  <b>Code</b>
                </td>
                <td>
                  <b>System</b>
                </td>
                <td>
                  <b>Display</b>
                </td>
                <td>
                  <b>Definition</b>
                </td>
              </tr>
              <tr>
                <td style="white-space:nowrap">
                  <a name="https---www.ehealth.fgov.be-standards-fhir-referral-CodeSystem-be-status-reason-other"> </a>  
                  <a href="CodeSystem-be-status-reason.html#be-status-reason-other">other</a>
                </td>
                <td>https://www.ehealth.fgov.be/standards/fhir/referral/CodeSystem/be-status-reason</td>
                <td>other</td>
                <td/>
              </tr>
              <tr>
                <td style="white-space:nowrap">
                  <a name="http---terminology.hl7.org-CodeSystem-v3-ActReason-MEDPREC"> </a>  
                  <a href="http://terminology.hl7.org/3.1.0/CodeSystem-v3-ActReason.html#v3-ActReason-MEDPREC">MEDPREC</a>
                </td>
                <td>http://terminology.hl7.org/CodeSystem/v3-ActReason</td>
                <td>Medical Precaution</td>
                <td>**Definition:**The patient currently has a medical condition for which the vaccine is contraindicated or for which precaution is warranted.</td>
              </tr>
              <tr>
                <td style="white-space:nowrap">
                  <a name="http---terminology.hl7.org-CodeSystem-v3-ActReason-OSTOCK"> </a>  
                  <a href="http://terminology.hl7.org/3.1.0/CodeSystem-v3-ActReason.html#v3-ActReason-OSTOCK">OSTOCK</a>
                </td>
                <td>http://terminology.hl7.org/CodeSystem/v3-ActReason</td>
                <td>Out of Stock</td>
                <td>**Definition:**There was no supply of the product on hand to perform the service.</td>
              </tr>
              <tr>
                <td style="white-space:nowrap">
                  <a name="http---terminology.hl7.org-CodeSystem-v3-ActReason-PATOBJ"> </a>  
                  <a href="http://terminology.hl7.org/3.1.0/CodeSystem-v3-ActReason.html#v3-ActReason-PATOBJ">PATOBJ</a>
                </td>
                <td>http://terminology.hl7.org/CodeSystem/v3-ActReason</td>
                <td>Patient Objection</td>
                <td>**Definition:**The patient or their guardian objects to receiving the vaccine.</td>
              </tr>
              <tr>
                <td style="white-space:nowrap">
                  <a name="http---terminology.hl7.org-CodeSystem-v3-ActReason-DECSD"> </a>  
                  <a href="http://terminology.hl7.org/3.1.0/CodeSystem-v3-ActReason.html#v3-ActReason-DECSD">DECSD</a>
                </td>
                <td>http://terminology.hl7.org/CodeSystem/v3-ActReason</td>
                <td>deceased</td>
                <td>Client deceased.</td>
              </tr>
              <tr>
                <td style="white-space:nowrap">
                  <a name="http---terminology.hl7.org-CodeSystem-v3-ActReason-SALG"> </a>  
                  <a href="http://terminology.hl7.org/3.1.0/CodeSystem-v3-ActReason.html#v3-ActReason-SALG">SALG</a>
                </td>
                <td>http://terminology.hl7.org/CodeSystem/v3-ActReason</td>
                <td>allergy</td>
                <td>**Description:**The patient is believed to be allergic to a substance that is part of the therapy and the therapy is being temporarily withdrawn to confirm.</td>
              </tr>
              <tr>
                <td style="white-space:nowrap">
                  <a name="http---terminology.hl7.org-CodeSystem-v3-ActReason-MODIFY"> </a>  
                  <a href="http://terminology.hl7.org/3.1.0/CodeSystem-v3-ActReason.html#v3-ActReason-MODIFY">MODIFY</a>
                </td>
                <td>http://terminology.hl7.org/CodeSystem/v3-ActReason</td>
                <td>modified prescription exists</td>
                <td>**Definition:**Therapy has been changed and new prescription issued</td>
              </tr>
              <tr>
                <td style="white-space:nowrap">
                  <a name="http---terminology.hl7.org-CodeSystem-v3-ActReason-CONTRA"> </a>  
                  <a href="http://terminology.hl7.org/3.1.0/CodeSystem-v3-ActReason.html#v3-ActReason-CONTRA">CONTRA</a>
                </td>
                <td>http://terminology.hl7.org/CodeSystem/v3-ActReason</td>
                <td>contraindication</td>
                <td>**Definition:**Contraindication identified</td>
              </tr>
            </table>
          </div>
        </text>
        <url value="https://www.ehealth.fgov.be/standards/fhir/referral/ValueSet/be-vs-reason-referral-status"/>
        <version value="0.2.0"/>
        <name value="BeReasonReferralStatus"/>
        <status value="active"/>
        <date value="2021-10-07T15:14:36+02:00"/>
        <publisher value="HL7 Belgium"/>
        <contact>
          <name value="HL7 Belgium"/>
          <telecom>
            <system value="url"/>
            <value value="http://hl7belgium.org"/>
          </telecom>
        </contact>
        <contact>
          <name value="Message-Structure"/>
          <telecom>
            <system value="email"/>
            <value value="message-structure@ehealth.fgov.be"/>
            <use value="work"/>
          </telecom>
        </contact>
        <description value="Codes to explain the current status of a referral prescription."/>
        <jurisdiction>
          <coding>
            <system value="urn:iso:std:iso:3166"/>
            <code value="BE"/>
            <display value="Belgium"/>
          </coding>
        </jurisdiction>
        <expansion>
          <identifier value="urn:uuid:ef352de1-77de-4d75-81f3-ddf04a81c158"/>
          <timestamp value="2022-07-28T12:59:44+00:00"/>
          <total value="8"/>
          <parameter>
            <name value="excludeNested"/>
            <valueBoolean value="false"/>
          </parameter>
          <parameter>
            <name value="version"/>
            <valueUri value="https://www.ehealth.fgov.be/standards/fhir/referral/CodeSystem/be-status-reason|0.2.0"/>
          </parameter>
          <parameter>
            <name value="version"/>
            <valueUri value="http://terminology.hl7.org/CodeSystem/v3-ActReason|2.1.0"/>
          </parameter>
          <contains>
            <system value="https://www.ehealth.fgov.be/standards/fhir/referral/CodeSystem/be-status-reason"/>
            <code value="other"/>
            <display value="other"/>
          </contains>
          <contains>
            <system value="http://terminology.hl7.org/CodeSystem/v3-ActReason"/>
            <code value="MEDPREC"/>
            <display value="Medical Precaution"/>
          </contains>
          <contains>
            <system value="http://terminology.hl7.org/CodeSystem/v3-ActReason"/>
            <code value="OSTOCK"/>
            <display value="Out of Stock"/>
          </contains>
          <contains>
            <system value="http://terminology.hl7.org/CodeSystem/v3-ActReason"/>
            <code value="PATOBJ"/>
            <display value="Patient Objection"/>
          </contains>
          <contains>
            <system value="http://terminology.hl7.org/CodeSystem/v3-ActReason"/>
            <code value="DECSD"/>
            <display value="deceased"/>
          </contains>
          <contains>
            <system value="http://terminology.hl7.org/CodeSystem/v3-ActReason"/>
            <code value="SALG"/>
            <display value="allergy"/>
          </contains>
          <contains>
            <system value="http://terminology.hl7.org/CodeSystem/v3-ActReason"/>
            <code value="MODIFY"/>
            <display value="modified prescription exists"/>
          </contains>
          <contains>
            <system value="http://terminology.hl7.org/CodeSystem/v3-ActReason"/>
            <code value="CONTRA"/>
            <display value="contraindication"/>
          </contains>
        </expansion>
      </ValueSet>
    </resource>
  </entry>
  <entry>
    <fullUrl value="https://www.ehealth.fgov.be/standards/fhir/referral/ValueSet/be-vs-co-prescriber-choice"/>
    <resource>
      <ValueSet>
        <id value="be-vs-co-prescriber-choice"/>
        <text>
          <status value="generated"/>
          <div xmlns="http://www.w3.org/1999/xhtml">
            <p>This value set contains 3 concepts</p>
            <p style="border: black 1px dotted; background-color: #EEEEEE; padding: 8px; margin-bottom: 8px">Expansion based on 
              <a href="CodeSystem-be-cs-co-prescriber-choice.html">BeCSCoPrescriberChoice v0.2.0 (CodeSystem)</a>
            </p>
            <p>All codes in this table are from the system 
              <a href="CodeSystem-be-cs-co-prescriber-choice.html">
                <code>https://www.ehealth.fgov.be/standards/fhir/referral/CodeSystem/be-cs-co-prescriber-choice</code>
              </a>
            </p>
            <table class="codes">
              <tr>
                <td style="white-space:nowrap">
                  <b>Code</b>
                </td>
                <td>
                  <b>Display</b>
                </td>
              </tr>
              <tr>
                <td style="white-space:nowrap">
                  <a name="https---www.ehealth.fgov.be-standards-fhir-referral-CodeSystem-be-cs-co-prescriber-choice-mandatory"> </a>  
                  <a href="CodeSystem-be-cs-co-prescriber-choice.html#be-cs-co-prescriber-choice-mandatory">mandatory</a>
                </td>
                <td>The co-prescriber must sign</td>
              </tr>
              <tr>
                <td style="white-space:nowrap">
                  <a name="https---www.ehealth.fgov.be-standards-fhir-referral-CodeSystem-be-cs-co-prescriber-choice-one-of-mandatory"> </a>  
                  <a href="CodeSystem-be-cs-co-prescriber-choice.html#be-cs-co-prescriber-choice-one-of-mandatory">one-of-mandatory</a>
                </td>
                <td>The signature of the co-prescriber counts in the number of required signatures, but not blocking</td>
              </tr>
              <tr>
                <td style="white-space:nowrap">
                  <a name="https---www.ehealth.fgov.be-standards-fhir-referral-CodeSystem-be-cs-co-prescriber-choice-recommended"> </a>  
                  <a href="CodeSystem-be-cs-co-prescriber-choice.html#be-cs-co-prescriber-choice-recommended">recommended</a>
                </td>
                <td>The signature of the co-prescriber is recommended, but not blocking</td>
              </tr>
            </table>
          </div>
        </text>
        <url value="https://www.ehealth.fgov.be/standards/fhir/referral/ValueSet/be-vs-co-prescriber-choice"/>
        <version value="0.2.0"/>
        <name value="BeVsCoPrescriberChoice"/>
        <status value="active"/>
        <date value="2022-05-03T10:04:16+02:00"/>
        <publisher value="HL7 Belgium"/>
        <contact>
          <name value="HL7 Belgium"/>
          <telecom>
            <system value="url"/>
            <value value="http://hl7belgium.org"/>
          </telecom>
        </contact>
        <contact>
          <name value="Message-Structure"/>
          <telecom>
            <system value="email"/>
            <value value="message-structure@ehealth.fgov.be"/>
            <use value="work"/>
          </telecom>
        </contact>
        <jurisdiction>
          <coding>
            <system value="urn:iso:std:iso:3166"/>
            <code value="BE"/>
            <display value="Belgium"/>
          </coding>
        </jurisdiction>
        <expansion>
          <identifier value="urn:uuid:a7c22565-3f38-4656-8880-f4cac463b8e7"/>
          <timestamp value="2022-07-28T12:59:44+00:00"/>
          <total value="3"/>
          <parameter>
            <name value="excludeNested"/>
            <valueBoolean value="false"/>
          </parameter>
          <parameter>
            <name value="version"/>
            <valueUri value="https://www.ehealth.fgov.be/standards/fhir/referral/CodeSystem/be-cs-co-prescriber-choice|0.2.0"/>
          </parameter>
          <contains>
            <system value="https://www.ehealth.fgov.be/standards/fhir/referral/CodeSystem/be-cs-co-prescriber-choice"/>
            <code value="mandatory"/>
            <display value="The co-prescriber must sign"/>
          </contains>
          <contains>
            <system value="https://www.ehealth.fgov.be/standards/fhir/referral/CodeSystem/be-cs-co-prescriber-choice"/>
            <code value="one-of-mandatory"/>
            <display value="The signature of the co-prescriber counts in the number of required signatures, but not blocking"/>
          </contains>
          <contains>
            <system value="https://www.ehealth.fgov.be/standards/fhir/referral/CodeSystem/be-cs-co-prescriber-choice"/>
            <code value="recommended"/>
            <display value="The signature of the co-prescriber is recommended, but not blocking"/>
          </contains>
        </expansion>
      </ValueSet>
    </resource>
  </entry>
  <entry>
    <fullUrl value="https://www.ehealth.fgov.be/standards/fhir/referral/ValueSet/be-vs-proposal-type"/>
    <resource>
      <ValueSet>
        <id value="be-vs-proposal-type"/>
        <text>
          <status value="generated"/>
          <div xmlns="http://www.w3.org/1999/xhtml">
            <p>This value set contains 2 concepts</p>
            <p style="border: black 1px dotted; background-color: #EEEEEE; padding: 8px; margin-bottom: 8px">Expansion based on 
              <a href="CodeSystem-be-prescription-proposal-type.html">BePrescriptionProposalType v0.2.0 (CodeSystem)</a>
            </p>
            <p>All codes in this table are from the system 
              <a href="CodeSystem-be-prescription-proposal-type.html">
                <code>https://www.ehealth.fgov.be/standards/fhir/referral/CodeSystem/be-prescription-proposal-type</code>
              </a>
            </p>
            <table class="codes">
              <tr>
                <td style="white-space:nowrap">
                  <b>Code</b>
                </td>
                <td>
                  <b>Display</b>
                </td>
              </tr>
              <tr>
                <td style="white-space:nowrap">
                  <a name="https---www.ehealth.fgov.be-standards-fhir-referral-CodeSystem-be-prescription-proposal-type-new"> </a>  
                  <a href="CodeSystem-be-prescription-proposal-type.html#be-prescription-proposal-type-new">new</a>
                </td>
                <td>new</td>
              </tr>
              <tr>
                <td style="white-space:nowrap">
                  <a name="https---www.ehealth.fgov.be-standards-fhir-referral-CodeSystem-be-prescription-proposal-type-prolongation"> </a>  
                  <a href="CodeSystem-be-prescription-proposal-type.html#be-prescription-proposal-type-prolongation">prolongation</a>
                </td>
                <td>prolongation</td>
              </tr>
            </table>
          </div>
        </text>
        <url value="https://www.ehealth.fgov.be/standards/fhir/referral/ValueSet/be-vs-proposal-type"/>
        <version value="0.2.0"/>
        <name value="BeVsProposalType"/>
        <status value="active"/>
        <date value="2022-05-03T10:04:16+02:00"/>
        <publisher value="HL7 Belgium"/>
        <contact>
          <name value="HL7 Belgium"/>
          <telecom>
            <system value="url"/>
            <value value="http://hl7belgium.org"/>
          </telecom>
        </contact>
        <contact>
          <name value="Message-Structure"/>
          <telecom>
            <system value="email"/>
            <value value="message-structure@ehealth.fgov.be"/>
            <use value="work"/>
          </telecom>
        </contact>
        <jurisdiction>
          <coding>
            <system value="urn:iso:std:iso:3166"/>
            <code value="BE"/>
            <display value="Belgium"/>
          </coding>
        </jurisdiction>
        <expansion>
          <identifier value="urn:uuid:e64fbf61-2e89-43ee-a1b6-a9ac3177676f"/>
          <timestamp value="2022-07-28T12:59:44+00:00"/>
          <total value="2"/>
          <parameter>
            <name value="excludeNested"/>
            <valueBoolean value="false"/>
          </parameter>
          <parameter>
            <name value="version"/>
            <valueUri value="https://www.ehealth.fgov.be/standards/fhir/referral/CodeSystem/be-prescription-proposal-type|0.2.0"/>
          </parameter>
          <contains>
            <system value="https://www.ehealth.fgov.be/standards/fhir/referral/CodeSystem/be-prescription-proposal-type"/>
            <code value="new"/>
            <display value="new"/>
          </contains>
          <contains>
            <system value="https://www.ehealth.fgov.be/standards/fhir/referral/CodeSystem/be-prescription-proposal-type"/>
            <code value="prolongation"/>
            <display value="prolongation"/>
          </contains>
        </expansion>
      </ValueSet>
    </resource>
  </entry>
  <entry>
    <fullUrl value="https://www.ehealth.fgov.be/standards/fhir/referral/ValueSet/be-vs-referral-category"/>
    <resource>
      <ValueSet>
        <id value="be-vs-referral-category"/>
        <text>
          <status value="generated"/>
          <div xmlns="http://www.w3.org/1999/xhtml">
            <p>This value set contains 7 concepts</p>
            <p style="border: black 1px dotted; background-color: #EEEEEE; padding: 8px; margin-bottom: 8px">Expansion based on SNOMED CT International edition 31-Mar 2022</p>
            <p>All codes in this table are from the system 
              <a href="http://hl7.org/fhir/R4/codesystem-snomedct.html">
                <code>http://snomed.info/sct</code>
              </a>
            </p>
            <table class="codes">
              <tr>
                <td style="white-space:nowrap">
                  <b>Code</b>
                </td>
                <td>
                  <b>Display</b>
                </td>
              </tr>
              <tr>
                <td style="white-space:nowrap">
                  <a name="http---snomed.info-sct-363679005"> </a>  
                  <a href="http://snomed.info/id/363679005">363679005</a>
                </td>
                <td>Imaging (procedure)</td>
              </tr>
              <tr>
                <td style="white-space:nowrap">
                  <a name="http---snomed.info-sct-91251008"> </a>  
                  <a href="http://snomed.info/id/91251008">91251008</a>
                </td>
                <td>Physical therapy procedure (regime/therapy)</td>
              </tr>
              <tr>
                <td style="white-space:nowrap">
                  <a name="http---snomed.info-sct-9632001"> </a>  
                  <a href="http://snomed.info/id/9632001">9632001</a>
                </td>
                <td>Nursing procedure (procedure)</td>
              </tr>
              <tr>
                <td style="white-space:nowrap">
                  <a name="http---snomed.info-sct-15220000"> </a>  
                  <a href="http://snomed.info/id/15220000">15220000</a>
                </td>
                <td>Laboratory test (procedure)</td>
              </tr>
              <tr>
                <td style="white-space:nowrap">
                  <a name="http---snomed.info-sct-312856000"> </a>  
                  <a href="http://snomed.info/id/312856000">312856000</a>
                </td>
                <td>Referral to diabetes nurse (procedure)</td>
              </tr>
              <tr>
                <td style="white-space:nowrap">
                  <a name="http---snomed.info-sct-183545006"> </a>  
                  <a href="http://snomed.info/id/183545006">183545006</a>
                </td>
                <td>Orthopedic referral (procedure)</td>
              </tr>
              <tr>
                <td style="white-space:nowrap">
                  <a name="http---snomed.info-sct-69377005"> </a>  
                  <a href="http://snomed.info/id/69377005">69377005</a>
                </td>
                <td>Patient referral for rehabilitation, psychological (procedure)</td>
              </tr>
            </table>
          </div>
        </text>
        <url value="https://www.ehealth.fgov.be/standards/fhir/referral/ValueSet/be-vs-referral-category"/>
        <version value="0.2.0"/>
        <name value="BeReferralCategory"/>
        <status value="draft"/>
        <date value="2021-10-07T15:14:36+02:00"/>
        <publisher value="HL7 Belgium"/>
        <contact>
          <name value="HL7 Belgium"/>
          <telecom>
            <system value="url"/>
            <value value="http://hl7belgium.org"/>
          </telecom>
        </contact>
        <contact>
          <name value="Message-Structure"/>
          <telecom>
            <system value="email"/>
            <value value="message-structure@ehealth.fgov.be"/>
            <use value="work"/>
          </telecom>
        </contact>
        <description value="Codes to define the high level category for a referral prescription. SNOMED-CT codes in this valueset are just a draft proposal to give a general idea - pending an official valueset."/>
        <jurisdiction>
          <coding>
            <system value="urn:iso:std:iso:3166"/>
            <code value="BE"/>
            <display value="Belgium"/>
          </coding>
        </jurisdiction>
        <expansion>
          <identifier value="urn:uuid:64d96ce9-6596-47f2-b01c-f6932017597b"/>
          <timestamp value="2022-07-28T12:59:45+00:00"/>
          <total value="7"/>
          <parameter>
            <name value="excludeNested"/>
            <valueBoolean value="false"/>
          </parameter>
          <parameter>
            <name value="limitedExpansion"/>
            <valueBoolean value="true"/>
          </parameter>
          <parameter>
            <name value="version"/>
            <valueUri value="http://snomed.info/sct|http://snomed.info/sct/900000000000207008/version/20220331"/>
          </parameter>
          <contains>
            <system value="http://snomed.info/sct"/>
            <code value="363679005"/>
            <display value="Imaging (procedure)"/>
          </contains>
          <contains>
            <system value="http://snomed.info/sct"/>
            <code value="91251008"/>
            <display value="Physical therapy procedure (regime/therapy)"/>
          </contains>
          <contains>
            <system value="http://snomed.info/sct"/>
            <code value="9632001"/>
            <display value="Nursing procedure (procedure)"/>
          </contains>
          <contains>
            <system value="http://snomed.info/sct"/>
            <code value="15220000"/>
            <display value="Laboratory test (procedure)"/>
          </contains>
          <contains>
            <system value="http://snomed.info/sct"/>
            <code value="312856000"/>
            <display value="Referral to diabetes nurse (procedure)"/>
          </contains>
          <contains>
            <system value="http://snomed.info/sct"/>
            <code value="183545006"/>
            <display value="Orthopedic referral (procedure)"/>
          </contains>
          <contains>
            <system value="http://snomed.info/sct"/>
            <code value="69377005"/>
            <display value="Patient referral for rehabilitation, psychological (procedure)"/>
          </contains>
        </expansion>
      </ValueSet>
    </resource>
  </entry>
</Bundle>