<?xml version="1.0" encoding="UTF-8"?>

<Bundle xmlns="http://hl7.org/fhir">
  <id value="0cbd8632-7008-4900-a66b-cc7f2ea3536f"/>
  <meta>
    <lastUpdated value="2021-09-23T15:34:19.982+00:00"/>
  </meta>
  <type value="collection"/>
  <entry>
    <fullUrl value="https://www.ehealth.fgov.be/standards/fhir/ValueSet/be-contrastfluid-use"/>
    <resource>
      <ValueSet>
        <id value="be-vs-contrastfluid-use"/>
        <text>
          <status value="generated"/>
          <div xmlns="http://www.w3.org/1999/xhtml">
            <p>This value set contains 2 concepts</p>
            <p style="border: black 1px dotted; background-color: #EEEEEE; padding: 8px; margin-bottom: 8px">Expansion based on 
              <a href="CodeSystem-be-contrastfluid-use.html">BeContrastFluidUse v0.2.0 (CodeSystem)</a>
            </p>
            <p>All codes in this table are from the system 
              <a href="CodeSystem-be-contrastfluid-use.html">
                <code>https://www.ehealth.fgov.be/standards/fhir/CodeSystem/be-contrastfluid-use</code>
              </a>
            </p>
            <table class="codes">
              <tr>
                <td style="white-space:nowrap">
                  <b>Code</b>
                </td>
                <td>
                  <b>Display</b>
                </td>
                <td>
                  <b>Definition</b>
                </td>
              </tr>
              <tr>
                <td style="white-space:nowrap">
                  <a name="https---www.ehealth.fgov.be-standards-fhir-CodeSystem-be-contrastfluid-use-if-necessary"> </a>
                  <a href="CodeSystem-be-contrastfluid-use.html#be-contrastfluid-use-if-necessary">if-necessary</a>
                </td>
                <td>if-necessary</td>
                <td/>
              </tr>
              <tr>
                <td style="white-space:nowrap">
                  <a name="https---www.ehealth.fgov.be-standards-fhir-CodeSystem-be-contrastfluid-use-not-permitted"> </a>
                  <a href="CodeSystem-be-contrastfluid-use.html#be-contrastfluid-use-not-permitted">not-permitted</a>
                </td>
                <td>not-permitted</td>
                <td/>
              </tr>
            </table>
          </div>
        </text>
        <url value="https://www.ehealth.fgov.be/standards/fhir/ValueSet/be-contrastfluid-use"/>
        <version value="0.2.0"/>
        <name value="BeContrastFluidUse"/>
        <status value="draft"/>
        <date value="2021-09-23T15:34:19+00:00"/>
        <publisher value="HL7 Belgium"/>
        <contact>
          <name value="HL7 Belgium"/>
          <telecom>
            <system value="url"/>
            <value value="http://hl7belgium.org"/>
          </telecom>
        </contact>
        <contact>
          <name value="Bart Decuypere"/>
          <telecom>
            <system value="email"/>
            <value value="bart.decuypere@ehealth.fgov.be"/>
            <use value="work"/>
          </telecom>
        </contact>
        <description value="Codes to define the use of contrast fluid."/>
        <jurisdiction>
          <coding>
            <system value="http://unstats.un.org/unsd/methods/m49/m49.htm"/>
            <code value="001"/>
            <display value="World"/>
          </coding>
        </jurisdiction>
        <expansion>
          <identifier value="urn:uuid:8b33b8f4-8c15-4e2f-855d-8940e7807f8b"/>
          <timestamp value="2021-09-23T15:35:18+00:00"/>
          <total value="2"/>
          <parameter>
            <name value="excludeNested"/>
            <valueBoolean value="false"/>
          </parameter>
          <parameter>
            <name value="version"/>
            <valueUri value="https://www.ehealth.fgov.be/standards/fhir/CodeSystem/be-contrastfluid-use|0.2.0"/>
          </parameter>
          <contains>
            <system value="https://www.ehealth.fgov.be/standards/fhir/CodeSystem/be-contrastfluid-use"/>
            <code value="if-necessary"/>
            <display value="if-necessary"/>
          </contains>
          <contains>
            <system value="https://www.ehealth.fgov.be/standards/fhir/CodeSystem/be-contrastfluid-use"/>
            <code value="not-permitted"/>
            <display value="not-permitted"/>
          </contains>
        </expansion>
      </ValueSet>
    </resource>
  </entry>
  <entry>
    <fullUrl value="https://www.ehealth.fgov.be/standards/fhir/ValueSet/be-vs-digestive-system-care"/>
    <resource>
      <ValueSet>
        <id value="be-vs-digestive-system-care"/>
        <text>
          <status value="generated"/>
          <div xmlns="http://www.w3.org/1999/xhtml">
            <p>This value set contains 9 concepts</p>
            <p style="border: black 1px dotted; background-color: #EEEEEE; padding: 8px; margin-bottom: 8px">Expansion based on 
              <a href="CodeSystem-codesystem-be-digestive-system-care.html">BeDigestiveSystemCare v0.2.0 (CodeSystem)</a>
            </p>
            <p>All codes in this table are from the system 
              <a href="CodeSystem-codesystem-be-digestive-system-care.html">
                <code>https://www.ehealth.fgov.be/standards/fhir/CodeSystem/be-cs-digestive-system-care</code>
              </a>
            </p>
            <table class="codes">
              <tr>
                <td style="white-space:nowrap">
                  <b>Code</b>
                </td>
                <td>
                  <b>Display</b>
                </td>
                <td>
                  <b>Definition</b>
                </td>
              </tr>
              <tr>
                <td style="white-space:nowrap">
                  <a name="https---www.ehealth.fgov.be-standards-fhir-CodeSystem-be-cs-digestive-system-care-enteral-feeding-stomach-probe"> </a>
                  <a href="CodeSystem-codesystem-be-digestive-system-care.html#codesystem-be-digestive-system-care-enteral-feeding-stomach-probe">enteral-feeding-stomach-probe</a>
                </td>
                <td>Enteral feeding stomach probe</td>
                <td/>
              </tr>
              <tr>
                <td style="white-space:nowrap">
                  <a name="https---www.ehealth.fgov.be-standards-fhir-CodeSystem-be-cs-digestive-system-care-enteral-feeding-gastrostomy-probe"> </a>
                  <a href="CodeSystem-codesystem-be-digestive-system-care.html#codesystem-be-digestive-system-care-enteral-feeding-gastrostomy-probe">enteral-feeding-gastrostomy-probe</a>
                </td>
                <td>Enteral feeding gastrostomy probe</td>
                <td/>
              </tr>
              <tr>
                <td style="white-space:nowrap">
                  <a name="https---www.ehealth.fgov.be-standards-fhir-CodeSystem-be-cs-digestive-system-care-enteral-feeding-enterostomy-probe"> </a>
                  <a href="CodeSystem-codesystem-be-digestive-system-care.html#codesystem-be-digestive-system-care-enteral-feeding-enterostomy-probe">enteral-feeding-enterostomy-probe</a>
                </td>
                <td>Enteral feeding enterostomy probe</td>
                <td/>
              </tr>
              <tr>
                <td style="white-space:nowrap">
                  <a name="https---www.ehealth.fgov.be-standards-fhir-CodeSystem-be-cs-digestive-system-care-enteral-feeding-enterostomy-probe-jejunostomy"> </a>
                  <a href="CodeSystem-codesystem-be-digestive-system-care.html#codesystem-be-digestive-system-care-enteral-feeding-enterostomy-probe-jejunostomy">enteral-feeding-enterostomy-probe-jejunostomy</a>
                </td>
                <td>Enteral feeding enterostomy probe jejunostomy</td>
                <td/>
              </tr>
              <tr>
                <td style="white-space:nowrap">
                  <a name="https---www.ehealth.fgov.be-standards-fhir-CodeSystem-be-cs-digestive-system-care-enteral-feeding-enterostomy-probe-ileostomy"> </a>
                  <a href="CodeSystem-codesystem-be-digestive-system-care.html#codesystem-be-digestive-system-care-enteral-feeding-enterostomy-probe-ileostomy">enteral-feeding-enterostomy-probe-ileostomy</a>
                </td>
                <td>Enteral feeding enterostomy probe ileostomy</td>
                <td/>
              </tr>
              <tr>
                <td style="white-space:nowrap">
                  <a name="https---www.ehealth.fgov.be-standards-fhir-CodeSystem-be-cs-digestive-system-care-colonic-cleansing"> </a>
                  <a href="CodeSystem-codesystem-be-digestive-system-care.html#codesystem-be-digestive-system-care-colonic-cleansing">colonic-cleansing</a>
                </td>
                <td>colonic-cleansing</td>
                <td/>
              </tr>
              <tr>
                <td style="white-space:nowrap">
                  <a name="https---www.ehealth.fgov.be-standards-fhir-CodeSystem-be-cs-digestive-system-care-gastrointestinal-tubing-and-drainage"> </a>
                  <a href="CodeSystem-codesystem-be-digestive-system-care.html#codesystem-be-digestive-system-care-gastrointestinal-tubing-and-drainage">gastrointestinal-tubing-and-drainage</a>
                </td>
                <td>gastrointestinal-tubing-and-drainage</td>
                <td/>
              </tr>
              <tr>
                <td style="white-space:nowrap">
                  <a name="https---www.ehealth.fgov.be-standards-fhir-CodeSystem-be-cs-digestive-system-care-manual-removal-of-faecal-omen"> </a>
                  <a href="CodeSystem-codesystem-be-digestive-system-care.html#codesystem-be-digestive-system-care-manual-removal-of-faecal-omen">manual-removal-of-faecal-omen</a>
                </td>
                <td>Manual removal of faecal omen</td>
                <td/>
              </tr>
              <tr>
                <td style="white-space:nowrap">
                  <a name="https---www.ehealth.fgov.be-standards-fhir-CodeSystem-be-cs-digestive-system-care-clyster"> </a>
                  <a href="CodeSystem-codesystem-be-digestive-system-care.html#codesystem-be-digestive-system-care-clyster">clyster</a>
                </td>
                <td>Clyster</td>
                <td/>
              </tr>
            </table>
          </div>
        </text>
        <url value="https://www.ehealth.fgov.be/standards/fhir/ValueSet/be-vs-digestive-system-care"/>
        <version value="0.2.0"/>
        <name value="BeDigestiveSystemCare"/>
        <status value="draft"/>
        <date value="2021-09-23T15:34:19+00:00"/>
        <publisher value="HL7 Belgium"/>
        <contact>
          <name value="HL7 Belgium"/>
          <telecom>
            <system value="url"/>
            <value value="http://hl7belgium.org"/>
          </telecom>
        </contact>
        <contact>
          <name value="Bart Decuypere"/>
          <telecom>
            <system value="email"/>
            <value value="bart.decuypere@ehealth.fgov.be"/>
            <use value="work"/>
          </telecom>
        </contact>
        <description value="Codes to define digestive system care"/>
        <jurisdiction>
          <coding>
            <system value="http://unstats.un.org/unsd/methods/m49/m49.htm"/>
            <code value="001"/>
            <display value="World"/>
          </coding>
        </jurisdiction>
        <expansion>
          <identifier value="urn:uuid:be296a89-425c-4fd8-8b2b-3a589caa5748"/>
          <timestamp value="2021-09-23T15:35:18+00:00"/>
          <total value="9"/>
          <parameter>
            <name value="excludeNested"/>
            <valueBoolean value="false"/>
          </parameter>
          <parameter>
            <name value="version"/>
            <valueUri value="https://www.ehealth.fgov.be/standards/fhir/CodeSystem/be-cs-digestive-system-care|0.2.0"/>
          </parameter>
          <contains>
            <system value="https://www.ehealth.fgov.be/standards/fhir/CodeSystem/be-cs-digestive-system-care"/>
            <code value="enteral-feeding-stomach-probe"/>
            <display value="Enteral feeding stomach probe"/>
          </contains>
          <contains>
            <system value="https://www.ehealth.fgov.be/standards/fhir/CodeSystem/be-cs-digestive-system-care"/>
            <code value="enteral-feeding-gastrostomy-probe"/>
            <display value="Enteral feeding gastrostomy probe"/>
          </contains>
          <contains>
            <system value="https://www.ehealth.fgov.be/standards/fhir/CodeSystem/be-cs-digestive-system-care"/>
            <code value="enteral-feeding-enterostomy-probe"/>
            <display value="Enteral feeding enterostomy probe"/>
          </contains>
          <contains>
            <system value="https://www.ehealth.fgov.be/standards/fhir/CodeSystem/be-cs-digestive-system-care"/>
            <code value="enteral-feeding-enterostomy-probe-jejunostomy"/>
            <display value="Enteral feeding enterostomy probe jejunostomy"/>
          </contains>
          <contains>
            <system value="https://www.ehealth.fgov.be/standards/fhir/CodeSystem/be-cs-digestive-system-care"/>
            <code value="enteral-feeding-enterostomy-probe-ileostomy"/>
            <display value="Enteral feeding enterostomy probe ileostomy"/>
          </contains>
          <contains>
            <system value="https://www.ehealth.fgov.be/standards/fhir/CodeSystem/be-cs-digestive-system-care"/>
            <code value="colonic-cleansing"/>
            <display value="colonic-cleansing"/>
          </contains>
          <contains>
            <system value="https://www.ehealth.fgov.be/standards/fhir/CodeSystem/be-cs-digestive-system-care"/>
            <code value="gastrointestinal-tubing-and-drainage"/>
            <display value="gastrointestinal-tubing-and-drainage"/>
          </contains>
          <contains>
            <system value="https://www.ehealth.fgov.be/standards/fhir/CodeSystem/be-cs-digestive-system-care"/>
            <code value="manual-removal-of-faecal-omen"/>
            <display value="Manual removal of faecal omen"/>
          </contains>
          <contains>
            <system value="https://www.ehealth.fgov.be/standards/fhir/CodeSystem/be-cs-digestive-system-care"/>
            <code value="clyster"/>
            <display value="Clyster"/>
          </contains>
        </expansion>
      </ValueSet>
    </resource>
  </entry>
  <entry>
    <fullUrl value="https://www.ehealth.fgov.be/standards/fhir/ValueSet/be-vs-nursing-medication-category"/>
    <resource>
      <ValueSet>
        <id value="be-vs-nursing-medication-category"/>
        <text>
          <status value="generated"/>
          <div xmlns="http://www.w3.org/1999/xhtml">
            <p>This value set contains 9 concepts</p>
            <p style="border: black 1px dotted; background-color: #EEEEEE; padding: 8px; margin-bottom: 8px">Expansion based on 
              <a href="CodeSystem-be-nursing-medication-category.html">BeNursingMedicationCategory v0.2.0 (CodeSystem)</a>
            </p>
            <p>All codes in this table are from the system 
              <a href="CodeSystem-be-nursing-medication-category.html">
                <code>https://www.ehealth.fgov.be/standards/fhir/CodeSystem/be-nursing-medication-category</code>
              </a>
            </p>
            <table class="codes">
              <tr>
                <td style="white-space:nowrap">
                  <b>Code</b>
                </td>
                <td>
                  <b>Display</b>
                </td>
                <td>
                  <b>Definition</b>
                </td>
              </tr>
              <tr>
                <td style="white-space:nowrap">
                  <a name="https---www.ehealth.fgov.be-standards-fhir-CodeSystem-be-nursing-medication-category-eyedrops-ointment-post-oper"> </a>
                  <a href="CodeSystem-be-nursing-medication-category.html#be-nursing-medication-category-eyedrops-ointment-post-oper">eyedrops-ointment-post-oper</a>
                </td>
                <td>eyedrops ointment post oper</td>
                <td/>
              </tr>
              <tr>
                <td style="white-space:nowrap">
                  <a name="https---www.ehealth.fgov.be-standards-fhir-CodeSystem-be-nursing-medication-category-eyedrops-ointment-not-post-oper"> </a>
                  <a href="CodeSystem-be-nursing-medication-category.html#be-nursing-medication-category-eyedrops-ointment-not-post-oper">eyedrops-ointment-not-post-oper</a>
                </td>
                <td>eyedrops ointment not post oper</td>
                <td/>
              </tr>
              <tr>
                <td style="white-space:nowrap">
                  <a name="https---www.ehealth.fgov.be-standards-fhir-CodeSystem-be-nursing-medication-category-oral"> </a>
                  <a href="CodeSystem-be-nursing-medication-category.html#be-nursing-medication-category-oral">oral</a>
                </td>
                <td>oral</td>
                <td/>
              </tr>
              <tr>
                <td style="white-space:nowrap">
                  <a name="https---www.ehealth.fgov.be-standards-fhir-CodeSystem-be-nursing-medication-category-rectal"> </a>
                  <a href="CodeSystem-be-nursing-medication-category.html#be-nursing-medication-category-rectal">rectal</a>
                </td>
                <td>rectal</td>
                <td/>
              </tr>
              <tr>
                <td style="white-space:nowrap">
                  <a name="https---www.ehealth.fgov.be-standards-fhir-CodeSystem-be-nursing-medication-category-vaginal"> </a>
                  <a href="CodeSystem-be-nursing-medication-category.html#be-nursing-medication-category-vaginal">vaginal</a>
                </td>
                <td>vaginal</td>
                <td/>
              </tr>
              <tr>
                <td style="white-space:nowrap">
                  <a name="https---www.ehealth.fgov.be-standards-fhir-CodeSystem-be-nursing-medication-category-pulmonary"> </a>
                  <a href="CodeSystem-be-nursing-medication-category.html#be-nursing-medication-category-pulmonary">pulmonary</a>
                </td>
                <td>pulmonary</td>
                <td/>
              </tr>
              <tr>
                <td style="white-space:nowrap">
                  <a name="https---www.ehealth.fgov.be-standards-fhir-CodeSystem-be-nursing-medication-category-nasal"> </a>
                  <a href="CodeSystem-be-nursing-medication-category.html#be-nursing-medication-category-nasal">nasal</a>
                </td>
                <td>nasal</td>
                <td/>
              </tr>
              <tr>
                <td style="white-space:nowrap">
                  <a name="https---www.ehealth.fgov.be-standards-fhir-CodeSystem-be-nursing-medication-category-auricular"> </a>
                  <a href="CodeSystem-be-nursing-medication-category.html#be-nursing-medication-category-auricular">auricular</a>
                </td>
                <td>auricular</td>
                <td/>
              </tr>
              <tr>
                <td style="white-space:nowrap">
                  <a name="https---www.ehealth.fgov.be-standards-fhir-CodeSystem-be-nursing-medication-category-other"> </a>
                  <a href="CodeSystem-be-nursing-medication-category.html#be-nursing-medication-category-other">other</a>
                </td>
                <td>other</td>
                <td/>
              </tr>
            </table>
          </div>
        </text>
        <url value="https://www.ehealth.fgov.be/standards/fhir/ValueSet/be-vs-nursing-medication-category"/>
        <version value="0.2.0"/>
        <name value="BeNursingMedicationCategory"/>
        <status value="draft"/>
        <date value="2021-09-23T15:34:19+00:00"/>
        <publisher value="HL7 Belgium"/>
        <contact>
          <name value="HL7 Belgium"/>
          <telecom>
            <system value="url"/>
            <value value="http://hl7belgium.org"/>
          </telecom>
        </contact>
        <contact>
          <name value="Bart Decuypere"/>
          <telecom>
            <system value="email"/>
            <value value="bart.decuypere@ehealth.fgov.be"/>
            <use value="work"/>
          </telecom>
        </contact>
        <description value="Codes to define a type of nursing medication category."/>
        <jurisdiction>
          <coding>
            <system value="http://unstats.un.org/unsd/methods/m49/m49.htm"/>
            <code value="001"/>
            <display value="World"/>
          </coding>
        </jurisdiction>
        <expansion>
          <identifier value="urn:uuid:d573fc67-d758-41a7-9270-8b8348d54d4f"/>
          <timestamp value="2021-09-23T15:35:18+00:00"/>
          <total value="9"/>
          <parameter>
            <name value="excludeNested"/>
            <valueBoolean value="false"/>
          </parameter>
          <parameter>
            <name value="version"/>
            <valueUri value="https://www.ehealth.fgov.be/standards/fhir/CodeSystem/be-nursing-medication-category|0.2.0"/>
          </parameter>
          <contains>
            <system value="https://www.ehealth.fgov.be/standards/fhir/CodeSystem/be-nursing-medication-category"/>
            <code value="eyedrops-ointment-post-oper"/>
            <display value="eyedrops ointment post oper"/>
          </contains>
          <contains>
            <system value="https://www.ehealth.fgov.be/standards/fhir/CodeSystem/be-nursing-medication-category"/>
            <code value="eyedrops-ointment-not-post-oper"/>
            <display value="eyedrops ointment not post oper"/>
          </contains>
          <contains>
            <system value="https://www.ehealth.fgov.be/standards/fhir/CodeSystem/be-nursing-medication-category"/>
            <code value="oral"/>
            <display value="oral"/>
          </contains>
          <contains>
            <system value="https://www.ehealth.fgov.be/standards/fhir/CodeSystem/be-nursing-medication-category"/>
            <code value="rectal"/>
            <display value="rectal"/>
          </contains>
          <contains>
            <system value="https://www.ehealth.fgov.be/standards/fhir/CodeSystem/be-nursing-medication-category"/>
            <code value="vaginal"/>
            <display value="vaginal"/>
          </contains>
          <contains>
            <system value="https://www.ehealth.fgov.be/standards/fhir/CodeSystem/be-nursing-medication-category"/>
            <code value="pulmonary"/>
            <display value="pulmonary"/>
          </contains>
          <contains>
            <system value="https://www.ehealth.fgov.be/standards/fhir/CodeSystem/be-nursing-medication-category"/>
            <code value="nasal"/>
            <display value="nasal"/>
          </contains>
          <contains>
            <system value="https://www.ehealth.fgov.be/standards/fhir/CodeSystem/be-nursing-medication-category"/>
            <code value="auricular"/>
            <display value="auricular"/>
          </contains>
          <contains>
            <system value="https://www.ehealth.fgov.be/standards/fhir/CodeSystem/be-nursing-medication-category"/>
            <code value="other"/>
            <display value="other"/>
          </contains>
        </expansion>
      </ValueSet>
    </resource>
  </entry>
  <entry>
    <fullUrl value="https://www.ehealth.fgov.be/standards/fhir/ValueSet/be-vs-nursing-medication-injection"/>
    <resource>
      <ValueSet>
        <id value="be-vs-nursing-medication-injection"/>
        <text>
          <status value="generated"/>
          <div xmlns="http://www.w3.org/1999/xhtml">
            <p>This value set contains 4 concepts</p>
            <p style="border: black 1px dotted; background-color: #EEEEEE; padding: 8px; margin-bottom: 8px">Expansion based on 
              <a href="CodeSystem-be-nursing-medication-injection.html">BeNursingMedicationInjection v0.2.0 (CodeSystem)</a>
            </p>
            <p>All codes in this table are from the system 
              <a href="CodeSystem-be-nursing-medication-injection.html">
                <code>https://www.ehealth.fgov.be/standards/fhir/CodeSystem/be-nursing-medication-injection</code>
              </a>
            </p>
            <table class="codes">
              <tr>
                <td style="white-space:nowrap">
                  <b>Code</b>
                </td>
                <td>
                  <b>Display</b>
                </td>
                <td>
                  <b>Definition</b>
                </td>
              </tr>
              <tr>
                <td style="white-space:nowrap">
                  <a name="https---www.ehealth.fgov.be-standards-fhir-CodeSystem-be-nursing-medication-injection-IM"> </a>
                  <a href="CodeSystem-be-nursing-medication-injection.html#be-nursing-medication-injection-IM">IM</a>
                </td>
                <td>IM</td>
                <td/>
              </tr>
              <tr>
                <td style="white-space:nowrap">
                  <a name="https---www.ehealth.fgov.be-standards-fhir-CodeSystem-be-nursing-medication-injection-SC"> </a>
                  <a href="CodeSystem-be-nursing-medication-injection.html#be-nursing-medication-injection-SC">SC</a>
                </td>
                <td>SC</td>
                <td/>
              </tr>
              <tr>
                <td style="white-space:nowrap">
                  <a name="https---www.ehealth.fgov.be-standards-fhir-CodeSystem-be-nursing-medication-injection-ID"> </a>
                  <a href="CodeSystem-be-nursing-medication-injection.html#be-nursing-medication-injection-ID">ID</a>
                </td>
                <td>ID</td>
                <td/>
              </tr>
              <tr>
                <td style="white-space:nowrap">
                  <a name="https---www.ehealth.fgov.be-standards-fhir-CodeSystem-be-nursing-medication-injection-IV"> </a>
                  <a href="CodeSystem-be-nursing-medication-injection.html#be-nursing-medication-injection-IV">IV</a>
                </td>
                <td>IV</td>
                <td/>
              </tr>
            </table>
          </div>
        </text>
        <url value="https://www.ehealth.fgov.be/standards/fhir/ValueSet/be-vs-nursing-medication-injection"/>
        <version value="0.2.0"/>
        <name value="BeNursingMedicationInjection"/>
        <status value="draft"/>
        <date value="2021-09-23T15:34:19+00:00"/>
        <publisher value="HL7 Belgium"/>
        <contact>
          <name value="HL7 Belgium"/>
          <telecom>
            <system value="url"/>
            <value value="http://hl7belgium.org"/>
          </telecom>
        </contact>
        <contact>
          <name value="Bart Decuypere"/>
          <telecom>
            <system value="email"/>
            <value value="bart.decuypere@ehealth.fgov.be"/>
            <use value="work"/>
          </telecom>
        </contact>
        <description value="Codes to define a type of nursing medication injection."/>
        <jurisdiction>
          <coding>
            <system value="http://unstats.un.org/unsd/methods/m49/m49.htm"/>
            <code value="001"/>
            <display value="World"/>
          </coding>
        </jurisdiction>
        <expansion>
          <identifier value="urn:uuid:4e2f322c-9e8d-41fe-b518-24f490f008ca"/>
          <timestamp value="2021-09-23T15:35:18+00:00"/>
          <total value="4"/>
          <parameter>
            <name value="excludeNested"/>
            <valueBoolean value="false"/>
          </parameter>
          <parameter>
            <name value="version"/>
            <valueUri value="https://www.ehealth.fgov.be/standards/fhir/CodeSystem/be-nursing-medication-injection|0.2.0"/>
          </parameter>
          <contains>
            <system value="https://www.ehealth.fgov.be/standards/fhir/CodeSystem/be-nursing-medication-injection"/>
            <code value="IM"/>
            <display value="IM"/>
          </contains>
          <contains>
            <system value="https://www.ehealth.fgov.be/standards/fhir/CodeSystem/be-nursing-medication-injection"/>
            <code value="SC"/>
            <display value="SC"/>
          </contains>
          <contains>
            <system value="https://www.ehealth.fgov.be/standards/fhir/CodeSystem/be-nursing-medication-injection"/>
            <code value="ID"/>
            <display value="ID"/>
          </contains>
          <contains>
            <system value="https://www.ehealth.fgov.be/standards/fhir/CodeSystem/be-nursing-medication-injection"/>
            <code value="IV"/>
            <display value="IV"/>
          </contains>
        </expansion>
      </ValueSet>
    </resource>
  </entry>
  <entry>
    <fullUrl value="https://www.ehealth.fgov.be/standards/fhir/ValueSet/be-vs-nursing-medication-percutaneous"/>
    <resource>
      <ValueSet>
        <id value="be-vs-nursing-medication-percutaneous"/>
        <text>
          <status value="generated"/>
          <div xmlns="http://www.w3.org/1999/xhtml">
            <p>This value set contains 3 concepts</p>
            <p style="border: black 1px dotted; background-color: #EEEEEE; padding: 8px; margin-bottom: 8px">Expansion based on 
              <a href="CodeSystem-be-nursing-medication-percutaneous.html">BeNursingMedicationPercutaneous v0.2.0 (CodeSystem)</a>
            </p>
            <p>All codes in this table are from the system 
              <a href="CodeSystem-be-nursing-medication-percutaneous.html">
                <code>https://www.ehealth.fgov.be/standards/fhir/CodeSystem/be-nursing-medication-percutaneous</code>
              </a>
            </p>
            <table class="codes">
              <tr>
                <td style="white-space:nowrap">
                  <b>Code</b>
                </td>
                <td>
                  <b>Display</b>
                </td>
                <td>
                  <b>Definition</b>
                </td>
              </tr>
              <tr>
                <td style="white-space:nowrap">
                  <a name="https---www.ehealth.fgov.be-standards-fhir-CodeSystem-be-nursing-medication-percutaneous-ointment-or-medicinal-product"> </a>
                  <a href="CodeSystem-be-nursing-medication-percutaneous.html#be-nursing-medication-percutaneous-ointment-or-medicinal-product">ointment-or-medicinal-product</a>
                </td>
                <td>Ointment or medicinal product</td>
                <td/>
              </tr>
              <tr>
                <td style="white-space:nowrap">
                  <a name="https---www.ehealth.fgov.be-standards-fhir-CodeSystem-be-nursing-medication-percutaneous-patch"> </a>
                  <a href="CodeSystem-be-nursing-medication-percutaneous.html#be-nursing-medication-percutaneous-patch">patch</a>
                </td>
                <td>Patch</td>
                <td/>
              </tr>
              <tr>
                <td style="white-space:nowrap">
                  <a name="https---www.ehealth.fgov.be-standards-fhir-CodeSystem-be-nursing-medication-percutaneous-ointment-or-medicinal-product-sepwd"> </a>
                  <a href="CodeSystem-be-nursing-medication-percutaneous.html#be-nursing-medication-percutaneous-ointment-or-medicinal-product-sepwd">ointment-or-medicinal-product-sepwd</a>
                </td>
                <td>Ointment or medicinal product shingles / eczema / psoriasis / warts / dermatomycoses</td>
                <td/>
              </tr>
            </table>
          </div>
        </text>
        <url value="https://www.ehealth.fgov.be/standards/fhir/ValueSet/be-vs-nursing-medication-percutaneous"/>
        <version value="0.2.0"/>
        <name value="BeNursingMedicationPercutaneous"/>
        <status value="draft"/>
        <date value="2021-09-23T15:34:19+00:00"/>
        <publisher value="HL7 Belgium"/>
        <contact>
          <name value="HL7 Belgium"/>
          <telecom>
            <system value="url"/>
            <value value="http://hl7belgium.org"/>
          </telecom>
        </contact>
        <contact>
          <name value="Bart Decuypere"/>
          <telecom>
            <system value="email"/>
            <value value="bart.decuypere@ehealth.fgov.be"/>
            <use value="work"/>
          </telecom>
        </contact>
        <description value="Codes to define a type of nursing medication percutaneous."/>
        <jurisdiction>
          <coding>
            <system value="http://unstats.un.org/unsd/methods/m49/m49.htm"/>
            <code value="001"/>
            <display value="World"/>
          </coding>
        </jurisdiction>
        <expansion>
          <identifier value="urn:uuid:7c3e1b3a-86f3-4673-a271-9cbd0cc917b7"/>
          <timestamp value="2021-09-23T15:35:20+00:00"/>
          <total value="3"/>
          <parameter>
            <name value="excludeNested"/>
            <valueBoolean value="false"/>
          </parameter>
          <parameter>
            <name value="version"/>
            <valueUri value="https://www.ehealth.fgov.be/standards/fhir/CodeSystem/be-nursing-medication-percutaneous|0.2.0"/>
          </parameter>
          <contains>
            <system value="https://www.ehealth.fgov.be/standards/fhir/CodeSystem/be-nursing-medication-percutaneous"/>
            <code value="ointment-or-medicinal-product"/>
            <display value="Ointment or medicinal product"/>
          </contains>
          <contains>
            <system value="https://www.ehealth.fgov.be/standards/fhir/CodeSystem/be-nursing-medication-percutaneous"/>
            <code value="patch"/>
            <display value="Patch"/>
          </contains>
          <contains>
            <system value="https://www.ehealth.fgov.be/standards/fhir/CodeSystem/be-nursing-medication-percutaneous"/>
            <code value="ointment-or-medicinal-product-sepwd"/>
            <display value="Ointment or medicinal product shingles / eczema / psoriasis / warts / dermatomycoses"/>
          </contains>
        </expansion>
      </ValueSet>
    </resource>
  </entry>
  <entry>
    <fullUrl value="https://www.ehealth.fgov.be/standards/fhir/ValueSet/be-vs-nursing-medication-perfusion"/>
    <resource>
      <ValueSet>
        <id value="be-vs-nursing-medication-perfusion"/>
        <text>
          <status value="generated"/>
          <div xmlns="http://www.w3.org/1999/xhtml">
            <p>This value set contains 5 concepts</p>
            <p style="border: black 1px dotted; background-color: #EEEEEE; padding: 8px; margin-bottom: 8px">Expansion based on 
              <a href="CodeSystem-be-nursing-medication-perfusion.html">BeNursingMedicationPerfusion v0.2.0 (CodeSystem)</a>
            </p>
            <p>All codes in this table are from the system 
              <a href="CodeSystem-be-nursing-medication-perfusion.html">
                <code>https://www.ehealth.fgov.be/standards/fhir/CodeSystem/be-nursing-medication-perfusion</code>
              </a>
            </p>
            <table class="codes">
              <tr>
                <td style="white-space:nowrap">
                  <b>Code</b>
                </td>
                <td>
                  <b>Display</b>
                </td>
                <td>
                  <b>Definition</b>
                </td>
              </tr>
              <tr>
                <td style="white-space:nowrap">
                  <a name="https---www.ehealth.fgov.be-standards-fhir-CodeSystem-be-nursing-medication-perfusion-subcutaneous"> </a>
                  <a href="CodeSystem-be-nursing-medication-perfusion.html#be-nursing-medication-perfusion-subcutaneous">subcutaneous</a>
                </td>
                <td>Subcutaneous</td>
                <td/>
              </tr>
              <tr>
                <td style="white-space:nowrap">
                  <a name="https---www.ehealth.fgov.be-standards-fhir-CodeSystem-be-nursing-medication-perfusion-intravenous"> </a>
                  <a href="CodeSystem-be-nursing-medication-perfusion.html#be-nursing-medication-perfusion-intravenous">intravenous</a>
                </td>
                <td>Intravenous</td>
                <td/>
              </tr>
              <tr>
                <td style="white-space:nowrap">
                  <a name="https---www.ehealth.fgov.be-standards-fhir-CodeSystem-be-nursing-medication-perfusion-implantable-chamber"> </a>
                  <a href="CodeSystem-be-nursing-medication-perfusion.html#be-nursing-medication-perfusion-implantable-chamber">implantable-chamber</a>
                </td>
                <td>Implantable chamber</td>
                <td/>
              </tr>
              <tr>
                <td style="white-space:nowrap">
                  <a name="https---www.ehealth.fgov.be-standards-fhir-CodeSystem-be-nursing-medication-perfusion-epidural-cathether-or-intrathecal"> </a>
                  <a href="CodeSystem-be-nursing-medication-perfusion.html#be-nursing-medication-perfusion-epidural-cathether-or-intrathecal">epidural-cathether-or-intrathecal</a>
                </td>
                <td>Epidural cathether or intrathecal</td>
                <td/>
              </tr>
              <tr>
                <td style="white-space:nowrap">
                  <a name="https---www.ehealth.fgov.be-standards-fhir-CodeSystem-be-nursing-medication-perfusion-parenteral-feeding"> </a>
                  <a href="CodeSystem-be-nursing-medication-perfusion.html#be-nursing-medication-perfusion-parenteral-feeding">parenteral-feeding</a>
                </td>
                <td>Parenteral feeding</td>
                <td/>
              </tr>
            </table>
          </div>
        </text>
        <url value="https://www.ehealth.fgov.be/standards/fhir/ValueSet/be-vs-nursing-medication-perfusion"/>
        <version value="0.2.0"/>
        <name value="BeNursingMedicationPerfusion"/>
        <status value="draft"/>
        <date value="2021-09-23T15:34:19+00:00"/>
        <publisher value="HL7 Belgium"/>
        <contact>
          <name value="HL7 Belgium"/>
          <telecom>
            <system value="url"/>
            <value value="http://hl7belgium.org"/>
          </telecom>
        </contact>
        <contact>
          <name value="Bart Decuypere"/>
          <telecom>
            <system value="email"/>
            <value value="bart.decuypere@ehealth.fgov.be"/>
            <use value="work"/>
          </telecom>
        </contact>
        <description value="Codes to define a type of nursing medication perfusion."/>
        <jurisdiction>
          <coding>
            <system value="http://unstats.un.org/unsd/methods/m49/m49.htm"/>
            <code value="001"/>
            <display value="World"/>
          </coding>
        </jurisdiction>
        <expansion>
          <identifier value="urn:uuid:a9331de8-d927-43d1-a250-bf573381f68e"/>
          <timestamp value="2021-09-23T15:35:20+00:00"/>
          <total value="5"/>
          <parameter>
            <name value="excludeNested"/>
            <valueBoolean value="false"/>
          </parameter>
          <parameter>
            <name value="version"/>
            <valueUri value="https://www.ehealth.fgov.be/standards/fhir/CodeSystem/be-nursing-medication-perfusion|0.2.0"/>
          </parameter>
          <contains>
            <system value="https://www.ehealth.fgov.be/standards/fhir/CodeSystem/be-nursing-medication-perfusion"/>
            <code value="subcutaneous"/>
            <display value="Subcutaneous"/>
          </contains>
          <contains>
            <system value="https://www.ehealth.fgov.be/standards/fhir/CodeSystem/be-nursing-medication-perfusion"/>
            <code value="intravenous"/>
            <display value="Intravenous"/>
          </contains>
          <contains>
            <system value="https://www.ehealth.fgov.be/standards/fhir/CodeSystem/be-nursing-medication-perfusion"/>
            <code value="implantable-chamber"/>
            <display value="Implantable chamber"/>
          </contains>
          <contains>
            <system value="https://www.ehealth.fgov.be/standards/fhir/CodeSystem/be-nursing-medication-perfusion"/>
            <code value="epidural-cathether-or-intrathecal"/>
            <display value="Epidural cathether or intrathecal"/>
          </contains>
          <contains>
            <system value="https://www.ehealth.fgov.be/standards/fhir/CodeSystem/be-nursing-medication-perfusion"/>
            <code value="parenteral-feeding"/>
            <display value="Parenteral feeding"/>
          </contains>
        </expansion>
      </ValueSet>
    </resource>
  </entry>
  <entry>
    <fullUrl value="https://www.ehealth.fgov.be/standards/fhir/ValueSet/be-reason-referral-status"/>
    <resource>
      <ValueSet>
        <id value="be-vs-reason-referral-status"/>
        <text>
          <status value="generated"/>
          <div xmlns="http://www.w3.org/1999/xhtml">
            <p>This value set contains 2 concepts</p>
            <div style="border: maroon 1px solid; background-color: #FFCCCC; padding: 8px">
              <p>Warning: this expansion is generated from a fragment of the code system 
                <a href="CodeSystem-be-status-reason.html">BeStatusReason</a> and may be missing codes, or include codes that are not valid
              </p>
            </div>
            <p style="border: black 1px dotted; background-color: #EEEEEE; padding: 8px; margin-bottom: 8px">Expansion based on 
              <a href="CodeSystem-be-status-reason.html">BeStatusReason v0.2.0 (CodeSystem)</a>
            </p>
            <p>All codes in this table are from the system 
              <a href="CodeSystem-be-status-reason.html">
                <code>https://www.ehealth.fgov.be/standards/fhir/CodeSystem/be-status-reason</code>
              </a>
            </p>
            <table class="codes">
              <tr>
                <td style="white-space:nowrap">
                  <b>Code</b>
                </td>
                <td>
                  <b>Display</b>
                </td>
                <td>
                  <b>Definition</b>
                </td>
              </tr>
              <tr>
                <td style="white-space:nowrap">
                  <a name="https---www.ehealth.fgov.be-standards-fhir-CodeSystem-be-status-reason-created"> </a>created
                </td>
                <td>created</td>
                <td/>
              </tr>
              <tr>
                <td style="white-space:nowrap">
                  <a name="https---www.ehealth.fgov.be-standards-fhir-CodeSystem-be-status-reason-not-used-by-patient"> </a>not-used-by-patient
                </td>
                <td>not-used-by-patient</td>
                <td/>
              </tr>
            </table>
          </div>
        </text>
        <url value="https://www.ehealth.fgov.be/standards/fhir/ValueSet/be-reason-referral-status"/>
        <version value="0.2.0"/>
        <name value="BeReasonReferralStatus"/>
        <status value="active"/>
        <date value="2021-09-23T15:34:19+00:00"/>
        <publisher value="HL7 Belgium"/>
        <contact>
          <name value="HL7 Belgium"/>
          <telecom>
            <system value="url"/>
            <value value="http://hl7belgium.org"/>
          </telecom>
        </contact>
        <contact>
          <name value="Bart Decuypere"/>
          <telecom>
            <system value="email"/>
            <value value="bart.decuypere@ehealth.fgov.be"/>
            <use value="work"/>
          </telecom>
        </contact>
        <description value="Codes to explain the current status of a referral prescription."/>
        <jurisdiction>
          <coding>
            <system value="http://unstats.un.org/unsd/methods/m49/m49.htm"/>
            <code value="001"/>
            <display value="World"/>
          </coding>
        </jurisdiction>
        <expansion>
          <extension url="http://hl7.org/fhir/tools/StructureDefinition/expansion-codesystem-fragment">
            <valueUri value="https://www.ehealth.fgov.be/standards/fhir/CodeSystem/be-status-reason"/>
          </extension>
          <identifier value="urn:uuid:cdab0195-2db5-4813-8ddd-69c584e05786"/>
          <timestamp value="2021-09-23T15:35:20+00:00"/>
          <total value="2"/>
          <parameter>
            <name value="excludeNested"/>
            <valueBoolean value="false"/>
          </parameter>
          <parameter>
            <name value="version"/>
            <valueUri value="https://www.ehealth.fgov.be/standards/fhir/CodeSystem/be-status-reason|0.2.0"/>
          </parameter>
          <contains>
            <system value="https://www.ehealth.fgov.be/standards/fhir/CodeSystem/be-status-reason"/>
            <code value="created"/>
            <display value="created"/>
          </contains>
          <contains>
            <system value="https://www.ehealth.fgov.be/standards/fhir/CodeSystem/be-status-reason"/>
            <code value="not-used-by-patient"/>
            <display value="not-used-by-patient"/>
          </contains>
        </expansion>
      </ValueSet>
    </resource>
  </entry>
  <entry>
    <fullUrl value="https://www.ehealth.fgov.be/standards/fhir/ValueSet/be-referral-category"/>
    <resource>
      <ValueSet>
        <id value="be-vs-referral-category"/>
        <text>
          <status value="generated"/>
          <div xmlns="http://www.w3.org/1999/xhtml">
            <p>This value set contains 4 concepts</p>
            <p style="border: black 1px dotted; background-color: #EEEEEE; padding: 8px; margin-bottom: 8px">Expansion based on SNOMED CT International edition 31-Jul 2021</p>
            <p>All codes in this table are from the system 
              <a href="http://terminology.hl7.org/2.1.0/CodeSystem-v3-snomed-CT.html">
                <code>http://snomed.info/sct</code>
              </a>
            </p>
            <table class="codes">
              <tr>
                <td style="white-space:nowrap">
                  <b>Code</b>
                </td>
                <td>
                  <b>Display</b>
                </td>
                <td>
                  <b>Definition</b>
                </td>
              </tr>
              <tr>
                <td style="white-space:nowrap">
                  <a name="http---snomed.info-sct-363679005"> </a>
                  <a href="http://browser.ihtsdotools.org/?perspective=full&amp;conceptId1=363679005">363679005</a>
                </td>
                <td>Imaging (procedure)</td>
                <td/>
              </tr>
              <tr>
                <td style="white-space:nowrap">
                  <a name="http---snomed.info-sct-91251008"> </a>
                  <a href="http://browser.ihtsdotools.org/?perspective=full&amp;conceptId1=91251008">91251008</a>
                </td>
                <td>Physical therapy procedure (regime/therapy)</td>
                <td/>
              </tr>
              <tr>
                <td style="white-space:nowrap">
                  <a name="http---snomed.info-sct-9632001"> </a>
                  <a href="http://browser.ihtsdotools.org/?perspective=full&amp;conceptId1=9632001">9632001</a>
                </td>
                <td>Nursing procedure (procedure)</td>
                <td/>
              </tr>
              <tr>
                <td style="white-space:nowrap">
                  <a name="http---snomed.info-sct-15220000"> </a>
                  <a href="http://browser.ihtsdotools.org/?perspective=full&amp;conceptId1=15220000">15220000</a>
                </td>
                <td>Laboratory test (procedure)</td>
                <td/>
              </tr>
            </table>
          </div>
        </text>
        <url value="https://www.ehealth.fgov.be/standards/fhir/ValueSet/be-referral-category"/>
        <version value="0.2.0"/>
        <name value="BeReferralCategory"/>
        <status value="draft"/>
        <date value="2021-09-23T15:34:19+00:00"/>
        <publisher value="HL7 Belgium"/>
        <contact>
          <name value="HL7 Belgium"/>
          <telecom>
            <system value="url"/>
            <value value="http://hl7belgium.org"/>
          </telecom>
        </contact>
        <contact>
          <name value="Bart Decuypere"/>
          <telecom>
            <system value="email"/>
            <value value="bart.decuypere@ehealth.fgov.be"/>
            <use value="work"/>
          </telecom>
        </contact>
        <description value="Codes to define the high level category for a referral prescription. SNOMED-CT codes in this valueset are just a draft proposal to give a general idea - pending an official valueset."/>
        <jurisdiction>
          <coding>
            <system value="http://unstats.un.org/unsd/methods/m49/m49.htm"/>
            <code value="001"/>
            <display value="World"/>
          </coding>
        </jurisdiction>
        <expansion>
          <identifier value="urn:uuid:97ae00dc-b837-46a4-ae80-7157a995bfa8"/>
          <timestamp value="2021-09-23T15:35:20+00:00"/>
          <total value="4"/>
          <parameter>
            <name value="excludeNested"/>
            <valueBoolean value="false"/>
          </parameter>
          <parameter>
            <name value="limitedExpansion"/>
            <valueBoolean value="true"/>
          </parameter>
          <parameter>
            <name value="version"/>
            <valueString value="http://snomed.info/sct|http://snomed.info/sct/900000000000207008/version/20210731"/>
          </parameter>
          <contains>
            <system value="http://snomed.info/sct"/>
            <code value="363679005"/>
            <display value="Imaging (procedure)"/>
          </contains>
          <contains>
            <system value="http://snomed.info/sct"/>
            <code value="91251008"/>
            <display value="Physical therapy procedure (regime/therapy)"/>
          </contains>
          <contains>
            <system value="http://snomed.info/sct"/>
            <code value="9632001"/>
            <display value="Nursing procedure (procedure)"/>
          </contains>
          <contains>
            <system value="http://snomed.info/sct"/>
            <code value="15220000"/>
            <display value="Laboratory test (procedure)"/>
          </contains>
        </expansion>
      </ValueSet>
    </resource>
  </entry>
  <entry>
    <fullUrl value="https://www.ehealth.fgov.be/standards/fhir/ValueSet/be-vs-type-of-bladder-care"/>
    <resource>
      <ValueSet>
        <id value="be-vs-type-of-bladder-care"/>
        <text>
          <status value="generated"/>
          <div xmlns="http://www.w3.org/1999/xhtml">
            <p>This value set contains 5 concepts</p>
            <p style="border: black 1px dotted; background-color: #EEEEEE; padding: 8px; margin-bottom: 8px">Expansion based on 
              <a href="CodeSystem-codesystem-be-type-of-bladder-care.html">BeBladderCareType v0.2.0 (CodeSystem)</a>
            </p>
            <p>All codes in this table are from the system 
              <a href="CodeSystem-codesystem-be-type-of-bladder-care.html">
                <code>https://www.ehealth.fgov.be/standards/fhir/CodeSystem/be-cs-type-of-bladder-care</code>
              </a>
            </p>
            <table class="codes">
              <tr>
                <td style="white-space:nowrap">
                  <b>Code</b>
                </td>
                <td>
                  <b>Display</b>
                </td>
                <td>
                  <b>Definition</b>
                </td>
              </tr>
              <tr>
                <td style="white-space:nowrap">
                  <a name="https---www.ehealth.fgov.be-standards-fhir-CodeSystem-be-cs-type-of-bladder-care-bladder-probe-indwelling"> </a>
                  <a href="CodeSystem-codesystem-be-type-of-bladder-care.html#codesystem-be-type-of-bladder-care-bladder-probe-indwelling">bladder-probe-indwelling</a>
                </td>
                <td>bladder-probe-indwelling</td>
                <td/>
              </tr>
              <tr>
                <td style="white-space:nowrap">
                  <a name="https---www.ehealth.fgov.be-standards-fhir-CodeSystem-be-cs-type-of-bladder-care-bladder-probe-in-out"> </a>
                  <a href="CodeSystem-codesystem-be-type-of-bladder-care.html#codesystem-be-type-of-bladder-care-bladder-probe-in-out">bladder-probe-in-out</a>
                </td>
                <td>Bladder probe in/out</td>
                <td/>
              </tr>
              <tr>
                <td style="white-space:nowrap">
                  <a name="https---www.ehealth.fgov.be-standards-fhir-CodeSystem-be-cs-type-of-bladder-care-bladder-instillation"> </a>
                  <a href="CodeSystem-codesystem-be-type-of-bladder-care.html#codesystem-be-type-of-bladder-care-bladder-instillation">bladder-instillation</a>
                </td>
                <td>bladder-instillation</td>
                <td/>
              </tr>
              <tr>
                <td style="white-space:nowrap">
                  <a name="https---www.ehealth.fgov.be-standards-fhir-CodeSystem-be-cs-type-of-bladder-care-bladder-flushing"> </a>
                  <a href="CodeSystem-codesystem-be-type-of-bladder-care.html#codesystem-be-type-of-bladder-care-bladder-flushing">bladder-flushing</a>
                </td>
                <td>bladder-flushing</td>
                <td/>
              </tr>
              <tr>
                <td style="white-space:nowrap">
                  <a name="https---www.ehealth.fgov.be-standards-fhir-CodeSystem-be-cs-type-of-bladder-care-suprapubic-probe"> </a>
                  <a href="CodeSystem-codesystem-be-type-of-bladder-care.html#codesystem-be-type-of-bladder-care-suprapubic-probe">suprapubic-probe</a>
                </td>
                <td>suprapubic-probe</td>
                <td/>
              </tr>
            </table>
          </div>
        </text>
        <url value="https://www.ehealth.fgov.be/standards/fhir/ValueSet/be-vs-type-of-bladder-care"/>
        <version value="0.2.0"/>
        <name value="BeBladderCareType"/>
        <status value="draft"/>
        <date value="2021-09-23T15:34:19+00:00"/>
        <publisher value="HL7 Belgium"/>
        <contact>
          <name value="HL7 Belgium"/>
          <telecom>
            <system value="url"/>
            <value value="http://hl7belgium.org"/>
          </telecom>
        </contact>
        <contact>
          <name value="Bart Decuypere"/>
          <telecom>
            <system value="email"/>
            <value value="bart.decuypere@ehealth.fgov.be"/>
            <use value="work"/>
          </telecom>
        </contact>
        <description value="Codes to define a type of bladder care."/>
        <jurisdiction>
          <coding>
            <system value="http://unstats.un.org/unsd/methods/m49/m49.htm"/>
            <code value="001"/>
            <display value="World"/>
          </coding>
        </jurisdiction>
        <expansion>
          <identifier value="urn:uuid:16bc63a0-d2a3-478c-b48f-9062d72704ae"/>
          <timestamp value="2021-09-23T15:35:21+00:00"/>
          <total value="5"/>
          <parameter>
            <name value="excludeNested"/>
            <valueBoolean value="false"/>
          </parameter>
          <parameter>
            <name value="version"/>
            <valueUri value="https://www.ehealth.fgov.be/standards/fhir/CodeSystem/be-cs-type-of-bladder-care|0.2.0"/>
          </parameter>
          <contains>
            <system value="https://www.ehealth.fgov.be/standards/fhir/CodeSystem/be-cs-type-of-bladder-care"/>
            <code value="bladder-probe-indwelling"/>
            <display value="bladder-probe-indwelling"/>
          </contains>
          <contains>
            <system value="https://www.ehealth.fgov.be/standards/fhir/CodeSystem/be-cs-type-of-bladder-care"/>
            <code value="bladder-probe-in-out"/>
            <display value="Bladder probe in/out"/>
          </contains>
          <contains>
            <system value="https://www.ehealth.fgov.be/standards/fhir/CodeSystem/be-cs-type-of-bladder-care"/>
            <code value="bladder-instillation"/>
            <display value="bladder-instillation"/>
          </contains>
          <contains>
            <system value="https://www.ehealth.fgov.be/standards/fhir/CodeSystem/be-cs-type-of-bladder-care"/>
            <code value="bladder-flushing"/>
            <display value="bladder-flushing"/>
          </contains>
          <contains>
            <system value="https://www.ehealth.fgov.be/standards/fhir/CodeSystem/be-cs-type-of-bladder-care"/>
            <code value="suprapubic-probe"/>
            <display value="suprapubic-probe"/>
          </contains>
        </expansion>
      </ValueSet>
    </resource>
  </entry>
  <entry>
    <fullUrl value="https://www.ehealth.fgov.be/standards/fhir/ValueSet/be-vs-type-of-compression"/>
    <resource>
      <ValueSet>
        <id value="be-vs-type-of-compression"/>
        <text>
          <status value="generated"/>
          <div xmlns="http://www.w3.org/1999/xhtml">
            <p>This value set contains 4 concepts</p>
            <p style="border: black 1px dotted; background-color: #EEEEEE; padding: 8px; margin-bottom: 8px">Expansion based on 
              <a href="CodeSystem-be-cs-nursing-code-compressiontherapy.html">BeNursingCodeCompressiontherapy v0.2.0 (CodeSystem)</a>
            </p>
            <p>All codes in this table are from the system 
              <a href="CodeSystem-be-cs-nursing-code-compressiontherapy.html">
                <code>https://www.ehealth.fgov.be/standards/fhir/CodeSystem/be-cs-nursing-code-compressiontherapy</code>
              </a>
            </p>
            <table class="codes">
              <tr>
                <td style="white-space:nowrap">
                  <b>Code</b>
                </td>
                <td>
                  <b>Display</b>
                </td>
                <td>
                  <b>Definition</b>
                </td>
              </tr>
              <tr>
                <td style="white-space:nowrap">
                  <a name="https---www.ehealth.fgov.be-standards-fhir-CodeSystem-be-cs-nursing-code-compressiontherapy-compression-bandage-s--short-strech"> </a>
                  <a href="CodeSystem-be-cs-nursing-code-compressiontherapy.html#be-cs-nursing-code-compressiontherapy-compression-bandage.40s.41-short-strech">compression-bandage(s)-short-strech</a>
                </td>
                <td>Compression bandage(s) short strech</td>
                <td/>
              </tr>
              <tr>
                <td style="white-space:nowrap">
                  <a name="https---www.ehealth.fgov.be-standards-fhir-CodeSystem-be-cs-nursing-code-compressiontherapy-compression-bandage-s--long-strech"> </a>
                  <a href="CodeSystem-be-cs-nursing-code-compressiontherapy.html#be-cs-nursing-code-compressiontherapy-compression-bandage.40s.41-long-strech">compression-bandage(s)-long-strech</a>
                </td>
                <td>Compression bandage(s) long strech</td>
                <td/>
              </tr>
              <tr>
                <td style="white-space:nowrap">
                  <a name="https---www.ehealth.fgov.be-standards-fhir-CodeSystem-be-cs-nursing-code-compressiontherapy-compression-adhesive-s-"> </a>
                  <a href="CodeSystem-be-cs-nursing-code-compressiontherapy.html#be-cs-nursing-code-compressiontherapy-compression-adhesive.40s.41">compression-adhesive(s)</a>
                </td>
                <td>Compression adhesive(s)</td>
                <td/>
              </tr>
              <tr>
                <td style="white-space:nowrap">
                  <a name="https---www.ehealth.fgov.be-standards-fhir-CodeSystem-be-cs-nursing-code-compressiontherapy-compression-stockings"> </a>
                  <a href="CodeSystem-be-cs-nursing-code-compressiontherapy.html#be-cs-nursing-code-compressiontherapy-compression-stockings">compression-stockings</a>
                </td>
                <td>Stockings</td>
                <td/>
              </tr>
            </table>
          </div>
        </text>
        <url value="https://www.ehealth.fgov.be/standards/fhir/ValueSet/be-vs-type-of-compression"/>
        <version value="0.2.0"/>
        <name value="BeCompressionType"/>
        <status value="draft"/>
        <date value="2021-09-23T15:34:19+00:00"/>
        <publisher value="HL7 Belgium"/>
        <contact>
          <name value="HL7 Belgium"/>
          <telecom>
            <system value="url"/>
            <value value="http://hl7belgium.org"/>
          </telecom>
        </contact>
        <contact>
          <name value="Bart Decuypere"/>
          <telecom>
            <system value="email"/>
            <value value="bart.decuypere@ehealth.fgov.be"/>
            <use value="work"/>
          </telecom>
        </contact>
        <description value="Codes to define a type of compression therapy."/>
        <jurisdiction>
          <coding>
            <system value="http://unstats.un.org/unsd/methods/m49/m49.htm"/>
            <code value="001"/>
            <display value="World"/>
          </coding>
        </jurisdiction>
        <expansion>
          <identifier value="urn:uuid:bf13cfed-56ee-4610-be63-6b43d940a8c0"/>
          <timestamp value="2021-09-23T15:35:21+00:00"/>
          <total value="4"/>
          <parameter>
            <name value="excludeNested"/>
            <valueBoolean value="false"/>
          </parameter>
          <parameter>
            <name value="version"/>
            <valueUri value="https://www.ehealth.fgov.be/standards/fhir/CodeSystem/be-cs-nursing-code-compressiontherapy|0.2.0"/>
          </parameter>
          <contains>
            <system value="https://www.ehealth.fgov.be/standards/fhir/CodeSystem/be-cs-nursing-code-compressiontherapy"/>
            <code value="compression-bandage(s)-short-strech"/>
            <display value="Compression bandage(s) short strech"/>
          </contains>
          <contains>
            <system value="https://www.ehealth.fgov.be/standards/fhir/CodeSystem/be-cs-nursing-code-compressiontherapy"/>
            <code value="compression-bandage(s)-long-strech"/>
            <display value="Compression bandage(s) long strech"/>
          </contains>
          <contains>
            <system value="https://www.ehealth.fgov.be/standards/fhir/CodeSystem/be-cs-nursing-code-compressiontherapy"/>
            <code value="compression-adhesive(s)"/>
            <display value="Compression adhesive(s)"/>
          </contains>
          <contains>
            <system value="https://www.ehealth.fgov.be/standards/fhir/CodeSystem/be-cs-nursing-code-compressiontherapy"/>
            <code value="compression-stockings"/>
            <display value="Stockings"/>
          </contains>
        </expansion>
      </ValueSet>
    </resource>
  </entry>
  <entry>
    <fullUrl value="https://www.ehealth.fgov.be/standards/fhir/ValueSet/be-vs-type-of-non-reimbursable-nursing"/>
    <resource>
      <ValueSet>
        <id value="be-vs-type-of-non-reimbursable-nursing"/>
        <text>
          <status value="generated"/>
          <div xmlns="http://www.w3.org/1999/xhtml">
            <p>This value set contains 3 concepts</p>
            <div style="border: maroon 1px solid; background-color: #FFCCCC; padding: 8px">
              <p>Warning: this expansion is generated from a fragment of the code system 
                <a href="CodeSystem-be-cs-nursing-code-non-reimbursable.html">BeNursingCodeNonReimbursable</a> and may be missing codes, or include codes that are not valid
              </p>
            </div>
            <p style="border: black 1px dotted; background-color: #EEEEEE; padding: 8px; margin-bottom: 8px">Expansion based on 
              <a href="CodeSystem-be-cs-nursing-code-non-reimbursable.html">BeNursingCodeNonReimbursable v0.2.0 (CodeSystem)</a>
            </p>
            <p>All codes in this table are from the system 
              <a href="CodeSystem-be-cs-nursing-code-non-reimbursable.html">
                <code>https://www.ehealth.fgov.be/standards/fhir/CodeSystem/be-cs-nursing-code-non-reimbursable</code>
              </a>
            </p>
            <table class="codes">
              <tr>
                <td style="white-space:nowrap">
                  <b>Code</b>
                </td>
                <td>
                  <b>Display</b>
                </td>
                <td>
                  <b>Definition</b>
                </td>
              </tr>
              <tr>
                <td style="white-space:nowrap">
                  <a name="https---www.ehealth.fgov.be-standards-fhir-CodeSystem-be-cs-nursing-code-non-reimbursable-bloodpressure-measure"> </a>bloodpressure-measure
                </td>
                <td>Bloodpressure measure</td>
                <td/>
              </tr>
              <tr>
                <td style="white-space:nowrap">
                  <a name="https---www.ehealth.fgov.be-standards-fhir-CodeSystem-be-cs-nursing-code-non-reimbursable-glycemic-measure"> </a>glycemic-measure
                </td>
                <td>Glycemic measure</td>
                <td/>
              </tr>
              <tr>
                <td style="white-space:nowrap">
                  <a name="https---www.ehealth.fgov.be-standards-fhir-CodeSystem-be-cs-nursing-code-non-reimbursable-prepare-medications"> </a>prepare-medications
                </td>
                <td>Prepare medications</td>
                <td/>
              </tr>
            </table>
          </div>
        </text>
        <url value="https://www.ehealth.fgov.be/standards/fhir/ValueSet/be-vs-type-of-non-reimbursable-nursing"/>
        <version value="0.2.0"/>
        <name value="BeNonReimbursableNursing"/>
        <status value="draft"/>
        <date value="2021-09-23T15:34:19+00:00"/>
        <publisher value="HL7 Belgium"/>
        <contact>
          <name value="HL7 Belgium"/>
          <telecom>
            <system value="url"/>
            <value value="http://hl7belgium.org"/>
          </telecom>
        </contact>
        <contact>
          <name value="Bart Decuypere"/>
          <telecom>
            <system value="email"/>
            <value value="bart.decuypere@ehealth.fgov.be"/>
            <use value="work"/>
          </telecom>
        </contact>
        <description value="Codes to define a type of non reimbursable nursing category."/>
        <jurisdiction>
          <coding>
            <system value="http://unstats.un.org/unsd/methods/m49/m49.htm"/>
            <code value="001"/>
            <display value="World"/>
          </coding>
        </jurisdiction>
        <expansion>
          <extension url="http://hl7.org/fhir/tools/StructureDefinition/expansion-codesystem-fragment">
            <valueUri value="https://www.ehealth.fgov.be/standards/fhir/CodeSystem/be-cs-nursing-code-non-reimbursable"/>
          </extension>
          <identifier value="urn:uuid:3f5937bf-0cb2-4572-a9e9-d2fcb59accad"/>
          <timestamp value="2021-09-23T15:35:21+00:00"/>
          <total value="3"/>
          <parameter>
            <name value="excludeNested"/>
            <valueBoolean value="false"/>
          </parameter>
          <parameter>
            <name value="version"/>
            <valueUri value="https://www.ehealth.fgov.be/standards/fhir/CodeSystem/be-cs-nursing-code-non-reimbursable|0.2.0"/>
          </parameter>
          <contains>
            <system value="https://www.ehealth.fgov.be/standards/fhir/CodeSystem/be-cs-nursing-code-non-reimbursable"/>
            <code value="bloodpressure-measure"/>
            <display value="Bloodpressure measure"/>
          </contains>
          <contains>
            <system value="https://www.ehealth.fgov.be/standards/fhir/CodeSystem/be-cs-nursing-code-non-reimbursable"/>
            <code value="glycemic-measure"/>
            <display value="Glycemic measure"/>
          </contains>
          <contains>
            <system value="https://www.ehealth.fgov.be/standards/fhir/CodeSystem/be-cs-nursing-code-non-reimbursable"/>
            <code value="prepare-medications"/>
            <display value="Prepare medications"/>
          </contains>
        </expansion>
      </ValueSet>
    </resource>
  </entry>
  <entry>
    <fullUrl value="https://www.ehealth.fgov.be/standards/fhir/ValueSet/be-vs-type-of-nursing"/>
    <resource>
      <ValueSet>
        <id value="be-vs-type-of-nursing"/>
        <text>
          <status value="generated"/>
          <div xmlns="http://www.w3.org/1999/xhtml">
            <p>This value set contains 10 concepts</p>
            <div style="border: maroon 1px solid; background-color: #FFCCCC; padding: 8px">
              <p>Warning: this expansion is generated from a fragment of the code system 
                <a href="CodeSystem-be-cs-nursing-code.html">BeNursingCode</a> and may be missing codes, or include codes that are not valid
              </p>
            </div>
            <p style="border: black 1px dotted; background-color: #EEEEEE; padding: 8px; margin-bottom: 8px">Expansion based on 
              <a href="CodeSystem-be-cs-nursing-code.html">BeNursingCode v0.2.0 (CodeSystem)</a>
            </p>
            <p>All codes in this table are from the system 
              <a href="CodeSystem-be-cs-nursing-code.html">
                <code>https://www.ehealth.fgov.be/standards/fhir/CodeSystem/be-cs-nursing-code</code>
              </a>
            </p>
            <table class="codes">
              <tr>
                <td style="white-space:nowrap">
                  <b>Code</b>
                </td>
                <td>
                  <b>Display</b>
                </td>
                <td>
                  <b>Definition</b>
                </td>
              </tr>
              <tr>
                <td style="white-space:nowrap">
                  <a name="https---www.ehealth.fgov.be-standards-fhir-CodeSystem-be-cs-nursing-code-bladder-care"> </a>bladder-care
                </td>
                <td>Bladder care</td>
                <td/>
              </tr>
              <tr>
                <td style="white-space:nowrap">
                  <a name="https---www.ehealth.fgov.be-standards-fhir-CodeSystem-be-cs-nursing-code-digestive-system-care"> </a>digestive-system-care
                </td>
                <td>Digestive system care</td>
                <td/>
              </tr>
              <tr>
                <td style="white-space:nowrap">
                  <a name="https---www.ehealth.fgov.be-standards-fhir-CodeSystem-be-cs-nursing-code-wound-care"> </a>wound-care
                </td>
                <td>Wound care</td>
                <td/>
              </tr>
              <tr>
                <td style="white-space:nowrap">
                  <a name="https---www.ehealth.fgov.be-standards-fhir-CodeSystem-be-cs-nursing-code-compression-therapy"> </a>compression-therapy
                </td>
                <td>Compression therapy</td>
                <td/>
              </tr>
              <tr>
                <td style="white-space:nowrap">
                  <a name="https---www.ehealth.fgov.be-standards-fhir-CodeSystem-be-cs-nursing-code-medication"> </a>medication
                </td>
                <td>Medication</td>
                <td/>
              </tr>
              <tr>
                <td style="white-space:nowrap">
                  <a name="https---www.ehealth.fgov.be-standards-fhir-CodeSystem-be-cs-nursing-code-appendix-81-preparation-of-medications"> </a>appendix-81-preparation-of-medications
                </td>
                <td>Appendix 81 preparation of medications</td>
                <td/>
              </tr>
              <tr>
                <td style="white-space:nowrap">
                  <a name="https---www.ehealth.fgov.be-standards-fhir-CodeSystem-be-cs-nursing-code-preparation-and-administration-of-medication-to-chronical-psychiatric-patient"> </a>preparation-and-administration-of-medication-to-chronical-psychiatric-patient
                </td>
                <td>Preparation and administration of medication to chronical psychiatric patient</td>
                <td/>
              </tr>
              <tr>
                <td style="white-space:nowrap">
                  <a name="https---www.ehealth.fgov.be-standards-fhir-CodeSystem-be-cs-nursing-code-diabetic-patient-services"> </a>diabetic-patient-services
                </td>
                <td>Diabetic patient services</td>
                <td/>
              </tr>
              <tr>
                <td style="white-space:nowrap">
                  <a name="https---www.ehealth.fgov.be-standards-fhir-CodeSystem-be-cs-nursing-code-non-reimbursed-services"> </a>non-reimbursed-services
                </td>
                <td>Non reimbursed services</td>
                <td/>
              </tr>
              <tr>
                <td style="white-space:nowrap">
                  <a name="https---www.ehealth.fgov.be-standards-fhir-CodeSystem-be-cs-nursing-code-other"> </a>other
                </td>
                <td>Other</td>
                <td/>
              </tr>
            </table>
          </div>
        </text>
        <url value="https://www.ehealth.fgov.be/standards/fhir/ValueSet/be-vs-type-of-nursing"/>
        <version value="0.2.0"/>
        <name value="BeNursingType"/>
        <status value="draft"/>
        <date value="2021-09-23T15:34:19+00:00"/>
        <publisher value="HL7 Belgium"/>
        <contact>
          <name value="HL7 Belgium"/>
          <telecom>
            <system value="url"/>
            <value value="http://hl7belgium.org"/>
          </telecom>
        </contact>
        <contact>
          <name value="Bart Decuypere"/>
          <telecom>
            <system value="email"/>
            <value value="bart.decuypere@ehealth.fgov.be"/>
            <use value="work"/>
          </telecom>
        </contact>
        <description value="Codes to define a type of nursing."/>
        <jurisdiction>
          <coding>
            <system value="http://unstats.un.org/unsd/methods/m49/m49.htm"/>
            <code value="001"/>
            <display value="World"/>
          </coding>
        </jurisdiction>
        <expansion>
          <extension url="http://hl7.org/fhir/tools/StructureDefinition/expansion-codesystem-fragment">
            <valueUri value="https://www.ehealth.fgov.be/standards/fhir/CodeSystem/be-cs-nursing-code"/>
          </extension>
          <identifier value="urn:uuid:07d9e790-fbc0-488b-817a-dc2aeac5b8ec"/>
          <timestamp value="2021-09-23T15:35:21+00:00"/>
          <total value="10"/>
          <parameter>
            <name value="excludeNested"/>
            <valueBoolean value="false"/>
          </parameter>
          <parameter>
            <name value="version"/>
            <valueUri value="https://www.ehealth.fgov.be/standards/fhir/CodeSystem/be-cs-nursing-code|0.2.0"/>
          </parameter>
          <contains>
            <system value="https://www.ehealth.fgov.be/standards/fhir/CodeSystem/be-cs-nursing-code"/>
            <code value="bladder-care"/>
            <display value="Bladder care"/>
          </contains>
          <contains>
            <system value="https://www.ehealth.fgov.be/standards/fhir/CodeSystem/be-cs-nursing-code"/>
            <code value="digestive-system-care"/>
            <display value="Digestive system care"/>
          </contains>
          <contains>
            <system value="https://www.ehealth.fgov.be/standards/fhir/CodeSystem/be-cs-nursing-code"/>
            <code value="wound-care"/>
            <display value="Wound care"/>
          </contains>
          <contains>
            <system value="https://www.ehealth.fgov.be/standards/fhir/CodeSystem/be-cs-nursing-code"/>
            <code value="compression-therapy"/>
            <display value="Compression therapy"/>
          </contains>
          <contains>
            <system value="https://www.ehealth.fgov.be/standards/fhir/CodeSystem/be-cs-nursing-code"/>
            <code value="medication"/>
            <display value="Medication"/>
          </contains>
          <contains>
            <system value="https://www.ehealth.fgov.be/standards/fhir/CodeSystem/be-cs-nursing-code"/>
            <code value="appendix-81-preparation-of-medications"/>
            <display value="Appendix 81 preparation of medications"/>
          </contains>
          <contains>
            <system value="https://www.ehealth.fgov.be/standards/fhir/CodeSystem/be-cs-nursing-code"/>
            <code value="preparation-and-administration-of-medication-to-chronical-psychiatric-patient"/>
            <display value="Preparation and administration of medication to chronical psychiatric patient"/>
          </contains>
          <contains>
            <system value="https://www.ehealth.fgov.be/standards/fhir/CodeSystem/be-cs-nursing-code"/>
            <code value="diabetic-patient-services"/>
            <display value="Diabetic patient services"/>
          </contains>
          <contains>
            <system value="https://www.ehealth.fgov.be/standards/fhir/CodeSystem/be-cs-nursing-code"/>
            <code value="non-reimbursed-services"/>
            <display value="Non reimbursed services"/>
          </contains>
          <contains>
            <system value="https://www.ehealth.fgov.be/standards/fhir/CodeSystem/be-cs-nursing-code"/>
            <code value="other"/>
            <display value="Other"/>
          </contains>
        </expansion>
      </ValueSet>
    </resource>
  </entry>
  <entry>
    <fullUrl value="https://www.ehealth.fgov.be/standards/fhir/ValueSet/be-vs-type-of-other-nursing"/>
    <resource>
      <ValueSet>
        <id value="be-vs-type-of-other-nursing"/>
        <text>
          <status value="generated"/>
          <div xmlns="http://www.w3.org/1999/xhtml">
            <p>This value set contains 2 concepts</p>
            <div style="border: maroon 1px solid; background-color: #FFCCCC; padding: 8px">
              <p>Warning: this expansion is generated from a fragment of the code system 
                <a href="CodeSystem-be-cs-nursing-code-other.html">BeNursingCodeOther</a> and may be missing codes, or include codes that are not valid
              </p>
            </div>
            <p style="border: black 1px dotted; background-color: #EEEEEE; padding: 8px; margin-bottom: 8px">Expansion based on 
              <a href="CodeSystem-be-cs-nursing-code-other.html">BeNursingCodeOther v0.2.0 (CodeSystem)</a>
            </p>
            <p>All codes in this table are from the system 
              <a href="CodeSystem-be-cs-nursing-code-other.html">
                <code>https://www.ehealth.fgov.be/standards/fhir/CodeSystem/be-cs-nursing-code-other</code>
              </a>
            </p>
            <table class="codes">
              <tr>
                <td style="white-space:nowrap">
                  <b>Code</b>
                </td>
                <td>
                  <b>Display</b>
                </td>
                <td>
                  <b>Definition</b>
                </td>
              </tr>
              <tr>
                <td style="white-space:nowrap">
                  <a name="https---www.ehealth.fgov.be-standards-fhir-CodeSystem-be-cs-nursing-code-other-parameters"> </a>parameters
                </td>
                <td>Parameters</td>
                <td/>
              </tr>
              <tr>
                <td style="white-space:nowrap">
                  <a name="https---www.ehealth.fgov.be-standards-fhir-CodeSystem-be-cs-nursing-code-other-sample-collection"> </a>sample-collection
                </td>
                <td>Sample collection</td>
                <td/>
              </tr>
            </table>
          </div>
        </text>
        <url value="https://www.ehealth.fgov.be/standards/fhir/ValueSet/be-vs-type-of-other-nursing"/>
        <version value="0.2.0"/>
        <name value="BeOtherNursing"/>
        <status value="draft"/>
        <date value="2021-09-23T15:34:19+00:00"/>
        <publisher value="HL7 Belgium"/>
        <contact>
          <name value="HL7 Belgium"/>
          <telecom>
            <system value="url"/>
            <value value="http://hl7belgium.org"/>
          </telecom>
        </contact>
        <contact>
          <name value="Bart Decuypere"/>
          <telecom>
            <system value="email"/>
            <value value="bart.decuypere@ehealth.fgov.be"/>
            <use value="work"/>
          </telecom>
        </contact>
        <description value="Codes to define a type of other nursing category."/>
        <jurisdiction>
          <coding>
            <system value="http://unstats.un.org/unsd/methods/m49/m49.htm"/>
            <code value="001"/>
            <display value="World"/>
          </coding>
        </jurisdiction>
        <expansion>
          <extension url="http://hl7.org/fhir/tools/StructureDefinition/expansion-codesystem-fragment">
            <valueUri value="https://www.ehealth.fgov.be/standards/fhir/CodeSystem/be-cs-nursing-code-other"/>
          </extension>
          <identifier value="urn:uuid:d5563ce9-4992-4f66-9faf-8dfff82f40a9"/>
          <timestamp value="2021-09-23T15:35:21+00:00"/>
          <total value="2"/>
          <parameter>
            <name value="excludeNested"/>
            <valueBoolean value="false"/>
          </parameter>
          <parameter>
            <name value="version"/>
            <valueUri value="https://www.ehealth.fgov.be/standards/fhir/CodeSystem/be-cs-nursing-code-other|0.2.0"/>
          </parameter>
          <contains>
            <system value="https://www.ehealth.fgov.be/standards/fhir/CodeSystem/be-cs-nursing-code-other"/>
            <code value="parameters"/>
            <display value="Parameters"/>
          </contains>
          <contains>
            <system value="https://www.ehealth.fgov.be/standards/fhir/CodeSystem/be-cs-nursing-code-other"/>
            <code value="sample-collection"/>
            <display value="Sample collection"/>
          </contains>
        </expansion>
      </ValueSet>
    </resource>
  </entry>
</Bundle>