<?xml version="1.0" encoding="UTF-8"?>

<CodeSystem xmlns="http://hl7.org/fhir">
  <id value="be-contrastfluid-use"/>
  <text>
    <status value="generated"/><div xmlns="http://www.w3.org/1999/xhtml"><p>This code system https://www.ehealth.fgov.be/standards/fhir/CodeSystem/be-contrastfluid-use defines the following codes:</p><table class="codes"><tr><td style="white-space:nowrap"><b>Code</b></td><td><b>Display</b></td></tr><tr><td style="white-space:nowrap">if-necessary<a name="be-contrastfluid-use-if-necessary"> </a></td><td>if-necessary</td></tr><tr><td style="white-space:nowrap">not-permitted<a name="be-contrastfluid-use-not-permitted"> </a></td><td>not-permitted</td></tr></table><p><b>Additional Language Displays</b></p><table class="codes"><tr><td><b>Code</b></td><td><b>English (English, en)</b></td></tr><tr><td>if-necessary</td><td>If necessary.</td></tr><tr><td>not-permitted</td><td>Not permitted.</td></tr></table></div>
  </text>
  <url value="https://www.ehealth.fgov.be/standards/fhir/CodeSystem/be-contrastfluid-use"/>
  <version value="0.2.0"/>
  <name value="BeContrastFluidUse"/>
  <title value="BeContrastFluidUse"/>
  <status value="draft"/>
  <experimental value="false"/>
  <date value="2022-01-19T12:18:41+00:00"/>
  <publisher value="HL7 Belgium"/>
  <contact>
    <name value="HL7 Belgium"/>
    <telecom>
      <system value="url"/>
      <value value="http://hl7belgium.org"/>
    </telecom>
  </contact>
  <contact>
    <name value="Message-Structure"/>
    <telecom>
      <system value="email"/>
      <value value="message-structure@ehealth.fgov.be"/>
      <use value="work"/>
    </telecom>
  </contact>
  <description value="Whether use of contrast fluid should be considered."/>
  <jurisdiction>
    <coding>
      <system value="http://unstats.un.org/unsd/methods/m49/m49.htm"/>
      <code value="056"/>
      <display value="Belgium"/>
    </coding>
  </jurisdiction>
  <caseSensitive value="false"/>
  <content value="complete"/>
  <concept>
    <code value="if-necessary"/>
    <display value="if-necessary"/>
    <designation>
      <language value="en"/>
      <value value="If necessary."/>
    </designation>
  </concept>
  <concept>
    <code value="not-permitted"/>
    <display value="not-permitted"/>
    <designation>
      <language value="en"/>
      <value value="Not permitted."/>
    </designation>
  </concept>
</CodeSystem>