<?xml version="1.0" encoding="UTF-8"?>

<CodeSystem xmlns="http://hl7.org/fhir">
  <id value="be-prescription-proposal-type"/>
  <text>
    <status value="generated"/><div xmlns="http://www.w3.org/1999/xhtml"><p>This code system https://www.ehealth.fgov.be/standards/fhir/CodeSystem/be-prescription-proposal-type defines the following codes:</p><table class="codes"><tr><td style="white-space:nowrap"><b>Code</b></td><td><b>Display</b></td></tr><tr><td style="white-space:nowrap">new<a name="be-prescription-proposal-type-new"> </a></td><td>new</td></tr><tr><td style="white-space:nowrap">prolongation<a name="be-prescription-proposal-type-prolongation"> </a></td><td>prolongation</td></tr></table><p><b>Additional Language Displays</b></p><table class="codes"><tr><td><b>Code</b></td><td><b>English (English, en)</b></td></tr><tr><td>new</td><td>This is a new proposal from a caregiver</td></tr><tr><td>prolongation</td><td>This is a proposal based on an existing prescription</td></tr></table></div>
  </text>
  <url value="https://www.ehealth.fgov.be/standards/fhir/CodeSystem/be-prescription-proposal-type"/>
  <version value="0.2.0"/>
  <name value="BePrescriptionProposalType"/>
  <title value="BePrescriptionProposalType"/>
  <status value="draft"/>
  <experimental value="false"/>
  <date value="2022-03-23T15:53:34+00:00"/>
  <publisher value="HL7 Belgium"/>
  <contact>
    <name value="HL7 Belgium"/>
    <telecom>
      <system value="url"/>
      <value value="http://hl7belgium.org"/>
    </telecom>
  </contact>
  <contact>
    <name value="Message-Structure"/>
    <telecom>
      <system value="email"/>
      <value value="message-structure@ehealth.fgov.be"/>
      <use value="work"/>
    </telecom>
  </contact>
  <description value="Prescription Proposal Type. Indicates the type of proposal (new or prolongation) as from the uses cases by NIHDI"/>
  <jurisdiction>
    <coding>
      <system value="http://unstats.un.org/unsd/methods/m49/m49.htm"/>
      <code value="056"/>
      <display value="Belgium"/>
    </coding>
  </jurisdiction>
  <caseSensitive value="false"/>
  <content value="complete"/>
  <count value="2"/>
  <concept>
    <code value="new"/>
    <display value="new"/>
    <designation>
      <language value="en"/>
      <value value="This is a new proposal from a caregiver"/>
    </designation>
  </concept>
  <concept>
    <code value="prolongation"/>
    <display value="prolongation"/>
    <designation>
      <language value="en"/>
      <value value="This is a proposal based on an existing prescription"/>
    </designation>
  </concept>
</CodeSystem>