<?xml version="1.0" encoding="UTF-8"?>

<CodeSystem xmlns="http://hl7.org/fhir">
  <id value="be-cs-nursing-code"/>
  <text>
    <status value="generated"/><div xmlns="http://www.w3.org/1999/xhtml"><p>This code system https://www.ehealth.fgov.be/standards/fhir/CodeSystem/be-cs-nursing-code defines many codes, of which the following are a subset:</p><table class="codes"><tr><td style="white-space:nowrap"><b>Code</b></td><td><b>Display</b></td></tr><tr><td style="white-space:nowrap">bladder-care<a name="be-cs-nursing-code-bladder-care"> </a></td><td>Bladder care</td></tr><tr><td style="white-space:nowrap">digestive-system-care<a name="be-cs-nursing-code-digestive-system-care"> </a></td><td>Digestive system care</td></tr><tr><td style="white-space:nowrap">wound-care<a name="be-cs-nursing-code-wound-care"> </a></td><td>Wound care</td></tr><tr><td style="white-space:nowrap">compression-therapy<a name="be-cs-nursing-code-compression-therapy"> </a></td><td>Compression therapy</td></tr><tr><td style="white-space:nowrap">medication<a name="be-cs-nursing-code-medication"> </a></td><td>Medication</td></tr><tr><td style="white-space:nowrap">appendix-81-preparation-of-medications<a name="be-cs-nursing-code-appendix-81-preparation-of-medications"> </a></td><td>Appendix 81 preparation of medications</td></tr><tr><td style="white-space:nowrap">preparation-and-administration-of-medication-to-chronical-psychiatric-patient<a name="be-cs-nursing-code-preparation-and-administration-of-medication-to-chronical-psychiatric-patient"> </a></td><td>Preparation and administration of medication to chronical psychiatric patient</td></tr><tr><td style="white-space:nowrap">diabetic-patient-services<a name="be-cs-nursing-code-diabetic-patient-services"> </a></td><td>Diabetic patient services</td></tr><tr><td style="white-space:nowrap">non-reimbursed-services<a name="be-cs-nursing-code-non-reimbursed-services"> </a></td><td>Non reimbursed services</td></tr><tr><td style="white-space:nowrap">other<a name="be-cs-nursing-code-other"> </a></td><td>Other</td></tr></table><p><b>Additional Language Displays</b></p><table class="codes"><tr><td><b>Code</b></td><td><b>French (Belgium) (fr)</b></td><td><b>Nederlands (België) (Dutch (Belgium), nl)</b></td></tr><tr><td>bladder-care</td><td>Soins de la vessie</td><td>Blaas zorg</td></tr><tr><td>digestive-system-care</td><td>Soins du système digestif</td><td>Zorg voor het spijsverteringsstelsel</td></tr><tr><td>wound-care</td><td>Soin de plaie</td><td>Wondzorg</td></tr><tr><td>compression-therapy</td><td>Thérapie de compression</td><td>Compressietherapie</td></tr><tr><td>medication</td><td>Administration ou application de médicaments</td><td>Toedienen of aanbrengen van medicatie</td></tr><tr><td>appendix-81-preparation-of-medications</td><td>Annexe 81 préparation de médicaments</td><td>Bijlage 81 voorbereiding geneesmiddelen</td></tr><tr><td>preparation-and-administration-of-medication-to-chronical-psychiatric-patient</td><td>Préparation et administration de médicaments pour patient psychiatrique chronique</td><td>Voorbereiden en toedienen van medicatie chronisch psychiatrische patient</td></tr><tr><td>diabetic-patient-services</td><td>Prestations patient diabetique</td><td>Zorg voor diabetespatiënten</td></tr><tr><td>non-reimbursed-services</td><td>Prestations non-remboursable</td><td>Niet vergoede diensten</td></tr><tr><td>other</td><td>Autre</td><td>Andere</td></tr></table></div>
  </text>
  <url value="https://www.ehealth.fgov.be/standards/fhir/CodeSystem/be-cs-nursing-code"/>
  <version value="0.2.0"/>
  <name value="BeNursingCode"/>
  <title value="BeNursingCode"/>
  <status value="draft"/>
  <experimental value="false"/>
  <date value="2021-09-24T07:01:44+00:00"/>
  <publisher value="HL7 Belgium"/>
  <contact>
    <name value="HL7 Belgium"/>
    <telecom>
      <system value="url"/>
      <value value="http://hl7belgium.org"/>
    </telecom>
  </contact>
  <contact>
    <name value="Bart Decuypere"/>
    <telecom>
      <system value="email"/>
      <value value="bart.decuypere@ehealth.fgov.be"/>
      <use value="work"/>
    </telecom>
  </contact>
  <description value="Nursing codes in Belgium. To define a high level in nursing activities. Initially defined as supporting CodeSystem for the referral prescription."/>
  <jurisdiction>
    <coding>
      <system value="http://unstats.un.org/unsd/methods/m49/m49.htm"/>
      <code value="001"/>
      <display value="World"/>
    </coding>
  </jurisdiction>
  <caseSensitive value="false"/>
  <content value="fragment"/>
  <concept>
    <code value="bladder-care"/>
    <display value="Bladder care"/>
    <designation>
      <language value="nl-BE"/>
      <value value="Blaas zorg"/>
    </designation>
    <designation>
      <language value="fr-BE"/>
      <value value="Soins de la vessie"/>
    </designation>
  </concept>
  <concept>
    <code value="digestive-system-care"/>
    <display value="Digestive system care"/>
    <designation>
      <language value="nl-BE"/>
      <value value="Zorg voor het spijsverteringsstelsel"/>
    </designation>
    <designation>
      <language value="fr-BE"/>
      <value value="Soins du système digestif"/>
    </designation>
  </concept>
  <concept>
    <code value="wound-care"/>
    <display value="Wound care"/>
    <designation>
      <language value="nl-BE"/>
      <value value="Wondzorg"/>
    </designation>
    <designation>
      <language value="fr-BE"/>
      <value value="Soin de plaie"/>
    </designation>
  </concept>
  <concept>
    <code value="compression-therapy"/>
    <display value="Compression therapy"/>
    <designation>
      <language value="nl-BE"/>
      <value value="Compressietherapie"/>
    </designation>
    <designation>
      <language value="fr-BE"/>
      <value value="Thérapie de compression"/>
    </designation>
  </concept>
  <concept>
    <code value="medication"/>
    <display value="Medication"/>
    <designation>
      <language value="nl-BE"/>
      <value value="Toedienen of aanbrengen van medicatie"/>
    </designation>
    <designation>
      <language value="fr-BE"/>
      <value value="Administration ou application de médicaments"/>
    </designation>
  </concept>
  <concept>
    <code value="appendix-81-preparation-of-medications"/>
    <display value="Appendix 81 preparation of medications"/>
    <designation>
      <language value="nl-BE"/>
      <value value="Bijlage 81 voorbereiding geneesmiddelen"/>
    </designation>
    <designation>
      <language value="fr-BE"/>
      <value value="Annexe 81 préparation de médicaments"/>
    </designation>
  </concept>
  <concept>
    <code value="preparation-and-administration-of-medication-to-chronical-psychiatric-patient"/>
    <display value="Preparation and administration of medication to chronical psychiatric patient"/>
    <designation>
      <language value="nl-BE"/>
      <value value="Voorbereiden en toedienen van medicatie chronisch psychiatrische patient"/>
    </designation>
    <designation>
      <language value="fr-BE"/>
      <value value="Préparation et administration de médicaments pour patient psychiatrique chronique"/>
    </designation>
  </concept>
  <concept>
    <code value="diabetic-patient-services"/>
    <display value="Diabetic patient services"/>
    <designation>
      <language value="nl-BE"/>
      <value value="Zorg voor diabetespatiënten"/>
    </designation>
    <designation>
      <language value="fr-BE"/>
      <value value="Prestations patient diabetique"/>
    </designation>
  </concept>
  <concept>
    <code value="non-reimbursed-services"/>
    <display value="Non reimbursed services"/>
    <designation>
      <language value="nl-BE"/>
      <value value="Niet vergoede diensten"/>
    </designation>
    <designation>
      <language value="fr-BE"/>
      <value value="Prestations non-remboursable"/>
    </designation>
  </concept>
  <concept>
    <code value="other"/>
    <display value="Other"/>
    <designation>
      <language value="nl-BE"/>
      <value value="Andere"/>
    </designation>
    <designation>
      <language value="fr-BE"/>
      <value value="Autre"/>
    </designation>
  </concept>
</CodeSystem>