<?xml version="1.0" encoding="UTF-8"?>

<ImplementationGuide xmlns="http://hl7.org/fhir">
  <id value="my-ig"/>
  <text>
    <status value="extensions"/><div xmlns="http://www.w3.org/1999/xhtml"><h2>ExampleIG</h2><p>The official URL for this implementation guide is: </p><pre>http://example.com/fhir/example</pre><div><p>Example IG exercises many of the fields in a SUSHI configuration.</p>
</div></div>
  </text>
  <url value="http://example.com/fhir/example"/>
  <version value="0.2.0"/>
  <name value="ExampleIG"/>
  <title value="HL7 BE Referral Prescription WG Implementation Guide (work in progress)"/>
  <status value="draft"/>
  <date value="2020-02-26"/>
  <publisher value="HL7 Belgium"/>
  <contact>
    <name value="HL7 Belgium"/>
    <telecom>
      <system value="url"/>
      <value value="http://hl7belgium.org"/>
    </telecom>
  </contact>
  <contact>
    <name value="Bart Decuypere"/>
    <telecom>
      <system value="email"/>
      <value value="bart.decuypere@ehealth.fgov.be"/>
      <use value="work"/>
    </telecom>
  </contact>
  <description value="Example IG exercises many of the fields in a SUSHI configuration."/>
  <jurisdiction>
    <coding>
      <system value="http://unstats.un.org/unsd/methods/m49/m49.htm"/>
      <code value="001"/>
      <display value="World"/>
    </coding>
  </jurisdiction>
  <packageId value="my-ig"/>
  <license value="CC0-1.0"/>
  <fhirVersion value="4.0.1"/>
  <dependsOn id="hl7_be_fhir_core">
    <uri value="https://www.hl7belgium.org/fhir/ImplementationGuide/hl7.be.fhir.core"/>
    <packageId value="hl7.be.fhir.core"/>
    <version value="dev"/>
  </dependsOn>
  <definition>
    <extension url="http://hl7.org/fhir/tools/StructureDefinition/ig-parameter">
      <extension url="code">
        <valueString value="copyrightyear"/>
      </extension>
      <extension url="value">
        <valueString value="2021+"/>
      </extension>
    </extension>
    <extension url="http://hl7.org/fhir/tools/StructureDefinition/ig-parameter">
      <extension url="code">
        <valueString value="releaselabel"/>
      </extension>
      <extension url="value">
        <valueString value="CI"/>
      </extension>
    </extension>
    <extension url="http://hl7.org/fhir/tools/StructureDefinition/ig-parameter">
      <extension url="code">
        <valueString value="path-liquid"/>
      </extension>
      <extension url="value">
        <valueString value="template/liquid"/>
      </extension>
    </extension>
    <extension url="http://hl7.org/fhir/tools/StructureDefinition/ig-parameter">
      <extension url="code">
        <valueString value="path-liquid"/>
      </extension>
      <extension url="value">
        <valueString value="input/liquid"/>
      </extension>
    </extension>
    <extension url="http://hl7.org/fhir/tools/StructureDefinition/ig-parameter">
      <extension url="code">
        <valueString value="path-qa"/>
      </extension>
      <extension url="value">
        <valueString value="temp/qa"/>
      </extension>
    </extension>
    <extension url="http://hl7.org/fhir/tools/StructureDefinition/ig-parameter">
      <extension url="code">
        <valueString value="path-temp"/>
      </extension>
      <extension url="value">
        <valueString value="temp/pages"/>
      </extension>
    </extension>
    <extension url="http://hl7.org/fhir/tools/StructureDefinition/ig-parameter">
      <extension url="code">
        <valueString value="path-output"/>
      </extension>
      <extension url="value">
        <valueString value="output"/>
      </extension>
    </extension>
    <extension url="http://hl7.org/fhir/tools/StructureDefinition/ig-parameter">
      <extension url="code">
        <valueString value="path-suppressed-warnings"/>
      </extension>
      <extension url="value">
        <valueString value="input/ignoreWarnings.txt"/>
      </extension>
    </extension>
    <extension url="http://hl7.org/fhir/tools/StructureDefinition/ig-parameter">
      <extension url="code">
        <valueString value="path-history"/>
      </extension>
      <extension url="value">
        <valueString value="history.html"/>
      </extension>
    </extension>
    <extension url="http://hl7.org/fhir/tools/StructureDefinition/ig-parameter">
      <extension url="code">
        <valueString value="template-html"/>
      </extension>
      <extension url="value">
        <valueString value="template-page.html"/>
      </extension>
    </extension>
    <extension url="http://hl7.org/fhir/tools/StructureDefinition/ig-parameter">
      <extension url="code">
        <valueString value="template-md"/>
      </extension>
      <extension url="value">
        <valueString value="template-page-md.html"/>
      </extension>
    </extension>
    <extension url="http://hl7.org/fhir/tools/StructureDefinition/ig-parameter">
      <extension url="code">
        <valueString value="apply-contact"/>
      </extension>
      <extension url="value">
        <valueString value="true"/>
      </extension>
    </extension>
    <extension url="http://hl7.org/fhir/tools/StructureDefinition/ig-parameter">
      <extension url="code">
        <valueString value="apply-context"/>
      </extension>
      <extension url="value">
        <valueString value="true"/>
      </extension>
    </extension>
    <extension url="http://hl7.org/fhir/tools/StructureDefinition/ig-parameter">
      <extension url="code">
        <valueString value="apply-copyright"/>
      </extension>
      <extension url="value">
        <valueString value="true"/>
      </extension>
    </extension>
    <extension url="http://hl7.org/fhir/tools/StructureDefinition/ig-parameter">
      <extension url="code">
        <valueString value="apply-jurisdiction"/>
      </extension>
      <extension url="value">
        <valueString value="true"/>
      </extension>
    </extension>
    <extension url="http://hl7.org/fhir/tools/StructureDefinition/ig-parameter">
      <extension url="code">
        <valueString value="apply-license"/>
      </extension>
      <extension url="value">
        <valueString value="true"/>
      </extension>
    </extension>
    <extension url="http://hl7.org/fhir/tools/StructureDefinition/ig-parameter">
      <extension url="code">
        <valueString value="apply-publisher"/>
      </extension>
      <extension url="value">
        <valueString value="true"/>
      </extension>
    </extension>
    <extension url="http://hl7.org/fhir/tools/StructureDefinition/ig-parameter">
      <extension url="code">
        <valueString value="apply-version"/>
      </extension>
      <extension url="value">
        <valueString value="true"/>
      </extension>
    </extension>
    <extension url="http://hl7.org/fhir/tools/StructureDefinition/ig-parameter">
      <extension url="code">
        <valueString value="active-tables"/>
      </extension>
      <extension url="value">
        <valueString value="true"/>
      </extension>
    </extension>
    <resource>
      <extension url="http://hl7.org/fhir/tools/StructureDefinition/resource-information">
        <valueString value="StructureDefinition:resource"/>
      </extension>
      <reference>
        <reference value="StructureDefinition/be-referralprescription-nursing"/>
      </reference>
      <name value="BeReferralPrescriptionNursing"/>
      <description value="The nursing profile, generic version. Please note the nursing referral for medication does NOT depend on this generic version but is a FHIR prodfile on a different FHIR resource (MedicationRequest)"/>
      <exampleBoolean value="false"/>
    </resource>
    <resource>
      <extension url="http://hl7.org/fhir/tools/StructureDefinition/resource-information">
        <valueString value="StructureDefinition:resource"/>
      </extension>
      <reference>
        <reference value="StructureDefinition/be-referralprescription-nursing-annex81"/>
      </reference>
      <name value="BeReferralPrescriptionNursingAnnex81PreparationOfMedication"/>
      <description value="The nursing profile specialized for preparation of medication. Use the .note element to provide any extra information."/>
      <exampleBoolean value="false"/>
    </resource>
    <resource>
      <extension url="http://hl7.org/fhir/tools/StructureDefinition/resource-information">
        <valueString value="StructureDefinition:resource"/>
      </extension>
      <reference>
        <reference value="StructureDefinition/be-referralprescription-nursing-medication"/>
      </reference>
      <name value="BeReferralPrescriptionNursingMedication"/>
      <description value="The nursing profile specialized for medication. Note this profile is based on the FHIR resource MedicationRequest.&#xA;Dosage is expected initially to be given in the corresponding text and optional site fields (as per the NIHDI requirements). This MedicationRequest should be used in the basedOn field of the BeReferralPrescriptionNursingMedicationService."/>
      <exampleBoolean value="false"/>
    </resource>
    <resource>
      <extension url="http://hl7.org/fhir/tools/StructureDefinition/resource-information">
        <valueString value="StructureDefinition:resource"/>
      </extension>
      <reference>
        <reference value="StructureDefinition/be-referralprescription-nursing-medication-service"/>
      </reference>
      <name value="BeReferralPrescriptionNursingMedicationService"/>
      <description value="The nursing profile specialized for medication. This ServiceRequest refers to a MedicationRequest&#xA;Dosage is expected initially to be given in the corresponding text and optional site fields (as per the NIHDI requirements)"/>
      <exampleBoolean value="false"/>
    </resource>
    <resource>
      <extension url="http://hl7.org/fhir/tools/StructureDefinition/resource-information">
        <valueString value="ValueSet"/>
      </extension>
      <reference>
        <reference value="ValueSet/be-vs-nursing-annex81-inadequate-adherence"/>
      </reference>
      <name value="BeNursingAnnex81InadequateAdherence"/>
      <description value="Codes to define a type of nursing annex81 inadequate adherence."/>
      <exampleBoolean value="false"/>
    </resource>
    <resource>
      <extension url="http://hl7.org/fhir/tools/StructureDefinition/resource-information">
        <valueString value="ValueSet"/>
      </extension>
      <reference>
        <reference value="ValueSet/be-vs-nursing-annex81-inadequate-adherence-link"/>
      </reference>
      <name value="BeNursingAnnex81InadequateAdherenceLink"/>
      <description value="Codes to define a type of nursing annex81 inadequate adherence link."/>
      <exampleBoolean value="false"/>
    </resource>
    <resource>
      <extension url="http://hl7.org/fhir/tools/StructureDefinition/resource-information">
        <valueString value="CodeSystem"/>
      </extension>
      <reference>
        <reference value="CodeSystem/be-nursing-annex81-inadequate-adherence"/>
      </reference>
      <name value="BeNursingAnnex81InadequateAdherence"/>
      <description value="Nursing codes in Belgium. To define details in nursing activities for the annex 81 diagnostics of inadequate adherence. Initially defined as supporting CodeSystem for the referral prescription."/>
      <exampleBoolean value="false"/>
    </resource>
    <resource>
      <extension url="http://hl7.org/fhir/tools/StructureDefinition/resource-information">
        <valueString value="CodeSystem"/>
      </extension>
      <reference>
        <reference value="CodeSystem/be-nursing-annex81-inadequate-adherence-link"/>
      </reference>
      <name value="BeNursingAnnex81InadequateAdherenceLink"/>
      <description value="Nursing codes in Belgium. To define details in nursing activities for the annex 81 diagnostics of inadequate adherence. Initially defined as supporting CodeSystem for the referral prescription."/>
      <exampleBoolean value="false"/>
    </resource>
    <resource>
      <extension url="http://hl7.org/fhir/tools/StructureDefinition/resource-information">
        <valueString value="NamingSystem"/>
      </extension>
      <reference>
        <reference value="NamingSystem/be-ns-amp-codes"/>
      </reference>
      <name value="be-ns-amp-codes"/>
      <description value="Naming System - amp Product Codes"/>
      <exampleBoolean value="false"/>
    </resource>
    <resource>
      <extension url="http://hl7.org/fhir/tools/StructureDefinition/resource-information">
        <valueString value="NamingSystem"/>
      </extension>
      <reference>
        <reference value="NamingSystem/be-ns-ampp-codes"/>
      </reference>
      <name value="be-ns-ampp-codes"/>
      <description value="Naming System - ampp Product Codes"/>
      <exampleBoolean value="false"/>
    </resource>
    <resource>
      <extension url="http://hl7.org/fhir/tools/StructureDefinition/resource-information">
        <valueString value="NamingSystem"/>
      </extension>
      <reference>
        <reference value="NamingSystem/be-ns-cnk-codes"/>
      </reference>
      <name value="be-ns-cnk-codes"/>
      <description value="Naming System - CNK Product Codes"/>
      <exampleBoolean value="false"/>
    </resource>
    <resource>
      <extension url="http://hl7.org/fhir/tools/StructureDefinition/resource-information">
        <valueString value="NamingSystem"/>
      </extension>
      <reference>
        <reference value="NamingSystem/be-ns-vmp-codes"/>
      </reference>
      <name value="be-ns-vmp-codes"/>
      <description value="Naming System - vmp Product Codes"/>
      <exampleBoolean value="false"/>
    </resource>
    <resource>
      <extension url="http://hl7.org/fhir/tools/StructureDefinition/resource-information">
        <valueString value="NamingSystem"/>
      </extension>
      <reference>
        <reference value="NamingSystem/be-ns-vmpg-codes"/>
      </reference>
      <name value="be-ns-vmpg-codes"/>
      <description value="Naming System - vmpg Product Codes"/>
      <exampleBoolean value="false"/>
    </resource>
    <resource>
      <extension url="http://hl7.org/fhir/tools/StructureDefinition/resource-information">
        <valueString value="NamingSystem"/>
      </extension>
      <reference>
        <reference value="NamingSystem/be-ns-vtm-codes"/>
      </reference>
      <name value="be-ns-vtm-codes"/>
      <description value="Naming System - vtm Product Codes"/>
      <exampleBoolean value="false"/>
    </resource>
    <resource>
      <extension url="http://hl7.org/fhir/tools/StructureDefinition/resource-information">
        <valueString value="RequestGroup"/>
      </extension>
      <reference>
        <reference value="RequestGroup/example01-referralprescription-request-group"/>
      </reference>
      <name value="example01-referralprescription-request-group"/>
      <exampleBoolean value="true"/>
    </resource>
    <resource>
      <extension url="http://hl7.org/fhir/tools/StructureDefinition/resource-information">
        <valueString value="ServiceRequest"/>
      </extension>
      <reference>
        <reference value="ServiceRequest/example02-referralprescription-nursing-digestive-system-care"/>
      </reference>
      <name value="example02-referralprescription-nursing-digestive-system-care"/>
      <exampleCanonical value="https://www.ehealth.fgov.be/standards/fhir/StructureDefinition/be-referralprescription-nursing"/>
    </resource>
    <resource>
      <extension url="http://hl7.org/fhir/tools/StructureDefinition/resource-information">
        <valueString value="ServiceRequest"/>
      </extension>
      <reference>
        <reference value="ServiceRequest/example03-referralprescription-nursing-compressiontherapy"/>
      </reference>
      <name value="example03-referralprescription-nursing-compressiontherapy"/>
      <exampleBoolean value="true"/>
    </resource>
    <resource>
      <extension url="http://hl7.org/fhir/tools/StructureDefinition/resource-information">
        <valueString value="ServiceRequest"/>
      </extension>
      <reference>
        <reference value="ServiceRequest/example04-referralprescription-nursing-bladder-care"/>
      </reference>
      <name value="example04-referralprescription-nursing-bladder-care"/>
      <exampleCanonical value="https://www.ehealth.fgov.be/standards/fhir/StructureDefinition/be-referralprescription-nursing"/>
    </resource>
    <resource>
      <extension url="http://hl7.org/fhir/tools/StructureDefinition/resource-information">
        <valueString value="ServiceRequest"/>
      </extension>
      <reference>
        <reference value="ServiceRequest/example05-referralprescription-nursing-digestive-system-care"/>
      </reference>
      <name value="example05-referralprescription-nursing-digestive-system-care"/>
      <exampleBoolean value="true"/>
    </resource>
    <resource>
      <extension url="http://hl7.org/fhir/tools/StructureDefinition/resource-information">
        <valueString value="ServiceRequest"/>
      </extension>
      <reference>
        <reference value="ServiceRequest/example06-referralprescription-nursing-compression-therapy"/>
      </reference>
      <name value="example06-referralprescription-nursing-compression-therapy"/>
      <exampleBoolean value="true"/>
    </resource>
    <resource>
      <extension url="http://hl7.org/fhir/tools/StructureDefinition/resource-information">
        <valueString value="ServiceRequest"/>
      </extension>
      <reference>
        <reference value="ServiceRequest/example07-referralprescription-nursing-medication-service"/>
      </reference>
      <name value="example07-referralprescription-nursing-medication-service"/>
      <exampleCanonical value="https://www.ehealth.fgov.be/standards/fhir/StructureDefinition/be-referralprescription-nursing-medication-service"/>
    </resource>
    <resource>
      <extension url="http://hl7.org/fhir/tools/StructureDefinition/resource-information">
        <valueString value="MedicationRequest"/>
      </extension>
      <reference>
        <reference value="MedicationRequest/example08-referralprescription-nursing-medication"/>
      </reference>
      <name value="example08-referralprescription-nursing-medication"/>
      <exampleCanonical value="https://www.ehealth.fgov.be/standards/fhir/StructureDefinition/be-referralprescription-nursing-medication"/>
    </resource>
    <resource>
      <extension url="http://hl7.org/fhir/tools/StructureDefinition/resource-information">
        <valueString value="ServiceRequest"/>
      </extension>
      <reference>
        <reference value="ServiceRequest/example09-referralprescription-nursing-woundcare"/>
      </reference>
      <name value="example09-referralprescription-nursing-woundcare"/>
      <exampleBoolean value="true"/>
    </resource>
    <resource>
      <extension url="http://hl7.org/fhir/tools/StructureDefinition/resource-information">
        <valueString value="MedicationRequest"/>
      </extension>
      <reference>
        <reference value="MedicationRequest/example10-referralprescription-nursing-medication"/>
      </reference>
      <name value="example10-referralprescription-nursing-medication"/>
      <exampleCanonical value="https://www.ehealth.fgov.be/standards/fhir/StructureDefinition/be-referralprescription-nursing-medication"/>
    </resource>
    <resource>
      <extension url="http://hl7.org/fhir/tools/StructureDefinition/resource-information">
        <valueString value="ServiceRequest"/>
      </extension>
      <reference>
        <reference value="ServiceRequest/example12-referralprescription-nursing-annex81"/>
      </reference>
      <name value="example12-referralprescription-nursing-annex81"/>
      <exampleCanonical value="https://www.ehealth.fgov.be/standards/fhir/StructureDefinition/be-referralprescription-nursing-annex81"/>
    </resource>
    <resource>
      <extension url="http://hl7.org/fhir/tools/StructureDefinition/resource-information">
        <valueString value="MedicationRequest"/>
      </extension>
      <reference>
        <reference value="MedicationRequest/example13-referralprescription-nursing-medication"/>
      </reference>
      <name value="example13-referralprescription-nursing-medication"/>
      <exampleCanonical value="https://www.ehealth.fgov.be/standards/fhir/StructureDefinition/be-referralprescription-nursing-medication"/>
    </resource>
    <resource>
      <extension url="http://hl7.org/fhir/tools/StructureDefinition/resource-information">
        <valueString value="ServiceRequest"/>
      </extension>
      <reference>
        <reference value="ServiceRequest/example16-referralprescription-nursing-bladder-care"/>
      </reference>
      <name value="example16-referralprescription-nursing-bladder-care"/>
      <exampleCanonical value="https://www.ehealth.fgov.be/standards/fhir/StructureDefinition/be-referralprescription-nursing"/>
    </resource>
    <resource>
      <extension url="http://hl7.org/fhir/tools/StructureDefinition/resource-information">
        <valueString value="MedicationRequest"/>
      </extension>
      <reference>
        <reference value="MedicationRequest/example17-referralprescription-nursing-medication"/>
      </reference>
      <name value="example17-referralprescription-nursing-medication"/>
      <exampleCanonical value="https://www.ehealth.fgov.be/standards/fhir/StructureDefinition/be-referralprescription-nursing-medication"/>
    </resource>
    <resource>
      <extension url="http://hl7.org/fhir/tools/StructureDefinition/resource-information">
        <valueString value="MedicationRequest"/>
      </extension>
      <reference>
        <reference value="MedicationRequest/example19-referralprescription-nursing-medication"/>
      </reference>
      <name value="example19-referralprescription-nursing-medication"/>
      <exampleCanonical value="https://www.ehealth.fgov.be/standards/fhir/StructureDefinition/be-referralprescription-nursing-medication"/>
    </resource>
    <resource>
      <extension url="http://hl7.org/fhir/tools/StructureDefinition/resource-information">
        <valueString value="MedicationRequest"/>
      </extension>
      <reference>
        <reference value="MedicationRequest/example20-referralprescription-nursing-medication"/>
      </reference>
      <name value="example20-referralprescription-nursing-medication"/>
      <exampleCanonical value="https://www.ehealth.fgov.be/standards/fhir/StructureDefinition/be-referralprescription-nursing-medication"/>
    </resource>
    <resource>
      <extension url="http://hl7.org/fhir/tools/StructureDefinition/resource-information">
        <valueString value="MedicationRequest"/>
      </extension>
      <reference>
        <reference value="MedicationRequest/example22-referralprescription-nursing-medication"/>
      </reference>
      <name value="example22-referralprescription-nursing-medication"/>
      <exampleCanonical value="https://www.ehealth.fgov.be/standards/fhir/StructureDefinition/be-referralprescription-nursing-medication"/>
    </resource>
    <resource>
      <extension url="http://hl7.org/fhir/tools/StructureDefinition/resource-information">
        <valueString value="MedicationRequest"/>
      </extension>
      <reference>
        <reference value="MedicationRequest/example23-referralprescription-nursing-medication"/>
      </reference>
      <name value="example23-referralprescription-nursing-medication"/>
      <exampleCanonical value="https://www.ehealth.fgov.be/standards/fhir/StructureDefinition/be-referralprescription-nursing-medication"/>
    </resource>
    <resource>
      <extension url="http://hl7.org/fhir/tools/StructureDefinition/resource-information">
        <valueString value="ServiceRequest"/>
      </extension>
      <reference>
        <reference value="ServiceRequest/example24-referralprescription-nursing-non-reimbursable"/>
      </reference>
      <name value="example24-referralprescription-nursing-non-reimbursable"/>
      <exampleBoolean value="true"/>
    </resource>
    <resource>
      <extension url="http://hl7.org/fhir/tools/StructureDefinition/resource-information">
        <valueString value="ServiceRequest"/>
      </extension>
      <reference>
        <reference value="ServiceRequest/example26-referralprescription-nursing-other"/>
      </reference>
      <name value="example26-referralprescription-nursing-other"/>
      <exampleBoolean value="true"/>
    </resource>
    <resource>
      <extension url="http://hl7.org/fhir/tools/StructureDefinition/resource-information">
        <valueString value="ServiceRequest"/>
      </extension>
      <reference>
        <reference value="ServiceRequest/example30-referralprescription-nursing-woundcare"/>
      </reference>
      <name value="example30-referralprescription-nursing-woundcare"/>
      <exampleBoolean value="true"/>
    </resource>
    <resource>
      <extension url="http://hl7.org/fhir/tools/StructureDefinition/resource-information">
        <valueString value="MedicationRequest"/>
      </extension>
      <reference>
        <reference value="MedicationRequest/example31-referralprescription-nursing-medication"/>
      </reference>
      <name value="example31-referralprescription-nursing-medication"/>
      <exampleCanonical value="https://www.ehealth.fgov.be/standards/fhir/StructureDefinition/be-referralprescription-nursing-medication"/>
    </resource>
    <resource>
      <extension url="http://hl7.org/fhir/tools/StructureDefinition/resource-information">
        <valueString value="StructureDefinition:logical"/>
      </extension>
      <reference>
        <reference value="StructureDefinition/be-model-diagnosticimagingprescription"/>
      </reference>
      <name value="BeDiagnosticImagingPrescription"/>
      <description value="Logical model describing the model for the diagnostic imaging prescription. This draft is used in the HL7 Belgian workgroup for referral."/>
      <exampleBoolean value="false"/>
    </resource>
    <resource>
      <extension url="http://hl7.org/fhir/tools/StructureDefinition/resource-information">
        <valueString value="StructureDefinition:logical"/>
      </extension>
      <reference>
        <reference value="StructureDefinition/be-model-laboratoryprescription"/>
      </reference>
      <name value="BeLaboratoryPrescription"/>
      <description value="Logical model describing the model for the prescription laboratory. This draft is used in the HL7 Belgian workgroup for laboratory."/>
      <exampleBoolean value="false"/>
    </resource>
    <resource>
      <extension url="http://hl7.org/fhir/tools/StructureDefinition/resource-information">
        <valueString value="StructureDefinition:logical"/>
      </extension>
      <reference>
        <reference value="StructureDefinition/be-model-nursingprescription"/>
      </reference>
      <name value="BeNursingPrescription"/>
      <exampleBoolean value="false"/>
    </resource>
    <resource>
      <extension url="http://hl7.org/fhir/tools/StructureDefinition/resource-information">
        <valueString value="StructureDefinition:logical"/>
      </extension>
      <reference>
        <reference value="StructureDefinition/be-model-physiotherapyprescription"/>
      </reference>
      <name value="BePhysiotherapyPrescription"/>
      <exampleBoolean value="false"/>
    </resource>
    <resource>
      <extension url="http://hl7.org/fhir/tools/StructureDefinition/resource-information">
        <valueString value="StructureDefinition:logical"/>
      </extension>
      <reference>
        <reference value="StructureDefinition/be-model-referralprescription"/>
      </reference>
      <name value="BeReferralPrescription"/>
      <description value="Logical model describing the model for the prescription referral. This draft is used in the HL7 Belgian workgroup for referral."/>
      <exampleBoolean value="false"/>
    </resource>
    <resource>
      <extension url="http://hl7.org/fhir/tools/StructureDefinition/resource-information">
        <valueString value="StructureDefinition:extension"/>
      </extension>
      <reference>
        <reference value="StructureDefinition/be-ext-contraindication"/>
      </reference>
      <name value="BeContraindication"/>
      <description value="Contra indication in a prescription referral for diagnostic imaging."/>
      <exampleBoolean value="false"/>
    </resource>
    <resource>
      <extension url="http://hl7.org/fhir/tools/StructureDefinition/resource-information">
        <valueString value="StructureDefinition:extension"/>
      </extension>
      <reference>
        <reference value="StructureDefinition/be-ext-contrastfluiduse"/>
      </reference>
      <name value="BeContrastFluidUse"/>
      <description value="Whether the use of contrast fluid in diagnostic imaging can be defined as &#39;If necessary&#39; or &#39;Not permitted.&#39;"/>
      <exampleBoolean value="false"/>
    </resource>
    <resource>
      <extension url="http://hl7.org/fhir/tools/StructureDefinition/resource-information">
        <valueString value="StructureDefinition:extension"/>
      </extension>
      <reference>
        <reference value="StructureDefinition/be-ext-inform-party"/>
      </reference>
      <name value="BeInformParty"/>
      <description value="Extra parties that need to be informed of the outcome, besides the prescriber."/>
      <exampleBoolean value="false"/>
    </resource>
    <resource>
      <extension url="http://hl7.org/fhir/tools/StructureDefinition/resource-information">
        <valueString value="StructureDefinition:extension"/>
      </extension>
      <reference>
        <reference value="StructureDefinition/be-ext-supporting-info"/>
      </reference>
      <name value="BeSupportingInfo"/>
      <description value="Relevant clinical information in the context of this prescription concerning for example allergies, kidney function, diabetic. This extension allows the use of an Annotation or codeableConcept but when more detailed information can be given, it is RECOMMENDED to express it as structured as possible using the appropriate elements."/>
      <exampleBoolean value="false"/>
    </resource>
    <resource>
      <extension url="http://hl7.org/fhir/tools/StructureDefinition/resource-information">
        <valueString value="StructureDefinition:extension"/>
      </extension>
      <reference>
        <reference value="StructureDefinition/be-ext-urgent-communication"/>
      </reference>
      <name value="BeUrgentCommunication"/>
      <description value="When there is a need to urgently communicate results of an order."/>
      <exampleBoolean value="false"/>
    </resource>
    <resource>
      <extension url="http://hl7.org/fhir/tools/StructureDefinition/resource-information">
        <valueString value="StructureDefinition:resource"/>
      </extension>
      <reference>
        <reference value="StructureDefinition/be-lab-prescription"/>
      </reference>
      <name value="BeLabPrescription"/>
      <description value="This is the Belgian profile for a laboratory order."/>
      <exampleBoolean value="false"/>
    </resource>
    <resource>
      <extension url="http://hl7.org/fhir/tools/StructureDefinition/resource-information">
        <valueString value="StructureDefinition:resource"/>
      </extension>
      <reference>
        <reference value="StructureDefinition/be-referralprescription-diagnosticimaging"/>
      </reference>
      <name value="BeReferralPrescriptionDiagnosticImaging"/>
      <description value="Referral prescription for a generic diagnostic imaging.&#xD;&#xA;Please note in .orderDetail, a specific slicing is available to give guidance how to express acquisition modalities if needed. In future iterations of this profile, more slicing might provide additional guidance."/>
      <exampleBoolean value="false"/>
    </resource>
    <resource>
      <extension url="http://hl7.org/fhir/tools/StructureDefinition/resource-information">
        <valueString value="StructureDefinition:resource"/>
      </extension>
      <reference>
        <reference value="StructureDefinition/be-referralprescription-nursing-bladder-care"/>
      </reference>
      <name value="BeReferralPrescriptionNursingBladderCare"/>
      <description value="The nursing profile specialized for bladder care. Actual bladder care information lives in the .orderDetail element. If needed to give a quantity (mandatory if bladder instillation): the .quantity element shall be used. If needed to express the product and time to leave the product (mandatory if bladder instillation): please explain in the .note element."/>
      <exampleBoolean value="false"/>
    </resource>
    <resource>
      <extension url="http://hl7.org/fhir/tools/StructureDefinition/resource-information">
        <valueString value="StructureDefinition:resource"/>
      </extension>
      <reference>
        <reference value="StructureDefinition/be-referralprescription-nursing-chronical-psychiatric-patient"/>
      </reference>
      <name value="BeReferralPrescriptionNursingPreparationAdministrationMedicationChronicalPsychiatricPatient"/>
      <description value="The nursing profile specialized for preparation and administration of medication to chronical pshychiatric patient. Use the .note element to provide any extra information. The prescriber SHALL give a start and end date &amp; SHALL give a frequency, these informations live in the .occurrence element."/>
      <exampleBoolean value="false"/>
    </resource>
    <resource>
      <extension url="http://hl7.org/fhir/tools/StructureDefinition/resource-information">
        <valueString value="StructureDefinition:resource"/>
      </extension>
      <reference>
        <reference value="StructureDefinition/be-referralprescription-nursing-compressiontherapy"/>
      </reference>
      <name value="BeReferralPrescriptionNursingCompressionTherapy"/>
      <description value="The nursing profile specialized for compression therapy."/>
      <exampleBoolean value="false"/>
    </resource>
    <resource>
      <extension url="http://hl7.org/fhir/tools/StructureDefinition/resource-information">
        <valueString value="StructureDefinition:resource"/>
      </extension>
      <reference>
        <reference value="StructureDefinition/be-referralprescription-nursing-diabetic"/>
      </reference>
      <name value="BeReferralPrescriptionNursingDiabetic"/>
      <description value="The nursing profile specialized for diabetic services. Use the .note element to provide any extra information."/>
      <exampleBoolean value="false"/>
    </resource>
    <resource>
      <extension url="http://hl7.org/fhir/tools/StructureDefinition/resource-information">
        <valueString value="StructureDefinition:resource"/>
      </extension>
      <reference>
        <reference value="StructureDefinition/be-referralprescription-nursing-digestive-system-care"/>
      </reference>
      <name value="BeReferralPrescriptionNursingDigestiveSystemCare"/>
      <description value="The nursing profile specialized for digestive system care. If needed to give any details (e.g. details around the enteral feeding): please use the .note element."/>
      <exampleBoolean value="false"/>
    </resource>
    <resource>
      <extension url="http://hl7.org/fhir/tools/StructureDefinition/resource-information">
        <valueString value="StructureDefinition:resource"/>
      </extension>
      <reference>
        <reference value="StructureDefinition/be-referralprescription-nursing-non-reimbursable"/>
      </reference>
      <name value="BeReferralPrescriptionNursingNonReimbursable"/>
      <description value="The nursing profile specialized for non reimbursable care. Use the .note element to provide any extra information."/>
      <exampleBoolean value="false"/>
    </resource>
    <resource>
      <extension url="http://hl7.org/fhir/tools/StructureDefinition/resource-information">
        <valueString value="StructureDefinition:resource"/>
      </extension>
      <reference>
        <reference value="StructureDefinition/be-referralprescription-nursing-other"/>
      </reference>
      <name value="BeReferralPrescriptionNursingOther"/>
      <description value="The nursing profile specialized for other care. Use the .note element to provide any extra information."/>
      <exampleBoolean value="false"/>
    </resource>
    <resource>
      <extension url="http://hl7.org/fhir/tools/StructureDefinition/resource-information">
        <valueString value="StructureDefinition:resource"/>
      </extension>
      <reference>
        <reference value="StructureDefinition/be-referralprescription-nursing-woundcare"/>
      </reference>
      <name value="BeReferralPrescriptionNursingWoundcare"/>
      <description value="The nursing profile specialized for wound care. Use the .note element to provide any extra information."/>
      <exampleBoolean value="false"/>
    </resource>
    <resource>
      <extension url="http://hl7.org/fhir/tools/StructureDefinition/resource-information">
        <valueString value="StructureDefinition:resource"/>
      </extension>
      <reference>
        <reference value="StructureDefinition/be-referralprescription-request-group"/>
      </reference>
      <name value="BeReferralPrescriptionRequestGroup"/>
      <description value="Envelope that allows different referralprescriptions to have an order"/>
      <exampleBoolean value="false"/>
    </resource>
    <resource>
      <extension url="http://hl7.org/fhir/tools/StructureDefinition/resource-information">
        <valueString value="StructureDefinition:resource"/>
      </extension>
      <reference>
        <reference value="StructureDefinition/be-referralprescription"/>
      </reference>
      <name value="BeReferralPrescription"/>
      <description value="The common structure for referral prescription."/>
      <exampleBoolean value="false"/>
    </resource>
    <resource>
      <extension url="http://hl7.org/fhir/tools/StructureDefinition/resource-information">
        <valueString value="NamingSystem"/>
      </extension>
      <reference>
        <reference value="NamingSystem/be-ns-coronalertcode"/>
      </reference>
      <name value="BeNSCoronalertcode"/>
      <description value="Code as generated by the Coronalert app."/>
      <exampleBoolean value="false"/>
    </resource>
    <resource>
      <extension url="http://hl7.org/fhir/tools/StructureDefinition/resource-information">
        <valueString value="NamingSystem"/>
      </extension>
      <reference>
        <reference value="NamingSystem/be-ns-specimen"/>
      </reference>
      <name value="BeNSSpecimen"/>
      <description value="National identifier for a specimen when needed."/>
      <exampleBoolean value="false"/>
    </resource>
    <resource>
      <extension url="http://hl7.org/fhir/tools/StructureDefinition/resource-information">
        <valueString value="CodeSystem"/>
      </extension>
      <reference>
        <reference value="CodeSystem/be-cs-nursing-code-compressiontherapy"/>
      </reference>
      <name value="BeNursingCodeCompressiontherapy"/>
      <description value="Nursing codes in Belgium. To define details in nursing activities for compression therapy. Initially defined as supporting CodeSystem for the referral prescription."/>
      <exampleBoolean value="false"/>
    </resource>
    <resource>
      <extension url="http://hl7.org/fhir/tools/StructureDefinition/resource-information">
        <valueString value="CodeSystem"/>
      </extension>
      <reference>
        <reference value="CodeSystem/be-cs-nursing-code-non-reimbursable"/>
      </reference>
      <name value="BeNursingCodeNonReimbursable"/>
      <description value="Nursing codes in Belgium. To define details in nursing activities for the non reimbursable category. Initially defined as supporting CodeSystem for the referral prescription."/>
      <exampleBoolean value="false"/>
    </resource>
    <resource>
      <extension url="http://hl7.org/fhir/tools/StructureDefinition/resource-information">
        <valueString value="CodeSystem"/>
      </extension>
      <reference>
        <reference value="CodeSystem/be-cs-nursing-code-other"/>
      </reference>
      <name value="BeNursingCodeOther"/>
      <description value="Nursing codes in Belgium. To define details in nursing activities for the other category. Initially defined as supporting CodeSystem for the referral prescription."/>
      <exampleBoolean value="false"/>
    </resource>
    <resource>
      <extension url="http://hl7.org/fhir/tools/StructureDefinition/resource-information">
        <valueString value="CodeSystem"/>
      </extension>
      <reference>
        <reference value="CodeSystem/be-cs-nursing-code"/>
      </reference>
      <name value="BeNursingCode"/>
      <description value="Nursing codes in Belgium. To define a high level in nursing activities. Initially defined as supporting CodeSystem for the referral prescription."/>
      <exampleBoolean value="false"/>
    </resource>
    <resource>
      <extension url="http://hl7.org/fhir/tools/StructureDefinition/resource-information">
        <valueString value="CodeSystem"/>
      </extension>
      <reference>
        <reference value="CodeSystem/be-communication-code"/>
      </reference>
      <name value="BeCommunicationCode"/>
      <description value="Communication codes in Belgium. To define a specific method of communicating. Initially defined as supporting CodeSystem for the referral prescription."/>
      <exampleBoolean value="false"/>
    </resource>
    <resource>
      <extension url="http://hl7.org/fhir/tools/StructureDefinition/resource-information">
        <valueString value="CodeSystem"/>
      </extension>
      <reference>
        <reference value="CodeSystem/be-contrastfluid-use"/>
      </reference>
      <name value="BeContrastFluidUse"/>
      <description value="Whether use of contrast fluid should be considered."/>
      <exampleBoolean value="false"/>
    </resource>
    <resource>
      <extension url="http://hl7.org/fhir/tools/StructureDefinition/resource-information">
        <valueString value="CodeSystem"/>
      </extension>
      <reference>
        <reference value="CodeSystem/codesystem-be-digestive-system-care"/>
      </reference>
      <name value="BeDigestiveSystemCare"/>
      <description value="Nursing codes in Belgium. To define details in nursing activities for the digestive system care category. Initially defined as supporting CodeSystem for the referral prescription."/>
      <exampleBoolean value="false"/>
    </resource>
    <resource>
      <extension url="http://hl7.org/fhir/tools/StructureDefinition/resource-information">
        <valueString value="CodeSystem"/>
      </extension>
      <reference>
        <reference value="CodeSystem/be-nursing-medication-category"/>
      </reference>
      <name value="BeNursingMedicationCategory"/>
      <description value="Nursing codes in Belgium. To define details in nursing activities for the medication category. Initially defined as supporting CodeSystem for the referral prescription."/>
      <exampleBoolean value="false"/>
    </resource>
    <resource>
      <extension url="http://hl7.org/fhir/tools/StructureDefinition/resource-information">
        <valueString value="CodeSystem"/>
      </extension>
      <reference>
        <reference value="CodeSystem/be-nursing-medication-injection"/>
      </reference>
      <name value="BeNursingMedicationInjection"/>
      <description value="Nursing codes in Belgium. To define details in nursing activities for the medication injection category. Initially defined as supporting CodeSystem for the referral prescription."/>
      <exampleBoolean value="false"/>
    </resource>
    <resource>
      <extension url="http://hl7.org/fhir/tools/StructureDefinition/resource-information">
        <valueString value="CodeSystem"/>
      </extension>
      <reference>
        <reference value="CodeSystem/be-nursing-medication-percutaneous"/>
      </reference>
      <name value="BeNursingMedicationPercutaneous"/>
      <description value="Nursing codes in Belgium. To define details in nursing activities for the medication percutaneous category. Initially defined as supporting CodeSystem for the referral prescription."/>
      <exampleBoolean value="false"/>
    </resource>
    <resource>
      <extension url="http://hl7.org/fhir/tools/StructureDefinition/resource-information">
        <valueString value="CodeSystem"/>
      </extension>
      <reference>
        <reference value="CodeSystem/be-nursing-medication-perfusion"/>
      </reference>
      <name value="BeNursingMedicationPerfusion"/>
      <description value="Nursing codes in Belgium. To define details in nursing activities for the medication perfusion category. Initially defined as supporting CodeSystem for the referral prescription."/>
      <exampleBoolean value="false"/>
    </resource>
    <resource>
      <extension url="http://hl7.org/fhir/tools/StructureDefinition/resource-information">
        <valueString value="CodeSystem"/>
      </extension>
      <reference>
        <reference value="CodeSystem/be-status-reason"/>
      </reference>
      <name value="BeStatusReason"/>
      <description value="Status reason in Belgium. Initially defined as supporting CodeSystem for the referral prescription."/>
      <exampleBoolean value="false"/>
    </resource>
    <resource>
      <extension url="http://hl7.org/fhir/tools/StructureDefinition/resource-information">
        <valueString value="CodeSystem"/>
      </extension>
      <reference>
        <reference value="CodeSystem/codesystem-be-type-of-bladder-care"/>
      </reference>
      <name value="BeBladderCareType"/>
      <description value="Nursing codes in Belgium. To define details in nursing activities for the bladder care category. Initially defined as supporting CodeSystem for the referral prescription."/>
      <exampleBoolean value="false"/>
    </resource>
    <resource>
      <extension url="http://hl7.org/fhir/tools/StructureDefinition/resource-information">
        <valueString value="NamingSystem"/>
      </extension>
      <reference>
        <reference value="NamingSystem/be-ns-uhmep"/>
      </reference>
      <name value="BeUnadressedHealthMessageExchangePlatform"/>
      <description value="UHMEP naming system"/>
      <exampleBoolean value="false"/>
    </resource>
    <resource>
      <extension url="http://hl7.org/fhir/tools/StructureDefinition/resource-information">
        <valueString value="ValueSet"/>
      </extension>
      <reference>
        <reference value="ValueSet/be-vs-communication-method"/>
      </reference>
      <name value="BeCommunicationMethod"/>
      <description value="Codes to define a communication method."/>
      <exampleBoolean value="false"/>
    </resource>
    <resource>
      <extension url="http://hl7.org/fhir/tools/StructureDefinition/resource-information">
        <valueString value="ValueSet"/>
      </extension>
      <reference>
        <reference value="ValueSet/be-vs-contrastfluid-use"/>
      </reference>
      <name value="BeContrastFluidUse"/>
      <description value="Codes to define the use of contrast fluid."/>
      <exampleBoolean value="false"/>
    </resource>
    <resource>
      <extension url="http://hl7.org/fhir/tools/StructureDefinition/resource-information">
        <valueString value="ValueSet"/>
      </extension>
      <reference>
        <reference value="ValueSet/be-vs-digestive-system-care"/>
      </reference>
      <name value="BeDigestiveSystemCare"/>
      <description value="Codes to define digestive system care"/>
      <exampleBoolean value="false"/>
    </resource>
    <resource>
      <extension url="http://hl7.org/fhir/tools/StructureDefinition/resource-information">
        <valueString value="ValueSet"/>
      </extension>
      <reference>
        <reference value="ValueSet/be-vs-nursing-medication-category"/>
      </reference>
      <name value="BeNursingMedicationCategory"/>
      <description value="Codes to define a type of nursing medication category."/>
      <exampleBoolean value="false"/>
    </resource>
    <resource>
      <extension url="http://hl7.org/fhir/tools/StructureDefinition/resource-information">
        <valueString value="ValueSet"/>
      </extension>
      <reference>
        <reference value="ValueSet/be-vs-nursing-medication-injection"/>
      </reference>
      <name value="BeNursingMedicationInjection"/>
      <description value="Codes to define a type of nursing medication injection."/>
      <exampleBoolean value="false"/>
    </resource>
    <resource>
      <extension url="http://hl7.org/fhir/tools/StructureDefinition/resource-information">
        <valueString value="ValueSet"/>
      </extension>
      <reference>
        <reference value="ValueSet/be-vs-nursing-medication-other"/>
      </reference>
      <name value="BeNursingMedicationOther"/>
      <description value="Codes to define a type of nursing medication other."/>
      <exampleBoolean value="false"/>
    </resource>
    <resource>
      <extension url="http://hl7.org/fhir/tools/StructureDefinition/resource-information">
        <valueString value="ValueSet"/>
      </extension>
      <reference>
        <reference value="ValueSet/be-vs-nursing-medication-percutaneous"/>
      </reference>
      <name value="BeNursingMedicationPercutaneous"/>
      <description value="Codes to define a type of nursing medication percutaneous."/>
      <exampleBoolean value="false"/>
    </resource>
    <resource>
      <extension url="http://hl7.org/fhir/tools/StructureDefinition/resource-information">
        <valueString value="ValueSet"/>
      </extension>
      <reference>
        <reference value="ValueSet/be-vs-nursing-medication-perfusion"/>
      </reference>
      <name value="BeNursingMedicationPerfusion"/>
      <description value="Codes to define a type of nursing medication perfusion."/>
      <exampleBoolean value="false"/>
    </resource>
    <resource>
      <extension url="http://hl7.org/fhir/tools/StructureDefinition/resource-information">
        <valueString value="ValueSet"/>
      </extension>
      <reference>
        <reference value="ValueSet/be-vs-reason-referral-status"/>
      </reference>
      <name value="BeReasonReferralStatus"/>
      <description value="Codes to explain the current status of a referral prescription."/>
      <exampleBoolean value="false"/>
    </resource>
    <resource>
      <extension url="http://hl7.org/fhir/tools/StructureDefinition/resource-information">
        <valueString value="ValueSet"/>
      </extension>
      <reference>
        <reference value="ValueSet/be-vs-referral-category"/>
      </reference>
      <name value="BeReferralCategory"/>
      <description value="Codes to define the high level category for a referral prescription. SNOMED-CT codes in this valueset are just a draft proposal to give a general idea - pending an official valueset."/>
      <exampleBoolean value="false"/>
    </resource>
    <resource>
      <extension url="http://hl7.org/fhir/tools/StructureDefinition/resource-information">
        <valueString value="ValueSet"/>
      </extension>
      <reference>
        <reference value="ValueSet/be-vs-type-of-bladder-care"/>
      </reference>
      <name value="BeBladderCareType"/>
      <description value="Codes to define a type of bladder care."/>
      <exampleBoolean value="false"/>
    </resource>
    <resource>
      <extension url="http://hl7.org/fhir/tools/StructureDefinition/resource-information">
        <valueString value="ValueSet"/>
      </extension>
      <reference>
        <reference value="ValueSet/be-vs-type-of-compression"/>
      </reference>
      <name value="BeCompressionType"/>
      <description value="Codes to define a type of compression therapy."/>
      <exampleBoolean value="false"/>
    </resource>
    <resource>
      <extension url="http://hl7.org/fhir/tools/StructureDefinition/resource-information">
        <valueString value="ValueSet"/>
      </extension>
      <reference>
        <reference value="ValueSet/be-vs-type-of-non-reimbursable-nursing"/>
      </reference>
      <name value="BeNonReimbursableNursing"/>
      <description value="Codes to define a type of non reimbursable nursing category."/>
      <exampleBoolean value="false"/>
    </resource>
    <resource>
      <extension url="http://hl7.org/fhir/tools/StructureDefinition/resource-information">
        <valueString value="ValueSet"/>
      </extension>
      <reference>
        <reference value="ValueSet/be-vs-type-of-nursing"/>
      </reference>
      <name value="BeNursingType"/>
      <description value="Codes to define a type of nursing."/>
      <exampleBoolean value="false"/>
    </resource>
    <resource>
      <extension url="http://hl7.org/fhir/tools/StructureDefinition/resource-information">
        <valueString value="ValueSet"/>
      </extension>
      <reference>
        <reference value="ValueSet/be-vs-type-of-other-nursing"/>
      </reference>
      <name value="BeOtherNursing"/>
      <description value="Codes to define a type of other nursing category."/>
      <exampleBoolean value="false"/>
    </resource>
    <resource>
      <extension url="http://hl7.org/fhir/tools/StructureDefinition/resource-information">
        <valueString value="CarePlan"/>
      </extension>
      <reference>
        <reference value="CarePlan/gpvisit"/>
      </reference>
      <name value="gpvisit"/>
      <exampleBoolean value="true"/>
    </resource>
    <resource>
      <extension url="http://hl7.org/fhir/tools/StructureDefinition/resource-information">
        <valueString value="Condition"/>
      </extension>
      <reference>
        <reference value="Condition/condition1"/>
      </reference>
      <name value="condition1"/>
      <exampleBoolean value="true"/>
    </resource>
    <resource>
      <extension url="http://hl7.org/fhir/tools/StructureDefinition/resource-information">
        <valueString value="ServiceRequest"/>
      </extension>
      <reference>
        <reference value="ServiceRequest/diagnostic-imaging-basic-example-concreteWithDetails"/>
      </reference>
      <name value="diagnostic-imaging-basic-example-concreteWithDetails"/>
      <exampleCanonical value="https://www.ehealth.fgov.be/standards/fhir/StructureDefinition/be-referralprescription-diagnosticimaging"/>
    </resource>
    <resource>
      <extension url="http://hl7.org/fhir/tools/StructureDefinition/resource-information">
        <valueString value="ServiceRequest"/>
      </extension>
      <reference>
        <reference value="ServiceRequest/diagnostic-imaging-basic-example-concreteWithText"/>
      </reference>
      <name value="diagnostic-imaging-basic-example-concreteWithText"/>
      <exampleCanonical value="https://www.ehealth.fgov.be/standards/fhir/StructureDefinition/be-referralprescription-diagnosticimaging"/>
    </resource>
    <resource>
      <extension url="http://hl7.org/fhir/tools/StructureDefinition/resource-information">
        <valueString value="ServiceRequest"/>
      </extension>
      <reference>
        <reference value="ServiceRequest/diagnostic-imaging-basic-example-everything-contained"/>
      </reference>
      <name value="diagnostic-imaging-basic-example-everything-contained"/>
      <exampleCanonical value="https://www.ehealth.fgov.be/standards/fhir/StructureDefinition/be-referralprescription-diagnosticimaging"/>
    </resource>
    <resource>
      <extension url="http://hl7.org/fhir/tools/StructureDefinition/resource-information">
        <valueString value="ServiceRequest"/>
      </extension>
      <reference>
        <reference value="ServiceRequest/diagnostic-imaging-basic-example-useOfModality"/>
      </reference>
      <name value="diagnostic-imaging-basic-example-useOfModality"/>
      <exampleCanonical value="https://www.ehealth.fgov.be/standards/fhir/StructureDefinition/be-referralprescription-diagnosticimaging"/>
    </resource>
    <resource>
      <extension url="http://hl7.org/fhir/tools/StructureDefinition/resource-information">
        <valueString value="ServiceRequest"/>
      </extension>
      <reference>
        <reference value="ServiceRequest/laboratory-order-example1"/>
      </reference>
      <name value="laboratory-order-example1"/>
      <exampleCanonical value="https://www.ehealth.fgov.be/standards/fhir/StructureDefinition/be-lab-prescription"/>
    </resource>
    <resource>
      <extension url="http://hl7.org/fhir/tools/StructureDefinition/resource-information">
        <valueString value="Patient"/>
      </extension>
      <reference>
        <reference value="Patient/patient1"/>
      </reference>
      <name value="patient1"/>
      <exampleCanonical value="https://www.ehealth.fgov.be/standards/fhir/StructureDefinition/be-patient"/>
    </resource>
    <resource>
      <extension url="http://hl7.org/fhir/tools/StructureDefinition/resource-information">
        <valueString value="Practitioner"/>
      </extension>
      <reference>
        <reference value="Practitioner/practitioner1"/>
      </reference>
      <name value="practitioner1"/>
      <exampleCanonical value="https://www.ehealth.fgov.be/standards/fhir/StructureDefinition/be-practitioner"/>
    </resource>
    <resource>
      <extension url="http://hl7.org/fhir/tools/StructureDefinition/resource-information">
        <valueString value="Practitioner"/>
      </extension>
      <reference>
        <reference value="Practitioner/practitioner2"/>
      </reference>
      <name value="practitioner2"/>
      <exampleCanonical value="https://www.ehealth.fgov.be/standards/fhir/StructureDefinition/be-practitioner"/>
    </resource>
    <resource>
      <extension url="http://hl7.org/fhir/tools/StructureDefinition/resource-information">
        <valueString value="ServiceRequest"/>
      </extension>
      <reference>
        <reference value="ServiceRequest/referralprescription-nursing-example2-digestive-system-care"/>
      </reference>
      <name value="referralprescription-nursing-example2-digestive-system-care"/>
      <exampleCanonical value="https://www.ehealth.fgov.be/standards/fhir/StructureDefinition/be-referralprescription-nursing-digestive-system-care"/>
    </resource>
    <resource>
      <extension url="http://hl7.org/fhir/tools/StructureDefinition/resource-information">
        <valueString value="ServiceRequest"/>
      </extension>
      <reference>
        <reference value="ServiceRequest/referralprescription-nursing-example3-compression-therapy"/>
      </reference>
      <name value="referralprescription-nursing-example3-compression-therapy"/>
      <exampleCanonical value="https://www.ehealth.fgov.be/standards/fhir/StructureDefinition/be-referralprescription-nursing-compressiontherapy"/>
    </resource>
    <resource>
      <extension url="http://hl7.org/fhir/tools/StructureDefinition/resource-information">
        <valueString value="ServiceRequest"/>
      </extension>
      <reference>
        <reference value="ServiceRequest/referralprescription-nursing-example5-digestive-system-care"/>
      </reference>
      <name value="referralprescription-nursing-example5-digestive-system-care"/>
      <exampleCanonical value="https://www.ehealth.fgov.be/standards/fhir/StructureDefinition/be-referralprescription-nursing-digestive-system-care"/>
    </resource>
    <resource>
      <extension url="http://hl7.org/fhir/tools/StructureDefinition/resource-information">
        <valueString value="ServiceRequest"/>
      </extension>
      <reference>
        <reference value="ServiceRequest/referralprescription-nursing-example6-compression-therapy"/>
      </reference>
      <name value="referralprescription-nursing-example6-compression-therapy"/>
      <exampleCanonical value="https://www.ehealth.fgov.be/standards/fhir/StructureDefinition/be-referralprescription-nursing-compressiontherapy"/>
    </resource>
    <page>
      <nameUrl value="toc.html"/>
      <title value="Table of Contents"/>
      <generation value="html"/>
      <page>
        <nameUrl value="index.html"/>
        <title value="Home"/>
        <generation value="html"/>
      </page>
      <page>
        <nameUrl value="downloads.html"/>
        <title value="Downloads"/>
        <generation value="markdown"/>
      </page>
      <page>
        <nameUrl value="guidance.html"/>
        <title value="Guidance"/>
        <generation value="html"/>
      </page>
      <page>
        <nameUrl value="howto.html"/>
        <title value="Howto"/>
        <generation value="markdown"/>
      </page>
      <page>
        <nameUrl value="logical-models.html"/>
        <title value="Logical Models"/>
        <generation value="markdown"/>
      </page>
      <page>
        <nameUrl value="openapi.html"/>
        <title value="Openapi"/>
        <generation value="markdown"/>
      </page>
      <page>
        <nameUrl value="privacy.html"/>
        <title value="Privacy"/>
        <generation value="markdown"/>
      </page>
      <page>
        <nameUrl value="security.html"/>
        <title value="Security"/>
        <generation value="markdown"/>
      </page>
      <page>
        <nameUrl value="standardsstatus.html"/>
        <title value="Standardsstatus"/>
        <generation value="markdown"/>
      </page>
      <page>
        <nameUrl value="terminology.html"/>
        <title value="Terminology"/>
        <generation value="markdown"/>
      </page>
      <page>
        <nameUrl value="testdata.html"/>
        <title value="Testdata"/>
        <generation value="markdown"/>
      </page>
      <page>
        <nameUrl value="testservers.html"/>
        <title value="Testservers"/>
        <generation value="markdown"/>
      </page>
      <page>
        <nameUrl value="usecases.html"/>
        <title value="Usecases"/>
        <generation value="markdown"/>
      </page>
    </page>
    <parameter>
      <code value="path-resource"/>
      <value value="input/capabilities"/>
    </parameter>
    <parameter>
      <code value="path-resource"/>
      <value value="input/examples"/>
    </parameter>
    <parameter>
      <code value="path-resource"/>
      <value value="input/extensions"/>
    </parameter>
    <parameter>
      <code value="path-resource"/>
      <value value="input/models"/>
    </parameter>
    <parameter>
      <code value="path-resource"/>
      <value value="input/operations"/>
    </parameter>
    <parameter>
      <code value="path-resource"/>
      <value value="input/profiles"/>
    </parameter>
    <parameter>
      <code value="path-resource"/>
      <value value="input/resources"/>
    </parameter>
    <parameter>
      <code value="path-resource"/>
      <value value="input/vocabulary"/>
    </parameter>
    <parameter>
      <code value="path-resource"/>
      <value value="input/maps"/>
    </parameter>
    <parameter>
      <code value="path-resource"/>
      <value value="input/testing"/>
    </parameter>
    <parameter>
      <code value="path-resource"/>
      <value value="input/history"/>
    </parameter>
    <parameter>
      <code value="path-resource"/>
      <value value="fsh-generated/resources"/>
    </parameter>
    <parameter>
      <code value="path-pages"/>
      <value value="template/config"/>
    </parameter>
    <parameter>
      <code value="path-pages"/>
      <value value="input/images"/>
    </parameter>
    <parameter>
      <code value="path-tx-cache"/>
      <value value="input-cache/txcache"/>
    </parameter>
  </definition>
</ImplementationGuide>