<?xml version="1.0" encoding="UTF-8"?>

<ImplementationGuide xmlns="http://hl7.org/fhir">
  <id value="hl7.fhir.be.referral"/>
  <text>
    <status value="extensions"/><div xmlns="http://www.w3.org/1999/xhtml"><h2>HL7BEReferralPrescriptionWGImplementationGuideworkinprogress</h2><p>The official URL for this implementation guide is: </p><pre>https://www.ehealth.fgov.be/standards/fhir/referral/ImplementationGuide/hl7.fhir.be.referral</pre></div>
  </text>
  <url value="https://www.ehealth.fgov.be/standards/fhir/referral/ImplementationGuide/hl7.fhir.be.referral"/>
  <version value="0.2.0"/>
  <name value="HL7BEReferralPrescriptionWGImplementationGuideworkinprogress"/>
  <title value="HL7 BE Referral Prescription WG Implementation Guide (work in progress)"/>
  <status value="draft"/>
  <date value="2022-09-26T12:48:08+00:00"/>
  <packageId value="hl7.fhir.be.referral"/>
  <license value="CC0-1.0"/>
  <fhirVersion value="4.0.1"/>
  <dependsOn id="hl7tx">
    <uri value="http://terminology.hl7.org/ImplementationGuide/hl7.terminology"/>
    <packageId value="hl7.terminology.r4"/>
    <version value="4.0.0"/>
  </dependsOn>
  <dependsOn id="hl7_fhir_be_core">
    <uri value="https://www.ehealth.fgov.be/standards/fhir/core/ImplementationGuide/hl7.fhir.be.core"/>
    <packageId value="hl7.fhir.be.core"/>
    <version value="2.0.1"/>
  </dependsOn>
  <dependsOn id="hl7_fhir_be_medication">
    <uri value="https://www.ehealth.fgov.be/standards/fhir/medication/ImplementationGuide/hl7.fhir.be.medication"/>
    <packageId value="hl7.fhir.be.medication"/>
    <version value="1.0.0"/>
  </dependsOn>
  <dependsOn id="hl7_fhir_be_core_clinical">
    <uri value="https://www.ehealth.fgov.be/standards/fhir/core-clinical/ImplementationGuide/hl7.fhir.be.core-clinical"/>
    <packageId value="hl7.fhir.be.core-clinical"/>
    <version value="1.0.0"/>
  </dependsOn>
  <dependsOn id="hl7_fhir_be_allergy">
    <uri value="https://www.ehealth.fgov.be/standards/fhir/allergy/ImplementationGuide/hl7.fhir.be.allergy"/>
    <packageId value="hl7.fhir.be.allergy"/>
    <version value="1.0.1"/>
  </dependsOn>
  <definition>
    <extension url="http://hl7.org/fhir/tools/StructureDefinition/ig-parameter">
      <extension url="code">
        <valueString value="copyrightyear"/>
      </extension>
      <extension url="value">
        <valueString value="2022+"/>
      </extension>
    </extension>
    <extension url="http://hl7.org/fhir/tools/StructureDefinition/ig-parameter">
      <extension url="code">
        <valueString value="releaselabel"/>
      </extension>
      <extension url="value">
        <valueString value="STU"/>
      </extension>
    </extension>
    <extension url="http://hl7.org/fhir/tools/StructureDefinition/ig-parameter">
      <extension url="code">
        <valueString value="path-liquid"/>
      </extension>
      <extension url="value">
        <valueString value="template/liquid"/>
      </extension>
    </extension>
    <extension url="http://hl7.org/fhir/tools/StructureDefinition/ig-parameter">
      <extension url="code">
        <valueString value="path-liquid"/>
      </extension>
      <extension url="value">
        <valueString value="input/liquid"/>
      </extension>
    </extension>
    <extension url="http://hl7.org/fhir/tools/StructureDefinition/ig-parameter">
      <extension url="code">
        <valueString value="path-qa"/>
      </extension>
      <extension url="value">
        <valueString value="temp/qa"/>
      </extension>
    </extension>
    <extension url="http://hl7.org/fhir/tools/StructureDefinition/ig-parameter">
      <extension url="code">
        <valueString value="path-temp"/>
      </extension>
      <extension url="value">
        <valueString value="temp/pages"/>
      </extension>
    </extension>
    <extension url="http://hl7.org/fhir/tools/StructureDefinition/ig-parameter">
      <extension url="code">
        <valueString value="path-output"/>
      </extension>
      <extension url="value">
        <valueString value="output"/>
      </extension>
    </extension>
    <extension url="http://hl7.org/fhir/tools/StructureDefinition/ig-parameter">
      <extension url="code">
        <valueString value="path-suppressed-warnings"/>
      </extension>
      <extension url="value">
        <valueString value="input/ignoreWarnings.txt"/>
      </extension>
    </extension>
    <extension url="http://hl7.org/fhir/tools/StructureDefinition/ig-parameter">
      <extension url="code">
        <valueString value="path-history"/>
      </extension>
      <extension url="value">
        <valueString value="https://www.ehealth.fgov.be/standards/fhir/referral/history.html"/>
      </extension>
    </extension>
    <extension url="http://hl7.org/fhir/tools/StructureDefinition/ig-parameter">
      <extension url="code">
        <valueString value="template-html"/>
      </extension>
      <extension url="value">
        <valueString value="template-page.html"/>
      </extension>
    </extension>
    <extension url="http://hl7.org/fhir/tools/StructureDefinition/ig-parameter">
      <extension url="code">
        <valueString value="template-md"/>
      </extension>
      <extension url="value">
        <valueString value="template-page-md.html"/>
      </extension>
    </extension>
    <extension url="http://hl7.org/fhir/tools/StructureDefinition/ig-parameter">
      <extension url="code">
        <valueString value="apply-contact"/>
      </extension>
      <extension url="value">
        <valueString value="true"/>
      </extension>
    </extension>
    <extension url="http://hl7.org/fhir/tools/StructureDefinition/ig-parameter">
      <extension url="code">
        <valueString value="apply-context"/>
      </extension>
      <extension url="value">
        <valueString value="true"/>
      </extension>
    </extension>
    <extension url="http://hl7.org/fhir/tools/StructureDefinition/ig-parameter">
      <extension url="code">
        <valueString value="apply-copyright"/>
      </extension>
      <extension url="value">
        <valueString value="true"/>
      </extension>
    </extension>
    <extension url="http://hl7.org/fhir/tools/StructureDefinition/ig-parameter">
      <extension url="code">
        <valueString value="apply-jurisdiction"/>
      </extension>
      <extension url="value">
        <valueString value="true"/>
      </extension>
    </extension>
    <extension url="http://hl7.org/fhir/tools/StructureDefinition/ig-parameter">
      <extension url="code">
        <valueString value="apply-license"/>
      </extension>
      <extension url="value">
        <valueString value="true"/>
      </extension>
    </extension>
    <extension url="http://hl7.org/fhir/tools/StructureDefinition/ig-parameter">
      <extension url="code">
        <valueString value="apply-publisher"/>
      </extension>
      <extension url="value">
        <valueString value="true"/>
      </extension>
    </extension>
    <extension url="http://hl7.org/fhir/tools/StructureDefinition/ig-parameter">
      <extension url="code">
        <valueString value="apply-version"/>
      </extension>
      <extension url="value">
        <valueString value="true"/>
      </extension>
    </extension>
    <extension url="http://hl7.org/fhir/tools/StructureDefinition/ig-parameter">
      <extension url="code">
        <valueString value="active-tables"/>
      </extension>
      <extension url="value">
        <valueString value="true"/>
      </extension>
    </extension>
    <extension url="http://hl7.org/fhir/tools/StructureDefinition/ig-parameter">
      <extension url="code">
        <valueString value="fmm-definition"/>
      </extension>
      <extension url="value">
        <valueString value="http://hl7.org/fhir/versions.html#maturity"/>
      </extension>
    </extension>
    <extension url="http://hl7.org/fhir/tools/StructureDefinition/ig-parameter">
      <extension url="code">
        <valueString value="propagate-status"/>
      </extension>
      <extension url="value">
        <valueString value="true"/>
      </extension>
    </extension>
    <extension url="http://hl7.org/fhir/tools/StructureDefinition/ig-parameter">
      <extension url="code">
        <valueString value="excludelogbinaryformat"/>
      </extension>
      <extension url="value">
        <valueString value="true"/>
      </extension>
    </extension>
    <resource>
      <extension url="http://hl7.org/fhir/tools/StructureDefinition/resource-information">
        <valueString value="StructureDefinition:resource"/>
      </extension>
      <reference>
        <reference value="StructureDefinition/be-lab-prescription"/>
      </reference>
      <name value="BeLabPrescription"/>
      <description value="This is the Belgian profile for a laboratory order."/>
      <exampleBoolean value="false"/>
    </resource>
    <resource>
      <extension url="http://hl7.org/fhir/tools/StructureDefinition/resource-information">
        <valueString value="StructureDefinition:resource"/>
      </extension>
      <reference>
        <reference value="StructureDefinition/be-performer-task"/>
      </reference>
      <name value="BePerformerTask"/>
      <description value="Subtask performed by one performer"/>
      <exampleBoolean value="false"/>
    </resource>
    <resource>
      <extension url="http://hl7.org/fhir/tools/StructureDefinition/resource-information">
        <valueString value="StructureDefinition:resource"/>
      </extension>
      <reference>
        <reference value="StructureDefinition/be-referralprescription"/>
      </reference>
      <name value="BeReferralPrescription"/>
      <description value="The common structure for referral prescription."/>
      <exampleBoolean value="false"/>
    </resource>
    <resource>
      <extension url="http://hl7.org/fhir/tools/StructureDefinition/resource-information">
        <valueString value="StructureDefinition:resource"/>
      </extension>
      <reference>
        <reference value="StructureDefinition/be-referralprescription-diagnosticimaging"/>
      </reference>
      <name value="BeReferralPrescriptionDiagnosticImaging"/>
      <description value="Referral prescription for a generic diagnostic imaging.&#xA;Please note in .orderDetail, a specific slicing is available to give guidance how to express acquisition modalities if needed. In future iterations of this profile, more slicing might provide additional guidance."/>
      <exampleBoolean value="false"/>
    </resource>
    <resource>
      <extension url="http://hl7.org/fhir/tools/StructureDefinition/resource-information">
        <valueString value="StructureDefinition:resource"/>
      </extension>
      <reference>
        <reference value="StructureDefinition/be-referralprescription-nursing"/>
      </reference>
      <name value="BeReferralPrescriptionNursing"/>
      <description value="The nursing profile, generic version. Please note the nursing referral for medication does NOT depend on this generic version but is a FHIR prodfile on a different FHIR resource (MedicationRequest)"/>
      <exampleBoolean value="false"/>
    </resource>
    <resource>
      <extension url="http://hl7.org/fhir/tools/StructureDefinition/resource-information">
        <valueString value="StructureDefinition:resource"/>
      </extension>
      <reference>
        <reference value="StructureDefinition/be-referralprescription-nursing-gen-medication"/>
      </reference>
      <name value="BeReferralPrescriptionNursingGenMedication"/>
      <description value="The nursing profile specialized for medication. Note this profile is based on the FHIR resource MedicationRequest. Dosage is expected initially to be given in the corresponding text and optional site fields (as per the NIHDI requirements)."/>
      <exampleBoolean value="false"/>
    </resource>
    <resource>
      <extension url="http://hl7.org/fhir/tools/StructureDefinition/resource-information">
        <valueString value="StructureDefinition:resource"/>
      </extension>
      <reference>
        <reference value="StructureDefinition/be-referral-task"/>
      </reference>
      <name value="BeReferralTask"/>
      <description value="The task that is referred to in the referral prescription"/>
      <exampleBoolean value="false"/>
    </resource>
    <resource>
      <extension url="http://hl7.org/fhir/tools/StructureDefinition/resource-information">
        <valueString value="StructureDefinition:extension"/>
      </extension>
      <reference>
        <reference value="StructureDefinition/be-co-prescriber"/>
      </reference>
      <name value="BeCoPrescriber"/>
      <description value="Other practitioners that must take part in this prescripiton"/>
      <exampleBoolean value="false"/>
    </resource>
    <resource>
      <extension url="http://hl7.org/fhir/tools/StructureDefinition/resource-information">
        <valueString value="StructureDefinition:extension"/>
      </extension>
      <reference>
        <reference value="StructureDefinition/be-co-prescriber-info"/>
      </reference>
      <name value="BeCoPrescriberInfo"/>
      <description value="Info about the other practitioners that must take part in this prescripiton"/>
      <exampleBoolean value="false"/>
    </resource>
    <resource>
      <extension url="http://hl7.org/fhir/tools/StructureDefinition/resource-information">
        <valueString value="StructureDefinition:extension"/>
      </extension>
      <reference>
        <reference value="StructureDefinition/be-ext-contraindication"/>
      </reference>
      <name value="BeContraindication"/>
      <description value="Contra indication in a prescription referral for diagnostic imaging."/>
      <exampleBoolean value="false"/>
    </resource>
    <resource>
      <extension url="http://hl7.org/fhir/tools/StructureDefinition/resource-information">
        <valueString value="StructureDefinition:extension"/>
      </extension>
      <reference>
        <reference value="StructureDefinition/be-ext-contrastfluiduse"/>
      </reference>
      <name value="BeContrastFluidUse"/>
      <description value="Whether the use of contrast fluid in diagnostic imaging can be defined as 'If necessary' or 'Not permitted.'"/>
      <exampleBoolean value="false"/>
    </resource>
    <resource>
      <extension url="http://hl7.org/fhir/tools/StructureDefinition/resource-information">
        <valueString value="StructureDefinition:extension"/>
      </extension>
      <reference>
        <reference value="StructureDefinition/be-ext-execution-period"/>
      </reference>
      <name value="BeExecutionPeriod"/>
      <description value="Begin and enddate of the execution of the request"/>
      <exampleBoolean value="false"/>
    </resource>
    <resource>
      <extension url="http://hl7.org/fhir/tools/StructureDefinition/resource-information">
        <valueString value="StructureDefinition:extension"/>
      </extension>
      <reference>
        <reference value="StructureDefinition/be-ext-feedback-to-prescriber"/>
      </reference>
      <name value="BeFeedbackToPrescriber"/>
      <description value="Does the prescriber request feedback?"/>
      <exampleBoolean value="false"/>
    </resource>
    <resource>
      <extension url="http://hl7.org/fhir/tools/StructureDefinition/resource-information">
        <valueString value="StructureDefinition:extension"/>
      </extension>
      <reference>
        <reference value="StructureDefinition/be-ext-inform-party"/>
      </reference>
      <name value="BeInformParty"/>
      <description value="Extra parties that need to be informed of the outcome, besides the prescriber."/>
      <exampleBoolean value="false"/>
    </resource>
    <resource>
      <extension url="http://hl7.org/fhir/tools/StructureDefinition/resource-information">
        <valueString value="StructureDefinition:extension"/>
      </extension>
      <reference>
        <reference value="StructureDefinition/be-ext-latest-draft-date"/>
      </reference>
      <name value="BeLatestDraftDate"/>
      <description value="Request must leave draft status before"/>
      <exampleBoolean value="false"/>
    </resource>
    <resource>
      <extension url="http://hl7.org/fhir/tools/StructureDefinition/resource-information">
        <valueString value="StructureDefinition:extension"/>
      </extension>
      <reference>
        <reference value="StructureDefinition/be-ext-latest-end-date"/>
      </reference>
      <name value="BeLatestEndDate"/>
      <description value="Request must be performed before"/>
      <exampleBoolean value="false"/>
    </resource>
    <resource>
      <extension url="http://hl7.org/fhir/tools/StructureDefinition/resource-information">
        <valueString value="StructureDefinition:extension"/>
      </extension>
      <reference>
        <reference value="StructureDefinition/be-ext-pss-info"/>
      </reference>
      <name value="BePSSInfo"/>
      <description value="Information regarding the Prescription Search Support"/>
      <exampleBoolean value="false"/>
    </resource>
    <resource>
      <extension url="http://hl7.org/fhir/tools/StructureDefinition/resource-information">
        <valueString value="StructureDefinition:extension"/>
      </extension>
      <reference>
        <reference value="StructureDefinition/be-ext-Performer-reference"/>
      </reference>
      <name value="BePerformerReference"/>
      <description value="BePerformerReference"/>
      <exampleBoolean value="false"/>
    </resource>
    <resource>
      <extension url="http://hl7.org/fhir/tools/StructureDefinition/resource-information">
        <valueString value="StructureDefinition:extension"/>
      </extension>
      <reference>
        <reference value="StructureDefinition/be-ext-performer-task-reference"/>
      </reference>
      <name value="BePerformerTaskReference"/>
      <description value="BePerformerTaskReference"/>
      <exampleBoolean value="false"/>
    </resource>
    <resource>
      <extension url="http://hl7.org/fhir/tools/StructureDefinition/resource-information">
        <valueString value="StructureDefinition:extension"/>
      </extension>
      <reference>
        <reference value="StructureDefinition/be-ext-proposal-type"/>
      </reference>
      <name value="BeProposalType"/>
      <description value="Type of proposal"/>
      <exampleBoolean value="false"/>
    </resource>
    <resource>
      <extension url="http://hl7.org/fhir/tools/StructureDefinition/resource-information">
        <valueString value="StructureDefinition:extension"/>
      </extension>
      <reference>
        <reference value="StructureDefinition/be-ext-supporting-info"/>
      </reference>
      <name value="BeSupportingInfo"/>
      <description value="Relevant clinical information in the context of this prescription concerning for example allergies, kidney function, diabetic. This extension allows the use of an Annotation or codeableConcept but when more detailed information can be given, it is RECOMMENDED to express it as structured as possible using the appropriate elements."/>
      <exampleBoolean value="false"/>
    </resource>
    <resource>
      <extension url="http://hl7.org/fhir/tools/StructureDefinition/resource-information">
        <valueString value="StructureDefinition:extension"/>
      </extension>
      <reference>
        <reference value="StructureDefinition/be-ext-task-reference"/>
      </reference>
      <name value="BeTaskReference"/>
      <description value="BeTaskReference"/>
      <exampleBoolean value="false"/>
    </resource>
    <resource>
      <extension url="http://hl7.org/fhir/tools/StructureDefinition/resource-information">
        <valueString value="StructureDefinition:extension"/>
      </extension>
      <reference>
        <reference value="StructureDefinition/be-ext-urgent-communication"/>
      </reference>
      <name value="BeUrgentCommunication"/>
      <description value="When there is a need to urgently communicate results of an order."/>
      <exampleBoolean value="false"/>
    </resource>
    <resource>
      <extension url="http://hl7.org/fhir/tools/StructureDefinition/resource-information">
        <valueString value="StructureDefinition:extension"/>
      </extension>
      <reference>
        <reference value="StructureDefinition/be-ext-validity-period"/>
      </reference>
      <name value="BeValidityPeriod"/>
      <description value="Begin and enddate of the validity of the request"/>
      <exampleBoolean value="false"/>
    </resource>
    <resource>
      <extension url="http://hl7.org/fhir/tools/StructureDefinition/resource-information">
        <valueString value="StructureDefinition:logical"/>
      </extension>
      <reference>
        <reference value="StructureDefinition/be-model-diagnosticimagingprescription"/>
      </reference>
      <name value="BeDiagnosticImagingPrescription"/>
      <description value="Logical model describing the model for the diagnostic imaging prescription. This draft is used in the HL7 Belgian workgroup for referral."/>
      <exampleBoolean value="false"/>
    </resource>
    <resource>
      <extension url="http://hl7.org/fhir/tools/StructureDefinition/resource-information">
        <valueString value="StructureDefinition:logical"/>
      </extension>
      <reference>
        <reference value="StructureDefinition/be-model-laboratoryprescription"/>
      </reference>
      <name value="BeLaboratoryPrescription"/>
      <description value="Logical model describing the model for the prescription laboratory. This draft is used in the HL7 Belgian workgroup for laboratory."/>
      <exampleBoolean value="false"/>
    </resource>
    <resource>
      <extension url="http://hl7.org/fhir/tools/StructureDefinition/resource-information">
        <valueString value="StructureDefinition:logical"/>
      </extension>
      <reference>
        <reference value="StructureDefinition/be-model-nursingprescription"/>
      </reference>
      <name value="BeModelNursingPrescription"/>
      <exampleBoolean value="false"/>
    </resource>
    <resource>
      <extension url="http://hl7.org/fhir/tools/StructureDefinition/resource-information">
        <valueString value="StructureDefinition:logical"/>
      </extension>
      <reference>
        <reference value="StructureDefinition/be-model-referralprescription"/>
      </reference>
      <name value="BeModelReferralPrescription"/>
      <description value="Logical model describing the model for the prescription referral. This draft is used in the HL7 Belgian workgroup for referral."/>
      <exampleBoolean value="false"/>
    </resource>
    <resource>
      <extension url="http://hl7.org/fhir/tools/StructureDefinition/resource-information">
        <valueString value="StructureDefinition:logical"/>
      </extension>
      <reference>
        <reference value="StructureDefinition/be-model-physiotherapyprescription"/>
      </reference>
      <name value="BePhysiotherapyPrescription"/>
      <exampleBoolean value="false"/>
    </resource>
    <resource>
      <extension url="http://hl7.org/fhir/tools/StructureDefinition/resource-information">
        <valueString value="ValueSet"/>
      </extension>
      <reference>
        <reference value="ValueSet/be-vs-co-prescription-status"/>
      </reference>
      <name value="BeCoPrescriptionStatus"/>
      <description value="This is the status of the prescription for the coprescriber"/>
      <exampleBoolean value="false"/>
    </resource>
    <resource>
      <extension url="http://hl7.org/fhir/tools/StructureDefinition/resource-information">
        <valueString value="ValueSet"/>
      </extension>
      <reference>
        <reference value="ValueSet/be-vs-communication-method"/>
      </reference>
      <name value="BeCommunicationMethod"/>
      <description value="Codes to define a communication method."/>
      <exampleBoolean value="false"/>
    </resource>
    <resource>
      <extension url="http://hl7.org/fhir/tools/StructureDefinition/resource-information">
        <valueString value="ValueSet"/>
      </extension>
      <reference>
        <reference value="ValueSet/be-vs-contrastfluid-use"/>
      </reference>
      <name value="BeContrastFluidUse"/>
      <description value="Codes to define the use of contrast fluid."/>
      <exampleBoolean value="false"/>
    </resource>
    <resource>
      <extension url="http://hl7.org/fhir/tools/StructureDefinition/resource-information">
        <valueString value="ValueSet"/>
      </extension>
      <reference>
        <reference value="ValueSet/be-vs-type-of-nursing"/>
      </reference>
      <name value="BeNursingType"/>
      <description value="Codes to define a type of nursing."/>
      <exampleBoolean value="false"/>
    </resource>
    <resource>
      <extension url="http://hl7.org/fhir/tools/StructureDefinition/resource-information">
        <valueString value="ValueSet"/>
      </extension>
      <reference>
        <reference value="ValueSet/be-vs-prescription-status-reason"/>
      </reference>
      <name value="BeVSPrescriptionStatusReason"/>
      <description value="This is the status reason of the prescription"/>
      <exampleBoolean value="false"/>
    </resource>
    <resource>
      <extension url="http://hl7.org/fhir/tools/StructureDefinition/resource-information">
        <valueString value="ValueSet"/>
      </extension>
      <reference>
        <reference value="ValueSet/be-vs-treatment-status-reason"/>
      </reference>
      <name value="BeVSTreatmentStatusReason"/>
      <description value="Codes to explain the current status of a treatment in a referral prescription."/>
      <exampleBoolean value="false"/>
    </resource>
    <resource>
      <extension url="http://hl7.org/fhir/tools/StructureDefinition/resource-information">
        <valueString value="ValueSet"/>
      </extension>
      <reference>
        <reference value="ValueSet/be-vs-co-prescriber-choice"/>
      </reference>
      <name value="BeVsCoPrescriberChoice"/>
      <exampleBoolean value="false"/>
    </resource>
    <resource>
      <extension url="http://hl7.org/fhir/tools/StructureDefinition/resource-information">
        <valueString value="ValueSet"/>
      </extension>
      <reference>
        <reference value="ValueSet/be-vs-proposal-type"/>
      </reference>
      <name value="BeVsProposalType"/>
      <exampleBoolean value="false"/>
    </resource>
    <resource>
      <extension url="http://hl7.org/fhir/tools/StructureDefinition/resource-information">
        <valueString value="CodeSystem"/>
      </extension>
      <reference>
        <reference value="CodeSystem/be-cs-co-prescriber-choice"/>
      </reference>
      <name value="BeCSCoPrescriberChoice"/>
      <description value="Type of intended performer choice"/>
      <exampleBoolean value="false"/>
    </resource>
    <resource>
      <extension url="http://hl7.org/fhir/tools/StructureDefinition/resource-information">
        <valueString value="CodeSystem"/>
      </extension>
      <reference>
        <reference value="CodeSystem/be-communication-code"/>
      </reference>
      <name value="BeCommunicationCode"/>
      <description value="Communication codes in Belgium. To define a specific method of communicating. Initially defined as supporting CodeSystem for the referral prescription."/>
      <exampleBoolean value="false"/>
    </resource>
    <resource>
      <extension url="http://hl7.org/fhir/tools/StructureDefinition/resource-information">
        <valueString value="CodeSystem"/>
      </extension>
      <reference>
        <reference value="CodeSystem/be-vs-contrastfluid-use"/>
      </reference>
      <name value="BeContrastFluidUse"/>
      <description value="Whether use of contrast fluid should be considered."/>
      <exampleBoolean value="false"/>
    </resource>
    <resource>
      <extension url="http://hl7.org/fhir/tools/StructureDefinition/resource-information">
        <valueString value="CodeSystem"/>
      </extension>
      <reference>
        <reference value="CodeSystem/be-cs-nursing-code"/>
      </reference>
      <name value="BeNursingCode"/>
      <description value="Nursing codes in Belgium. To define a high level in nursing activities. Initially defined as supporting CodeSystem for the referral prescription."/>
      <exampleBoolean value="false"/>
    </resource>
    <resource>
      <extension url="http://hl7.org/fhir/tools/StructureDefinition/resource-information">
        <valueString value="CodeSystem"/>
      </extension>
      <reference>
        <reference value="CodeSystem/be-cs-nursing-code-compressiontherapy"/>
      </reference>
      <name value="BeNursingCodeCompressiontherapy"/>
      <description value="Nursing codes in Belgium. To define details in nursing activities for compression therapy. Initially defined as supporting CodeSystem for the referral prescription."/>
      <exampleBoolean value="false"/>
    </resource>
    <resource>
      <extension url="http://hl7.org/fhir/tools/StructureDefinition/resource-information">
        <valueString value="CodeSystem"/>
      </extension>
      <reference>
        <reference value="CodeSystem/be-prescription-proposal-type"/>
      </reference>
      <name value="BePrescriptionProposalType"/>
      <description value="Prescription Proposal Type. Indicates the type of proposal (new or prolongation) as from the uses cases by NIHDI"/>
      <exampleBoolean value="false"/>
    </resource>
    <resource>
      <extension url="http://hl7.org/fhir/tools/StructureDefinition/resource-information">
        <valueString value="CodeSystem"/>
      </extension>
      <reference>
        <reference value="CodeSystem/be-prescriptionstatus-reason"/>
      </reference>
      <name value="BePrescriptionStatusReason"/>
      <description value="Status reason for the prescription. Initially defined as supporting CodeSystem for the referral prescription."/>
      <exampleBoolean value="false"/>
    </resource>
    <resource>
      <extension url="http://hl7.org/fhir/tools/StructureDefinition/resource-information">
        <valueString value="CodeSystem"/>
      </extension>
      <reference>
        <reference value="CodeSystem/be-treatment-status-reason"/>
      </reference>
      <name value="BeTreatmentStatusReason"/>
      <description value="Status reason for the treatment. Initially defined as supporting CodeSystem for the referral prescription."/>
      <exampleBoolean value="false"/>
    </resource>
    <resource>
      <extension url="http://hl7.org/fhir/tools/StructureDefinition/resource-information">
        <valueString value="Practitioner"/>
      </extension>
      <reference>
        <reference value="Practitioner/Performer1"/>
      </reference>
      <name value="Performer1"/>
      <exampleBoolean value="true"/>
    </resource>
    <resource>
      <extension url="http://hl7.org/fhir/tools/StructureDefinition/resource-information">
        <valueString value="NamingSystem"/>
      </extension>
      <reference>
        <reference value="NamingSystem/be-ns-coronalertcode"/>
      </reference>
      <name value="BeNSCoronalertcode"/>
      <description value="Code as generated by the Coronalert app."/>
      <exampleBoolean value="false"/>
    </resource>
    <resource>
      <extension url="http://hl7.org/fhir/tools/StructureDefinition/resource-information">
        <valueString value="NamingSystem"/>
      </extension>
      <reference>
        <reference value="NamingSystem/be-ns-specimen"/>
      </reference>
      <name value="BeNSSpecimen"/>
      <description value="National identifier for a specimen when needed."/>
      <exampleBoolean value="false"/>
    </resource>
    <resource>
      <extension url="http://hl7.org/fhir/tools/StructureDefinition/resource-information">
        <valueString value="NamingSystem"/>
      </extension>
      <reference>
        <reference value="NamingSystem/be-ns-uhmep"/>
      </reference>
      <name value="BeUnadressedHealthMessageExchangePlatform"/>
      <description value="UHMEP naming system"/>
      <exampleBoolean value="false"/>
    </resource>
    <resource>
      <extension url="http://hl7.org/fhir/tools/StructureDefinition/resource-information">
        <valueString value="OperationDefinition"/>
      </extension>
      <reference>
        <reference value="OperationDefinition/be-op-cancel"/>
      </reference>
      <name value="be-op-cancel"/>
      <description value="Cancel Referral Prescription or Proposal"/>
      <exampleBoolean value="false"/>
    </resource>
    <resource>
      <extension url="http://hl7.org/fhir/tools/StructureDefinition/resource-information">
        <valueString value="ValueSet"/>
      </extension>
      <reference>
        <reference value="ValueSet/be-vs-referral-category"/>
      </reference>
      <name value="BeReferralCategory"/>
      <description value="Codes to define the high level category for a referral prescription. SNOMED-CT codes in this valueset are just a draft proposal to give a general idea - pending an official valueset."/>
      <exampleBoolean value="false"/>
    </resource>
    <resource>
      <extension url="http://hl7.org/fhir/tools/StructureDefinition/resource-information">
        <valueString value="Condition"/>
      </extension>
      <reference>
        <reference value="Condition/condition1"/>
      </reference>
      <name value="condition1"/>
      <exampleBoolean value="true"/>
    </resource>
    <resource>
      <extension url="http://hl7.org/fhir/tools/StructureDefinition/resource-information">
        <valueString value="ServiceRequest"/>
      </extension>
      <reference>
        <reference value="ServiceRequest/diagnostic-imaging-basic-example-concreteWithDetails"/>
      </reference>
      <name value="diagnostic-imaging-basic-example-concreteWithDetails"/>
      <exampleCanonical value="https://www.ehealth.fgov.be/standards/fhir/referral/StructureDefinition/be-referralprescription-diagnosticimaging"/>
    </resource>
    <resource>
      <extension url="http://hl7.org/fhir/tools/StructureDefinition/resource-information">
        <valueString value="ServiceRequest"/>
      </extension>
      <reference>
        <reference value="ServiceRequest/diagnostic-imaging-basic-example-concreteWithText"/>
      </reference>
      <name value="diagnostic-imaging-basic-example-concreteWithText"/>
      <exampleCanonical value="https://www.ehealth.fgov.be/standards/fhir/referral/StructureDefinition/be-referralprescription-diagnosticimaging"/>
    </resource>
    <resource>
      <extension url="http://hl7.org/fhir/tools/StructureDefinition/resource-information">
        <valueString value="ServiceRequest"/>
      </extension>
      <reference>
        <reference value="ServiceRequest/diagnostic-imaging-basic-example-everything-contained"/>
      </reference>
      <name value="diagnostic-imaging-basic-example-everything-contained"/>
      <exampleCanonical value="https://www.ehealth.fgov.be/standards/fhir/referral/StructureDefinition/be-referralprescription-diagnosticimaging"/>
    </resource>
    <resource>
      <extension url="http://hl7.org/fhir/tools/StructureDefinition/resource-information">
        <valueString value="ServiceRequest"/>
      </extension>
      <reference>
        <reference value="ServiceRequest/diagnostic-imaging-basic-example-useOfModality"/>
      </reference>
      <name value="diagnostic-imaging-basic-example-useOfModality"/>
      <exampleCanonical value="https://www.ehealth.fgov.be/standards/fhir/referral/StructureDefinition/be-referralprescription-diagnosticimaging"/>
    </resource>
    <resource>
      <extension url="http://hl7.org/fhir/tools/StructureDefinition/resource-information">
        <valueString value="ServiceRequest"/>
      </extension>
      <reference>
        <reference value="ServiceRequest/example01-care02-colon-cleansing"/>
      </reference>
      <name value="example01-care02-colon-cleansing"/>
      <exampleCanonical value="https://www.ehealth.fgov.be/standards/fhir/referral/StructureDefinition/be-referralprescription-nursing"/>
    </resource>
    <resource>
      <extension url="http://hl7.org/fhir/tools/StructureDefinition/resource-information">
        <valueString value="MedicationRequest"/>
      </extension>
      <reference>
        <reference value="MedicationRequest/example01-care03-referralprescription-nursing-medication"/>
      </reference>
      <name value="example01-care03-referralprescription-nursing-medication"/>
      <exampleCanonical value="https://www.ehealth.fgov.be/standards/fhir/referral/StructureDefinition/be-referralprescription-nursing-gen-medication"/>
    </resource>
    <resource>
      <extension url="http://hl7.org/fhir/tools/StructureDefinition/resource-information">
        <valueString value="ServiceRequest"/>
      </extension>
      <reference>
        <reference value="ServiceRequest/example02-referralprescription-nursing-digestive-system-care"/>
      </reference>
      <name value="example02-referralprescription-nursing-digestive-system-care"/>
      <exampleCanonical value="https://www.ehealth.fgov.be/standards/fhir/referral/StructureDefinition/be-referralprescription-nursing"/>
    </resource>
    <resource>
      <extension url="http://hl7.org/fhir/tools/StructureDefinition/resource-information">
        <valueString value="ServiceRequest"/>
      </extension>
      <reference>
        <reference value="ServiceRequest/example03-referralprescription-nursing-compressiontherapy"/>
      </reference>
      <name value="example03-referralprescription-nursing-compressiontherapy"/>
      <exampleCanonical value="https://www.ehealth.fgov.be/standards/fhir/referral/StructureDefinition/be-referralprescription-nursing"/>
    </resource>
    <resource>
      <extension url="http://hl7.org/fhir/tools/StructureDefinition/resource-information">
        <valueString value="ServiceRequest"/>
      </extension>
      <reference>
        <reference value="ServiceRequest/example04-referralprescription-nursing-bladder-care"/>
      </reference>
      <name value="example04-referralprescription-nursing-bladder-care"/>
      <exampleCanonical value="https://www.ehealth.fgov.be/standards/fhir/referral/StructureDefinition/be-referralprescription-nursing"/>
    </resource>
    <resource>
      <extension url="http://hl7.org/fhir/tools/StructureDefinition/resource-information">
        <valueString value="ServiceRequest"/>
      </extension>
      <reference>
        <reference value="ServiceRequest/example05-referralprescription-nursing-digestive-system-care"/>
      </reference>
      <name value="example05-referralprescription-nursing-digestive-system-care"/>
      <exampleCanonical value="https://www.ehealth.fgov.be/standards/fhir/referral/StructureDefinition/be-referralprescription-nursing"/>
    </resource>
    <resource>
      <extension url="http://hl7.org/fhir/tools/StructureDefinition/resource-information">
        <valueString value="ServiceRequest"/>
      </extension>
      <reference>
        <reference value="ServiceRequest/example06-referralprescription-nursing-compression-therapy"/>
      </reference>
      <name value="example06-referralprescription-nursing-compression-therapy"/>
      <exampleCanonical value="https://www.ehealth.fgov.be/standards/fhir/referral/StructureDefinition/be-referralprescription-nursing"/>
    </resource>
    <resource>
      <extension url="http://hl7.org/fhir/tools/StructureDefinition/resource-information">
        <valueString value="MedicationRequest"/>
      </extension>
      <reference>
        <reference value="MedicationRequest/example07-referralprescription-nursing-medication"/>
      </reference>
      <name value="example07-referralprescription-nursing-medication"/>
      <exampleCanonical value="https://www.ehealth.fgov.be/standards/fhir/referral/StructureDefinition/be-referralprescription-nursing-gen-medication"/>
    </resource>
    <resource>
      <extension url="http://hl7.org/fhir/tools/StructureDefinition/resource-information">
        <valueString value="MedicationRequest"/>
      </extension>
      <reference>
        <reference value="MedicationRequest/example08-referralprescription-nursing-medication"/>
      </reference>
      <name value="example08-referralprescription-nursing-medication"/>
      <exampleCanonical value="https://www.ehealth.fgov.be/standards/fhir/referral/StructureDefinition/be-referralprescription-nursing-gen-medication"/>
    </resource>
    <resource>
      <extension url="http://hl7.org/fhir/tools/StructureDefinition/resource-information">
        <valueString value="ServiceRequest"/>
      </extension>
      <reference>
        <reference value="ServiceRequest/example09-referralprescription-nursing-woundcare"/>
      </reference>
      <name value="example09-referralprescription-nursing-woundcare"/>
      <exampleCanonical value="https://www.ehealth.fgov.be/standards/fhir/referral/StructureDefinition/be-referralprescription-nursing"/>
    </resource>
    <resource>
      <extension url="http://hl7.org/fhir/tools/StructureDefinition/resource-information">
        <valueString value="MedicationRequest"/>
      </extension>
      <reference>
        <reference value="MedicationRequest/example10-referralprescription-nursing-medication"/>
      </reference>
      <name value="example10-referralprescription-nursing-medication"/>
      <exampleCanonical value="https://www.ehealth.fgov.be/standards/fhir/referral/StructureDefinition/be-referralprescription-nursing-gen-medication"/>
    </resource>
    <resource>
      <extension url="http://hl7.org/fhir/tools/StructureDefinition/resource-information">
        <valueString value="ServiceRequest"/>
      </extension>
      <reference>
        <reference value="ServiceRequest/example12-referralprescription-nursing-annex81"/>
      </reference>
      <name value="example12-referralprescription-nursing-annex81"/>
      <exampleCanonical value="https://www.ehealth.fgov.be/standards/fhir/referral/StructureDefinition/be-referralprescription-nursing"/>
    </resource>
    <resource>
      <extension url="http://hl7.org/fhir/tools/StructureDefinition/resource-information">
        <valueString value="MedicationRequest"/>
      </extension>
      <reference>
        <reference value="MedicationRequest/example13-referralprescription-nursing-medication"/>
      </reference>
      <name value="example13-referralprescription-nursing-medication"/>
      <exampleCanonical value="https://www.ehealth.fgov.be/standards/fhir/referral/StructureDefinition/be-referralprescription-nursing-gen-medication"/>
    </resource>
    <resource>
      <extension url="http://hl7.org/fhir/tools/StructureDefinition/resource-information">
        <valueString value="ServiceRequest"/>
      </extension>
      <reference>
        <reference value="ServiceRequest/example16-referralprescription-nursing-bladder-care"/>
      </reference>
      <name value="example16-referralprescription-nursing-bladder-care"/>
      <exampleCanonical value="https://www.ehealth.fgov.be/standards/fhir/referral/StructureDefinition/be-referralprescription-nursing"/>
    </resource>
    <resource>
      <extension url="http://hl7.org/fhir/tools/StructureDefinition/resource-information">
        <valueString value="MedicationRequest"/>
      </extension>
      <reference>
        <reference value="MedicationRequest/example17-referralprescription-nursing-medication"/>
      </reference>
      <name value="example17-referralprescription-nursing-medication"/>
      <exampleCanonical value="https://www.ehealth.fgov.be/standards/fhir/referral/StructureDefinition/be-referralprescription-nursing-gen-medication"/>
    </resource>
    <resource>
      <extension url="http://hl7.org/fhir/tools/StructureDefinition/resource-information">
        <valueString value="MedicationRequest"/>
      </extension>
      <reference>
        <reference value="MedicationRequest/example19-referralprescription-nursing-medication"/>
      </reference>
      <name value="example19-referralprescription-nursing-medication"/>
      <exampleCanonical value="https://www.ehealth.fgov.be/standards/fhir/referral/StructureDefinition/be-referralprescription-nursing-gen-medication"/>
    </resource>
    <resource>
      <extension url="http://hl7.org/fhir/tools/StructureDefinition/resource-information">
        <valueString value="MedicationRequest"/>
      </extension>
      <reference>
        <reference value="MedicationRequest/example20-referralprescription-nursing-medication"/>
      </reference>
      <name value="example20-referralprescription-nursing-medication"/>
      <exampleCanonical value="https://www.ehealth.fgov.be/standards/fhir/referral/StructureDefinition/be-referralprescription-nursing-gen-medication"/>
    </resource>
    <resource>
      <extension url="http://hl7.org/fhir/tools/StructureDefinition/resource-information">
        <valueString value="MedicationRequest"/>
      </extension>
      <reference>
        <reference value="MedicationRequest/example22-referralprescription-nursing-medication"/>
      </reference>
      <name value="example22-referralprescription-nursing-medication"/>
      <exampleCanonical value="https://www.ehealth.fgov.be/standards/fhir/referral/StructureDefinition/be-referralprescription-nursing-gen-medication"/>
    </resource>
    <resource>
      <extension url="http://hl7.org/fhir/tools/StructureDefinition/resource-information">
        <valueString value="MedicationRequest"/>
      </extension>
      <reference>
        <reference value="MedicationRequest/example23-referralprescription-nursing-medication"/>
      </reference>
      <name value="example23-referralprescription-nursing-medication"/>
      <exampleCanonical value="https://www.ehealth.fgov.be/standards/fhir/referral/StructureDefinition/be-referralprescription-nursing-gen-medication"/>
    </resource>
    <resource>
      <extension url="http://hl7.org/fhir/tools/StructureDefinition/resource-information">
        <valueString value="ServiceRequest"/>
      </extension>
      <reference>
        <reference value="ServiceRequest/example24-referralprescription-nursing-non-reimbursable"/>
      </reference>
      <name value="example24-referralprescription-nursing-non-reimbursable"/>
      <exampleCanonical value="https://www.ehealth.fgov.be/standards/fhir/referral/StructureDefinition/be-referralprescription-nursing"/>
    </resource>
    <resource>
      <extension url="http://hl7.org/fhir/tools/StructureDefinition/resource-information">
        <valueString value="ServiceRequest"/>
      </extension>
      <reference>
        <reference value="ServiceRequest/example26-referralprescription-nursing-other"/>
      </reference>
      <name value="example26-referralprescription-nursing-other"/>
      <exampleCanonical value="https://www.ehealth.fgov.be/standards/fhir/referral/StructureDefinition/be-referralprescription-nursing"/>
    </resource>
    <resource>
      <extension url="http://hl7.org/fhir/tools/StructureDefinition/resource-information">
        <valueString value="MedicationRequest"/>
      </extension>
      <reference>
        <reference value="MedicationRequest/example30-referralprescription-nursing-woundcare"/>
      </reference>
      <name value="example30-referralprescription-nursing-woundcare"/>
      <exampleCanonical value="https://www.ehealth.fgov.be/standards/fhir/referral/StructureDefinition/be-referralprescription-nursing-gen-medication"/>
    </resource>
    <resource>
      <extension url="http://hl7.org/fhir/tools/StructureDefinition/resource-information">
        <valueString value="MedicationRequest"/>
      </extension>
      <reference>
        <reference value="MedicationRequest/example31-referralprescription-nursing-medication"/>
      </reference>
      <name value="example31-referralprescription-nursing-medication"/>
      <exampleCanonical value="https://www.ehealth.fgov.be/standards/fhir/referral/StructureDefinition/be-referralprescription-nursing-gen-medication"/>
    </resource>
    <resource>
      <extension url="http://hl7.org/fhir/tools/StructureDefinition/resource-information">
        <valueString value="ServiceRequest"/>
      </extension>
      <reference>
        <reference value="ServiceRequest/example32-referralprescription-nursing-chronical-psychiatric"/>
      </reference>
      <name value="example32-referralprescription-nursing-chronical-psychiatric"/>
      <exampleCanonical value="https://www.ehealth.fgov.be/standards/fhir/referral/StructureDefinition/be-referralprescription-nursing"/>
    </resource>
    <resource>
      <extension url="http://hl7.org/fhir/tools/StructureDefinition/resource-information">
        <valueString value="CarePlan"/>
      </extension>
      <reference>
        <reference value="CarePlan/gpvisit"/>
      </reference>
      <name value="gpvisit"/>
      <exampleBoolean value="true"/>
    </resource>
    <resource>
      <extension url="http://hl7.org/fhir/tools/StructureDefinition/resource-information">
        <valueString value="ServiceRequest"/>
      </extension>
      <reference>
        <reference value="ServiceRequest/laboratory-order-example1"/>
      </reference>
      <name value="laboratory-order-example1"/>
      <exampleCanonical value="https://www.ehealth.fgov.be/standards/fhir/referral/StructureDefinition/be-lab-prescription"/>
    </resource>
    <resource>
      <extension url="http://hl7.org/fhir/tools/StructureDefinition/resource-information">
        <valueString value="Patient"/>
      </extension>
      <reference>
        <reference value="Patient/patient1"/>
      </reference>
      <name value="patient1"/>
      <exampleBoolean value="true"/>
    </resource>
    <resource>
      <extension url="http://hl7.org/fhir/tools/StructureDefinition/resource-information">
        <valueString value="Task"/>
      </extension>
      <reference>
        <reference value="Task/performer-task"/>
      </reference>
      <name value="performer-task"/>
      <exampleCanonical value="https://www.ehealth.fgov.be/standards/fhir/referral/StructureDefinition/be-performer-task"/>
    </resource>
    <resource>
      <extension url="http://hl7.org/fhir/tools/StructureDefinition/resource-information">
        <valueString value="Practitioner"/>
      </extension>
      <reference>
        <reference value="Practitioner/practitioner1"/>
      </reference>
      <name value="practitioner1"/>
      <exampleBoolean value="true"/>
    </resource>
    <resource>
      <extension url="http://hl7.org/fhir/tools/StructureDefinition/resource-information">
        <valueString value="Practitioner"/>
      </extension>
      <reference>
        <reference value="Practitioner/practitioner2"/>
      </reference>
      <name value="practitioner2"/>
      <exampleBoolean value="true"/>
    </resource>
    <resource>
      <extension url="http://hl7.org/fhir/tools/StructureDefinition/resource-information">
        <valueString value="PractitionerRole"/>
      </extension>
      <reference>
        <reference value="PractitionerRole/practitionerrole1"/>
      </reference>
      <name value="practitionerrole1"/>
      <exampleBoolean value="true"/>
    </resource>
    <resource>
      <extension url="http://hl7.org/fhir/tools/StructureDefinition/resource-information">
        <valueString value="Task"/>
      </extension>
      <reference>
        <reference value="Task/referral-task"/>
      </reference>
      <name value="referral-task"/>
      <exampleCanonical value="https://www.ehealth.fgov.be/standards/fhir/referral/StructureDefinition/be-referral-task"/>
    </resource>
    <resource>
      <extension url="http://hl7.org/fhir/tools/StructureDefinition/resource-information">
        <valueString value="ServiceRequest"/>
      </extension>
      <reference>
        <reference value="ServiceRequest/referralprescription-nursing-example2-digestive-system-care"/>
      </reference>
      <name value="referralprescription-nursing-example2-digestive-system-care"/>
      <exampleCanonical value="https://www.ehealth.fgov.be/standards/fhir/referral/StructureDefinition/be-referralprescription-nursing"/>
    </resource>
    <resource>
      <extension url="http://hl7.org/fhir/tools/StructureDefinition/resource-information">
        <valueString value="ServiceRequest"/>
      </extension>
      <reference>
        <reference value="ServiceRequest/referralprescription-nursing-example3-compression-therapy"/>
      </reference>
      <name value="referralprescription-nursing-example3-compression-therapy"/>
      <exampleCanonical value="https://www.ehealth.fgov.be/standards/fhir/referral/StructureDefinition/be-referralprescription-nursing"/>
    </resource>
    <resource>
      <extension url="http://hl7.org/fhir/tools/StructureDefinition/resource-information">
        <valueString value="ServiceRequest"/>
      </extension>
      <reference>
        <reference value="ServiceRequest/referralprescription-nursing-example5-digestive-system-care"/>
      </reference>
      <name value="referralprescription-nursing-example5-digestive-system-care"/>
      <exampleCanonical value="https://www.ehealth.fgov.be/standards/fhir/referral/StructureDefinition/be-referralprescription-nursing"/>
    </resource>
    <resource>
      <extension url="http://hl7.org/fhir/tools/StructureDefinition/resource-information">
        <valueString value="ServiceRequest"/>
      </extension>
      <reference>
        <reference value="ServiceRequest/referralprescription-nursing-example6-compression-therapy"/>
      </reference>
      <name value="referralprescription-nursing-example6-compression-therapy"/>
      <exampleCanonical value="https://www.ehealth.fgov.be/standards/fhir/referral/StructureDefinition/be-referralprescription-nursing"/>
    </resource>
    <page>
      <extension url="http://hl7.org/fhir/tools/StructureDefinition/ig-page-name">
        <valueUrl value="toc.html"/>
      </extension>
      <nameUrl value="toc.html"/>
      <title value="Table of Contents"/>
      <generation value="html"/>
      <page>
        <extension url="http://hl7.org/fhir/tools/StructureDefinition/ig-page-name">
          <valueUrl value="index.html"/>
        </extension>
        <nameUrl value="index.html"/>
        <title value="Home"/>
        <generation value="html"/>
      </page>
      <page>
        <extension url="http://hl7.org/fhir/tools/StructureDefinition/ig-page-name">
          <valueUrl value="downloads.html"/>
        </extension>
        <nameUrl value="downloads.html"/>
        <title value="Downloads"/>
        <generation value="markdown"/>
      </page>
      <page>
        <extension url="http://hl7.org/fhir/tools/StructureDefinition/ig-page-name">
          <valueUrl value="guidance.html"/>
        </extension>
        <nameUrl value="guidance.html"/>
        <title value="Guidance"/>
        <generation value="html"/>
      </page>
      <page>
        <extension url="http://hl7.org/fhir/tools/StructureDefinition/ig-page-name">
          <valueUrl value="howto.html"/>
        </extension>
        <nameUrl value="howto.html"/>
        <title value="Howto"/>
        <generation value="markdown"/>
      </page>
      <page>
        <extension url="http://hl7.org/fhir/tools/StructureDefinition/ig-page-name">
          <valueUrl value="logical-models.html"/>
        </extension>
        <nameUrl value="logical-models.html"/>
        <title value="Logical Models"/>
        <generation value="markdown"/>
      </page>
      <page>
        <extension url="http://hl7.org/fhir/tools/StructureDefinition/ig-page-name">
          <valueUrl value="openapi.html"/>
        </extension>
        <nameUrl value="openapi.html"/>
        <title value="Openapi"/>
        <generation value="markdown"/>
      </page>
      <page>
        <extension url="http://hl7.org/fhir/tools/StructureDefinition/ig-page-name">
          <valueUrl value="privacy.html"/>
        </extension>
        <nameUrl value="privacy.html"/>
        <title value="Privacy"/>
        <generation value="markdown"/>
      </page>
      <page>
        <extension url="http://hl7.org/fhir/tools/StructureDefinition/ig-page-name">
          <valueUrl value="security.html"/>
        </extension>
        <nameUrl value="security.html"/>
        <title value="Security"/>
        <generation value="markdown"/>
      </page>
      <page>
        <extension url="http://hl7.org/fhir/tools/StructureDefinition/ig-page-name">
          <valueUrl value="standardsstatus.html"/>
        </extension>
        <nameUrl value="standardsstatus.html"/>
        <title value="Standardsstatus"/>
        <generation value="markdown"/>
      </page>
      <page>
        <extension url="http://hl7.org/fhir/tools/StructureDefinition/ig-page-name">
          <valueUrl value="terminology.html"/>
        </extension>
        <nameUrl value="terminology.html"/>
        <title value="Terminology"/>
        <generation value="markdown"/>
      </page>
      <page>
        <extension url="http://hl7.org/fhir/tools/StructureDefinition/ig-page-name">
          <valueUrl value="testdata.html"/>
        </extension>
        <nameUrl value="testdata.html"/>
        <title value="Testdata"/>
        <generation value="markdown"/>
      </page>
      <page>
        <extension url="http://hl7.org/fhir/tools/StructureDefinition/ig-page-name">
          <valueUrl value="testservers.html"/>
        </extension>
        <nameUrl value="testservers.html"/>
        <title value="Testservers"/>
        <generation value="markdown"/>
      </page>
      <page>
        <extension url="http://hl7.org/fhir/tools/StructureDefinition/ig-page-name">
          <valueUrl value="usecases.html"/>
        </extension>
        <nameUrl value="usecases.html"/>
        <title value="Usecases"/>
        <generation value="markdown"/>
      </page>
    </page>
    <parameter>
      <code value="path-resource"/>
      <value value="input/capabilities"/>
    </parameter>
    <parameter>
      <code value="path-resource"/>
      <value value="input/examples"/>
    </parameter>
    <parameter>
      <code value="path-resource"/>
      <value value="input/extensions"/>
    </parameter>
    <parameter>
      <code value="path-resource"/>
      <value value="input/models"/>
    </parameter>
    <parameter>
      <code value="path-resource"/>
      <value value="input/operations"/>
    </parameter>
    <parameter>
      <code value="path-resource"/>
      <value value="input/profiles"/>
    </parameter>
    <parameter>
      <code value="path-resource"/>
      <value value="input/resources"/>
    </parameter>
    <parameter>
      <code value="path-resource"/>
      <value value="input/vocabulary"/>
    </parameter>
    <parameter>
      <code value="path-resource"/>
      <value value="input/maps"/>
    </parameter>
    <parameter>
      <code value="path-resource"/>
      <value value="input/testing"/>
    </parameter>
    <parameter>
      <code value="path-resource"/>
      <value value="input/history"/>
    </parameter>
    <parameter>
      <code value="path-resource"/>
      <value value="fsh-generated/resources"/>
    </parameter>
    <parameter>
      <code value="path-pages"/>
      <value value="template/config"/>
    </parameter>
    <parameter>
      <code value="path-pages"/>
      <value value="input/images"/>
    </parameter>
    <parameter>
      <code value="path-tx-cache"/>
      <value value="input-cache/txcache"/>
    </parameter>
  </definition>
</ImplementationGuide>