<?xml version="1.0" encoding="UTF-8"?>

<MedicationRequest xmlns="http://hl7.org/fhir">
  <id value="example31-referralprescription-nursing-medication"/>
  <meta>
    <profile value="https://www.ehealth.fgov.be/standards/fhir/referral/StructureDefinition/be-referralprescription-nursing-gen-medication"/>
  </meta>
  <text>
    <status value="extensions"/><div xmlns="http://www.w3.org/1999/xhtml"><p><b>Generated Narrative</b></p><div style="display: inline-block; background-color: #d9e0e7; padding: 6px; margin: 4px; border: 1px solid #8da1b4; border-radius: 5px; line-height: 60%"><p style="margin-bottom: 0px">Resource "example31-referralprescription-nursing-medication" </p><p style="margin-bottom: 0px">Profile: <a href="StructureDefinition-be-referralprescription-nursing-gen-medication.html">BeReferralPrescriptionNursingGenMedication</a></p></div><blockquote><p><b>BeIntendedPerformer</b></p><p><b>value</b>: Nurse <span style="background: LightGoldenRodYellow; margin: 4px; border: 1px solid khaki"> (<a href="https://browser.ihtsdotools.org/">SNOMED CT</a>#106292003)</span></p><p><b>value</b>: <a href="Practitioner-practitioner2.html">Practitioner/practitioner2</a> " CHAPEL"</p></blockquote><p><b>identifier</b>: id: UHMEPVALUE</p><p><b>status</b>: active</p><p><b>statusReason</b>: Refused <span style="background: LightGoldenRodYellow; margin: 4px; border: 1px solid khaki"> (<a href="http://terminology.hl7.org/3.1.0/CodeSystem-v3-ActReason.html">ActReason</a>#PATOBJ)</span></p><p><b>intent</b>: order</p><p><b>category</b>: Application of ointment (procedure) <span style="background: LightGoldenRodYellow; margin: 4px; border: 1px solid khaki"> (<a href="https://browser.ihtsdotools.org/">SNOMED CT</a>#733925000)</span></p><p><b>priority</b>: routine</p><p><b>medication</b>: Clamoxyl inj./inf. oploss. (pdr. + solv.) i.m./i.v. [flac. + amp.] 10 x 1 g <span style="background: LightGoldenRodYellow; margin: 4px; border: 1px solid khaki"> (be-ns-cnk-codes#3499415)</span></p><p><b>subject</b>: <a href="Patient-patient1.html">Patient/patient1</a> " DOE"</p><p><b>requester</b>: <a href="Practitioner-practitioner1.html">Practitioner/practitioner1</a> " MCCOY"</p><p><b>reasonCode</b>: Infected varicose ulcer <span style="background: LightGoldenRodYellow; margin: 4px; border: 1px solid khaki"> (<a href="https://browser.ihtsdotools.org/">SNOMED CT</a>#195450002)</span></p><p><b>note</b>: 1 X per dag aanbrengen op de wonde - ulcer variqueux infecté - MI droit Amoxicilline (antibiotique)</p></div>
  </text>
  <extension url="https://www.ehealth.fgov.be/standards/fhir/referral/StructureDefinition/be-intended-performer">
    <extension url="role">
      <valueCodeableConcept>
        <coding>
          <system value="http://snomed.info/sct"/>
          <code value="106292003"/>
          <display value="Nurse"/>
        </coding>
      </valueCodeableConcept>
    </extension>
    <extension url="actor">
      <valueReference>
        <reference value="Practitioner/practitioner2"/>
      </valueReference>
    </extension>
  </extension>
  <identifier>
    <system value="https://www.ehealth.fgov.be/standards/fhir/referral/NamingSystem/uhmep"/>
    <value value="UHMEPVALUE"/>
  </identifier>
  <status value="active"/>
  <statusReason>
    <coding>
      <system value="http://terminology.hl7.org/CodeSystem/v3-ActReason"/>
      <code value="PATOBJ"/>
      <display value="Refused"/>
    </coding>
  </statusReason>
  <intent value="order"/>
  <category>
    <coding>
      <system value="http://snomed.info/sct"/>
      <code value="733925000"/>
    </coding>
  </category>
  <priority value="routine"/>
  <medicationCodeableConcept>
    <coding>
      <system value="https://www.ehealth.fgov.be/standards/fhir/medication/NamingSystem/be-ns-cnk-codes"/>
      <code value="3499415"/>
      <display value="Clamoxyl inj./inf. oploss. (pdr. + solv.) i.m./i.v. [flac. + amp.] 10 x 1 g"/>
    </coding>
  </medicationCodeableConcept>
  <subject>
    <reference value="Patient/patient1"/>
  </subject>
  <requester>
    <reference value="Practitioner/practitioner1"/>
  </requester>
  <reasonCode>
    <coding>
      <system value="http://snomed.info/sct"/>
      <code value="195450002"/>
    </coding>
  </reasonCode>
  <note>
    <text value="1 X per dag aanbrengen op de wonde - ulcer variqueux infecté - MI droit Amoxicilline (antibiotique)"/>
  </note>
  <dosageInstruction>
    <text value="1 X per dag"/>
    <timing>
      <repeat>
        <frequency value="1"/>
        <period value="1"/>
        <periodUnit value="d"/>
      </repeat>
    </timing>
    <site>
      <coding>
        <system value="http://snomed.info/sct"/>
        <code value="771354004"/>
      </coding>
    </site>
  </dosageInstruction>
</MedicationRequest>