<?xml version="1.0" encoding="UTF-8"?>

<MedicationRequest xmlns="http://hl7.org/fhir">
  <id value="example20-referralprescription-nursing-medication"/>
  <meta>
    <profile value="https://www.ehealth.fgov.be/standards/fhir/referral/StructureDefinition/be-referralprescription-nursing-gen-medication"/>
  </meta>
  <text>
    <status value="extensions"/><div xmlns="http://www.w3.org/1999/xhtml"><p><b>Generated Narrative</b></p><div style="display: inline-block; background-color: #d9e0e7; padding: 6px; margin: 4px; border: 1px solid #8da1b4; border-radius: 5px; line-height: 60%"><p style="margin-bottom: 0px">Resource "example20-referralprescription-nursing-medication" </p><p style="margin-bottom: 0px">Profile: <a href="StructureDefinition-be-referralprescription-nursing-gen-medication.html">BeReferralPrescriptionNursingGenMedication</a></p></div><blockquote><p><b>BeIntendedPerformer</b></p><p><b>value</b>: Nurse <span style="background: LightGoldenRodYellow; margin: 4px; border: 1px solid khaki"> (<a href="https://browser.ihtsdotools.org/">SNOMED CT</a>#106292003)</span></p><p><b>value</b>: <a href="Practitioner-practitioner2.html">Practitioner/practitioner2</a> " CHAPEL"</p></blockquote><p><b>identifier</b>: id: UHMEPVALUE</p><p><b>status</b>: active</p><p><b>statusReason</b>: Refused <span style="background: LightGoldenRodYellow; margin: 4px; border: 1px solid khaki"> (<a href="CodeSystem-be-status-reason.html">BeStatusReason</a>#refused)</span></p><p><b>intent</b>: order</p><p><b>category</b>: Subcutaan <span style="background: LightGoldenRodYellow; margin: 4px; border: 1px solid khaki"> (<a href="CodeSystem-be-nursing-medication-injection.html">BeNursingMedicationInjection</a>#SC)</span></p><p><b>priority</b>: routine</p><p><b>medication</b>: Voltaren Emulgel (PIP) transderm. lok. gel 50 g 10 mg / 1 g <span style="background: LightGoldenRodYellow; margin: 4px; border: 1px solid khaki"> (be-ns-cnk-codes#2638591)</span></p><p><b>subject</b>: <a href="Patient-patient1.html">Patient/patient1</a> " DOE"</p><p><b>requester</b>: <a href="Practitioner-practitioner1.html">Practitioner/practitioner1</a> " MCCOY"</p><p><b>note</b>: thv m.trapezius en rechterelleboog</p></div>
  </text>
  <extension url="https://www.ehealth.fgov.be/standards/fhir/referral/StructureDefinition/be-intended-performer">
    <extension url="role">
      <valueCodeableConcept>
        <coding>
          <system value="http://snomed.info/sct"/>
          <code value="106292003"/>
          <display value="Nurse"/>
        </coding>
      </valueCodeableConcept>
    </extension>
    <extension url="actor">
      <valueReference>
        <reference value="Practitioner/practitioner2"/>
      </valueReference>
    </extension>
  </extension>
  <identifier>
    <system value="https://www.ehealth.fgov.be/standards/fhir/referral/NamingSystem/uhmep"/>
    <value value="UHMEPVALUE"/>
  </identifier>
  <status value="active"/>
  <statusReason>
    <coding>
      <system value="https://www.ehealth.fgov.be/standards/fhir/referral/CodeSystem/be-status-reason"/>
      <code value="refused"/>
      <display value="Refused"/>
    </coding>
  </statusReason>
  <intent value="order"/>
  <category>
    <coding>
      <system value="https://www.ehealth.fgov.be/standards/fhir/referral/CodeSystem/be-nursing-medication-injection"/>
      <code value="SC"/>
    </coding>
    <text value="Subcutaan"/>
  </category>
  <priority value="routine"/>
  <medicationCodeableConcept>
    <coding>
      <system value="https://www.ehealth.fgov.be/standards/fhir/medication/NamingSystem/be-ns-cnk-codes"/>
      <code value="2638591"/>
      <display value="Voltaren Emulgel (PIP) transderm. lok. gel 50 g 10 mg / 1 g"/>
    </coding>
  </medicationCodeableConcept>
  <subject>
    <reference value="Patient/patient1"/>
  </subject>
  <requester>
    <reference value="Practitioner/practitioner1"/>
  </requester>
  <note>
    <text value="thv m.trapezius en rechterelleboog"/>
  </note>
  <dosageInstruction>
    <text value="frequency: 1x/dag aanbrengen tot klachten verbeteren, maximum gedurende 2 weken (08/08/2021 tem 21/8/2021)"/>
    <timing>
      <repeat>
        <boundsPeriod>
          <start value="2021-08-08"/>
          <end value="2021-08-21"/>
        </boundsPeriod>
        <frequency value="1"/>
        <period value="1"/>
        <periodUnit value="d"/>
      </repeat>
    </timing>
    <asNeededBoolean value="true"/>
    <site>
      <coding>
        <system value="http://snomed.info/sct"/>
        <code value="31764008"/>
      </coding>
    </site>
  </dosageInstruction>
</MedicationRequest>