<?xml version="1.0" encoding="UTF-8"?>

<MedicationRequest xmlns="http://hl7.org/fhir">
  <id value="example17-referralprescription-nursing-medication"/>
  <meta>
    <profile value="https://www.ehealth.fgov.be/standards/fhir/referral/StructureDefinition/be-referralprescription-nursing-medication"/>
  </meta>
  <text>
    <status value="extensions"/><div xmlns="http://www.w3.org/1999/xhtml"><p><b>Generated Narrative: MedicationRequest</b><a name="example17-referralprescription-nursing-medication"> </a></p><div style="display: inline-block; background-color: #d9e0e7; padding: 6px; margin: 4px; border: 1px solid #8da1b4; border-radius: 5px; line-height: 60%"><p style="margin-bottom: 0px">Resource MedicationRequest "example17-referralprescription-nursing-medication" </p><p style="margin-bottom: 0px">Profile: <a href="StructureDefinition-be-referralprescription-nursing-medication.html">BeReferralPrescriptionNursingMedication</a></p></div><p><b>BeValidityPeriod</b>: 2022-10-12 --&gt; (ongoing)</p><p><b>BePerformerTaskReference</b>: <a href="Task-performer-task.html">Task/performer-task</a></p><p><b>BeFeedbackToPrescriber</b>: true</p><p><b>identifier</b>: id: UHMEPVALUE</p><p><b>status</b>: active</p><p><b>statusReason</b>: In Progress <span style="background: LightGoldenRodYellow; margin: 4px; border: 1px solid khaki"> (<a href="CodeSystem-be-prescription-status-reason.html">BePrescriptionStatusReason</a>#inProgress)</span></p><p><b>intent</b>: order</p><p><b>category</b>: Subcutaan <span style="background: LightGoldenRodYellow; margin: 4px; border: 1px solid khaki"> (be-nursing-medication-injection#SC)</span></p><p><b>priority</b>: routine</p><p><b>medication</b>: Metoject inj. oploss. s.c. [voorgev. spuit] 12 x 15 mg / 0,3 ml <span style="background: LightGoldenRodYellow; margin: 4px; border: 1px solid khaki"> (be-ns-cnk-codes#2727196)</span></p><p><b>subject</b>: <a href="Patient-patient1.html">Patient/patient1</a> " DOE"</p><p><b>requester</b>: <a href="Practitioner-practitioner1.html">Practitioner/practitioner1</a> " MCCOY"</p><p><b>note</b>: toedienen Metoject 15mg</p><h3>DosageInstructions</h3><table class="grid"><tr><td>-</td><td><b>Text</b></td><td><b>Timing</b></td></tr><tr><td>*</td><td>Frequency: 1x per week, gedurende 12 weken, vanaf 29/6/2021</td><td>Do Once per 1 weeks</td></tr></table></div>
  </text>
  <extension url="https://www.ehealth.fgov.be/standards/fhir/referral/StructureDefinition/be-ext-validity-period">
    <valuePeriod>
      <start value="2022-10-12"/>
    </valuePeriod>
  </extension>
  <extension url="https://www.ehealth.fgov.be/standards/fhir/referral/StructureDefinition/be-ext-performer-task-reference">
    <valueReference>
      <reference value="Task/performer-task"/>
    </valueReference>
  </extension>
  <extension url="https://www.ehealth.fgov.be/standards/fhir/referral/StructureDefinition/be-ext-feedback-to-prescriber">
    <valueBoolean value="true"/>
  </extension>
  <identifier>
    <system value="https://www.ehealth.fgov.be/standards/fhir/referral/NamingSystem/uhmep"/>
    <value value="UHMEPVALUE"/>
  </identifier>
  <status value="active"/>
  <statusReason>
    <coding>
      <system value="https://www.ehealth.fgov.be/standards/fhir/referral/CodeSystem/be-prescription-status-reason"/>
      <code value="inProgress"/>
      <display value="In Progress"/>
    </coding>
  </statusReason>
  <intent value="order"/>
  <category>
    <coding>
      <system value="https://www.ehealth.fgov.be/standards/fhir/referral/CodeSystem/be-nursing-medication-injection"/>
      <code value="SC"/>
    </coding>
    <text value="Subcutaan"/>
  </category>
  <priority value="routine"/>
  <medicationCodeableConcept>
    <coding>
      <system value="https://www.ehealth.fgov.be/standards/fhir/medication/NamingSystem/be-ns-cnk-codes"/>
      <code value="2727196"/>
      <display value="Metoject inj. oploss. s.c. [voorgev. spuit] 12 x 15 mg / 0,3 ml"/>
    </coding>
  </medicationCodeableConcept>
  <subject>
    <reference value="Patient/patient1"/>
  </subject>
  <requester>
    <reference value="Practitioner/practitioner1"/>
  </requester>
  <note>
    <text value="toedienen Metoject 15mg"/>
  </note>
  <dosageInstruction>
    <text value="Frequency: 1x per week, gedurende 12 weken, vanaf 29/6/2021"/>
    <timing>
      <repeat>
        <boundsDuration>
          <value value="12"/>
          <unit value="wk"/>
          <system value="http://hl7.org/fhir/ValueSet/ucum-units"/>
        </boundsDuration>
        <frequency value="1"/>
        <period value="1"/>
        <periodUnit value="wk"/>
      </repeat>
    </timing>
  </dosageInstruction>
</MedicationRequest>