<?xml version="1.0" encoding="UTF-8"?>

<NamingSystem xmlns="http://hl7.org/fhir">
  <id value="be-ns-uhmep"/>
  <text>
    <status value="generated"/><div xmlns="http://www.w3.org/1999/xhtml"><p class="res-header-id"><b>Generated Narrative: NamingSystem be-ns-uhmep</b></p><a name="be-ns-uhmep"> </a><a name="hcbe-ns-uhmep"> </a><a name="be-ns-uhmep-en-US"> </a><h3>Summary</h3><table class="grid"><tr><td>Defining URL</td><td>https://www.ehealth.fgov.be/standards/fhir/referral/NamingSystem/be-ns-uhmep</td></tr><tr><td>Version</td><td>1.0.0</td></tr><tr><td>Name</td><td>BeUnadressedHealthMessageExchangePlatform</td></tr><tr><td>Status</td><td>active</td></tr><tr><td>Definition</td><td><div><p>UHMEP naming system</p>
</div></td></tr></table><h3>Identifiers</h3><table class="grid"><tr><td><b>Type</b></td><td><b>Value</b></td><td><b>Preferred</b></td></tr><tr><td>URI</td><td>https://www.ehealth.fgov.be/standards/fhir/referral/NamingSystem/uhmep</td><td>true</td></tr></table></div>
  </text>
  <extension url="http://hl7.org/fhir/5.0/StructureDefinition/extension-NamingSystem.url">
    <valueUri value="https://www.ehealth.fgov.be/standards/fhir/referral/NamingSystem/be-ns-uhmep"/>
  </extension>
  <extension url="http://hl7.org/fhir/5.0/StructureDefinition/extension-NamingSystem.version">
    <valueString value="1.0.0"/>
  </extension>
  <name value="BeUnadressedHealthMessageExchangePlatform"/>
  <status value="active"/>
  <kind value="identifier"/>
  <date value="2020-06-01"/>
  <contact>
    <name value="HL7 Belgium"/>
    <telecom>
      <system value="url"/>
      <value value="http://hl7belgium.org"/>
    </telecom>
  </contact>
  <contact>
    <name value="Message-Structure"/>
    <telecom>
      <system value="email"/>
      <value value="message-structure@ehealth.fgov.be"/>
      <use value="work"/>
    </telecom>
  </contact>
  <description value="UHMEP naming system"/>
  <jurisdiction>
    <coding>
      <system value="urn:iso:std:iso:3166"/>
      <code value="BE"/>
      <display value="Belgium"/>
    </coding>
  </jurisdiction>
  <uniqueId>
    <type value="uri"/>
    <value value="https://www.ehealth.fgov.be/standards/fhir/referral/NamingSystem/uhmep"/>
    <preferred value="true"/>
  </uniqueId>
</NamingSystem>