<?xml version="1.0" encoding="UTF-8"?>

<RequestGroup xmlns="http://hl7.org/fhir">
  <id value="ucgh222p12"/>
  <meta>
    <profile value="https://www.ehealth.fgov.be/standards/fhir/referral/StructureDefinition/be-referralprescription-request-group"/>
  </meta>
  <text>
    <status value="generated"/><div xmlns="http://www.w3.org/1999/xhtml"><p><b>Generated Narrative: RequestGroup</b><a name="ucgh222p12"> </a></p><div style="display: inline-block; background-color: #d9e0e7; padding: 6px; margin: 4px; border: 1px solid #8da1b4; border-radius: 5px; line-height: 60%"><p style="margin-bottom: 0px">Resource RequestGroup &quot;ucgh222p12&quot; </p><p style="margin-bottom: 0px">Profile: <a href="StructureDefinition-be-referralprescription-request-group.html">BeReferralPrescriptionRequestGroup</a></p></div><p><b>status</b>: draft</p><p><b>intent</b>: order</p><blockquote><p><b>action</b></p><blockquote><p><b>id</b></p>ucgh222p12-1</blockquote><p><b>resource</b>: <a href="ServiceRequest-ucgh222p12-1.html">ServiceRequest/ucgh222p12-1</a></p></blockquote><blockquote><p><b>action</b></p><blockquote><p><b>id</b></p>ucgh222p12-2</blockquote><h3>RelatedActions</h3><table class="grid"><tr><td>-</td><td><b>ActionId</b></td><td><b>Relationship</b></td></tr><tr><td>*</td><td>ucgh222p12-3</td><td>before</td></tr></table><p><b>resource</b>: <a href="ServiceRequest-ucgh222p12-2.html">ServiceRequest/ucgh222p12-2</a></p></blockquote><blockquote><p><b>action</b></p><blockquote><p><b>id</b></p>ucgh222p12-3</blockquote><h3>RelatedActions</h3><table class="grid"><tr><td>-</td><td><b>ActionId</b></td><td><b>Relationship</b></td></tr><tr><td>*</td><td>ucgh222p12-1</td><td>before</td></tr></table><p><b>resource</b>: <a href="ServiceRequest-ucgh222p12-3.html">ServiceRequest/ucgh222p12-3</a></p></blockquote></div>
  </text>
  <status value="draft"/>
  <intent value="order"/>
  <action id="ucgh222p12-1">
    <resource>
      <reference value="ServiceRequest/ucgh222p12-1"/>
    </resource>
  </action>
  <action id="ucgh222p12-2">
    <relatedAction>
      <actionId value="ucgh222p12-3"/>
      <relationship value="before"/>
    </relatedAction>
    <resource>
      <reference value="ServiceRequest/ucgh222p12-2"/>
    </resource>
  </action>
  <action id="ucgh222p12-3">
    <relatedAction>
      <actionId value="ucgh222p12-1"/>
      <relationship value="before"/>
    </relatedAction>
    <resource>
      <reference value="ServiceRequest/ucgh222p12-3"/>
    </resource>
  </action>
</RequestGroup>