<?xml version="1.0" encoding="UTF-8"?>

<ServiceRequest xmlns="http://hl7.org/fhir">
  <id value="ucgh241p110-1-2"/>
  <meta>
    <profile value="https://www.ehealth.fgov.be/standards/fhir/referral/StructureDefinition/BeNursingCareRequest"/>
  </meta>
  <text>
    <status value="generated"/><div xmlns="http://www.w3.org/1999/xhtml"><p><b>Generated Narrative: ServiceRequest</b><a name="ucgh241p110-1-2"> </a></p><div style="display: inline-block; background-color: #d9e0e7; padding: 6px; margin: 4px; border: 1px solid #8da1b4; border-radius: 5px; line-height: 60%"><p style="margin-bottom: 0px">Resource ServiceRequest &quot;ucgh241p110-1-2&quot; </p><p style="margin-bottom: 0px">Profile: <a href="StructureDefinition-BeNursingCareRequest.html">BeNursingCareRequest</a></p></div><p><b>basedOn</b>: <a href="ServiceRequest-ucgh241p110-1.html">ServiceRequest/ucgh241p110-1</a></p><p><b>status</b>: draft</p><p><b>intent</b>: order</p><p><b>code</b>: 225964003 <span style="background: LightGoldenRodYellow; margin: 4px; border: 1px solid khaki"> (<a href="https://browser.ihtsdotools.org/">SNOMED CT[BE]</a>#225964003)</span></p><p><b>subject</b>: <span>id: 38012699993</span></p></div>
  </text>
  <basedOn>
    <reference value="ServiceRequest/ucgh241p110-1"/>
  </basedOn>
  <status value="draft"/>
  <intent value="order"/>
  <code>
    <coding>
      <system value="http://snomed.info/sct"/>
      <version value="http://snomed.info/sct/11000172109"/>
      <code value="225964003"/>
    </coding>
  </code>
  <subject>
    <identifier>
      <system value="https://www.ehealth.fgov.be/standards/fhir/core/NamingSystem/ssin"/>
      <value value="38012699993"/>
    </identifier>
  </subject>
</ServiceRequest>