<?xml version="1.0" encoding="UTF-8"?>

<ServiceRequest xmlns="http://hl7.org/fhir">
  <id value="referralprescription-nursing-example6-compression-therapy"/>
  <meta>
    <profile value="https://www.ehealth.fgov.be/standards/fhir/referral/StructureDefinition/be-referral-servicerequest-nursing"/>
  </meta>
  <text>
    <status value="extensions"/><div xmlns="http://www.w3.org/1999/xhtml"><p class="res-header-id"><b>Generated Narrative: ServiceRequest referralprescription-nursing-example6-compression-therapy</b></p><a name="referralprescription-nursing-example6-compression-therapy"> </a><a name="hcreferralprescription-nursing-example6-compression-therapy"> </a><a name="referralprescription-nursing-example6-compression-therapy-en-US"> </a><p><b>BeValidityPeriod</b>: 2020-01-01 --&gt; 2021-01-01</p><p><b>BePerformerType</b>: <span title="Codes:{https://www.ehealth.fgov.be/standards/fhir/core/CodeSystem/cd-hcparty persnurse}">nurse</span></p><p><b>status</b>: Active</p><p><b>intent</b>: Order</p><p><b>category</b>: <span title="Codes:{http://snomed.info/sct 9632001}">Nursing procedure</span></p><p><b>priority</b>: Routine</p><p><b>code</b>: <span title="Codes:{http://snomed.info/sct 225420001}">Application of anti-embolic stockings</span></p><p><b>subject</b>: Identifier: <a href="https://build.fhir.org/ig/hl7-be/core/NamingSystem-be-ssin.html" title="NISS/INSZ">BeSSINNamingSystem</a>/99999999999</p><p><b>occurrence</b>: Once per1 days</p><p><b>authoredOn</b>: 2022-01-01 00:00:00+0100</p><p><b>requester</b>: <a href="PractitionerRole-DOCTOR-10829059004.html">PractitionerRole physician</a></p><p><b>reasonCode</b>: <span title="Codes:">reason</span></p></div>
  </text>
  <extension url="https://www.ehealth.fgov.be/standards/fhir/referral/StructureDefinition/be-ext-validity-period">
    <valuePeriod>
      <start value="2020-01-01"/>
      <end value="2021-01-01"/>
    </valuePeriod>
  </extension>
  <extension url="https://www.ehealth.fgov.be/standards/fhir/referral/StructureDefinition/be-ext-performer-type">
    <valueCodeableConcept>
      <coding>
        <system value="https://www.ehealth.fgov.be/standards/fhir/core/CodeSystem/cd-hcparty"/>
        <code value="persnurse"/>
      </coding>
    </valueCodeableConcept>
  </extension>
  <status value="active"/>
  <intent value="order"/>
  <category>
    <coding>
      <system value="http://snomed.info/sct"/>
      <version value="http://snomed.info/sct/11000172109"/>
      <code value="9632001"/>
    </coding>
    <text value="Nursing procedure"/>
  </category>
  <priority value="routine"/>
  <code>
    <coding>
      <system value="http://snomed.info/sct"/>
      <version value="http://snomed.info/sct/11000172109"/>
      <code value="225420001"/>
    </coding>
  </code>
  <subject>
    <identifier>
      <system value="https://www.ehealth.fgov.be/standards/fhir/core/NamingSystem/ssin"/>
      <value value="99999999999"/>
    </identifier>
  </subject>
  <occurrenceTiming>
    <repeat>
      <boundsPeriod>
        <start value="2022-04-19"/>
        <end value="2023-04-19"/>
      </boundsPeriod>
      <frequency value="1"/>
      <period value="1"/>
      <periodUnit value="d"/>
    </repeat>
  </occurrenceTiming>
  <authoredOn value="2022-01-01T00:00:00+01:00"/>
  <requester>
    <reference value="PractitionerRole/DOCTOR-10829059004"/>
  </requester>
  <reasonCode>
    <text value="reason"/>
  </reasonCode>
</ServiceRequest>