<?xml version="1.0" encoding="UTF-8"?>

<ServiceRequest xmlns="http://hl7.org/fhir">
  <id value="example26-referralprescription-nursing-other"/>
  <meta>
    <profile value="https://www.ehealth.fgov.be/standards/fhir/StructureDefinition/be-referralprescription-nursing-other"/>
  </meta>
  <text>
    <status value="extensions"/><div xmlns="http://www.w3.org/1999/xhtml"><p><b>Generated Narrative</b></p><div style="display: inline-block; background-color: #d9e0e7; padding: 6px; margin: 4px; border: 1px solid #8da1b4; border-radius: 5px; line-height: 60%"><p style="margin-bottom: 0px">Resource "example26-referralprescription-nursing-other" </p><p style="margin-bottom: 0px">Profile: <a href="StructureDefinition-be-referralprescription-nursing-other.html">BeReferralPrescriptionNursingOther</a></p></div><p><b>Reason for current status</b>: Created <span style="background: LightGoldenRodYellow; margin: 4px; border: 1px solid khaki"> (<a href="CodeSystem-be-status-reason.html">BeStatusReason</a>#created)</span></p><p><b>status</b>: active</p><p><b>intent</b>: order</p><p><b>category</b>: Nursing procedure <span style="background: LightGoldenRodYellow; margin: 4px; border: 1px solid khaki"> (<a href="https://browser.ihtsdotools.org/">SNOMED CT</a>#9632001)</span></p><p><b>priority</b>: routine</p><p><b>code</b>: Other <span style="background: LightGoldenRodYellow; margin: 4px; border: 1px solid khaki"> (<a href="CodeSystem-be-cs-nursing-code.html">BeNursingCode</a>#other)</span></p><p><b>orderDetail</b>: Sample collection <span style="background: LightGoldenRodYellow; margin: 4px; border: 1px solid khaki"> (<a href="CodeSystem-be-cs-nursing-code-other.html">BeNursingCodeOther</a>#sample-collection)</span></p><p><b>subject</b>: <a href="Patient-patient1.html">Patient/patient1</a> " DOE"</p><p><b>occurrence</b>: 2021-02-25T00:00:00Z</p><p><b>requester</b>: <a href="Practitioner-practitioner1.html">Practitioner/practitioner1</a> " MCCOY"</p><p><b>performerType</b>: Nurse <span style="background: LightGoldenRodYellow; margin: 4px; border: 1px solid khaki"> (<a href="https://browser.ihtsdotools.org/">SNOMED CT</a>#106292003)</span></p><p><b>performer</b>: <a href="Practitioner-practitioner2.html">Practitioner/practitioner2</a> " CHAPEL"</p><p><b>note</b>: bloedafname, Frequency: eenmalig, nuchter</p></div>
  </text>
  <extension url="http://hl7.org/fhir/StructureDefinition/request-statusReason">
    <valueCodeableConcept>
      <coding>
        <system value="https://www.ehealth.fgov.be/standards/fhir/CodeSystem/be-status-reason"/>
        <code value="created"/>
        <display value="Created"/>
      </coding>
    </valueCodeableConcept>
  </extension>
  <status value="active"/>
  <intent value="order"/>
  <category>
    <coding>
      <system value="http://snomed.info/sct"/>
      <code value="9632001"/>
    </coding>
    <text value="Nursing procedure"/>
  </category>
  <priority value="routine"/>
  <code>
    <coding>
      <system value="https://www.ehealth.fgov.be/standards/fhir/CodeSystem/be-cs-nursing-code"/>
      <code value="other"/>
    </coding>
  </code>
  <orderDetail>
    <coding>
      <system value="https://www.ehealth.fgov.be/standards/fhir/CodeSystem/be-cs-nursing-code-other"/>
      <code value="sample-collection"/>
    </coding>
  </orderDetail>
  <subject>
    <reference value="Patient/patient1"/>
  </subject>
  <occurrenceDateTime value="2021-02-25T00:00:00.000Z"/>
  <requester>
    <reference value="Practitioner/practitioner1"/>
  </requester>
  <performerType>
    <coding>
      <system value="http://snomed.info/sct"/>
      <code value="106292003"/>
      <display value="Nurse"/>
    </coding>
  </performerType>
  <performer>
    <reference value="Practitioner/practitioner2"/>
  </performer>
  <note>
    <text value="bloedafname, Frequency: eenmalig, nuchter"/>
  </note>
</ServiceRequest>