<?xml version="1.0" encoding="UTF-8"?>

<ServiceRequest xmlns="http://hl7.org/fhir">
  <id value="example03-referralprescription-nursing-compressiontherapy"/>
  <meta>
    <profile value="https://www.ehealth.fgov.be/standards/fhir/StructureDefinition/be-referralprescription-nursing-compressiontherapy"/>
  </meta>
  <text>
    <status value="extensions"/><div xmlns="http://www.w3.org/1999/xhtml"><p><b>Generated Narrative</b></p><div style="display: inline-block; background-color: #d9e0e7; padding: 6px; margin: 4px; border: 1px solid #8da1b4; border-radius: 5px; line-height: 60%"><p style="margin-bottom: 0px">Resource "example03-referralprescription-nursing-compressiontherapy" </p><p style="margin-bottom: 0px">Profile: <a href="StructureDefinition-be-referralprescription-nursing-compressiontherapy.html">BeReferralPrescriptionNursingCompressionTherapy</a></p></div><p><b>Reason for current status</b>: Created <span style="background: LightGoldenRodYellow; margin: 4px; border: 1px solid khaki"> (<a href="CodeSystem-be-status-reason.html">BeStatusReason</a>#created)</span></p><p><b>identifier</b>: id: UHMEPVALUE</p><p><b>status</b>: active</p><p><b>intent</b>: order</p><p><b>category</b>: Nursing procedure <span style="background: LightGoldenRodYellow; margin: 4px; border: 1px solid khaki"> (<a href="https://browser.ihtsdotools.org/">SNOMED CT</a>#9632001)</span></p><p><b>priority</b>: routine</p><p><b>code</b>: Compression therapy <span style="background: LightGoldenRodYellow; margin: 4px; border: 1px solid khaki"> (<a href="CodeSystem-be-cs-nursing-code.html">BeNursingCode</a>#compression-therapy)</span></p><p><b>orderDetail</b>: Compression bandage(s) short strech <span style="background: LightGoldenRodYellow; margin: 4px; border: 1px solid khaki"> (<a href="CodeSystem-be-cs-nursing-code-compressiontherapy.html">BeNursingCodeCompressiontherapy</a>#compression-bandage(s)-short-strech)</span></p><p><b>subject</b>: <a href="Patient-patient1.html">Patient/patient1</a> " DOE"</p><p><b>occurrence</b>: Starting 2022-04-19, Do 2 per 1 days, Until 2023-04-19</p><p><b>requester</b>: <a href="Practitioner-practitioner1.html">Practitioner/practitioner1</a> " MCCOY"</p><p><b>performerType</b>: Nurse <span style="background: LightGoldenRodYellow; margin: 4px; border: 1px solid khaki"> (<a href="https://browser.ihtsdotools.org/">SNOMED CT</a>#106292003)</span></p><p><b>performer</b>: <a href="Practitioner-practitioner2.html">Practitioner/practitioner2</a> " CHAPEL"</p><p><b>note</b>: Rosidal zwachtels -&gt;  aan- en uitdoen / both underlegs</p></div>
  </text>
  <extension url="http://hl7.org/fhir/StructureDefinition/request-statusReason">
    <valueCodeableConcept>
      <coding>
        <system value="https://www.ehealth.fgov.be/standards/fhir/CodeSystem/be-status-reason"/>
        <code value="created"/>
        <display value="Created"/>
      </coding>
    </valueCodeableConcept>
  </extension>
  <identifier>
    <system value="https://www.ehealth.fgov.be/standards/fhir/NamingSystem/uhmep"/>
    <value value="UHMEPVALUE"/>
  </identifier>
  <status value="active"/>
  <intent value="order"/>
  <category>
    <coding>
      <system value="http://snomed.info/sct"/>
      <code value="9632001"/>
    </coding>
    <text value="Nursing procedure"/>
  </category>
  <priority value="routine"/>
  <code>
    <coding>
      <system value="https://www.ehealth.fgov.be/standards/fhir/CodeSystem/be-cs-nursing-code"/>
      <code value="compression-therapy"/>
    </coding>
  </code>
  <orderDetail>
    <coding>
      <system value="https://www.ehealth.fgov.be/standards/fhir/CodeSystem/be-cs-nursing-code-compressiontherapy"/>
      <code value="compression-bandage(s)-short-strech"/>
    </coding>
  </orderDetail>
  <subject>
    <reference value="Patient/patient1"/>
  </subject>
  <occurrenceTiming>
    <repeat>
      <boundsPeriod>
        <start value="2022-04-19"/>
        <end value="2023-04-19"/>
      </boundsPeriod>
      <frequency value="2"/>
      <period value="1"/>
      <periodUnit value="d"/>
    </repeat>
  </occurrenceTiming>
  <requester>
    <reference value="Practitioner/practitioner1"/>
  </requester>
  <performerType>
    <coding>
      <system value="http://snomed.info/sct"/>
      <code value="106292003"/>
      <display value="Nurse"/>
    </coding>
  </performerType>
  <performer>
    <reference value="Practitioner/practitioner2"/>
  </performer>
  <note>
    <text value="Rosidal zwachtels -&gt;  aan- en uitdoen / both underlegs"/>
  </note>
</ServiceRequest>