<?xml version="1.0" encoding="UTF-8"?>

<StructureDefinition xmlns="http://hl7.org/fhir">
  <id value="be-model-laboratoryprescription"/>
  <text>
    <status value="generated"/><div xmlns="http://www.w3.org/1999/xhtml">
      <table border="0" cellpadding="0" cellspacing="0" style="border: 0px #F0F0F0 solid; font-size: 11px; font-family: verdana; vertical-align: top;">
        <tr style="border: 1px #F0F0F0 solid; font-size: 11px; font-family: verdana; vertical-align: top;">
          <th style="vertical-align: top; text-align : left; background-color: white; border: 0px #F0F0F0 solid; padding:0px 4px 0px 4px" class="hierarchy">
            <a href="http://hl7.org/fhir/R4/formats.html#table" title="The logical name of the element">Name</a>
          </th>
          <th style="vertical-align: top; text-align : left; background-color: white; border: 0px #F0F0F0 solid; padding:0px 4px 0px 4px" class="hierarchy">
            <a href="http://hl7.org/fhir/R4/formats.html#table" title="Information about the use of the element">Flags</a>
          </th>
          <th style="vertical-align: top; text-align : left; background-color: white; border: 0px #F0F0F0 solid; padding:0px 4px 0px 4px" class="hierarchy">
            <a href="http://hl7.org/fhir/R4/formats.html#table" title="Minimum and Maximum # of times the the element can appear in the instance">Card.</a>
          </th>
          <th style="width: 100px" class="hierarchy">
            <a href="http://hl7.org/fhir/R4/formats.html#table" title="Reference to the type of the element">Type</a>
          </th>
          <th style="vertical-align: top; text-align : left; background-color: white; border: 0px #F0F0F0 solid; padding:0px 4px 0px 4px" class="hierarchy">
            <a href="http://hl7.org/fhir/R4/formats.html#table" title="Additional information about the element">Description &amp; Constraints</a>
            <span style="float: right">
              <a href="http://hl7.org/fhir/R4/formats.html#table" title="Legend for this format">
                <img src="http://hl7.org/fhir/R4/help16.png" alt="doco" style="background-color: inherit"/>
              </a>
            </span>
          </th>
        </tr>
        <tr style="border: 0px #F0F0F0 solid; padding:0px; vertical-align: top; background-color: white;">
          <td style="vertical-align: top; text-align : left; background-color: white; border: 0px #F0F0F0 solid; padding:0px 4px 0px 4px; white-space: nowrap; background-image: url(tbl_bck1.png)" class="hierarchy">
            <img src="tbl_spacer.png" alt="." style="background-color: inherit" class="hierarchy"/>
            <img src="icon_element.gif" alt="." style="background-color: white; background-color: inherit" title="Element" class="hierarchy"/>
            <a href="StructureDefinition-be-model-laboratoryprescription-definitions.html#BeLaboratoryoratoryPrescription">BeLaboratoryoratoryPrescription</a>
            <a name="BeLaboratoryoratoryPrescription"/>
          </td>
          <td style="vertical-align: top; text-align : left; background-color: white; border: 0px #F0F0F0 solid; padding:0px 4px 0px 4px" class="hierarchy"/>
          <td style="vertical-align: top; text-align : left; background-color: white; border: 0px #F0F0F0 solid; padding:0px 4px 0px 4px" class="hierarchy">0..*</td>
          <td style="vertical-align: top; text-align : left; background-color: white; border: 0px #F0F0F0 solid; padding:0px 4px 0px 4px" class="hierarchy"/>
          <td style="vertical-align: top; text-align : left; background-color: white; border: 0px #F0F0F0 solid; padding:0px 4px 0px 4px" class="hierarchy"/>
        </tr>
        <tr style="border: 0px #F0F0F0 solid; padding:0px; vertical-align: top; background-color: #F7F7F7;">
          <td style="vertical-align: top; text-align : left; background-color: #F7F7F7; border: 0px #F0F0F0 solid; padding:0px 4px 0px 4px; white-space: nowrap; background-image: url(tbl_bck10.png)" class="hierarchy">
            <img src="tbl_spacer.png" alt="." style="background-color: inherit" class="hierarchy"/>
            <img src="tbl_vjoin.png" alt="." style="background-color: inherit" class="hierarchy"/>
            <img src="icon_reference.png" alt="." style="background-color: #F7F7F7; background-color: inherit" title="Reference to another Resource" class="hierarchy"/>
            <a href="StructureDefinition-be-model-laboratoryprescription-definitions.html#BeLaboratoryPrescription.prescriber">prescriber</a>
            <a name="BeLaboratoryPrescription.prescriber"/>
          </td>
          <td style="vertical-align: top; text-align : left; background-color: #F7F7F7; border: 0px #F0F0F0 solid; padding:0px 4px 0px 4px" class="hierarchy"/>
          <td style="vertical-align: top; text-align : left; background-color: #F7F7F7; border: 0px #F0F0F0 solid; padding:0px 4px 0px 4px" class="hierarchy">1..1</td>
          <td style="vertical-align: top; text-align : left; background-color: #F7F7F7; border: 0px #F0F0F0 solid; padding:0px 4px 0px 4px" class="hierarchy">
            <a href="http://hl7.org/fhir/R4/references.html">Reference</a>(https://www.ehealth.fgov.be/standards/fhir/StructureDefinition/be-practitioner)</td>
          <td style="vertical-align: top; text-align : left; background-color: #F7F7F7; border: 0px #F0F0F0 solid; padding:0px 4px 0px 4px" class="hierarchy"/>
        </tr>
        <tr style="border: 0px #F0F0F0 solid; padding:0px; vertical-align: top; background-color: white;">
          <td style="vertical-align: top; text-align : left; background-color: white; border: 0px #F0F0F0 solid; padding:0px 4px 0px 4px; white-space: nowrap; background-image: url(tbl_bck10.png)" class="hierarchy">
            <img src="tbl_spacer.png" alt="." style="background-color: inherit" class="hierarchy"/>
            <img src="tbl_vjoin.png" alt="." style="background-color: inherit" class="hierarchy"/>
            <img src="icon_reference.png" alt="." style="background-color: white; background-color: inherit" title="Reference to another Resource" class="hierarchy"/>
            <a href="StructureDefinition-be-model-laboratoryprescription-definitions.html#BeLaboratoryPrescription.signer">signer</a>
            <a name="BeLaboratoryPrescription.signer"/>
          </td>
          <td style="vertical-align: top; text-align : left; background-color: white; border: 0px #F0F0F0 solid; padding:0px 4px 0px 4px" class="hierarchy"/>
          <td style="vertical-align: top; text-align : left; background-color: white; border: 0px #F0F0F0 solid; padding:0px 4px 0px 4px" class="hierarchy">0..*</td>
          <td style="vertical-align: top; text-align : left; background-color: white; border: 0px #F0F0F0 solid; padding:0px 4px 0px 4px" class="hierarchy">
            <a href="http://hl7.org/fhir/R4/references.html">Reference</a>(https://www.ehealth.fgov.be/standards/fhir/StructureDefinition/be-practitioner)</td>
          <td style="vertical-align: top; text-align : left; background-color: white; border: 0px #F0F0F0 solid; padding:0px 4px 0px 4px" class="hierarchy"/>
        </tr>
        <tr style="border: 0px #F0F0F0 solid; padding:0px; vertical-align: top; background-color: #F7F7F7;">
          <td style="vertical-align: top; text-align : left; background-color: #F7F7F7; border: 0px #F0F0F0 solid; padding:0px 4px 0px 4px; white-space: nowrap; background-image: url(tbl_bck10.png)" class="hierarchy">
            <img src="tbl_spacer.png" alt="." style="background-color: inherit" class="hierarchy"/>
            <img src="tbl_vjoin.png" alt="." style="background-color: inherit" class="hierarchy"/>
            <img src="icon_reference.png" alt="." style="background-color: #F7F7F7; background-color: inherit" title="Reference to another Resource" class="hierarchy"/>
            <a href="StructureDefinition-be-model-laboratoryprescription-definitions.html#BeLaboratoryPrescription.patient">patient</a>
            <a name="BeLaboratoryPrescription.patient"/>
          </td>
          <td style="vertical-align: top; text-align : left; background-color: #F7F7F7; border: 0px #F0F0F0 solid; padding:0px 4px 0px 4px" class="hierarchy"/>
          <td style="vertical-align: top; text-align : left; background-color: #F7F7F7; border: 0px #F0F0F0 solid; padding:0px 4px 0px 4px" class="hierarchy">1..1</td>
          <td style="vertical-align: top; text-align : left; background-color: #F7F7F7; border: 0px #F0F0F0 solid; padding:0px 4px 0px 4px" class="hierarchy">
            <a href="http://hl7.org/fhir/R4/references.html">Reference</a>(https://www.ehealth.fgov.be/standards/fhir/StructureDefinition/be-patient)</td>
          <td style="vertical-align: top; text-align : left; background-color: #F7F7F7; border: 0px #F0F0F0 solid; padding:0px 4px 0px 4px" class="hierarchy"/>
        </tr>
        <tr style="border: 0px #F0F0F0 solid; padding:0px; vertical-align: top; background-color: white;">
          <td style="vertical-align: top; text-align : left; background-color: white; border: 0px #F0F0F0 solid; padding:0px 4px 0px 4px; white-space: nowrap; background-image: url(tbl_bck00.png)" class="hierarchy">
            <img src="tbl_spacer.png" alt="." style="background-color: inherit" class="hierarchy"/>
            <img src="tbl_vjoin_end.png" alt="." style="background-color: inherit" class="hierarchy"/>
            <img src="icon_reference.png" alt="." style="background-color: white; background-color: inherit" title="Reference to another Resource" class="hierarchy"/>
            <a href="StructureDefinition-be-model-laboratoryprescription-definitions.html#BeLaboratoryPrescription.service">service</a>
            <a name="BeLaboratoryPrescription.service"/>
          </td>
          <td style="vertical-align: top; text-align : left; background-color: white; border: 0px #F0F0F0 solid; padding:0px 4px 0px 4px" class="hierarchy"/>
          <td style="vertical-align: top; text-align : left; background-color: white; border: 0px #F0F0F0 solid; padding:0px 4px 0px 4px" class="hierarchy">1..1</td>
          <td style="vertical-align: top; text-align : left; background-color: white; border: 0px #F0F0F0 solid; padding:0px 4px 0px 4px" class="hierarchy">
            <a href="http://hl7.org/fhir/R4/references.html">Reference</a>(<a href="http://hl7.org/fhir/R4/servicerequest.html">ServiceRequest</a>)</td>
          <td style="vertical-align: top; text-align : left; background-color: white; border: 0px #F0F0F0 solid; padding:0px 4px 0px 4px" class="hierarchy"/>
        </tr>
        <tr>
          <td colspan="5" class="hierarchy">
            <br/>
            <a href="http://hl7.org/fhir/R4/formats.html#table" title="Legend for this format">
              <img src="http://hl7.org/fhir/R4/help16.png" alt="doco" style="background-color: inherit"/> Documentation for this format</a>
          </td>
        </tr>
      </table>
    </div>
  </text>
  <url value="https://www.ehealth.fgov.be/standards/fhir/StructureDefinition/be-model-laboratoryprescription"/>
  <version value="0.2.0"/>
  <name value="BeLaboratoryPrescription"/>
  <status value="draft"/>
  <date value="2020-05-12T13:07:15+00:00"/>
  <publisher value="HL7 Belgium"/>
  <contact>
    <telecom>
      <system value="url"/>
      <value value="http://hl7belgium.org"/>
    </telecom>
  </contact>
  <description value="Logical model describing the model for the prescription laboratory. This draft is used in the HL7 Belgian workgroup for laboratory."/>
  <jurisdiction>
    <coding>
      <system value="http://unstats.un.org/unsd/methods/m49/m49.htm"/>
      <code value="001"/>
    </coding>
  </jurisdiction>
  <fhirVersion value="4.0.1"/>
  <kind value="logical"/>
  <abstract value="false"/>
  <type value="BeLaboratoryPrescription"/>
  <baseDefinition value="http://hl7.org/fhir/StructureDefinition/Base"/>
  <derivation value="specialization"/>
  <snapshot>
    <element id="BeLaboratoryPrescription">
      <path value="BeLaboratoryPrescription"/>
      <min value="0"/>
      <max value="*"/>
      <base>
        <path value="Base"/>
        <min value="0"/>
        <max value="*"/>
      </base>
      <isModifier value="false"/>
    </element>
    <element id="BeLaboratoryPrescription.prescriber">
      <path value="BeLaboratoryPrescription.prescriber"/>
      <short value="The NIHDI of the prescribing healthcare party"/>
      <min value="1"/>
      <max value="1"/>
      <base>
        <path value="BeLaboratoryPrescription.prescriber"/>
        <min value="1"/>
        <max value="1"/>
      </base>
      <type>
        <code value="Reference"/>
      </type>
    </element>
    <element id="BeLaboratoryPrescription.co-prescriber">
      <path value="BeLaboratoryPrescription.co-prescriber"/>
      <short value="Information about co prescribers"/>
      <min value="0"/>
      <max value="*"/>
      <base>
        <path value="BeLaboratoryPrescription.co-prescriber"/>
        <min value="0"/>
        <max value="*"/>
      </base>
      <type>
        <code value="BackboneElement"/>
      </type>
    </element>
    <element id="BeLaboratoryPrescription.co-prescriber.co-prescriber">
      <path value="BeLaboratoryPrescription.co-prescriber.co-prescriber"/>
      <short value="NIHDI of co prescriber party"/>
      <min value="1"/>
      <max value="1"/>
      <base>
        <path value="BeLaboratoryPrescription.co-prescriber.co-prescriber"/>
        <min value="1"/>
        <max value="1"/>
      </base>
      <type>
        <code value="Reference"/>
      </type>
    </element>
    <element id="BeLaboratoryPrescription.co-prescriber.co-prescriberSubstitute">
      <path value="BeLaboratoryPrescription.co-prescriber.co-prescriberSubstitute"/>
      <short value="NIHDI of co prescriber substitute party"/>
      <min value="0"/>
      <max value="1"/>
      <base>
        <path value="BeLaboratoryPrescription.co-prescriber.co-prescriberSubstitute"/>
        <min value="0"/>
        <max value="1"/>
      </base>
      <type>
        <code value="Reference"/>
      </type>
    </element>
    <element id="BeLaboratoryPrescription.co-prescriber.status">
      <path value="BeLaboratoryPrescription.co-prescriber.status"/>
      <short value="Status of co prescribing status (to sign, signed or refused)"/>
      <min value="1"/>
      <max value="1"/>
      <base>
        <path value="BeLaboratoryPrescription.co-prescriber.status"/>
        <min value="1"/>
        <max value="1"/>
      </base>
      <type>
        <code value="code"/>
        <profile value="http://hl7.org/fhir/StructureDefinition/code"/>
      </type>
    </element>
    <element id="BeLaboratoryPrescription.patient">
      <path value="BeLaboratoryPrescription.patient"/>
      <short value="The SSIN of the person for which the laboratory is prescribed."/>
      <min value="1"/>
      <max value="1"/>
      <base>
        <path value="BeLaboratoryPrescription.patient"/>
        <min value="1"/>
        <max value="1"/>
      </base>
      <type>
        <code value="Reference"/>
      </type>
    </element>
    <element id="BeLaboratoryPrescription.provider">
      <path value="BeLaboratoryPrescription.provider"/>
      <short value="A reference to the provider party (e.g. a NIHDI number for a healthcare professional, a SSIN or only a displaystring for a non professional caregiver,...)"/>
      <min value="0"/>
      <max value="*"/>
      <base>
        <path value="BeLaboratoryPrescription.provider"/>
        <min value="0"/>
        <max value="*"/>
      </base>
      <type>
        <code value="Reference"/>
      </type>
    </element>
    <element id="BeLaboratoryPrescription.disciplineProvider">
      <path value="BeLaboratoryPrescription.disciplineProvider"/>
      <short value="Required discipline of the provider party"/>
      <min value="1"/>
      <max value="1"/>
      <base>
        <path value="BeLaboratoryPrescription.disciplineProvider"/>
        <min value="1"/>
        <max value="1"/>
      </base>
      <type>
        <code value="CodeableConcept"/>
        <profile value="http://hl7.org/fhir/StructureDefinition/CodeableConcept"/>
      </type>
    </element>
    <element id="BeLaboratoryPrescription.timestampCreation">
      <path value="BeLaboratoryPrescription.timestampCreation"/>
      <short value="When this prescription was created"/>
      <min value="1"/>
      <max value="1"/>
      <base>
        <path value="BeLaboratoryPrescription.timestampCreation"/>
        <min value="1"/>
        <max value="1"/>
      </base>
      <type>
        <code value="dateTime"/>
        <profile value="http://hl7.org/fhir/StructureDefinition/dateTime"/>
      </type>
    </element>
    <element id="BeLaboratoryPrescription.status">
      <path value="BeLaboratoryPrescription.status"/>
      <short value="Current status"/>
      <min value="1"/>
      <max value="1"/>
      <base>
        <path value="BeLaboratoryPrescription.status"/>
        <min value="1"/>
        <max value="1"/>
      </base>
      <type>
        <code value="code"/>
        <profile value="http://hl7.org/fhir/StructureDefinition/code"/>
      </type>
      <binding>
        <strength value="required"/>
        <valueSet value="http://hl7.org/fhir/ValueSet/request-status"/>
      </binding>
    </element>
    <element id="BeLaboratoryPrescription.reasonCurrentStatus">
      <path value="BeLaboratoryPrescription.reasonCurrentStatus"/>
      <min value="1"/>
      <max value="1"/>
      <base>
        <path value="BeLaboratoryPrescription.reasonCurrentStatus"/>
        <min value="1"/>
        <max value="1"/>
      </base>
      <type>
        <code value="CodeableConcept"/>
        <profile value="http://hl7.org/fhir/StructureDefinition/CodeableConcept"/>
      </type>
    </element>
    <element id="BeLaboratoryPrescription.uhmepIdentifier">
      <path value="BeLaboratoryPrescription.uhmepIdentifier"/>
      <short value="Reference ID of the UHMEP once availaboratoryle there"/>
      <min value="0"/>
      <max value="1"/>
      <base>
        <path value="BeLaboratoryPrescription.uhmepIdentifier"/>
        <min value="0"/>
        <max value="1"/>
      </base>
      <type>
        <code value="Identifier"/>
        <profile value="http://hl7.org/fhir/StructureDefinition/Identifier"/>
      </type>
    </element>
    <element id="BeLaboratoryPrescription.validityPeriod">
      <path value="BeLaboratoryPrescription.validityPeriod"/>
      <short value="Period of validity of prescription"/>
      <min value="1"/>
      <max value="1"/>
      <base>
        <path value="BeLaboratoryPrescription.validityPeriod"/>
        <min value="1"/>
        <max value="1"/>
      </base>
      <type>
        <code value="Period"/>
        <profile value="http://hl7.org/fhir/StructureDefinition/Period"/>
      </type>
    </element>
    <element id="BeLaboratoryPrescription.executionPeriod">
      <path value="BeLaboratoryPrescription.executionPeriod"/>
      <short value="When this prescription is executed, availaboratoryle after start of execution"/>
      <min value="0"/>
      <max value="1"/>
      <base>
        <path value="BeLaboratoryPrescription.executionPeriod"/>
        <min value="0"/>
        <max value="1"/>
      </base>
      <type>
        <code value="Period"/>
        <profile value="http://hl7.org/fhir/StructureDefinition/Period"/>
      </type>
    </element>
    <element id="BeLaboratoryPrescription.prescribedService">
      <path value="BeLaboratoryPrescription.prescribedService"/>
      <short value="What is prescribed"/>
      <min value="1"/>
      <max value="1"/>
      <base>
        <path value="BeLaboratoryPrescription.prescribedService"/>
        <min value="1"/>
        <max value="1"/>
      </base>
      <type>
        <code value="CodeableConcept"/>
        <profile value="http://hl7.org/fhir/StructureDefinition/CodeableConcept"/>
      </type>
    </element>
    <element id="BeLaboratoryPrescription.resultReceiver">
      <path value="BeLaboratoryPrescription.resultReceiver"/>
      <short value="Parties that shall be informed of the results of the prescription other then the prescriber."/>
      <min value="0"/>
      <max value="*"/>
      <base>
        <path value="BeLaboratoryPrescription.resultReceiver"/>
        <min value="0"/>
        <max value="*"/>
      </base>
      <type>
        <code value="Reference"/>
      </type>
    </element>
  </snapshot>
  <differential>
    <element id="BeLaboratoryPrescription">
      <path value="BeLaboratoryPrescription"/>
      <min value="0"/>
      <max value="*"/>
    </element>
    <element id="BeLaboratoryPrescription.prescriber">
      <path value="BeLaboratoryPrescription.prescriber"/>
      <short value="The NIHDI of the prescribing healthcare party"/>
      <min value="1"/>
      <max value="1"/>
      <type>
        <code value="Reference"/>
      </type>
    </element>
    <element id="BeLaboratoryPrescription.co-prescriber">
      <path value="BeLaboratoryPrescription.co-prescriber"/>
      <short value="Information about co prescribers"/>
      <min value="0"/>
      <max value="*"/>
      <type>
        <code value="BackboneElement"/>
      </type>
    </element>
    <element id="BeLaboratoryPrescription.co-prescriber.co-prescriber">
      <path value="BeLaboratoryPrescription.co-prescriber.co-prescriber"/>
      <short value="NIHDI of co prescriber party"/>
      <min value="1"/>
      <max value="1"/>
      <type>
        <code value="Reference"/>
      </type>
    </element>
    <element id="BeLaboratoryPrescription.co-prescriber.co-prescriberSubstitute">
      <path value="BeLaboratoryPrescription.co-prescriber.co-prescriberSubstitute"/>
      <short value="NIHDI of co prescriber substitute party"/>
      <min value="0"/>
      <max value="1"/>
      <type>
        <code value="Reference"/>
      </type>
    </element>
    <element id="BeLaboratoryPrescription.co-prescriber.status">
      <path value="BeLaboratoryPrescription.co-prescriber.status"/>
      <short value="Status of co prescribing status (to sign, signed or refused)"/>
      <min value="1"/>
      <max value="1"/>
      <type>
        <code value="code"/>
        <profile value="http://hl7.org/fhir/StructureDefinition/code"/>
      </type>
    </element>
    <element id="BeLaboratoryPrescription.patient">
      <path value="BeLaboratoryPrescription.patient"/>
      <short value="The SSIN of the person for which the laboratory is prescribed."/>
      <min value="1"/>
      <max value="1"/>
      <type>
        <code value="Reference"/>
      </type>
    </element>
    <element id="BeLaboratoryPrescription.provider">
      <path value="BeLaboratoryPrescription.provider"/>
      <short value="A reference to the provider party (e.g. a NIHDI number for a healthcare professional, a SSIN or only a displaystring for a non professional caregiver,...)"/>
      <min value="0"/>
      <max value="*"/>
      <type>
        <code value="Reference"/>
      </type>
    </element>
    <element id="BeLaboratoryPrescription.disciplineProvider">
      <path value="BeLaboratoryPrescription.disciplineProvider"/>
      <short value="Required discipline of the provider party"/>
      <min value="1"/>
      <max value="1"/>
      <type>
        <code value="CodeableConcept"/>
        <profile value="http://hl7.org/fhir/StructureDefinition/CodeableConcept"/>
      </type>
    </element>
    <element id="BeLaboratoryPrescription.timestampCreation">
      <path value="BeLaboratoryPrescription.timestampCreation"/>
      <short value="When this prescription was created"/>
      <min value="1"/>
      <max value="1"/>
      <type>
        <code value="dateTime"/>
        <profile value="http://hl7.org/fhir/StructureDefinition/dateTime"/>
      </type>
    </element>
    <element id="BeLaboratoryPrescription.status">
      <path value="BeLaboratoryPrescription.status"/>
      <short value="Current status"/>
      <min value="1"/>
      <max value="1"/>
      <type>
        <code value="code"/>
        <profile value="http://hl7.org/fhir/StructureDefinition/code"/>
      </type>
      <binding>
        <strength value="required"/>
        <valueSet value="http://hl7.org/fhir/ValueSet/request-status"/>
      </binding>
    </element>
    <element id="BeLaboratoryPrescription.reasonCurrentStatus">
      <path value="BeLaboratoryPrescription.reasonCurrentStatus"/>
      <min value="1"/>
      <max value="1"/>
      <type>
        <code value="CodeableConcept"/>
        <profile value="http://hl7.org/fhir/StructureDefinition/CodeableConcept"/>
      </type>
    </element>
    <element id="BeLaboratoryPrescription.uhmepIdentifier">
      <path value="BeLaboratoryPrescription.uhmepIdentifier"/>
      <short value="Reference ID of the UHMEP once availaboratoryle there"/>
      <min value="0"/>
      <max value="1"/>
      <type>
        <code value="Identifier"/>
        <profile value="http://hl7.org/fhir/StructureDefinition/Identifier"/>
      </type>
    </element>
    <element id="BeLaboratoryPrescription.validityPeriod">
      <path value="BeLaboratoryPrescription.validityPeriod"/>
      <short value="Period of validity of prescription"/>
      <min value="1"/>
      <max value="1"/>
      <type>
        <code value="Period"/>
        <profile value="http://hl7.org/fhir/StructureDefinition/Period"/>
      </type>
    </element>
    <element id="BeLaboratoryPrescription.executionPeriod">
      <path value="BeLaboratoryPrescription.executionPeriod"/>
      <short value="When this prescription is executed, availaboratoryle after start of execution"/>
      <min value="0"/>
      <max value="1"/>
      <type>
        <code value="Period"/>
        <profile value="http://hl7.org/fhir/StructureDefinition/Period"/>
      </type>
    </element>
    <element id="BeLaboratoryPrescription.prescribedService">
      <path value="BeLaboratoryPrescription.prescribedService"/>
      <short value="What is prescribed"/>
      <min value="1"/>
      <max value="1"/>
      <type>
        <code value="CodeableConcept"/>
        <profile value="http://hl7.org/fhir/StructureDefinition/CodeableConcept"/>
      </type>
    </element>
    <element id="BeLaboratoryPrescription.resultReceiver">
      <path value="BeLaboratoryPrescription.resultReceiver"/>
      <short value="Parties that shall be informed of the results of the prescription other then the prescriber."/>
      <min value="0"/>
      <max value="*"/>
      <type>
        <code value="Reference"/>
      </type>
    </element>
  </differential>
</StructureDefinition>