<?xml version="1.0" encoding="UTF-8"?>

<Task xmlns="http://hl7.org/fhir">
  <id value="performer-task-1-uc2a-1"/>
  <meta>
    <profile value="https://www.ehealth.fgov.be/standards/fhir/referral/StructureDefinition/be-performer-task"/>
  </meta>
  <text>
    <status value="generated"/><div xmlns="http://www.w3.org/1999/xhtml"><p><b>Generated Narrative: Task</b><a name="performer-task-1-uc2a-1"> </a></p><div style="display: inline-block; background-color: #d9e0e7; padding: 6px; margin: 4px; border: 1px solid #8da1b4; border-radius: 5px; line-height: 60%"><p style="margin-bottom: 0px">Resource Task &quot;performer-task-1-uc2a-1&quot; </p><p style="margin-bottom: 0px">Profile: <a href="StructureDefinition-be-performer-task.html">BePerformerTask</a></p></div><p><b>partOf</b>: <a href="Task-referral-task-uc2a-1.html">Task/referral-task-uc2a-1</a></p><p><b>status</b>: draft</p><p><b>intent</b>: order</p><p><b>executionPeriod</b>: 2023-01-28 --&gt; 2023-01-31</p><p><b>owner</b>: <span/></p></div>
  </text>
  <partOf>
    <reference value="Task/referral-task-uc2a-1"/>
  </partOf>
  <status value="draft"/>
  <intent value="order"/>
  <executionPeriod>
    <start value="2023-01-28"/>
    <end value="2023-01-31"/>
  </executionPeriod>
  <owner>
    <identifier>
      <system value="https://www.ehealth.fgov.be/standards/fhir/core/NamingSystem/ssin"/>
      <value value="09090900110"/>
    </identifier>
  </owner>
</Task>