<?xml version="1.0" encoding="UTF-8"?>

<ValueSet xmlns="http://hl7.org/fhir">
  <id value="be-vs-annex-81-reason-code"/>
  <text>
    <status value="generated"/><div xmlns="http://www.w3.org/1999/xhtml"><p class="res-header-id"><b>Generated Narrative: ValueSet be-vs-annex-81-reason-code</b></p><a name="be-vs-annex-81-reason-code"> </a><a name="hcbe-vs-annex-81-reason-code"> </a><a name="be-vs-annex-81-reason-code-en-US"> </a><ul><li>Include these codes as defined in <a href="http://www.snomed.org/"><code>http://snomed.info/sct</code></a> version <code>http://snomed.info/sct/11000172109</code><table class="none"><tr><td style="white-space:nowrap"><b>Code</b></td><td><b>Display</b></td></tr><tr><td><a href="http://snomed.info/id/418415002">418415002</a></td><td style="color: #cccccc">Finding related to the ability to verbalize understanding (finding)</td></tr><tr><td><a href="http://snomed.info/id/373930000">373930000</a></td><td style="color: #cccccc">Cognitive function finding (finding)</td></tr><tr><td><a href="http://snomed.info/id/372089002">372089002</a></td><td style="color: #cccccc">Unable to comply with treatment (finding)</td></tr><tr><td><a href="http://snomed.info/id/448176008">448176008</a></td><td style="color: #cccccc">Uses less medication than prescribed (finding)</td></tr><tr><td><a href="http://snomed.info/id/38276004">38276004</a></td><td style="color: #cccccc">Multiple complaints</td></tr><tr><td><a href="http://snomed.info/id/285384003">285384003</a></td><td style="color: #cccccc">General health deterioration</td></tr><tr><td><a href="http://snomed.info/id/401207004">401207004</a></td><td style="color: #cccccc">Medication side effects present (finding)</td></tr><tr><td><a href="http://snomed.info/id/708014007">708014007</a></td><td style="color: #cccccc">Does not have an informal carer</td></tr><tr><td><a href="http://snomed.info/id/52448006">52448006</a></td><td style="color: #cccccc">Dementia</td></tr><tr><td><a href="http://snomed.info/id/397540003">397540003</a></td><td style="color: #cccccc">Visual impairment (disorder)</td></tr><tr><td><a href="http://snomed.info/id/68345001">68345001</a></td><td style="color: #cccccc">Apraxia</td></tr><tr><td><a href="http://snomed.info/id/1137439008">1137439008</a></td><td style="color: #cccccc">On complex medication regime</td></tr></table></li></ul></div>
  </text>
  <url value="https://www.ehealth.fgov.be/standards/fhir/referral/ValueSet/be-vs-annex-81-reason-code"/>
  <version value="1.0.0"/>
  <name value="BeVSAnnex81ReasonCode"/>
  <title value="BeVSAnnex81ReasonCode"/>
  <status value="draft"/>
  <experimental value="false"/>
  <date value="2024-09-24T14:42:10+00:00"/>
  <description value="Nurse diagnostics and observations giving cause to the Annex 81"/>
  <jurisdiction>
    <coding>
      <system value="urn:iso:std:iso:3166"/>
      <code value="BE"/>
      <display value="Belgium"/>
    </coding>
  </jurisdiction>
  <compose>
    <include>
      <system value="http://snomed.info/sct"/>
      <version value="http://snomed.info/sct/11000172109"/>
      <concept>
        <code value="418415002"/>
      </concept>
      <concept>
        <code value="373930000"/>
      </concept>
      <concept>
        <code value="372089002"/>
      </concept>
      <concept>
        <code value="448176008"/>
      </concept>
      <concept>
        <code value="38276004"/>
      </concept>
      <concept>
        <code value="285384003"/>
      </concept>
      <concept>
        <code value="401207004"/>
      </concept>
      <concept>
        <code value="708014007"/>
      </concept>
      <concept>
        <code value="52448006"/>
      </concept>
      <concept>
        <code value="397540003"/>
      </concept>
      <concept>
        <code value="68345001"/>
      </concept>
      <concept>
        <code value="1137439008"/>
      </concept>
    </include>
  </compose>
</ValueSet>