<?xml version="1.0" encoding="UTF-8"?>

<ValueSet xmlns="http://hl7.org/fhir">
  <id value="be-vs-requested-services-nurse"/>
  <text>
    <status value="generated"/><div xmlns="http://www.w3.org/1999/xhtml">Placeholder</div>
  </text>
  <url value="https://www.ehealth.fgov.be/standards/fhir/referral/ValueSet/be-vs-requested-services-nurse"/>
  <version value="1.0.0"/>
  <name value="BeVSRequestedServicesNurse"/>
  <title value="BeVSRequestedServicesNurse"/>
  <status value="draft"/>
  <experimental value="false"/>
  <date value="2023-09-01T06:47:50+00:00"/>
  <description value="Codes indicating the requests that can be asked from a nurse."/>
  <jurisdiction>
    <coding>
      <system value="urn:iso:std:iso:3166"/>
      <code value="BE"/>
      <display value="Belgium"/>
    </coding>
  </jurisdiction>
  <compose>
    <include>
      <system value="http://snomed.info/sct"/>
      <version value="http://snomed.info/sct/11000172109"/>
      <concept>
        <code value="103713001"/>
      </concept>
      <concept>
        <code value="103715008"/>
      </concept>
      <concept>
        <code value="113154008"/>
      </concept>
      <concept>
        <code value="127606004"/>
      </concept>
      <concept>
        <code value="166900001"/>
      </concept>
      <concept>
        <code value="173765009"/>
      </concept>
      <concept>
        <code value="174297001"/>
      </concept>
      <concept>
        <code value="175852005"/>
      </concept>
      <concept>
        <code value="17636008"/>
      </concept>
      <concept>
        <code value="18011004"/>
      </concept>
      <concept>
        <code value="182777000"/>
      </concept>
      <concept>
        <code value="183232006"/>
      </concept>
      <concept>
        <code value="18629005"/>
      </concept>
      <concept>
        <code value="225230008"/>
      </concept>
      <concept>
        <code value="225268005"/>
      </concept>
      <concept>
        <code value="225358003"/>
      </concept>
      <concept>
        <code value="225420001"/>
      </concept>
      <concept>
        <code value="225964003"/>
      </concept>
      <concept>
        <code value="2267008"/>
      </concept>
      <concept>
        <code value="233520008"/>
      </concept>
      <concept>
        <code value="276737004"/>
      </concept>
      <concept>
        <code value="28177007"/>
      </concept>
      <concept>
        <code value="385796006"/>
      </concept>
      <concept>
        <code value="385805005"/>
      </concept>
      <concept>
        <code value="385966005"/>
      </concept>
      <concept>
        <code value="386225006"/>
      </concept>
      <concept>
        <code value="397958003"/>
      </concept>
      <concept>
        <code value="41351007"/>
      </concept>
      <concept>
        <code value="413899004"/>
      </concept>
      <concept>
        <code value="427391006"/>
      </concept>
      <concept>
        <code value="429723008"/>
      </concept>
      <concept>
        <code value="445191009"/>
      </concept>
      <concept>
        <code value="48817005"/>
      </concept>
      <concept>
        <code value="56993006"/>
      </concept>
      <concept>
        <code value="57485005"/>
      </concept>
      <concept>
        <code value="6125005"/>
      </concept>
      <concept>
        <code value="75325006"/>
      </concept>
      <concept>
        <code value="762238003"/>
      </concept>
      <concept>
        <code value="79165006"/>
      </concept>
      <concept>
        <code value="81011003"/>
      </concept>
      <concept>
        <code value="87750000"/>
      </concept>
      <concept>
        <code value="89826002"/>
      </concept>
      <concept>
        <code value="90838004"/>
      </concept>
    </include>
    <include>
      <system value="https://www.ehealth.fgov.be/standards/fhir/referral/CodeSystem/be-cs-temp-requested-service"/>
    </include>
  </compose>
</ValueSet>