{
  "resourceType" : "Bundle",
  "id" : "44a5bbf5-8071-4cd8-9c7d-6ed33eca429d",
  "meta" : {
    "lastUpdated" : "2022-01-17T15:12:34.768+00:00"
  },
  "type" : "collection",
  "entry" : [{
    "fullUrl" : "https://www.ehealth.fgov.be/standards/fhir/ValueSet/be-vs-co-prescription-status",
    "resource" : {
      "resourceType" : "ValueSet",
      "id" : "be-vs-co-prescription-status",
      "text" : {
        "status" : "generated",
        "div" : "<div xmlns=\"http://www.w3.org/1999/xhtml\"><p>This value set contains 3 concepts</p><p style=\"border: black 1px dotted; background-color: #EEEEEE; padding: 8px; margin-bottom: 8px\">Expansion based on <a href=\"http://hl7.org/fhir/R4/codesystem-task-status.html\">TaskStatus v4.0.1 (CodeSystem)</a></p><p>All codes in this table are from the system <a href=\"http://hl7.org/fhir/R4/codesystem-task-status.html\"><code>http://hl7.org/fhir/task-status</code></a></p><table class=\"codes\"><tr><td style=\"white-space:nowrap\"><b>Code</b></td><td><b>Display</b></td><td><b>Definition</b></td></tr><tr><td style=\"white-space:nowrap\"><a name=\"http---hl7.org-fhir-task-status-requested\"> </a><a href=\"http://hl7.org/fhir/R4/codesystem-task-status.html#task-status-requested\">requested</a></td><td>Requested</td><td>The task is ready to be acted upon and action is sought.</td></tr><tr><td style=\"white-space:nowrap\"><a name=\"http---hl7.org-fhir-task-status-accepted\"> </a><a href=\"http://hl7.org/fhir/R4/codesystem-task-status.html#task-status-accepted\">accepted</a></td><td>Accepted</td><td>The potential performer has agreed to execute the task but has not yet started work.</td></tr><tr><td style=\"white-space:nowrap\"><a name=\"http---hl7.org-fhir-task-status-rejected\"> </a><a href=\"http://hl7.org/fhir/R4/codesystem-task-status.html#task-status-rejected\">rejected</a></td><td>Rejected</td><td>The potential performer who claimed ownership of the task has decided not to execute it prior to performing any action.</td></tr></table></div>"
      },
      "url" : "https://www.ehealth.fgov.be/standards/fhir/ValueSet/be-vs-co-prescription-status",
      "version" : "0.2.0",
      "name" : "BeCoPrescriptionStatus",
      "status" : "active",
      "date" : "2022-01-17T15:12:34+00:00",
      "publisher" : "HL7 Belgium",
      "contact" : [{
        "name" : "HL7 Belgium",
        "telecom" : [{
          "system" : "url",
          "value" : "http://hl7belgium.org"
        }]
      },
      {
        "name" : "Message-Structure",
        "telecom" : [{
          "system" : "email",
          "value" : "message-structure@ehealth.fgov.be",
          "use" : "work"
        }]
      }],
      "description" : "This is the status of the prescription for the coprescriber",
      "jurisdiction" : [{
        "coding" : [{
          "system" : "http://unstats.un.org/unsd/methods/m49/m49.htm",
          "code" : "056",
          "display" : "Belgium"
        }]
      }],
      "expansion" : {
        "identifier" : "urn:uuid:5e91c454-e77e-49d9-bd78-27a9321d2b25",
        "timestamp" : "2022-01-17T15:13:20+00:00",
        "total" : 3,
        "parameter" : [{
          "name" : "excludeNested",
          "valueBoolean" : false
        },
        {
          "name" : "version",
          "valueUri" : "http://hl7.org/fhir/task-status|4.0.1"
        }],
        "contains" : [{
          "system" : "http://hl7.org/fhir/task-status",
          "code" : "requested",
          "display" : "Requested"
        },
        {
          "system" : "http://hl7.org/fhir/task-status",
          "code" : "accepted",
          "display" : "Accepted"
        },
        {
          "system" : "http://hl7.org/fhir/task-status",
          "code" : "rejected",
          "display" : "Rejected"
        }]
      }
    }
  },
  {
    "fullUrl" : "https://www.ehealth.fgov.be/standards/fhir/ValueSet/be-vs-nursing-annex81-inadequate-adherence",
    "resource" : {
      "resourceType" : "ValueSet",
      "id" : "be-vs-nursing-annex81-inadequate-adherence",
      "text" : {
        "status" : "generated",
        "div" : "<div xmlns=\"http://www.w3.org/1999/xhtml\"><p>This value set contains 8 concepts</p><p style=\"border: black 1px dotted; background-color: #EEEEEE; padding: 8px; margin-bottom: 8px\">Expansion based on <a href=\"CodeSystem-be-nursing-annex81-inadequate-adherence.html\">BeNursingAnnex81InadequateAdherence v0.2.0 (CodeSystem)</a></p><p>All codes in this table are from the system <a href=\"CodeSystem-be-nursing-annex81-inadequate-adherence.html\"><code>https://www.ehealth.fgov.be/standards/fhir/CodeSystem/be-nursing-annex81-inadequate-adherence</code></a></p><table class=\"codes\"><tr><td style=\"white-space:nowrap\"><b>Code</b></td><td><b>Display</b></td></tr><tr><td style=\"white-space:nowrap\"><a name=\"https---www.ehealth.fgov.be-standards-fhir-CodeSystem-be-nursing-annex81-inadequate-adherence-expressed\"> </a><a href=\"CodeSystem-be-nursing-annex81-inadequate-adherence.html#be-nursing-annex81-inadequate-adherence-expressed\">expressed</a></td><td>Expressing difficulty in cooperating with the prescribed treatment</td></tr><tr><td style=\"white-space:nowrap\"><a name=\"https---www.ehealth.fgov.be-standards-fhir-CodeSystem-be-nursing-annex81-inadequate-adherence-confused\"> </a><a href=\"CodeSystem-be-nursing-annex81-inadequate-adherence.html#be-nursing-annex81-inadequate-adherence-confused\">confused</a></td><td>Confused about the treatment</td></tr><tr><td style=\"white-space:nowrap\"><a name=\"https---www.ehealth.fgov.be-standards-fhir-CodeSystem-be-nursing-annex81-inadequate-adherence-observed-behavior\"> </a><a href=\"CodeSystem-be-nursing-annex81-inadequate-adherence.html#be-nursing-annex81-inadequate-adherence-observed-behavior\">observed-behavior</a></td><td>Directly observed behavior that indicates a lack of adherence</td></tr><tr><td style=\"white-space:nowrap\"><a name=\"https---www.ehealth.fgov.be-standards-fhir-CodeSystem-be-nursing-annex81-inadequate-adherence-unused-medication\"> </a><a href=\"CodeSystem-be-nursing-annex81-inadequate-adherence.html#be-nursing-annex81-inadequate-adherence-unused-medication\">unused-medication</a></td><td>Medicines that have not been used or have been partially used</td></tr><tr><td style=\"white-space:nowrap\"><a name=\"https---www.ehealth.fgov.be-standards-fhir-CodeSystem-be-nursing-annex81-inadequate-adherence-persistent-complaints\"> </a><a href=\"CodeSystem-be-nursing-annex81-inadequate-adherence.html#be-nursing-annex81-inadequate-adherence-persistent-complaints\">persistent-complaints</a></td><td>Persistent complaints</td></tr><tr><td style=\"white-space:nowrap\"><a name=\"https---www.ehealth.fgov.be-standards-fhir-CodeSystem-be-nursing-annex81-inadequate-adherence-progressive-disease\"> </a><a href=\"CodeSystem-be-nursing-annex81-inadequate-adherence.html#be-nursing-annex81-inadequate-adherence-progressive-disease\">progressive-disease</a></td><td>Progressive disease</td></tr><tr><td style=\"white-space:nowrap\"><a name=\"https---www.ehealth.fgov.be-standards-fhir-CodeSystem-be-nursing-annex81-inadequate-adherence-side-effects\"> </a><a href=\"CodeSystem-be-nursing-annex81-inadequate-adherence.html#be-nursing-annex81-inadequate-adherence-side-effects\">side-effects</a></td><td>Side effects therapy</td></tr><tr><td style=\"white-space:nowrap\"><a name=\"https---www.ehealth.fgov.be-standards-fhir-CodeSystem-be-nursing-annex81-inadequate-adherence-no-support\"> </a><a href=\"CodeSystem-be-nursing-annex81-inadequate-adherence.html#be-nursing-annex81-inadequate-adherence-no-support\">no-support</a></td><td>No support from family, friends, social environment</td></tr></table></div>"
      },
      "url" : "https://www.ehealth.fgov.be/standards/fhir/ValueSet/be-vs-nursing-annex81-inadequate-adherence",
      "version" : "0.2.0",
      "name" : "BeNursingAnnex81InadequateAdherence",
      "status" : "draft",
      "date" : "2021-10-07T15:14:36+02:00",
      "publisher" : "HL7 Belgium",
      "contact" : [{
        "name" : "HL7 Belgium",
        "telecom" : [{
          "system" : "url",
          "value" : "http://hl7belgium.org"
        }]
      },
      {
        "name" : "Message-Structure",
        "telecom" : [{
          "system" : "email",
          "value" : "message-structure@ehealth.fgov.be",
          "use" : "work"
        }]
      }],
      "description" : "Codes to define a type of nursing annex81 inadequate adherence.",
      "jurisdiction" : [{
        "coding" : [{
          "system" : "http://unstats.un.org/unsd/methods/m49/m49.htm",
          "code" : "056",
          "display" : "Belgium"
        }]
      }],
      "expansion" : {
        "identifier" : "urn:uuid:1d77ab4c-9214-48a5-97e7-6abbbbd9fa53",
        "timestamp" : "2022-01-17T15:13:20+00:00",
        "total" : 8,
        "parameter" : [{
          "name" : "excludeNested",
          "valueBoolean" : false
        },
        {
          "name" : "version",
          "valueUri" : "https://www.ehealth.fgov.be/standards/fhir/CodeSystem/be-nursing-annex81-inadequate-adherence|0.2.0"
        }],
        "contains" : [{
          "system" : "https://www.ehealth.fgov.be/standards/fhir/CodeSystem/be-nursing-annex81-inadequate-adherence",
          "code" : "expressed",
          "display" : "Expressing difficulty in cooperating with the prescribed treatment"
        },
        {
          "system" : "https://www.ehealth.fgov.be/standards/fhir/CodeSystem/be-nursing-annex81-inadequate-adherence",
          "code" : "confused",
          "display" : "Confused about the treatment"
        },
        {
          "system" : "https://www.ehealth.fgov.be/standards/fhir/CodeSystem/be-nursing-annex81-inadequate-adherence",
          "code" : "observed-behavior",
          "display" : "Directly observed behavior that indicates a lack of adherence"
        },
        {
          "system" : "https://www.ehealth.fgov.be/standards/fhir/CodeSystem/be-nursing-annex81-inadequate-adherence",
          "code" : "unused-medication",
          "display" : "Medicines that have not been used or have been partially used"
        },
        {
          "system" : "https://www.ehealth.fgov.be/standards/fhir/CodeSystem/be-nursing-annex81-inadequate-adherence",
          "code" : "persistent-complaints",
          "display" : "Persistent complaints"
        },
        {
          "system" : "https://www.ehealth.fgov.be/standards/fhir/CodeSystem/be-nursing-annex81-inadequate-adherence",
          "code" : "progressive-disease",
          "display" : "Progressive disease"
        },
        {
          "system" : "https://www.ehealth.fgov.be/standards/fhir/CodeSystem/be-nursing-annex81-inadequate-adherence",
          "code" : "side-effects",
          "display" : "Side effects therapy"
        },
        {
          "system" : "https://www.ehealth.fgov.be/standards/fhir/CodeSystem/be-nursing-annex81-inadequate-adherence",
          "code" : "no-support",
          "display" : "No support from family, friends, social environment"
        }]
      }
    }
  },
  {
    "fullUrl" : "https://www.ehealth.fgov.be/standards/fhir/ValueSet/be-vs-nursing-annex81-inadequate-adherence-link",
    "resource" : {
      "resourceType" : "ValueSet",
      "id" : "be-vs-nursing-annex81-inadequate-adherence-link",
      "text" : {
        "status" : "generated",
        "div" : "<div xmlns=\"http://www.w3.org/1999/xhtml\"><p>This value set contains 5 concepts</p><p style=\"border: black 1px dotted; background-color: #EEEEEE; padding: 8px; margin-bottom: 8px\">Expansion based on <a href=\"CodeSystem-be-nursing-annex81-inadequate-adherence-link.html\">BeNursingAnnex81InadequateAdherenceLink v0.2.0 (CodeSystem)</a></p><p>All codes in this table are from the system <a href=\"CodeSystem-be-nursing-annex81-inadequate-adherence-link.html\"><code>https://www.ehealth.fgov.be/standards/fhir/CodeSystem/be-nursing-annex81-inadequate-adherence-link</code></a></p><table class=\"codes\"><tr><td style=\"white-space:nowrap\"><b>Code</b></td><td><b>Display</b></td></tr><tr><td style=\"white-space:nowrap\"><a name=\"https---www.ehealth.fgov.be-standards-fhir-CodeSystem-be-nursing-annex81-inadequate-adherence-link-dementia\"> </a><a href=\"CodeSystem-be-nursing-annex81-inadequate-adherence-link.html#be-nursing-annex81-inadequate-adherence-link-dementia\">dementia</a></td><td>Dementia: the diagnosis of dementia was established by a physician</td></tr><tr><td style=\"white-space:nowrap\"><a name=\"https---www.ehealth.fgov.be-standards-fhir-CodeSystem-be-nursing-annex81-inadequate-adherence-link-visual-defects\"> </a><a href=\"CodeSystem-be-nursing-annex81-inadequate-adherence-link.html#be-nursing-annex81-inadequate-adherence-link-visual-defects\">visual-defects</a></td><td>Uncorrected Visual Defects</td></tr><tr><td style=\"white-space:nowrap\"><a name=\"https---www.ehealth.fgov.be-standards-fhir-CodeSystem-be-nursing-annex81-inadequate-adherence-link-temporary-deficit\"> </a><a href=\"CodeSystem-be-nursing-annex81-inadequate-adherence-link.html#be-nursing-annex81-inadequate-adherence-link-temporary-deficit\">temporary-deficit</a></td><td>A temporary motor deficit of one or both upper limbs that makes it impossible to manipulate the packs</td></tr><tr><td style=\"white-space:nowrap\"><a name=\"https---www.ehealth.fgov.be-standards-fhir-CodeSystem-be-nursing-annex81-inadequate-adherence-link-definitive-deficit\"> </a><a href=\"CodeSystem-be-nursing-annex81-inadequate-adherence-link.html#be-nursing-annex81-inadequate-adherence-link-definitive-deficit\">definitive-deficit</a></td><td>A definitive motor deficit of one or both upper limbs that makes it impossible to manipulate the packs</td></tr><tr><td style=\"white-space:nowrap\"><a name=\"https---www.ehealth.fgov.be-standards-fhir-CodeSystem-be-nursing-annex81-inadequate-adherence-link-complex-medication\"> </a><a href=\"CodeSystem-be-nursing-annex81-inadequate-adherence-link.html#be-nursing-annex81-inadequate-adherence-link-complex-medication\">complex-medication</a></td><td>A complex medication: intake of at least 5 different molecules per day divided over at least 3 intakes per day</td></tr></table></div>"
      },
      "url" : "https://www.ehealth.fgov.be/standards/fhir/ValueSet/be-vs-nursing-annex81-inadequate-adherence-link",
      "version" : "0.2.0",
      "name" : "BeNursingAnnex81InadequateAdherenceLink",
      "status" : "draft",
      "date" : "2021-10-07T15:14:36+02:00",
      "publisher" : "HL7 Belgium",
      "contact" : [{
        "name" : "HL7 Belgium",
        "telecom" : [{
          "system" : "url",
          "value" : "http://hl7belgium.org"
        }]
      },
      {
        "name" : "Message-Structure",
        "telecom" : [{
          "system" : "email",
          "value" : "message-structure@ehealth.fgov.be",
          "use" : "work"
        }]
      }],
      "description" : "Codes to define a type of nursing annex81 inadequate adherence link.",
      "jurisdiction" : [{
        "coding" : [{
          "system" : "http://unstats.un.org/unsd/methods/m49/m49.htm",
          "code" : "056",
          "display" : "Belgium"
        }]
      }],
      "expansion" : {
        "identifier" : "urn:uuid:bf23f0ed-e0fd-4a75-8281-9aac5cfda039",
        "timestamp" : "2022-01-17T15:13:20+00:00",
        "total" : 5,
        "parameter" : [{
          "name" : "excludeNested",
          "valueBoolean" : false
        },
        {
          "name" : "version",
          "valueUri" : "https://www.ehealth.fgov.be/standards/fhir/CodeSystem/be-nursing-annex81-inadequate-adherence-link|0.2.0"
        }],
        "contains" : [{
          "system" : "https://www.ehealth.fgov.be/standards/fhir/CodeSystem/be-nursing-annex81-inadequate-adherence-link",
          "code" : "dementia",
          "display" : "Dementia: the diagnosis of dementia was established by a physician"
        },
        {
          "system" : "https://www.ehealth.fgov.be/standards/fhir/CodeSystem/be-nursing-annex81-inadequate-adherence-link",
          "code" : "visual-defects",
          "display" : "Uncorrected Visual Defects"
        },
        {
          "system" : "https://www.ehealth.fgov.be/standards/fhir/CodeSystem/be-nursing-annex81-inadequate-adherence-link",
          "code" : "temporary-deficit",
          "display" : "A temporary motor deficit of one or both upper limbs that makes it impossible to manipulate the packs"
        },
        {
          "system" : "https://www.ehealth.fgov.be/standards/fhir/CodeSystem/be-nursing-annex81-inadequate-adherence-link",
          "code" : "definitive-deficit",
          "display" : "A definitive motor deficit of one or both upper limbs that makes it impossible to manipulate the packs"
        },
        {
          "system" : "https://www.ehealth.fgov.be/standards/fhir/CodeSystem/be-nursing-annex81-inadequate-adherence-link",
          "code" : "complex-medication",
          "display" : "A complex medication: intake of at least 5 different molecules per day divided over at least 3 intakes per day"
        }]
      }
    }
  },
  {
    "fullUrl" : "https://www.ehealth.fgov.be/standards/fhir/ValueSet/be-referral-category",
    "resource" : {
      "resourceType" : "ValueSet",
      "id" : "be-vs-referral-category",
      "text" : {
        "status" : "generated",
        "div" : "<div xmlns=\"http://www.w3.org/1999/xhtml\"><p>This value set contains 7 concepts</p><p style=\"border: black 1px dotted; background-color: #EEEEEE; padding: 8px; margin-bottom: 8px\">Expansion based on SNOMED CT International edition 31-Jul 2021</p><p>All codes in this table are from the system <a href=\"http://terminology.hl7.org/3.0.0/CodeSystem-v3-snomed-CT.html\"><code>http://snomed.info/sct</code></a></p><table class=\"codes\"><tr><td style=\"white-space:nowrap\"><b>Code</b></td><td><b>Display</b></td></tr><tr><td style=\"white-space:nowrap\"><a name=\"http---snomed.info-sct-363679005\"> </a><a href=\"http://snomed.info/id/363679005\">363679005</a></td><td>Imaging (procedure)</td></tr><tr><td style=\"white-space:nowrap\"><a name=\"http---snomed.info-sct-91251008\"> </a><a href=\"http://snomed.info/id/91251008\">91251008</a></td><td>Physical therapy procedure (regime/therapy)</td></tr><tr><td style=\"white-space:nowrap\"><a name=\"http---snomed.info-sct-9632001\"> </a><a href=\"http://snomed.info/id/9632001\">9632001</a></td><td>Nursing procedure (procedure)</td></tr><tr><td style=\"white-space:nowrap\"><a name=\"http---snomed.info-sct-15220000\"> </a><a href=\"http://snomed.info/id/15220000\">15220000</a></td><td>Laboratory test (procedure)</td></tr><tr><td style=\"white-space:nowrap\"><a name=\"http---snomed.info-sct-312856000\"> </a><a href=\"http://snomed.info/id/312856000\">312856000</a></td><td>Referral to diabetes nurse (procedure)</td></tr><tr><td style=\"white-space:nowrap\"><a name=\"http---snomed.info-sct-183545006\"> </a><a href=\"http://snomed.info/id/183545006\">183545006</a></td><td>Orthopedic referral (procedure)</td></tr><tr><td style=\"white-space:nowrap\"><a name=\"http---snomed.info-sct-69377005\"> </a><a href=\"http://snomed.info/id/69377005\">69377005</a></td><td>Patient referral for rehabilitation, psychological (procedure)</td></tr></table></div>"
      },
      "url" : "https://www.ehealth.fgov.be/standards/fhir/ValueSet/be-referral-category",
      "version" : "0.2.0",
      "name" : "BeReferralCategory",
      "status" : "draft",
      "date" : "2021-10-07T15:14:36+02:00",
      "publisher" : "HL7 Belgium",
      "contact" : [{
        "name" : "HL7 Belgium",
        "telecom" : [{
          "system" : "url",
          "value" : "http://hl7belgium.org"
        }]
      },
      {
        "name" : "Message-Structure",
        "telecom" : [{
          "system" : "email",
          "value" : "message-structure@ehealth.fgov.be",
          "use" : "work"
        }]
      }],
      "description" : "Codes to define the high level category for a referral prescription. SNOMED-CT codes in this valueset are just a draft proposal to give a general idea - pending an official valueset.",
      "jurisdiction" : [{
        "coding" : [{
          "system" : "http://unstats.un.org/unsd/methods/m49/m49.htm",
          "code" : "056",
          "display" : "Belgium"
        }]
      }],
      "expansion" : {
        "identifier" : "urn:uuid:6ebd209b-0b1e-4b96-85dc-582145fef5c5",
        "timestamp" : "2022-01-17T15:13:20+00:00",
        "total" : 7,
        "parameter" : [{
          "name" : "excludeNested",
          "valueBoolean" : false
        },
        {
          "name" : "limitedExpansion",
          "valueBoolean" : true
        },
        {
          "name" : "version",
          "valueUri" : "http://snomed.info/sct|http://snomed.info/sct/900000000000207008/version/20210731"
        }],
        "contains" : [{
          "system" : "http://snomed.info/sct",
          "code" : "363679005",
          "display" : "Imaging (procedure)"
        },
        {
          "system" : "http://snomed.info/sct",
          "code" : "91251008",
          "display" : "Physical therapy procedure (regime/therapy)"
        },
        {
          "system" : "http://snomed.info/sct",
          "code" : "9632001",
          "display" : "Nursing procedure (procedure)"
        },
        {
          "system" : "http://snomed.info/sct",
          "code" : "15220000",
          "display" : "Laboratory test (procedure)"
        },
        {
          "system" : "http://snomed.info/sct",
          "code" : "312856000",
          "display" : "Referral to diabetes nurse (procedure)"
        },
        {
          "system" : "http://snomed.info/sct",
          "code" : "183545006",
          "display" : "Orthopedic referral (procedure)"
        },
        {
          "system" : "http://snomed.info/sct",
          "code" : "69377005",
          "display" : "Patient referral for rehabilitation, psychological (procedure)"
        }]
      }
    }
  },
  {
    "fullUrl" : "https://www.ehealth.fgov.be/standards/fhir/ValueSet/be-contrastfluid-use",
    "resource" : {
      "resourceType" : "ValueSet",
      "id" : "be-vs-contrastfluid-use",
      "text" : {
        "status" : "generated",
        "div" : "<div xmlns=\"http://www.w3.org/1999/xhtml\"><p>This value set contains 2 concepts</p><p style=\"border: black 1px dotted; background-color: #EEEEEE; padding: 8px; margin-bottom: 8px\">Expansion based on <a href=\"CodeSystem-be-contrastfluid-use.html\">BeContrastFluidUse v0.2.0 (CodeSystem)</a></p><p>All codes in this table are from the system <a href=\"CodeSystem-be-contrastfluid-use.html\"><code>https://www.ehealth.fgov.be/standards/fhir/CodeSystem/be-contrastfluid-use</code></a></p><table class=\"codes\"><tr><td style=\"white-space:nowrap\"><b>Code</b></td><td><b>Display</b></td></tr><tr><td style=\"white-space:nowrap\"><a name=\"https---www.ehealth.fgov.be-standards-fhir-CodeSystem-be-contrastfluid-use-if-necessary\"> </a><a href=\"CodeSystem-be-contrastfluid-use.html#be-contrastfluid-use-if-necessary\">if-necessary</a></td><td>if-necessary</td></tr><tr><td style=\"white-space:nowrap\"><a name=\"https---www.ehealth.fgov.be-standards-fhir-CodeSystem-be-contrastfluid-use-not-permitted\"> </a><a href=\"CodeSystem-be-contrastfluid-use.html#be-contrastfluid-use-not-permitted\">not-permitted</a></td><td>not-permitted</td></tr></table></div>"
      },
      "url" : "https://www.ehealth.fgov.be/standards/fhir/ValueSet/be-contrastfluid-use",
      "version" : "0.2.0",
      "name" : "BeContrastFluidUse",
      "status" : "draft",
      "date" : "2022-01-17T15:12:34+00:00",
      "publisher" : "HL7 Belgium",
      "contact" : [{
        "name" : "HL7 Belgium",
        "telecom" : [{
          "system" : "url",
          "value" : "http://hl7belgium.org"
        }]
      },
      {
        "name" : "Message-Structure",
        "telecom" : [{
          "system" : "email",
          "value" : "message-structure@ehealth.fgov.be",
          "use" : "work"
        }]
      }],
      "description" : "Codes to define the use of contrast fluid.",
      "jurisdiction" : [{
        "coding" : [{
          "system" : "http://unstats.un.org/unsd/methods/m49/m49.htm",
          "code" : "056",
          "display" : "Belgium"
        }]
      }],
      "expansion" : {
        "identifier" : "urn:uuid:6e0528d9-90c6-49a8-a392-668c4e204c6b",
        "timestamp" : "2022-01-17T15:13:28+00:00",
        "total" : 2,
        "parameter" : [{
          "name" : "excludeNested",
          "valueBoolean" : false
        },
        {
          "name" : "version",
          "valueUri" : "https://www.ehealth.fgov.be/standards/fhir/CodeSystem/be-contrastfluid-use|0.2.0"
        }],
        "contains" : [{
          "system" : "https://www.ehealth.fgov.be/standards/fhir/CodeSystem/be-contrastfluid-use",
          "code" : "if-necessary",
          "display" : "if-necessary"
        },
        {
          "system" : "https://www.ehealth.fgov.be/standards/fhir/CodeSystem/be-contrastfluid-use",
          "code" : "not-permitted",
          "display" : "not-permitted"
        }]
      }
    }
  },
  {
    "fullUrl" : "https://www.ehealth.fgov.be/standards/fhir/ValueSet/be-vs-digestive-system-care",
    "resource" : {
      "resourceType" : "ValueSet",
      "id" : "be-vs-digestive-system-care",
      "text" : {
        "status" : "generated",
        "div" : "<div xmlns=\"http://www.w3.org/1999/xhtml\"><p>This value set contains 9 concepts</p><p style=\"border: black 1px dotted; background-color: #EEEEEE; padding: 8px; margin-bottom: 8px\">Expansion based on <a href=\"CodeSystem-codesystem-be-digestive-system-care.html\">BeDigestiveSystemCare v0.2.0 (CodeSystem)</a></p><p>All codes in this table are from the system <a href=\"CodeSystem-codesystem-be-digestive-system-care.html\"><code>https://www.ehealth.fgov.be/standards/fhir/CodeSystem/be-cs-digestive-system-care</code></a></p><table class=\"codes\"><tr><td style=\"white-space:nowrap\"><b>Code</b></td><td><b>Display</b></td></tr><tr><td style=\"white-space:nowrap\"><a name=\"https---www.ehealth.fgov.be-standards-fhir-CodeSystem-be-cs-digestive-system-care-enteral-feeding-stomach-probe\"> </a><a href=\"CodeSystem-codesystem-be-digestive-system-care.html#codesystem-be-digestive-system-care-enteral-feeding-stomach-probe\">enteral-feeding-stomach-probe</a></td><td>Enteral feeding stomach probe</td></tr><tr><td style=\"white-space:nowrap\"><a name=\"https---www.ehealth.fgov.be-standards-fhir-CodeSystem-be-cs-digestive-system-care-enteral-feeding-gastrostomy-probe\"> </a><a href=\"CodeSystem-codesystem-be-digestive-system-care.html#codesystem-be-digestive-system-care-enteral-feeding-gastrostomy-probe\">enteral-feeding-gastrostomy-probe</a></td><td>Enteral feeding gastrostomy probe</td></tr><tr><td style=\"white-space:nowrap\"><a name=\"https---www.ehealth.fgov.be-standards-fhir-CodeSystem-be-cs-digestive-system-care-enteral-feeding-enterostomy-probe\"> </a><a href=\"CodeSystem-codesystem-be-digestive-system-care.html#codesystem-be-digestive-system-care-enteral-feeding-enterostomy-probe\">enteral-feeding-enterostomy-probe</a></td><td>Enteral feeding enterostomy probe</td></tr><tr><td style=\"white-space:nowrap\"><a name=\"https---www.ehealth.fgov.be-standards-fhir-CodeSystem-be-cs-digestive-system-care-enteral-feeding-enterostomy-probe-jejunostomy\"> </a><a href=\"CodeSystem-codesystem-be-digestive-system-care.html#codesystem-be-digestive-system-care-enteral-feeding-enterostomy-probe-jejunostomy\">enteral-feeding-enterostomy-probe-jejunostomy</a></td><td>Enteral feeding enterostomy probe jejunostomy</td></tr><tr><td style=\"white-space:nowrap\"><a name=\"https---www.ehealth.fgov.be-standards-fhir-CodeSystem-be-cs-digestive-system-care-enteral-feeding-enterostomy-probe-ileostomy\"> </a><a href=\"CodeSystem-codesystem-be-digestive-system-care.html#codesystem-be-digestive-system-care-enteral-feeding-enterostomy-probe-ileostomy\">enteral-feeding-enterostomy-probe-ileostomy</a></td><td>Enteral feeding enterostomy probe ileostomy</td></tr><tr><td style=\"white-space:nowrap\"><a name=\"https---www.ehealth.fgov.be-standards-fhir-CodeSystem-be-cs-digestive-system-care-colonic-cleansing\"> </a><a href=\"CodeSystem-codesystem-be-digestive-system-care.html#codesystem-be-digestive-system-care-colonic-cleansing\">colonic-cleansing</a></td><td>colonic-cleansing</td></tr><tr><td style=\"white-space:nowrap\"><a name=\"https---www.ehealth.fgov.be-standards-fhir-CodeSystem-be-cs-digestive-system-care-gastrointestinal-tubing-and-drainage\"> </a><a href=\"CodeSystem-codesystem-be-digestive-system-care.html#codesystem-be-digestive-system-care-gastrointestinal-tubing-and-drainage\">gastrointestinal-tubing-and-drainage</a></td><td>gastrointestinal-tubing-and-drainage</td></tr><tr><td style=\"white-space:nowrap\"><a name=\"https---www.ehealth.fgov.be-standards-fhir-CodeSystem-be-cs-digestive-system-care-manual-removal-of-faecal-omen\"> </a><a href=\"CodeSystem-codesystem-be-digestive-system-care.html#codesystem-be-digestive-system-care-manual-removal-of-faecal-omen\">manual-removal-of-faecal-omen</a></td><td>Manual removal of faecal omen</td></tr><tr><td style=\"white-space:nowrap\"><a name=\"https---www.ehealth.fgov.be-standards-fhir-CodeSystem-be-cs-digestive-system-care-clyster\"> </a><a href=\"CodeSystem-codesystem-be-digestive-system-care.html#codesystem-be-digestive-system-care-clyster\">clyster</a></td><td>Clyster</td></tr></table></div>"
      },
      "url" : "https://www.ehealth.fgov.be/standards/fhir/ValueSet/be-vs-digestive-system-care",
      "version" : "0.2.0",
      "name" : "BeDigestiveSystemCare",
      "status" : "draft",
      "date" : "2022-01-17T15:12:34+00:00",
      "publisher" : "HL7 Belgium",
      "contact" : [{
        "name" : "HL7 Belgium",
        "telecom" : [{
          "system" : "url",
          "value" : "http://hl7belgium.org"
        }]
      },
      {
        "name" : "Message-Structure",
        "telecom" : [{
          "system" : "email",
          "value" : "message-structure@ehealth.fgov.be",
          "use" : "work"
        }]
      }],
      "description" : "Codes to define digestive system care",
      "jurisdiction" : [{
        "coding" : [{
          "system" : "http://unstats.un.org/unsd/methods/m49/m49.htm",
          "code" : "056",
          "display" : "Belgium"
        }]
      }],
      "expansion" : {
        "identifier" : "urn:uuid:2cbd881d-29f3-47af-8280-81c1065a866a",
        "timestamp" : "2022-01-17T15:13:28+00:00",
        "total" : 9,
        "parameter" : [{
          "name" : "excludeNested",
          "valueBoolean" : false
        },
        {
          "name" : "version",
          "valueUri" : "https://www.ehealth.fgov.be/standards/fhir/CodeSystem/be-cs-digestive-system-care|0.2.0"
        }],
        "contains" : [{
          "system" : "https://www.ehealth.fgov.be/standards/fhir/CodeSystem/be-cs-digestive-system-care",
          "code" : "enteral-feeding-stomach-probe",
          "display" : "Enteral feeding stomach probe"
        },
        {
          "system" : "https://www.ehealth.fgov.be/standards/fhir/CodeSystem/be-cs-digestive-system-care",
          "code" : "enteral-feeding-gastrostomy-probe",
          "display" : "Enteral feeding gastrostomy probe"
        },
        {
          "system" : "https://www.ehealth.fgov.be/standards/fhir/CodeSystem/be-cs-digestive-system-care",
          "code" : "enteral-feeding-enterostomy-probe",
          "display" : "Enteral feeding enterostomy probe"
        },
        {
          "system" : "https://www.ehealth.fgov.be/standards/fhir/CodeSystem/be-cs-digestive-system-care",
          "code" : "enteral-feeding-enterostomy-probe-jejunostomy",
          "display" : "Enteral feeding enterostomy probe jejunostomy"
        },
        {
          "system" : "https://www.ehealth.fgov.be/standards/fhir/CodeSystem/be-cs-digestive-system-care",
          "code" : "enteral-feeding-enterostomy-probe-ileostomy",
          "display" : "Enteral feeding enterostomy probe ileostomy"
        },
        {
          "system" : "https://www.ehealth.fgov.be/standards/fhir/CodeSystem/be-cs-digestive-system-care",
          "code" : "colonic-cleansing",
          "display" : "colonic-cleansing"
        },
        {
          "system" : "https://www.ehealth.fgov.be/standards/fhir/CodeSystem/be-cs-digestive-system-care",
          "code" : "gastrointestinal-tubing-and-drainage",
          "display" : "gastrointestinal-tubing-and-drainage"
        },
        {
          "system" : "https://www.ehealth.fgov.be/standards/fhir/CodeSystem/be-cs-digestive-system-care",
          "code" : "manual-removal-of-faecal-omen",
          "display" : "Manual removal of faecal omen"
        },
        {
          "system" : "https://www.ehealth.fgov.be/standards/fhir/CodeSystem/be-cs-digestive-system-care",
          "code" : "clyster",
          "display" : "Clyster"
        }]
      }
    }
  },
  {
    "fullUrl" : "https://www.ehealth.fgov.be/standards/fhir/ValueSet/be-vs-nursing-medication-category",
    "resource" : {
      "resourceType" : "ValueSet",
      "id" : "be-vs-nursing-medication-category",
      "text" : {
        "status" : "generated",
        "div" : "<div xmlns=\"http://www.w3.org/1999/xhtml\"><p>This value set contains 9 concepts</p><p style=\"border: black 1px dotted; background-color: #EEEEEE; padding: 8px; margin-bottom: 8px\">Expansion based on <a href=\"CodeSystem-be-nursing-medication-category.html\">BeNursingMedicationCategory v0.2.0 (CodeSystem)</a></p><p>All codes in this table are from the system <a href=\"CodeSystem-be-nursing-medication-category.html\"><code>https://www.ehealth.fgov.be/standards/fhir/CodeSystem/be-nursing-medication-category</code></a></p><table class=\"codes\"><tr><td style=\"white-space:nowrap\"><b>Code</b></td><td><b>Display</b></td></tr><tr><td style=\"white-space:nowrap\"><a name=\"https---www.ehealth.fgov.be-standards-fhir-CodeSystem-be-nursing-medication-category-eyedrops-ointment-post-oper\"> </a><a href=\"CodeSystem-be-nursing-medication-category.html#be-nursing-medication-category-eyedrops-ointment-post-oper\">eyedrops-ointment-post-oper</a></td><td>eyedrops ointment post oper</td></tr><tr><td style=\"white-space:nowrap\"><a name=\"https---www.ehealth.fgov.be-standards-fhir-CodeSystem-be-nursing-medication-category-eyedrops-ointment-not-post-oper\"> </a><a href=\"CodeSystem-be-nursing-medication-category.html#be-nursing-medication-category-eyedrops-ointment-not-post-oper\">eyedrops-ointment-not-post-oper</a></td><td>eyedrops ointment not post oper</td></tr><tr><td style=\"white-space:nowrap\"><a name=\"https---www.ehealth.fgov.be-standards-fhir-CodeSystem-be-nursing-medication-category-oral\"> </a><a href=\"CodeSystem-be-nursing-medication-category.html#be-nursing-medication-category-oral\">oral</a></td><td>oral</td></tr><tr><td style=\"white-space:nowrap\"><a name=\"https---www.ehealth.fgov.be-standards-fhir-CodeSystem-be-nursing-medication-category-rectal\"> </a><a href=\"CodeSystem-be-nursing-medication-category.html#be-nursing-medication-category-rectal\">rectal</a></td><td>rectal</td></tr><tr><td style=\"white-space:nowrap\"><a name=\"https---www.ehealth.fgov.be-standards-fhir-CodeSystem-be-nursing-medication-category-vaginal\"> </a><a href=\"CodeSystem-be-nursing-medication-category.html#be-nursing-medication-category-vaginal\">vaginal</a></td><td>vaginal</td></tr><tr><td style=\"white-space:nowrap\"><a name=\"https---www.ehealth.fgov.be-standards-fhir-CodeSystem-be-nursing-medication-category-pulmonary\"> </a><a href=\"CodeSystem-be-nursing-medication-category.html#be-nursing-medication-category-pulmonary\">pulmonary</a></td><td>pulmonary</td></tr><tr><td style=\"white-space:nowrap\"><a name=\"https---www.ehealth.fgov.be-standards-fhir-CodeSystem-be-nursing-medication-category-nasal\"> </a><a href=\"CodeSystem-be-nursing-medication-category.html#be-nursing-medication-category-nasal\">nasal</a></td><td>nasal</td></tr><tr><td style=\"white-space:nowrap\"><a name=\"https---www.ehealth.fgov.be-standards-fhir-CodeSystem-be-nursing-medication-category-auricular\"> </a><a href=\"CodeSystem-be-nursing-medication-category.html#be-nursing-medication-category-auricular\">auricular</a></td><td>auricular</td></tr><tr><td style=\"white-space:nowrap\"><a name=\"https---www.ehealth.fgov.be-standards-fhir-CodeSystem-be-nursing-medication-category-other\"> </a><a href=\"CodeSystem-be-nursing-medication-category.html#be-nursing-medication-category-other\">other</a></td><td>other</td></tr></table></div>"
      },
      "url" : "https://www.ehealth.fgov.be/standards/fhir/ValueSet/be-vs-nursing-medication-category",
      "version" : "0.2.0",
      "name" : "BeNursingMedicationCategory",
      "status" : "draft",
      "date" : "2022-01-17T15:12:34+00:00",
      "publisher" : "HL7 Belgium",
      "contact" : [{
        "name" : "HL7 Belgium",
        "telecom" : [{
          "system" : "url",
          "value" : "http://hl7belgium.org"
        }]
      },
      {
        "name" : "Message-Structure",
        "telecom" : [{
          "system" : "email",
          "value" : "message-structure@ehealth.fgov.be",
          "use" : "work"
        }]
      }],
      "description" : "Codes to define a type of nursing medication category.",
      "jurisdiction" : [{
        "coding" : [{
          "system" : "http://unstats.un.org/unsd/methods/m49/m49.htm",
          "code" : "056",
          "display" : "Belgium"
        }]
      }],
      "expansion" : {
        "identifier" : "urn:uuid:4446f5d0-db2e-4f3c-b83d-38d606cbc5bd",
        "timestamp" : "2022-01-17T15:13:28+00:00",
        "total" : 9,
        "parameter" : [{
          "name" : "excludeNested",
          "valueBoolean" : false
        },
        {
          "name" : "version",
          "valueUri" : "https://www.ehealth.fgov.be/standards/fhir/CodeSystem/be-nursing-medication-category|0.2.0"
        }],
        "contains" : [{
          "system" : "https://www.ehealth.fgov.be/standards/fhir/CodeSystem/be-nursing-medication-category",
          "code" : "eyedrops-ointment-post-oper",
          "display" : "eyedrops ointment post oper"
        },
        {
          "system" : "https://www.ehealth.fgov.be/standards/fhir/CodeSystem/be-nursing-medication-category",
          "code" : "eyedrops-ointment-not-post-oper",
          "display" : "eyedrops ointment not post oper"
        },
        {
          "system" : "https://www.ehealth.fgov.be/standards/fhir/CodeSystem/be-nursing-medication-category",
          "code" : "oral",
          "display" : "oral"
        },
        {
          "system" : "https://www.ehealth.fgov.be/standards/fhir/CodeSystem/be-nursing-medication-category",
          "code" : "rectal",
          "display" : "rectal"
        },
        {
          "system" : "https://www.ehealth.fgov.be/standards/fhir/CodeSystem/be-nursing-medication-category",
          "code" : "vaginal",
          "display" : "vaginal"
        },
        {
          "system" : "https://www.ehealth.fgov.be/standards/fhir/CodeSystem/be-nursing-medication-category",
          "code" : "pulmonary",
          "display" : "pulmonary"
        },
        {
          "system" : "https://www.ehealth.fgov.be/standards/fhir/CodeSystem/be-nursing-medication-category",
          "code" : "nasal",
          "display" : "nasal"
        },
        {
          "system" : "https://www.ehealth.fgov.be/standards/fhir/CodeSystem/be-nursing-medication-category",
          "code" : "auricular",
          "display" : "auricular"
        },
        {
          "system" : "https://www.ehealth.fgov.be/standards/fhir/CodeSystem/be-nursing-medication-category",
          "code" : "other",
          "display" : "other"
        }]
      }
    }
  },
  {
    "fullUrl" : "https://www.ehealth.fgov.be/standards/fhir/ValueSet/be-vs-nursing-medication-injection",
    "resource" : {
      "resourceType" : "ValueSet",
      "id" : "be-vs-nursing-medication-injection",
      "text" : {
        "status" : "generated",
        "div" : "<div xmlns=\"http://www.w3.org/1999/xhtml\"><p>This value set contains 4 concepts</p><p style=\"border: black 1px dotted; background-color: #EEEEEE; padding: 8px; margin-bottom: 8px\">Expansion based on <a href=\"CodeSystem-be-nursing-medication-injection.html\">BeNursingMedicationInjection v0.2.0 (CodeSystem)</a></p><p>All codes in this table are from the system <a href=\"CodeSystem-be-nursing-medication-injection.html\"><code>https://www.ehealth.fgov.be/standards/fhir/CodeSystem/be-nursing-medication-injection</code></a></p><table class=\"codes\"><tr><td style=\"white-space:nowrap\"><b>Code</b></td><td><b>Display</b></td></tr><tr><td style=\"white-space:nowrap\"><a name=\"https---www.ehealth.fgov.be-standards-fhir-CodeSystem-be-nursing-medication-injection-IM\"> </a><a href=\"CodeSystem-be-nursing-medication-injection.html#be-nursing-medication-injection-IM\">IM</a></td><td>IM</td></tr><tr><td style=\"white-space:nowrap\"><a name=\"https---www.ehealth.fgov.be-standards-fhir-CodeSystem-be-nursing-medication-injection-SC\"> </a><a href=\"CodeSystem-be-nursing-medication-injection.html#be-nursing-medication-injection-SC\">SC</a></td><td>SC</td></tr><tr><td style=\"white-space:nowrap\"><a name=\"https---www.ehealth.fgov.be-standards-fhir-CodeSystem-be-nursing-medication-injection-ID\"> </a><a href=\"CodeSystem-be-nursing-medication-injection.html#be-nursing-medication-injection-ID\">ID</a></td><td>ID</td></tr><tr><td style=\"white-space:nowrap\"><a name=\"https---www.ehealth.fgov.be-standards-fhir-CodeSystem-be-nursing-medication-injection-IV\"> </a><a href=\"CodeSystem-be-nursing-medication-injection.html#be-nursing-medication-injection-IV\">IV</a></td><td>IV</td></tr></table></div>"
      },
      "url" : "https://www.ehealth.fgov.be/standards/fhir/ValueSet/be-vs-nursing-medication-injection",
      "version" : "0.2.0",
      "name" : "BeNursingMedicationInjection",
      "status" : "draft",
      "date" : "2022-01-17T15:12:34+00:00",
      "publisher" : "HL7 Belgium",
      "contact" : [{
        "name" : "HL7 Belgium",
        "telecom" : [{
          "system" : "url",
          "value" : "http://hl7belgium.org"
        }]
      },
      {
        "name" : "Message-Structure",
        "telecom" : [{
          "system" : "email",
          "value" : "message-structure@ehealth.fgov.be",
          "use" : "work"
        }]
      }],
      "description" : "Codes to define a type of nursing medication injection.",
      "jurisdiction" : [{
        "coding" : [{
          "system" : "http://unstats.un.org/unsd/methods/m49/m49.htm",
          "code" : "056",
          "display" : "Belgium"
        }]
      }],
      "expansion" : {
        "identifier" : "urn:uuid:ae230d45-9c70-4781-b411-90bf4f3ea7a2",
        "timestamp" : "2022-01-17T15:13:28+00:00",
        "total" : 4,
        "parameter" : [{
          "name" : "excludeNested",
          "valueBoolean" : false
        },
        {
          "name" : "version",
          "valueUri" : "https://www.ehealth.fgov.be/standards/fhir/CodeSystem/be-nursing-medication-injection|0.2.0"
        }],
        "contains" : [{
          "system" : "https://www.ehealth.fgov.be/standards/fhir/CodeSystem/be-nursing-medication-injection",
          "code" : "IM",
          "display" : "IM"
        },
        {
          "system" : "https://www.ehealth.fgov.be/standards/fhir/CodeSystem/be-nursing-medication-injection",
          "code" : "SC",
          "display" : "SC"
        },
        {
          "system" : "https://www.ehealth.fgov.be/standards/fhir/CodeSystem/be-nursing-medication-injection",
          "code" : "ID",
          "display" : "ID"
        },
        {
          "system" : "https://www.ehealth.fgov.be/standards/fhir/CodeSystem/be-nursing-medication-injection",
          "code" : "IV",
          "display" : "IV"
        }]
      }
    }
  },
  {
    "fullUrl" : "https://www.ehealth.fgov.be/standards/fhir/ValueSet/be-vs-nursing-medication-percutaneous",
    "resource" : {
      "resourceType" : "ValueSet",
      "id" : "be-vs-nursing-medication-percutaneous",
      "text" : {
        "status" : "generated",
        "div" : "<div xmlns=\"http://www.w3.org/1999/xhtml\"><p>This value set contains 3 concepts</p><p style=\"border: black 1px dotted; background-color: #EEEEEE; padding: 8px; margin-bottom: 8px\">Expansion based on <a href=\"CodeSystem-be-nursing-medication-percutaneous.html\">BeNursingMedicationPercutaneous v0.2.0 (CodeSystem)</a></p><p>All codes in this table are from the system <a href=\"CodeSystem-be-nursing-medication-percutaneous.html\"><code>https://www.ehealth.fgov.be/standards/fhir/CodeSystem/be-nursing-medication-percutaneous</code></a></p><table class=\"codes\"><tr><td style=\"white-space:nowrap\"><b>Code</b></td><td><b>Display</b></td></tr><tr><td style=\"white-space:nowrap\"><a name=\"https---www.ehealth.fgov.be-standards-fhir-CodeSystem-be-nursing-medication-percutaneous-ointment-or-medicinal-product\"> </a><a href=\"CodeSystem-be-nursing-medication-percutaneous.html#be-nursing-medication-percutaneous-ointment-or-medicinal-product\">ointment-or-medicinal-product</a></td><td>Ointment or medicinal product</td></tr><tr><td style=\"white-space:nowrap\"><a name=\"https---www.ehealth.fgov.be-standards-fhir-CodeSystem-be-nursing-medication-percutaneous-patch\"> </a><a href=\"CodeSystem-be-nursing-medication-percutaneous.html#be-nursing-medication-percutaneous-patch\">patch</a></td><td>Patch</td></tr><tr><td style=\"white-space:nowrap\"><a name=\"https---www.ehealth.fgov.be-standards-fhir-CodeSystem-be-nursing-medication-percutaneous-ointment-or-medicinal-product-sepwd\"> </a><a href=\"CodeSystem-be-nursing-medication-percutaneous.html#be-nursing-medication-percutaneous-ointment-or-medicinal-product-sepwd\">ointment-or-medicinal-product-sepwd</a></td><td>Ointment or medicinal product shingles / eczema / psoriasis / warts / dermatomycoses</td></tr></table></div>"
      },
      "url" : "https://www.ehealth.fgov.be/standards/fhir/ValueSet/be-vs-nursing-medication-percutaneous",
      "version" : "0.2.0",
      "name" : "BeNursingMedicationPercutaneous",
      "status" : "draft",
      "date" : "2022-01-17T15:12:34+00:00",
      "publisher" : "HL7 Belgium",
      "contact" : [{
        "name" : "HL7 Belgium",
        "telecom" : [{
          "system" : "url",
          "value" : "http://hl7belgium.org"
        }]
      },
      {
        "name" : "Message-Structure",
        "telecom" : [{
          "system" : "email",
          "value" : "message-structure@ehealth.fgov.be",
          "use" : "work"
        }]
      }],
      "description" : "Codes to define a type of nursing medication percutaneous.",
      "jurisdiction" : [{
        "coding" : [{
          "system" : "http://unstats.un.org/unsd/methods/m49/m49.htm",
          "code" : "056",
          "display" : "Belgium"
        }]
      }],
      "expansion" : {
        "identifier" : "urn:uuid:e60643ca-9e34-4b85-a8a9-94298bc38ab5",
        "timestamp" : "2022-01-17T15:13:29+00:00",
        "total" : 3,
        "parameter" : [{
          "name" : "excludeNested",
          "valueBoolean" : false
        },
        {
          "name" : "version",
          "valueUri" : "https://www.ehealth.fgov.be/standards/fhir/CodeSystem/be-nursing-medication-percutaneous|0.2.0"
        }],
        "contains" : [{
          "system" : "https://www.ehealth.fgov.be/standards/fhir/CodeSystem/be-nursing-medication-percutaneous",
          "code" : "ointment-or-medicinal-product",
          "display" : "Ointment or medicinal product"
        },
        {
          "system" : "https://www.ehealth.fgov.be/standards/fhir/CodeSystem/be-nursing-medication-percutaneous",
          "code" : "patch",
          "display" : "Patch"
        },
        {
          "system" : "https://www.ehealth.fgov.be/standards/fhir/CodeSystem/be-nursing-medication-percutaneous",
          "code" : "ointment-or-medicinal-product-sepwd",
          "display" : "Ointment or medicinal product shingles / eczema / psoriasis / warts / dermatomycoses"
        }]
      }
    }
  },
  {
    "fullUrl" : "https://www.ehealth.fgov.be/standards/fhir/ValueSet/be-vs-nursing-medication-perfusion",
    "resource" : {
      "resourceType" : "ValueSet",
      "id" : "be-vs-nursing-medication-perfusion",
      "text" : {
        "status" : "generated",
        "div" : "<div xmlns=\"http://www.w3.org/1999/xhtml\"><p>This value set contains 5 concepts</p><p style=\"border: black 1px dotted; background-color: #EEEEEE; padding: 8px; margin-bottom: 8px\">Expansion based on <a href=\"CodeSystem-be-nursing-medication-perfusion.html\">BeNursingMedicationPerfusion v0.2.0 (CodeSystem)</a></p><p>All codes in this table are from the system <a href=\"CodeSystem-be-nursing-medication-perfusion.html\"><code>https://www.ehealth.fgov.be/standards/fhir/CodeSystem/be-nursing-medication-perfusion</code></a></p><table class=\"codes\"><tr><td style=\"white-space:nowrap\"><b>Code</b></td><td><b>Display</b></td></tr><tr><td style=\"white-space:nowrap\"><a name=\"https---www.ehealth.fgov.be-standards-fhir-CodeSystem-be-nursing-medication-perfusion-subcutaneous\"> </a><a href=\"CodeSystem-be-nursing-medication-perfusion.html#be-nursing-medication-perfusion-subcutaneous\">subcutaneous</a></td><td>Subcutaneous</td></tr><tr><td style=\"white-space:nowrap\"><a name=\"https---www.ehealth.fgov.be-standards-fhir-CodeSystem-be-nursing-medication-perfusion-intravenous\"> </a><a href=\"CodeSystem-be-nursing-medication-perfusion.html#be-nursing-medication-perfusion-intravenous\">intravenous</a></td><td>Intravenous</td></tr><tr><td style=\"white-space:nowrap\"><a name=\"https---www.ehealth.fgov.be-standards-fhir-CodeSystem-be-nursing-medication-perfusion-implantable-chamber\"> </a><a href=\"CodeSystem-be-nursing-medication-perfusion.html#be-nursing-medication-perfusion-implantable-chamber\">implantable-chamber</a></td><td>Implantable chamber</td></tr><tr><td style=\"white-space:nowrap\"><a name=\"https---www.ehealth.fgov.be-standards-fhir-CodeSystem-be-nursing-medication-perfusion-epidural-cathether-or-intrathecal\"> </a><a href=\"CodeSystem-be-nursing-medication-perfusion.html#be-nursing-medication-perfusion-epidural-cathether-or-intrathecal\">epidural-cathether-or-intrathecal</a></td><td>Epidural cathether or intrathecal</td></tr><tr><td style=\"white-space:nowrap\"><a name=\"https---www.ehealth.fgov.be-standards-fhir-CodeSystem-be-nursing-medication-perfusion-parenteral-feeding\"> </a><a href=\"CodeSystem-be-nursing-medication-perfusion.html#be-nursing-medication-perfusion-parenteral-feeding\">parenteral-feeding</a></td><td>Parenteral feeding</td></tr></table></div>"
      },
      "url" : "https://www.ehealth.fgov.be/standards/fhir/ValueSet/be-vs-nursing-medication-perfusion",
      "version" : "0.2.0",
      "name" : "BeNursingMedicationPerfusion",
      "status" : "draft",
      "date" : "2022-01-17T15:12:34+00:00",
      "publisher" : "HL7 Belgium",
      "contact" : [{
        "name" : "HL7 Belgium",
        "telecom" : [{
          "system" : "url",
          "value" : "http://hl7belgium.org"
        }]
      },
      {
        "name" : "Message-Structure",
        "telecom" : [{
          "system" : "email",
          "value" : "message-structure@ehealth.fgov.be",
          "use" : "work"
        }]
      }],
      "description" : "Codes to define a type of nursing medication perfusion.",
      "jurisdiction" : [{
        "coding" : [{
          "system" : "http://unstats.un.org/unsd/methods/m49/m49.htm",
          "code" : "056",
          "display" : "Belgium"
        }]
      }],
      "expansion" : {
        "identifier" : "urn:uuid:878e6fc5-8fba-404b-a5c4-874b82118f84",
        "timestamp" : "2022-01-17T15:13:29+00:00",
        "total" : 5,
        "parameter" : [{
          "name" : "excludeNested",
          "valueBoolean" : false
        },
        {
          "name" : "version",
          "valueUri" : "https://www.ehealth.fgov.be/standards/fhir/CodeSystem/be-nursing-medication-perfusion|0.2.0"
        }],
        "contains" : [{
          "system" : "https://www.ehealth.fgov.be/standards/fhir/CodeSystem/be-nursing-medication-perfusion",
          "code" : "subcutaneous",
          "display" : "Subcutaneous"
        },
        {
          "system" : "https://www.ehealth.fgov.be/standards/fhir/CodeSystem/be-nursing-medication-perfusion",
          "code" : "intravenous",
          "display" : "Intravenous"
        },
        {
          "system" : "https://www.ehealth.fgov.be/standards/fhir/CodeSystem/be-nursing-medication-perfusion",
          "code" : "implantable-chamber",
          "display" : "Implantable chamber"
        },
        {
          "system" : "https://www.ehealth.fgov.be/standards/fhir/CodeSystem/be-nursing-medication-perfusion",
          "code" : "epidural-cathether-or-intrathecal",
          "display" : "Epidural cathether or intrathecal"
        },
        {
          "system" : "https://www.ehealth.fgov.be/standards/fhir/CodeSystem/be-nursing-medication-perfusion",
          "code" : "parenteral-feeding",
          "display" : "Parenteral feeding"
        }]
      }
    }
  },
  {
    "fullUrl" : "https://www.ehealth.fgov.be/standards/fhir/ValueSet/be-reason-referral-status",
    "resource" : {
      "resourceType" : "ValueSet",
      "id" : "be-vs-reason-referral-status",
      "text" : {
        "status" : "generated",
        "div" : "<div xmlns=\"http://www.w3.org/1999/xhtml\"><p>This value set contains 2 concepts</p><p style=\"border: black 1px dotted; background-color: #ffcccc; padding: 8px; margin-bottom: 8px\">Expansion based on code system fragment <a href=\"CodeSystem-be-status-reason.html\">BeStatusReason v0.2.0 (CodeSystem)</a></p><p style=\"border: black 1px dotted; background-color: #EEEEEE; padding: 8px; margin-bottom: 8px\">Expansion based on <a href=\"CodeSystem-be-status-reason.html\">BeStatusReason v0.2.0 (CodeSystem)</a></p><p>All codes in this table are from the system <a href=\"CodeSystem-be-status-reason.html\"><code>https://www.ehealth.fgov.be/standards/fhir/CodeSystem/be-status-reason</code></a></p><table class=\"codes\"><tr><td style=\"white-space:nowrap\"><b>Code</b></td><td><b>Display</b></td></tr><tr><td style=\"white-space:nowrap\"><a name=\"https---www.ehealth.fgov.be-standards-fhir-CodeSystem-be-status-reason-created\"> </a>created</td><td>created</td></tr><tr><td style=\"white-space:nowrap\"><a name=\"https---www.ehealth.fgov.be-standards-fhir-CodeSystem-be-status-reason-not-used-by-patient\"> </a>not-used-by-patient</td><td>not-used-by-patient</td></tr></table></div>"
      },
      "url" : "https://www.ehealth.fgov.be/standards/fhir/ValueSet/be-reason-referral-status",
      "version" : "0.2.0",
      "name" : "BeReasonReferralStatus",
      "status" : "active",
      "date" : "2022-01-17T15:12:34+00:00",
      "publisher" : "HL7 Belgium",
      "contact" : [{
        "name" : "HL7 Belgium",
        "telecom" : [{
          "system" : "url",
          "value" : "http://hl7belgium.org"
        }]
      },
      {
        "name" : "Message-Structure",
        "telecom" : [{
          "system" : "email",
          "value" : "message-structure@ehealth.fgov.be",
          "use" : "work"
        }]
      }],
      "description" : "Codes to explain the current status of a referral prescription.",
      "jurisdiction" : [{
        "coding" : [{
          "system" : "http://unstats.un.org/unsd/methods/m49/m49.htm",
          "code" : "056",
          "display" : "Belgium"
        }]
      }],
      "expansion" : {
        "identifier" : "urn:uuid:bee78fd6-4c64-4d19-bce7-03fcc33ccc55",
        "timestamp" : "2022-01-17T15:13:29+00:00",
        "total" : 2,
        "parameter" : [{
          "name" : "excludeNested",
          "valueBoolean" : false
        },
        {
          "name" : "version",
          "valueUri" : "https://www.ehealth.fgov.be/standards/fhir/CodeSystem/be-status-reason|0.2.0"
        },
        {
          "name" : "fragment",
          "valueUri" : "https://www.ehealth.fgov.be/standards/fhir/CodeSystem/be-status-reason|0.2.0"
        }],
        "contains" : [{
          "system" : "https://www.ehealth.fgov.be/standards/fhir/CodeSystem/be-status-reason",
          "code" : "created",
          "display" : "created"
        },
        {
          "system" : "https://www.ehealth.fgov.be/standards/fhir/CodeSystem/be-status-reason",
          "code" : "not-used-by-patient",
          "display" : "not-used-by-patient"
        }]
      }
    }
  },
  {
    "fullUrl" : "https://www.ehealth.fgov.be/standards/fhir/ValueSet/be-vs-type-of-bladder-care",
    "resource" : {
      "resourceType" : "ValueSet",
      "id" : "be-vs-type-of-bladder-care",
      "text" : {
        "status" : "generated",
        "div" : "<div xmlns=\"http://www.w3.org/1999/xhtml\"><p>This value set contains 5 concepts</p><p style=\"border: black 1px dotted; background-color: #EEEEEE; padding: 8px; margin-bottom: 8px\">Expansion based on <a href=\"CodeSystem-codesystem-be-type-of-bladder-care.html\">BeBladderCareType v0.2.0 (CodeSystem)</a></p><p>All codes in this table are from the system <a href=\"CodeSystem-codesystem-be-type-of-bladder-care.html\"><code>https://www.ehealth.fgov.be/standards/fhir/CodeSystem/be-cs-type-of-bladder-care</code></a></p><table class=\"codes\"><tr><td style=\"white-space:nowrap\"><b>Code</b></td><td><b>Display</b></td></tr><tr><td style=\"white-space:nowrap\"><a name=\"https---www.ehealth.fgov.be-standards-fhir-CodeSystem-be-cs-type-of-bladder-care-bladder-probe-indwelling\"> </a><a href=\"CodeSystem-codesystem-be-type-of-bladder-care.html#codesystem-be-type-of-bladder-care-bladder-probe-indwelling\">bladder-probe-indwelling</a></td><td>bladder-probe-indwelling</td></tr><tr><td style=\"white-space:nowrap\"><a name=\"https---www.ehealth.fgov.be-standards-fhir-CodeSystem-be-cs-type-of-bladder-care-bladder-probe-in-out\"> </a><a href=\"CodeSystem-codesystem-be-type-of-bladder-care.html#codesystem-be-type-of-bladder-care-bladder-probe-in-out\">bladder-probe-in-out</a></td><td>Bladder probe in/out</td></tr><tr><td style=\"white-space:nowrap\"><a name=\"https---www.ehealth.fgov.be-standards-fhir-CodeSystem-be-cs-type-of-bladder-care-bladder-instillation\"> </a><a href=\"CodeSystem-codesystem-be-type-of-bladder-care.html#codesystem-be-type-of-bladder-care-bladder-instillation\">bladder-instillation</a></td><td>bladder-instillation</td></tr><tr><td style=\"white-space:nowrap\"><a name=\"https---www.ehealth.fgov.be-standards-fhir-CodeSystem-be-cs-type-of-bladder-care-bladder-flushing\"> </a><a href=\"CodeSystem-codesystem-be-type-of-bladder-care.html#codesystem-be-type-of-bladder-care-bladder-flushing\">bladder-flushing</a></td><td>bladder-flushing</td></tr><tr><td style=\"white-space:nowrap\"><a name=\"https---www.ehealth.fgov.be-standards-fhir-CodeSystem-be-cs-type-of-bladder-care-suprapubic-probe\"> </a><a href=\"CodeSystem-codesystem-be-type-of-bladder-care.html#codesystem-be-type-of-bladder-care-suprapubic-probe\">suprapubic-probe</a></td><td>suprapubic-probe</td></tr></table></div>"
      },
      "url" : "https://www.ehealth.fgov.be/standards/fhir/ValueSet/be-vs-type-of-bladder-care",
      "version" : "0.2.0",
      "name" : "BeBladderCareType",
      "status" : "draft",
      "date" : "2022-01-17T15:12:34+00:00",
      "publisher" : "HL7 Belgium",
      "contact" : [{
        "name" : "HL7 Belgium",
        "telecom" : [{
          "system" : "url",
          "value" : "http://hl7belgium.org"
        }]
      },
      {
        "name" : "Message-Structure",
        "telecom" : [{
          "system" : "email",
          "value" : "message-structure@ehealth.fgov.be",
          "use" : "work"
        }]
      }],
      "description" : "Codes to define a type of bladder care.",
      "jurisdiction" : [{
        "coding" : [{
          "system" : "http://unstats.un.org/unsd/methods/m49/m49.htm",
          "code" : "056",
          "display" : "Belgium"
        }]
      }],
      "expansion" : {
        "identifier" : "urn:uuid:0544e341-49b7-45a6-9d5b-5bcf3f33cd09",
        "timestamp" : "2022-01-17T15:13:29+00:00",
        "total" : 5,
        "parameter" : [{
          "name" : "excludeNested",
          "valueBoolean" : false
        },
        {
          "name" : "version",
          "valueUri" : "https://www.ehealth.fgov.be/standards/fhir/CodeSystem/be-cs-type-of-bladder-care|0.2.0"
        }],
        "contains" : [{
          "system" : "https://www.ehealth.fgov.be/standards/fhir/CodeSystem/be-cs-type-of-bladder-care",
          "code" : "bladder-probe-indwelling",
          "display" : "bladder-probe-indwelling"
        },
        {
          "system" : "https://www.ehealth.fgov.be/standards/fhir/CodeSystem/be-cs-type-of-bladder-care",
          "code" : "bladder-probe-in-out",
          "display" : "Bladder probe in/out"
        },
        {
          "system" : "https://www.ehealth.fgov.be/standards/fhir/CodeSystem/be-cs-type-of-bladder-care",
          "code" : "bladder-instillation",
          "display" : "bladder-instillation"
        },
        {
          "system" : "https://www.ehealth.fgov.be/standards/fhir/CodeSystem/be-cs-type-of-bladder-care",
          "code" : "bladder-flushing",
          "display" : "bladder-flushing"
        },
        {
          "system" : "https://www.ehealth.fgov.be/standards/fhir/CodeSystem/be-cs-type-of-bladder-care",
          "code" : "suprapubic-probe",
          "display" : "suprapubic-probe"
        }]
      }
    }
  },
  {
    "fullUrl" : "https://www.ehealth.fgov.be/standards/fhir/ValueSet/be-vs-type-of-compression",
    "resource" : {
      "resourceType" : "ValueSet",
      "id" : "be-vs-type-of-compression",
      "text" : {
        "status" : "generated",
        "div" : "<div xmlns=\"http://www.w3.org/1999/xhtml\"><p>This value set contains 4 concepts</p><p style=\"border: black 1px dotted; background-color: #EEEEEE; padding: 8px; margin-bottom: 8px\">Expansion based on <a href=\"CodeSystem-be-cs-nursing-code-compressiontherapy.html\">BeNursingCodeCompressiontherapy v0.2.0 (CodeSystem)</a></p><p>All codes in this table are from the system <a href=\"CodeSystem-be-cs-nursing-code-compressiontherapy.html\"><code>https://www.ehealth.fgov.be/standards/fhir/CodeSystem/be-cs-nursing-code-compressiontherapy</code></a></p><table class=\"codes\"><tr><td style=\"white-space:nowrap\"><b>Code</b></td><td><b>Display</b></td></tr><tr><td style=\"white-space:nowrap\"><a name=\"https---www.ehealth.fgov.be-standards-fhir-CodeSystem-be-cs-nursing-code-compressiontherapy-compression-bandage-s--short-strech\"> </a><a href=\"CodeSystem-be-cs-nursing-code-compressiontherapy.html#be-cs-nursing-code-compressiontherapy-compression-bandage.40s.41-short-strech\">compression-bandage(s)-short-strech</a></td><td>Compression bandage(s) short strech</td></tr><tr><td style=\"white-space:nowrap\"><a name=\"https---www.ehealth.fgov.be-standards-fhir-CodeSystem-be-cs-nursing-code-compressiontherapy-compression-bandage-s--long-strech\"> </a><a href=\"CodeSystem-be-cs-nursing-code-compressiontherapy.html#be-cs-nursing-code-compressiontherapy-compression-bandage.40s.41-long-strech\">compression-bandage(s)-long-strech</a></td><td>Compression bandage(s) long strech</td></tr><tr><td style=\"white-space:nowrap\"><a name=\"https---www.ehealth.fgov.be-standards-fhir-CodeSystem-be-cs-nursing-code-compressiontherapy-compression-adhesive-s-\"> </a><a href=\"CodeSystem-be-cs-nursing-code-compressiontherapy.html#be-cs-nursing-code-compressiontherapy-compression-adhesive.40s.41\">compression-adhesive(s)</a></td><td>Compression adhesive(s)</td></tr><tr><td style=\"white-space:nowrap\"><a name=\"https---www.ehealth.fgov.be-standards-fhir-CodeSystem-be-cs-nursing-code-compressiontherapy-compression-stockings\"> </a><a href=\"CodeSystem-be-cs-nursing-code-compressiontherapy.html#be-cs-nursing-code-compressiontherapy-compression-stockings\">compression-stockings</a></td><td>Stockings</td></tr></table></div>"
      },
      "url" : "https://www.ehealth.fgov.be/standards/fhir/ValueSet/be-vs-type-of-compression",
      "version" : "0.2.0",
      "name" : "BeCompressionType",
      "status" : "draft",
      "date" : "2022-01-17T15:12:34+00:00",
      "publisher" : "HL7 Belgium",
      "contact" : [{
        "name" : "HL7 Belgium",
        "telecom" : [{
          "system" : "url",
          "value" : "http://hl7belgium.org"
        }]
      },
      {
        "name" : "Message-Structure",
        "telecom" : [{
          "system" : "email",
          "value" : "message-structure@ehealth.fgov.be",
          "use" : "work"
        }]
      }],
      "description" : "Codes to define a type of compression therapy.",
      "jurisdiction" : [{
        "coding" : [{
          "system" : "http://unstats.un.org/unsd/methods/m49/m49.htm",
          "code" : "056",
          "display" : "Belgium"
        }]
      }],
      "expansion" : {
        "identifier" : "urn:uuid:05165473-7747-47e4-b871-7c8ff273967b",
        "timestamp" : "2022-01-17T15:13:29+00:00",
        "total" : 4,
        "parameter" : [{
          "name" : "excludeNested",
          "valueBoolean" : false
        },
        {
          "name" : "version",
          "valueUri" : "https://www.ehealth.fgov.be/standards/fhir/CodeSystem/be-cs-nursing-code-compressiontherapy|0.2.0"
        }],
        "contains" : [{
          "system" : "https://www.ehealth.fgov.be/standards/fhir/CodeSystem/be-cs-nursing-code-compressiontherapy",
          "code" : "compression-bandage(s)-short-strech",
          "display" : "Compression bandage(s) short strech"
        },
        {
          "system" : "https://www.ehealth.fgov.be/standards/fhir/CodeSystem/be-cs-nursing-code-compressiontherapy",
          "code" : "compression-bandage(s)-long-strech",
          "display" : "Compression bandage(s) long strech"
        },
        {
          "system" : "https://www.ehealth.fgov.be/standards/fhir/CodeSystem/be-cs-nursing-code-compressiontherapy",
          "code" : "compression-adhesive(s)",
          "display" : "Compression adhesive(s)"
        },
        {
          "system" : "https://www.ehealth.fgov.be/standards/fhir/CodeSystem/be-cs-nursing-code-compressiontherapy",
          "code" : "compression-stockings",
          "display" : "Stockings"
        }]
      }
    }
  },
  {
    "fullUrl" : "https://www.ehealth.fgov.be/standards/fhir/ValueSet/be-vs-type-of-non-reimbursable-nursing",
    "resource" : {
      "resourceType" : "ValueSet",
      "id" : "be-vs-type-of-non-reimbursable-nursing",
      "text" : {
        "status" : "generated",
        "div" : "<div xmlns=\"http://www.w3.org/1999/xhtml\"><p>This value set contains 3 concepts</p><p style=\"border: black 1px dotted; background-color: #ffcccc; padding: 8px; margin-bottom: 8px\">Expansion based on code system fragment <a href=\"CodeSystem-be-cs-nursing-code-non-reimbursable.html\">BeNursingCodeNonReimbursable v0.2.0 (CodeSystem)</a></p><p style=\"border: black 1px dotted; background-color: #EEEEEE; padding: 8px; margin-bottom: 8px\">Expansion based on <a href=\"CodeSystem-be-cs-nursing-code-non-reimbursable.html\">BeNursingCodeNonReimbursable v0.2.0 (CodeSystem)</a></p><p>All codes in this table are from the system <a href=\"CodeSystem-be-cs-nursing-code-non-reimbursable.html\"><code>https://www.ehealth.fgov.be/standards/fhir/CodeSystem/be-cs-nursing-code-non-reimbursable</code></a></p><table class=\"codes\"><tr><td style=\"white-space:nowrap\"><b>Code</b></td><td><b>Display</b></td></tr><tr><td style=\"white-space:nowrap\"><a name=\"https---www.ehealth.fgov.be-standards-fhir-CodeSystem-be-cs-nursing-code-non-reimbursable-bloodpressure-measure\"> </a>bloodpressure-measure</td><td>Bloodpressure measure</td></tr><tr><td style=\"white-space:nowrap\"><a name=\"https---www.ehealth.fgov.be-standards-fhir-CodeSystem-be-cs-nursing-code-non-reimbursable-glycemic-measure\"> </a>glycemic-measure</td><td>Glycemic measure</td></tr><tr><td style=\"white-space:nowrap\"><a name=\"https---www.ehealth.fgov.be-standards-fhir-CodeSystem-be-cs-nursing-code-non-reimbursable-prepare-medications\"> </a>prepare-medications</td><td>Prepare medications</td></tr></table></div>"
      },
      "url" : "https://www.ehealth.fgov.be/standards/fhir/ValueSet/be-vs-type-of-non-reimbursable-nursing",
      "version" : "0.2.0",
      "name" : "BeNonReimbursableNursing",
      "status" : "draft",
      "date" : "2022-01-17T15:12:34+00:00",
      "publisher" : "HL7 Belgium",
      "contact" : [{
        "name" : "HL7 Belgium",
        "telecom" : [{
          "system" : "url",
          "value" : "http://hl7belgium.org"
        }]
      },
      {
        "name" : "Message-Structure",
        "telecom" : [{
          "system" : "email",
          "value" : "message-structure@ehealth.fgov.be",
          "use" : "work"
        }]
      }],
      "description" : "Codes to define a type of non reimbursable nursing category.",
      "jurisdiction" : [{
        "coding" : [{
          "system" : "http://unstats.un.org/unsd/methods/m49/m49.htm",
          "code" : "056",
          "display" : "Belgium"
        }]
      }],
      "expansion" : {
        "identifier" : "urn:uuid:8ee95d50-50b5-4358-a2e7-de27c059f717",
        "timestamp" : "2022-01-17T15:13:29+00:00",
        "total" : 3,
        "parameter" : [{
          "name" : "excludeNested",
          "valueBoolean" : false
        },
        {
          "name" : "version",
          "valueUri" : "https://www.ehealth.fgov.be/standards/fhir/CodeSystem/be-cs-nursing-code-non-reimbursable|0.2.0"
        },
        {
          "name" : "fragment",
          "valueUri" : "https://www.ehealth.fgov.be/standards/fhir/CodeSystem/be-cs-nursing-code-non-reimbursable|0.2.0"
        }],
        "contains" : [{
          "system" : "https://www.ehealth.fgov.be/standards/fhir/CodeSystem/be-cs-nursing-code-non-reimbursable",
          "code" : "bloodpressure-measure",
          "display" : "Bloodpressure measure"
        },
        {
          "system" : "https://www.ehealth.fgov.be/standards/fhir/CodeSystem/be-cs-nursing-code-non-reimbursable",
          "code" : "glycemic-measure",
          "display" : "Glycemic measure"
        },
        {
          "system" : "https://www.ehealth.fgov.be/standards/fhir/CodeSystem/be-cs-nursing-code-non-reimbursable",
          "code" : "prepare-medications",
          "display" : "Prepare medications"
        }]
      }
    }
  },
  {
    "fullUrl" : "https://www.ehealth.fgov.be/standards/fhir/ValueSet/be-vs-type-of-nursing",
    "resource" : {
      "resourceType" : "ValueSet",
      "id" : "be-vs-type-of-nursing",
      "text" : {
        "status" : "generated",
        "div" : "<div xmlns=\"http://www.w3.org/1999/xhtml\"><p>This value set contains 10 concepts</p><p style=\"border: black 1px dotted; background-color: #ffcccc; padding: 8px; margin-bottom: 8px\">Expansion based on code system fragment <a href=\"CodeSystem-be-cs-nursing-code.html\">BeNursingCode v0.2.0 (CodeSystem)</a></p><p style=\"border: black 1px dotted; background-color: #EEEEEE; padding: 8px; margin-bottom: 8px\">Expansion based on <a href=\"CodeSystem-be-cs-nursing-code.html\">BeNursingCode v0.2.0 (CodeSystem)</a></p><p>All codes in this table are from the system <a href=\"CodeSystem-be-cs-nursing-code.html\"><code>https://www.ehealth.fgov.be/standards/fhir/CodeSystem/be-cs-nursing-code</code></a></p><table class=\"codes\"><tr><td style=\"white-space:nowrap\"><b>Code</b></td><td><b>Display</b></td></tr><tr><td style=\"white-space:nowrap\"><a name=\"https---www.ehealth.fgov.be-standards-fhir-CodeSystem-be-cs-nursing-code-bladder-care\"> </a>bladder-care</td><td>Bladder care</td></tr><tr><td style=\"white-space:nowrap\"><a name=\"https---www.ehealth.fgov.be-standards-fhir-CodeSystem-be-cs-nursing-code-digestive-system-care\"> </a>digestive-system-care</td><td>Digestive system care</td></tr><tr><td style=\"white-space:nowrap\"><a name=\"https---www.ehealth.fgov.be-standards-fhir-CodeSystem-be-cs-nursing-code-wound-care\"> </a>wound-care</td><td>Wound care</td></tr><tr><td style=\"white-space:nowrap\"><a name=\"https---www.ehealth.fgov.be-standards-fhir-CodeSystem-be-cs-nursing-code-compression-therapy\"> </a>compression-therapy</td><td>Compression therapy</td></tr><tr><td style=\"white-space:nowrap\"><a name=\"https---www.ehealth.fgov.be-standards-fhir-CodeSystem-be-cs-nursing-code-medication\"> </a>medication</td><td>Medication</td></tr><tr><td style=\"white-space:nowrap\"><a name=\"https---www.ehealth.fgov.be-standards-fhir-CodeSystem-be-cs-nursing-code-appendix-81-preparation-of-medications\"> </a>appendix-81-preparation-of-medications</td><td>Appendix 81 preparation of medications</td></tr><tr><td style=\"white-space:nowrap\"><a name=\"https---www.ehealth.fgov.be-standards-fhir-CodeSystem-be-cs-nursing-code-preparation-and-administration-of-medication-to-chronical-psychiatric-patient\"> </a>preparation-and-administration-of-medication-to-chronical-psychiatric-patient</td><td>Preparation and administration of medication to chronical psychiatric patient</td></tr><tr><td style=\"white-space:nowrap\"><a name=\"https---www.ehealth.fgov.be-standards-fhir-CodeSystem-be-cs-nursing-code-diabetic-patient-services\"> </a>diabetic-patient-services</td><td>Diabetic patient services</td></tr><tr><td style=\"white-space:nowrap\"><a name=\"https---www.ehealth.fgov.be-standards-fhir-CodeSystem-be-cs-nursing-code-non-reimbursed-services\"> </a>non-reimbursed-services</td><td>Non reimbursed services</td></tr><tr><td style=\"white-space:nowrap\"><a name=\"https---www.ehealth.fgov.be-standards-fhir-CodeSystem-be-cs-nursing-code-other\"> </a>other</td><td>Other</td></tr></table></div>"
      },
      "url" : "https://www.ehealth.fgov.be/standards/fhir/ValueSet/be-vs-type-of-nursing",
      "version" : "0.2.0",
      "name" : "BeNursingType",
      "status" : "draft",
      "date" : "2022-01-17T15:12:34+00:00",
      "publisher" : "HL7 Belgium",
      "contact" : [{
        "name" : "HL7 Belgium",
        "telecom" : [{
          "system" : "url",
          "value" : "http://hl7belgium.org"
        }]
      },
      {
        "name" : "Message-Structure",
        "telecom" : [{
          "system" : "email",
          "value" : "message-structure@ehealth.fgov.be",
          "use" : "work"
        }]
      }],
      "description" : "Codes to define a type of nursing.",
      "jurisdiction" : [{
        "coding" : [{
          "system" : "http://unstats.un.org/unsd/methods/m49/m49.htm",
          "code" : "056",
          "display" : "Belgium"
        }]
      }],
      "expansion" : {
        "identifier" : "urn:uuid:b236a3ca-c326-46a5-91bd-d7b55396180b",
        "timestamp" : "2022-01-17T15:13:29+00:00",
        "total" : 10,
        "parameter" : [{
          "name" : "excludeNested",
          "valueBoolean" : false
        },
        {
          "name" : "version",
          "valueUri" : "https://www.ehealth.fgov.be/standards/fhir/CodeSystem/be-cs-nursing-code|0.2.0"
        },
        {
          "name" : "fragment",
          "valueUri" : "https://www.ehealth.fgov.be/standards/fhir/CodeSystem/be-cs-nursing-code|0.2.0"
        }],
        "contains" : [{
          "system" : "https://www.ehealth.fgov.be/standards/fhir/CodeSystem/be-cs-nursing-code",
          "code" : "bladder-care",
          "display" : "Bladder care"
        },
        {
          "system" : "https://www.ehealth.fgov.be/standards/fhir/CodeSystem/be-cs-nursing-code",
          "code" : "digestive-system-care",
          "display" : "Digestive system care"
        },
        {
          "system" : "https://www.ehealth.fgov.be/standards/fhir/CodeSystem/be-cs-nursing-code",
          "code" : "wound-care",
          "display" : "Wound care"
        },
        {
          "system" : "https://www.ehealth.fgov.be/standards/fhir/CodeSystem/be-cs-nursing-code",
          "code" : "compression-therapy",
          "display" : "Compression therapy"
        },
        {
          "system" : "https://www.ehealth.fgov.be/standards/fhir/CodeSystem/be-cs-nursing-code",
          "code" : "medication",
          "display" : "Medication"
        },
        {
          "system" : "https://www.ehealth.fgov.be/standards/fhir/CodeSystem/be-cs-nursing-code",
          "code" : "appendix-81-preparation-of-medications",
          "display" : "Appendix 81 preparation of medications"
        },
        {
          "system" : "https://www.ehealth.fgov.be/standards/fhir/CodeSystem/be-cs-nursing-code",
          "code" : "preparation-and-administration-of-medication-to-chronical-psychiatric-patient",
          "display" : "Preparation and administration of medication to chronical psychiatric patient"
        },
        {
          "system" : "https://www.ehealth.fgov.be/standards/fhir/CodeSystem/be-cs-nursing-code",
          "code" : "diabetic-patient-services",
          "display" : "Diabetic patient services"
        },
        {
          "system" : "https://www.ehealth.fgov.be/standards/fhir/CodeSystem/be-cs-nursing-code",
          "code" : "non-reimbursed-services",
          "display" : "Non reimbursed services"
        },
        {
          "system" : "https://www.ehealth.fgov.be/standards/fhir/CodeSystem/be-cs-nursing-code",
          "code" : "other",
          "display" : "Other"
        }]
      }
    }
  },
  {
    "fullUrl" : "https://www.ehealth.fgov.be/standards/fhir/ValueSet/be-vs-type-of-other-nursing",
    "resource" : {
      "resourceType" : "ValueSet",
      "id" : "be-vs-type-of-other-nursing",
      "text" : {
        "status" : "generated",
        "div" : "<div xmlns=\"http://www.w3.org/1999/xhtml\"><p>This value set contains 2 concepts</p><p style=\"border: black 1px dotted; background-color: #ffcccc; padding: 8px; margin-bottom: 8px\">Expansion based on code system fragment <a href=\"CodeSystem-be-cs-nursing-code-other.html\">BeNursingCodeOther v0.2.0 (CodeSystem)</a></p><p style=\"border: black 1px dotted; background-color: #EEEEEE; padding: 8px; margin-bottom: 8px\">Expansion based on <a href=\"CodeSystem-be-cs-nursing-code-other.html\">BeNursingCodeOther v0.2.0 (CodeSystem)</a></p><p>All codes in this table are from the system <a href=\"CodeSystem-be-cs-nursing-code-other.html\"><code>https://www.ehealth.fgov.be/standards/fhir/CodeSystem/be-cs-nursing-code-other</code></a></p><table class=\"codes\"><tr><td style=\"white-space:nowrap\"><b>Code</b></td><td><b>Display</b></td></tr><tr><td style=\"white-space:nowrap\"><a name=\"https---www.ehealth.fgov.be-standards-fhir-CodeSystem-be-cs-nursing-code-other-parameters\"> </a>parameters</td><td>Parameters</td></tr><tr><td style=\"white-space:nowrap\"><a name=\"https---www.ehealth.fgov.be-standards-fhir-CodeSystem-be-cs-nursing-code-other-sample-collection\"> </a>sample-collection</td><td>Sample collection</td></tr></table></div>"
      },
      "url" : "https://www.ehealth.fgov.be/standards/fhir/ValueSet/be-vs-type-of-other-nursing",
      "version" : "0.2.0",
      "name" : "BeOtherNursing",
      "status" : "draft",
      "date" : "2022-01-17T15:12:34+00:00",
      "publisher" : "HL7 Belgium",
      "contact" : [{
        "name" : "HL7 Belgium",
        "telecom" : [{
          "system" : "url",
          "value" : "http://hl7belgium.org"
        }]
      },
      {
        "name" : "Message-Structure",
        "telecom" : [{
          "system" : "email",
          "value" : "message-structure@ehealth.fgov.be",
          "use" : "work"
        }]
      }],
      "description" : "Codes to define a type of other nursing category.",
      "jurisdiction" : [{
        "coding" : [{
          "system" : "http://unstats.un.org/unsd/methods/m49/m49.htm",
          "code" : "056",
          "display" : "Belgium"
        }]
      }],
      "expansion" : {
        "identifier" : "urn:uuid:c2815a4f-9d9e-4313-8656-9229026259ad",
        "timestamp" : "2022-01-17T15:13:29+00:00",
        "total" : 2,
        "parameter" : [{
          "name" : "excludeNested",
          "valueBoolean" : false
        },
        {
          "name" : "version",
          "valueUri" : "https://www.ehealth.fgov.be/standards/fhir/CodeSystem/be-cs-nursing-code-other|0.2.0"
        },
        {
          "name" : "fragment",
          "valueUri" : "https://www.ehealth.fgov.be/standards/fhir/CodeSystem/be-cs-nursing-code-other|0.2.0"
        }],
        "contains" : [{
          "system" : "https://www.ehealth.fgov.be/standards/fhir/CodeSystem/be-cs-nursing-code-other",
          "code" : "parameters",
          "display" : "Parameters"
        },
        {
          "system" : "https://www.ehealth.fgov.be/standards/fhir/CodeSystem/be-cs-nursing-code-other",
          "code" : "sample-collection",
          "display" : "Sample collection"
        }]
      }
    }
  }]
}