{
  "resourceType" : "Bundle",
  "id" : "3889946a-78f8-4405-9b58-cd1e3e618ac9",
  "meta" : {
    "lastUpdated" : "2021-06-22T14:00:22.815+00:00"
  },
  "type" : "collection",
  "entry" : [{
    "fullUrl" : "https://www.ehealth.fgov.be/standards/fhir/ValueSet/be-reason-referral-status",
    "resource" : {
      "resourceType" : "ValueSet",
      "id" : "be-vs-reason-referral-status",
      "text" : {
        "status" : "generated",
        "div" : "<div xmlns=\"http://www.w3.org/1999/xhtml\"><p>This value set contains 2 concepts</p><div style=\"border: maroon 1px solid; background-color: #FFCCCC; padding: 8px\"><p>Warning: this expansion is generated from a fragment of the code system <a href=\"CodeSystem-be-status-reason.html\">BeStatusReason</a> and may be missing codes, or include codes that are not valid</p></div><p style=\"border: black 1px dotted; background-color: #EEEEEE; padding: 8px; margin-bottom: 8px\">Expansion based on <a href=\"CodeSystem-be-status-reason.html\">BeStatusReason v0.2.0 (CodeSystem)</a></p><p>All codes from system <a href=\"CodeSystem-be-status-reason.html\"><code>https://www.ehealth.fgov.be/standards/fhir/CodeSystem/be-status-reason</code></a></p><table class=\"codes\"><tr><td style=\"white-space:nowrap\"><b>Code</b></td><td><b>Display</b></td><td><b>Definition</b></td></tr><tr><td style=\"white-space:nowrap\"><a name=\"https---www.ehealth.fgov.be-standards-fhir-CodeSystem-be-status-reason-created\"> </a>created</td><td>created</td><td/></tr><tr><td style=\"white-space:nowrap\"><a name=\"https---www.ehealth.fgov.be-standards-fhir-CodeSystem-be-status-reason-not-used-by-patient\"> </a>not-used-by-patient</td><td>not-used-by-patient</td><td/></tr></table></div>"
      },
      "url" : "https://www.ehealth.fgov.be/standards/fhir/ValueSet/be-reason-referral-status",
      "version" : "0.2.0",
      "name" : "BeReasonReferralStatus",
      "status" : "active",
      "date" : "2021-06-22T14:00:22+00:00",
      "publisher" : "HL7 Belgium",
      "contact" : [{
        "telecom" : [{
          "system" : "url",
          "value" : "http://hl7belgium.org"
        }]
      }],
      "description" : "Codes to explain the current status of a referral prescription.",
      "jurisdiction" : [{
        "coding" : [{
          "system" : "http://unstats.un.org/unsd/methods/m49/m49.htm",
          "code" : "001"
        }]
      }],
      "expansion" : {
        "extension" : [{
          "url" : "http://hl7.org/fhir/tools/StructureDefinition/expansion-codesystem-fragment",
          "valueUri" : "https://www.ehealth.fgov.be/standards/fhir/CodeSystem/be-status-reason"
        }],
        "identifier" : "urn:uuid:fe5eb290-ac57-40b5-9d24-67d05d9f87cf",
        "timestamp" : "2021-06-22T14:00:43+00:00",
        "total" : 2,
        "parameter" : [{
          "name" : "excludeNested",
          "valueBoolean" : false
        },
        {
          "name" : "version",
          "valueUri" : "https://www.ehealth.fgov.be/standards/fhir/CodeSystem/be-status-reason|0.2.0"
        }],
        "contains" : [{
          "system" : "https://www.ehealth.fgov.be/standards/fhir/CodeSystem/be-status-reason",
          "code" : "created",
          "display" : "created"
        },
        {
          "system" : "https://www.ehealth.fgov.be/standards/fhir/CodeSystem/be-status-reason",
          "code" : "not-used-by-patient",
          "display" : "not-used-by-patient"
        }]
      }
    }
  },
  {
    "fullUrl" : "https://www.ehealth.fgov.be/standards/fhir/ValueSet/be-contrastfluid-use",
    "resource" : {
      "resourceType" : "ValueSet",
      "id" : "be-vs-contrastfluid-use",
      "text" : {
        "status" : "generated",
        "div" : "<div xmlns=\"http://www.w3.org/1999/xhtml\"><p>This value set contains 2 concepts</p><p style=\"border: black 1px dotted; background-color: #EEEEEE; padding: 8px; margin-bottom: 8px\">Expansion based on <a href=\"CodeSystem-be-contrastfluid-use.html\">BeContrastFluidUse v0.2.0 (CodeSystem)</a></p><p>All codes from system <a href=\"CodeSystem-be-contrastfluid-use.html\"><code>https://www.ehealth.fgov.be/standards/fhir/CodeSystem/be-contrastfluid-use</code></a></p><table class=\"codes\"><tr><td style=\"white-space:nowrap\"><b>Code</b></td><td><b>Display</b></td><td><b>Definition</b></td></tr><tr><td style=\"white-space:nowrap\"><a name=\"https---www.ehealth.fgov.be-standards-fhir-CodeSystem-be-contrastfluid-use-if-necessary\"> </a><a href=\"CodeSystem-be-contrastfluid-use.html#be-contrastfluid-use-if-necessary\">if-necessary</a></td><td>if-necessary</td><td/></tr><tr><td style=\"white-space:nowrap\"><a name=\"https---www.ehealth.fgov.be-standards-fhir-CodeSystem-be-contrastfluid-use-not-permitted\"> </a><a href=\"CodeSystem-be-contrastfluid-use.html#be-contrastfluid-use-not-permitted\">not-permitted</a></td><td>not-permitted</td><td/></tr></table></div>"
      },
      "url" : "https://www.ehealth.fgov.be/standards/fhir/ValueSet/be-contrastfluid-use",
      "version" : "0.2.0",
      "name" : "BeContrastFluidUse",
      "status" : "draft",
      "date" : "2021-06-22T14:00:22+00:00",
      "publisher" : "HL7 Belgium",
      "contact" : [{
        "telecom" : [{
          "system" : "url",
          "value" : "http://hl7belgium.org"
        }]
      }],
      "description" : "Codes to define the use of contrast fluid.",
      "jurisdiction" : [{
        "coding" : [{
          "system" : "http://unstats.un.org/unsd/methods/m49/m49.htm",
          "code" : "001"
        }]
      }],
      "expansion" : {
        "identifier" : "urn:uuid:419090e5-b1c6-49b1-90f4-6b1b27cb9794",
        "timestamp" : "2021-06-22T14:00:43+00:00",
        "total" : 2,
        "parameter" : [{
          "name" : "excludeNested",
          "valueBoolean" : false
        },
        {
          "name" : "version",
          "valueUri" : "https://www.ehealth.fgov.be/standards/fhir/CodeSystem/be-contrastfluid-use|0.2.0"
        }],
        "contains" : [{
          "system" : "https://www.ehealth.fgov.be/standards/fhir/CodeSystem/be-contrastfluid-use",
          "code" : "if-necessary",
          "display" : "if-necessary"
        },
        {
          "system" : "https://www.ehealth.fgov.be/standards/fhir/CodeSystem/be-contrastfluid-use",
          "code" : "not-permitted",
          "display" : "not-permitted"
        }]
      }
    }
  },
  {
    "fullUrl" : "https://www.ehealth.fgov.be/standards/fhir/ValueSet/be-vs-type-of-compression",
    "resource" : {
      "resourceType" : "ValueSet",
      "id" : "be-vs-type-of-compression",
      "text" : {
        "status" : "generated",
        "div" : "<div xmlns=\"http://www.w3.org/1999/xhtml\"><p>This value set contains 4 concepts</p><p style=\"border: black 1px dotted; background-color: #EEEEEE; padding: 8px; margin-bottom: 8px\">Expansion based on <a href=\"CodeSystem-be-cs-nursing-code-compressiontherapy.html\">BeNursingCodeCompressiontherapy v0.2.0 (CodeSystem)</a></p><p>All codes from system <a href=\"CodeSystem-be-cs-nursing-code-compressiontherapy.html\"><code>https://www.ehealth.fgov.be/standards/fhir/CodeSystem/be-cs-nursing-code-compressiontherapy</code></a></p><table class=\"codes\"><tr><td style=\"white-space:nowrap\"><b>Code</b></td><td><b>Display</b></td><td><b>Definition</b></td></tr><tr><td style=\"white-space:nowrap\"><a name=\"https---www.ehealth.fgov.be-standards-fhir-CodeSystem-be-cs-nursing-code-compressiontherapy-compression-bandage-s--short-strech\"> </a><a href=\"CodeSystem-be-cs-nursing-code-compressiontherapy.html#be-cs-nursing-code-compressiontherapy-compression-bandage.40s.41-short-strech\">compression-bandage(s)-short-strech</a></td><td>Compression bandage(s) short strech</td><td/></tr><tr><td style=\"white-space:nowrap\"><a name=\"https---www.ehealth.fgov.be-standards-fhir-CodeSystem-be-cs-nursing-code-compressiontherapy-compression-bandage-s--long-strech\"> </a><a href=\"CodeSystem-be-cs-nursing-code-compressiontherapy.html#be-cs-nursing-code-compressiontherapy-compression-bandage.40s.41-long-strech\">compression-bandage(s)-long-strech</a></td><td>Compression bandage(s) long strech</td><td/></tr><tr><td style=\"white-space:nowrap\"><a name=\"https---www.ehealth.fgov.be-standards-fhir-CodeSystem-be-cs-nursing-code-compressiontherapy-compression-adhesive-s-\"> </a><a href=\"CodeSystem-be-cs-nursing-code-compressiontherapy.html#be-cs-nursing-code-compressiontherapy-compression-adhesive.40s.41\">compression-adhesive(s)</a></td><td>Compression adhesive(s)</td><td/></tr><tr><td style=\"white-space:nowrap\"><a name=\"https---www.ehealth.fgov.be-standards-fhir-CodeSystem-be-cs-nursing-code-compressiontherapy-compression-stockings\"> </a><a href=\"CodeSystem-be-cs-nursing-code-compressiontherapy.html#be-cs-nursing-code-compressiontherapy-compression-stockings\">compression-stockings</a></td><td>Stockings</td><td/></tr></table></div>"
      },
      "url" : "https://www.ehealth.fgov.be/standards/fhir/ValueSet/be-vs-type-of-compression",
      "version" : "0.2.0",
      "name" : "BeCompressionType",
      "status" : "draft",
      "date" : "2021-06-22T14:00:22+00:00",
      "publisher" : "HL7 Belgium",
      "contact" : [{
        "telecom" : [{
          "system" : "url",
          "value" : "http://hl7belgium.org"
        }]
      }],
      "description" : "Codes to define a type of compression therapy.",
      "jurisdiction" : [{
        "coding" : [{
          "system" : "http://unstats.un.org/unsd/methods/m49/m49.htm",
          "code" : "001"
        }]
      }],
      "expansion" : {
        "identifier" : "urn:uuid:3f7b57a5-da6b-45cb-adb8-304fbae2bfc5",
        "timestamp" : "2021-06-22T14:00:43+00:00",
        "total" : 4,
        "parameter" : [{
          "name" : "excludeNested",
          "valueBoolean" : false
        },
        {
          "name" : "version",
          "valueUri" : "https://www.ehealth.fgov.be/standards/fhir/CodeSystem/be-cs-nursing-code-compressiontherapy|0.2.0"
        }],
        "contains" : [{
          "system" : "https://www.ehealth.fgov.be/standards/fhir/CodeSystem/be-cs-nursing-code-compressiontherapy",
          "code" : "compression-bandage(s)-short-strech",
          "display" : "Compression bandage(s) short strech"
        },
        {
          "system" : "https://www.ehealth.fgov.be/standards/fhir/CodeSystem/be-cs-nursing-code-compressiontherapy",
          "code" : "compression-bandage(s)-long-strech",
          "display" : "Compression bandage(s) long strech"
        },
        {
          "system" : "https://www.ehealth.fgov.be/standards/fhir/CodeSystem/be-cs-nursing-code-compressiontherapy",
          "code" : "compression-adhesive(s)",
          "display" : "Compression adhesive(s)"
        },
        {
          "system" : "https://www.ehealth.fgov.be/standards/fhir/CodeSystem/be-cs-nursing-code-compressiontherapy",
          "code" : "compression-stockings",
          "display" : "Stockings"
        }]
      }
    }
  },
  {
    "fullUrl" : "https://www.ehealth.fgov.be/standards/fhir/ValueSet/be-vs-enteral-feeding-way",
    "resource" : {
      "resourceType" : "ValueSet",
      "id" : "be-vs-entera-feeding-way",
      "text" : {
        "status" : "generated",
        "div" : "<div xmlns=\"http://www.w3.org/1999/xhtml\"><p>This value set contains 3 concepts</p><p style=\"border: black 1px dotted; background-color: #EEEEEE; padding: 8px; margin-bottom: 8px\">Expansion based on <a href=\"CodeSystem-codesystem-be-enteral-feeding-way.html\">BeEnteralFeedingWay v0.2.0 (CodeSystem)</a></p><p>All codes from system <a href=\"CodeSystem-codesystem-be-enteral-feeding-way.html\"><code>https://www.ehealth.fgov.be/standards/fhir/CodeSystem/be-cs-enteral-feeding-way</code></a></p><table class=\"codes\"><tr><td style=\"white-space:nowrap\"><b>Code</b></td><td><b>Display</b></td><td><b>Definition</b></td></tr><tr><td style=\"white-space:nowrap\"><a name=\"https---www.ehealth.fgov.be-standards-fhir-CodeSystem-be-cs-enteral-feeding-way-stomach-probe\"> </a><a href=\"CodeSystem-codesystem-be-enteral-feeding-way.html#codesystem-be-enteral-feeding-way-stomach-probe\">stomach-probe</a></td><td>Stomach probe</td><td/></tr><tr><td style=\"white-space:nowrap\"><a name=\"https---www.ehealth.fgov.be-standards-fhir-CodeSystem-be-cs-enteral-feeding-way-gastrostomy-probe\"> </a><a href=\"CodeSystem-codesystem-be-enteral-feeding-way.html#codesystem-be-enteral-feeding-way-gastrostomy-probe\">gastrostomy-probe</a></td><td>Gastrostomy probe</td><td/></tr><tr><td style=\"white-space:nowrap\"><a name=\"https---www.ehealth.fgov.be-standards-fhir-CodeSystem-be-cs-enteral-feeding-way-enterostomy-probe\"> </a><a href=\"CodeSystem-codesystem-be-enteral-feeding-way.html#codesystem-be-enteral-feeding-way-enterostomy-probe\">enterostomy-probe</a></td><td>Enterostomy probe</td><td/></tr></table></div>"
      },
      "url" : "https://www.ehealth.fgov.be/standards/fhir/ValueSet/be-vs-enteral-feeding-way",
      "version" : "0.2.0",
      "name" : "BeEnteralFeedingWay",
      "status" : "draft",
      "date" : "2021-06-22T14:00:22+00:00",
      "publisher" : "HL7 Belgium",
      "contact" : [{
        "telecom" : [{
          "system" : "url",
          "value" : "http://hl7belgium.org"
        }]
      }],
      "description" : "Codes to define a way of enteral feeding",
      "jurisdiction" : [{
        "coding" : [{
          "system" : "http://unstats.un.org/unsd/methods/m49/m49.htm",
          "code" : "001"
        }]
      }],
      "expansion" : {
        "identifier" : "urn:uuid:19d8bebb-9267-4d62-8d0c-ea049126c6e9",
        "timestamp" : "2021-06-22T14:00:43+00:00",
        "total" : 3,
        "parameter" : [{
          "name" : "excludeNested",
          "valueBoolean" : false
        },
        {
          "name" : "version",
          "valueUri" : "https://www.ehealth.fgov.be/standards/fhir/CodeSystem/be-cs-enteral-feeding-way|0.2.0"
        }],
        "contains" : [{
          "system" : "https://www.ehealth.fgov.be/standards/fhir/CodeSystem/be-cs-enteral-feeding-way",
          "code" : "stomach-probe",
          "display" : "Stomach probe"
        },
        {
          "system" : "https://www.ehealth.fgov.be/standards/fhir/CodeSystem/be-cs-enteral-feeding-way",
          "code" : "gastrostomy-probe",
          "display" : "Gastrostomy probe"
        },
        {
          "system" : "https://www.ehealth.fgov.be/standards/fhir/CodeSystem/be-cs-enteral-feeding-way",
          "code" : "enterostomy-probe",
          "display" : "Enterostomy probe"
        }]
      }
    }
  },
  {
    "fullUrl" : "https://www.ehealth.fgov.be/standards/fhir/ValueSet/be-referral-category",
    "resource" : {
      "resourceType" : "ValueSet",
      "id" : "be-vs-referral-category",
      "text" : {
        "status" : "generated",
        "div" : "<div xmlns=\"http://www.w3.org/1999/xhtml\"><p>This value set contains 4 concepts</p><p style=\"border: black 1px dotted; background-color: #EEEEEE; padding: 8px; margin-bottom: 8px\">Expansion based on SNOMED CT International edition 31-Jan 2021</p><p>All codes from system <a href=\"http://terminology.hl7.org/2.1.0/CodeSystem-v3-snomed-CT.html\"><code>http://snomed.info/sct</code></a></p><table class=\"codes\"><tr><td style=\"white-space:nowrap\"><b>Code</b></td><td><b>Display</b></td><td><b>Definition</b></td></tr><tr><td style=\"white-space:nowrap\"><a name=\"http---snomed.info-sct-363679005\"> </a><a href=\"http://browser.ihtsdotools.org/?perspective=full&amp;conceptId1=363679005\">363679005</a></td><td>Imaging (procedure)</td><td/></tr><tr><td style=\"white-space:nowrap\"><a name=\"http---snomed.info-sct-91251008\"> </a><a href=\"http://browser.ihtsdotools.org/?perspective=full&amp;conceptId1=91251008\">91251008</a></td><td>Physical therapy procedure (regime/therapy)</td><td/></tr><tr><td style=\"white-space:nowrap\"><a name=\"http---snomed.info-sct-9632001\"> </a><a href=\"http://browser.ihtsdotools.org/?perspective=full&amp;conceptId1=9632001\">9632001</a></td><td>Nursing procedure (procedure)</td><td/></tr><tr><td style=\"white-space:nowrap\"><a name=\"http---snomed.info-sct-15220000\"> </a><a href=\"http://browser.ihtsdotools.org/?perspective=full&amp;conceptId1=15220000\">15220000</a></td><td>Laboratory test (procedure)</td><td/></tr></table></div>"
      },
      "url" : "https://www.ehealth.fgov.be/standards/fhir/ValueSet/be-referral-category",
      "version" : "0.2.0",
      "name" : "BeReferralCategory",
      "status" : "draft",
      "date" : "2021-06-22T14:00:22+00:00",
      "publisher" : "HL7 Belgium",
      "contact" : [{
        "telecom" : [{
          "system" : "url",
          "value" : "http://hl7belgium.org"
        }]
      }],
      "description" : "Codes to define the high level category for a referral prescription. SNOMED-CT codes in this valueset are just a draft proposal to give a general idea - pending an official valueset.",
      "jurisdiction" : [{
        "coding" : [{
          "system" : "http://unstats.un.org/unsd/methods/m49/m49.htm",
          "code" : "001"
        }]
      }],
      "expansion" : {
        "identifier" : "urn:uuid:85fbd31a-becb-450c-98e9-18da2c40f93d",
        "timestamp" : "2021-06-22T14:00:44+00:00",
        "total" : 4,
        "parameter" : [{
          "name" : "excludeNested",
          "valueBoolean" : false
        },
        {
          "name" : "limitedExpansion",
          "valueBoolean" : true
        },
        {
          "name" : "version",
          "valueString" : "http://snomed.info/sct|http://snomed.info/sct/900000000000207008/version/20210131"
        }],
        "contains" : [{
          "system" : "http://snomed.info/sct",
          "code" : "363679005",
          "display" : "Imaging (procedure)"
        },
        {
          "system" : "http://snomed.info/sct",
          "code" : "91251008",
          "display" : "Physical therapy procedure (regime/therapy)"
        },
        {
          "system" : "http://snomed.info/sct",
          "code" : "9632001",
          "display" : "Nursing procedure (procedure)"
        },
        {
          "system" : "http://snomed.info/sct",
          "code" : "15220000",
          "display" : "Laboratory test (procedure)"
        }]
      }
    }
  },
  {
    "fullUrl" : "https://www.ehealth.fgov.be/standards/fhir/ValueSet/be-vs-type-of-nursing",
    "resource" : {
      "resourceType" : "ValueSet",
      "id" : "be-vs-type-of-nursing",
      "text" : {
        "status" : "generated",
        "div" : "<div xmlns=\"http://www.w3.org/1999/xhtml\"><p>This value set contains 7 concepts</p><div style=\"border: maroon 1px solid; background-color: #FFCCCC; padding: 8px\"><p>Warning: this expansion is generated from a fragment of the code system <a href=\"CodeSystem-be-cs-nursing-code.html\">BeNursingCode</a> and may be missing codes, or include codes that are not valid</p></div><p style=\"border: black 1px dotted; background-color: #EEEEEE; padding: 8px; margin-bottom: 8px\">Expansion based on <a href=\"CodeSystem-be-cs-nursing-code.html\">BeNursingCode v0.2.0 (CodeSystem)</a></p><p>All codes from system <a href=\"CodeSystem-be-cs-nursing-code.html\"><code>https://www.ehealth.fgov.be/standards/fhir/CodeSystem/be-cs-nursing-code</code></a></p><table class=\"codes\"><tr><td style=\"white-space:nowrap\"><b>Code</b></td><td><b>Display</b></td><td><b>Definition</b></td></tr><tr><td style=\"white-space:nowrap\"><a name=\"https---www.ehealth.fgov.be-standards-fhir-CodeSystem-be-cs-nursing-code-bladder-care\"> </a>bladder-care</td><td>Bladder care</td><td/></tr><tr><td style=\"white-space:nowrap\"><a name=\"https---www.ehealth.fgov.be-standards-fhir-CodeSystem-be-cs-nursing-code-digestive-system-care\"> </a>digestive-system-care</td><td>Digestive system care</td><td/></tr><tr><td style=\"white-space:nowrap\"><a name=\"https---www.ehealth.fgov.be-standards-fhir-CodeSystem-be-cs-nursing-code-wound-care\"> </a>wound-care</td><td>Wound care</td><td/></tr><tr><td style=\"white-space:nowrap\"><a name=\"https---www.ehealth.fgov.be-standards-fhir-CodeSystem-be-cs-nursing-code-compression-therapy\"> </a>compression-therapy</td><td>Compression therapy</td><td/></tr><tr><td style=\"white-space:nowrap\"><a name=\"https---www.ehealth.fgov.be-standards-fhir-CodeSystem-be-cs-nursing-code-medication\"> </a>medication</td><td>Medication</td><td/></tr><tr><td style=\"white-space:nowrap\"><a name=\"https---www.ehealth.fgov.be-standards-fhir-CodeSystem-be-cs-nursing-code-diabetic-patient-services\"> </a>diabetic-patient-services</td><td>Diabetic patient services</td><td/></tr><tr><td style=\"white-space:nowrap\"><a name=\"https---www.ehealth.fgov.be-standards-fhir-CodeSystem-be-cs-nursing-code-not-reimbursed-services\"> </a>not-reimbursed-services</td><td>Not reimbursed services</td><td/></tr></table></div>"
      },
      "url" : "https://www.ehealth.fgov.be/standards/fhir/ValueSet/be-vs-type-of-nursing",
      "version" : "0.2.0",
      "name" : "BeNursingType",
      "status" : "draft",
      "date" : "2021-06-22T14:00:22+00:00",
      "publisher" : "HL7 Belgium",
      "contact" : [{
        "telecom" : [{
          "system" : "url",
          "value" : "http://hl7belgium.org"
        }]
      }],
      "description" : "Codes to define a type of nursing.",
      "jurisdiction" : [{
        "coding" : [{
          "system" : "http://unstats.un.org/unsd/methods/m49/m49.htm",
          "code" : "001"
        }]
      }],
      "expansion" : {
        "extension" : [{
          "url" : "http://hl7.org/fhir/tools/StructureDefinition/expansion-codesystem-fragment",
          "valueUri" : "https://www.ehealth.fgov.be/standards/fhir/CodeSystem/be-cs-nursing-code"
        }],
        "identifier" : "urn:uuid:361c3101-643f-4634-ac68-83a919c9efd7",
        "timestamp" : "2021-06-22T14:00:44+00:00",
        "total" : 7,
        "parameter" : [{
          "name" : "excludeNested",
          "valueBoolean" : false
        },
        {
          "name" : "version",
          "valueUri" : "https://www.ehealth.fgov.be/standards/fhir/CodeSystem/be-cs-nursing-code|0.2.0"
        }],
        "contains" : [{
          "system" : "https://www.ehealth.fgov.be/standards/fhir/CodeSystem/be-cs-nursing-code",
          "code" : "bladder-care",
          "display" : "Bladder care"
        },
        {
          "system" : "https://www.ehealth.fgov.be/standards/fhir/CodeSystem/be-cs-nursing-code",
          "code" : "digestive-system-care",
          "display" : "Digestive system care"
        },
        {
          "system" : "https://www.ehealth.fgov.be/standards/fhir/CodeSystem/be-cs-nursing-code",
          "code" : "wound-care",
          "display" : "Wound care"
        },
        {
          "system" : "https://www.ehealth.fgov.be/standards/fhir/CodeSystem/be-cs-nursing-code",
          "code" : "compression-therapy",
          "display" : "Compression therapy"
        },
        {
          "system" : "https://www.ehealth.fgov.be/standards/fhir/CodeSystem/be-cs-nursing-code",
          "code" : "medication",
          "display" : "Medication"
        },
        {
          "system" : "https://www.ehealth.fgov.be/standards/fhir/CodeSystem/be-cs-nursing-code",
          "code" : "diabetic-patient-services",
          "display" : "Diabetic patient services"
        },
        {
          "system" : "https://www.ehealth.fgov.be/standards/fhir/CodeSystem/be-cs-nursing-code",
          "code" : "not-reimbursed-services",
          "display" : "Not reimbursed services"
        }]
      }
    }
  },
  {
    "fullUrl" : "https://www.ehealth.fgov.be/standards/fhir/ValueSet/be-vs-type-of-probe",
    "resource" : {
      "resourceType" : "ValueSet",
      "id" : "be-vs-type-of-probe",
      "text" : {
        "status" : "generated",
        "div" : "<div xmlns=\"http://www.w3.org/1999/xhtml\"><p>This value set contains 8 concepts</p><p style=\"border: black 1px dotted; background-color: #EEEEEE; padding: 8px; margin-bottom: 8px\">Expansion based on <a href=\"CodeSystem-codesystem-be-type-of-probe.html\">BeProbeType v0.2.0 (CodeSystem)</a></p><p>All codes from system <a href=\"CodeSystem-codesystem-be-type-of-probe.html\"><code>https://www.ehealth.fgov.be/standards/fhir/CodeSystem/be-cs-type-of-probe</code></a></p><table class=\"codes\"><tr><td style=\"white-space:nowrap\"><b>Code</b></td><td><b>Display</b></td><td><b>Definition</b></td></tr><tr><td style=\"white-space:nowrap\"><a name=\"https---www.ehealth.fgov.be-standards-fhir-CodeSystem-be-cs-type-of-probe-bladder-probe-indwelling\"> </a><a href=\"CodeSystem-codesystem-be-type-of-probe.html#codesystem-be-type-of-probe-bladder-probe-indwelling\">bladder-probe-indwelling</a></td><td>bladder-probe-indwelling</td><td/></tr><tr><td style=\"white-space:nowrap\"><a name=\"https---www.ehealth.fgov.be-standards-fhir-CodeSystem-be-cs-type-of-probe-bladder-probe-intermittent\"> </a><a href=\"CodeSystem-codesystem-be-type-of-probe.html#codesystem-be-type-of-probe-bladder-probe-intermittent\">bladder-probe-intermittent</a></td><td>bladder-probe-intermittent</td><td/></tr><tr><td style=\"white-space:nowrap\"><a name=\"https---www.ehealth.fgov.be-standards-fhir-CodeSystem-be-cs-type-of-probe-bladder-instillation\"> </a><a href=\"CodeSystem-codesystem-be-type-of-probe.html#codesystem-be-type-of-probe-bladder-instillation\">bladder-instillation</a></td><td>bladder-instillation</td><td/></tr><tr><td style=\"white-space:nowrap\"><a name=\"https---www.ehealth.fgov.be-standards-fhir-CodeSystem-be-cs-type-of-probe-bladder-flushing-indwelling\"> </a><a href=\"CodeSystem-codesystem-be-type-of-probe.html#codesystem-be-type-of-probe-bladder-flushing-indwelling\">bladder-flushing-indwelling</a></td><td>bladder-flushing-indwelling</td><td/></tr><tr><td style=\"white-space:nowrap\"><a name=\"https---www.ehealth.fgov.be-standards-fhir-CodeSystem-be-cs-type-of-probe-bladder-flushing-intermittent\"> </a><a href=\"CodeSystem-codesystem-be-type-of-probe.html#codesystem-be-type-of-probe-bladder-flushing-intermittent\">bladder-flushing-intermittent</a></td><td>bladder-flushing-intermittent</td><td/></tr><tr><td style=\"white-space:nowrap\"><a name=\"https---www.ehealth.fgov.be-standards-fhir-CodeSystem-be-cs-type-of-probe-colonic-cleansing\"> </a><a href=\"CodeSystem-codesystem-be-type-of-probe.html#codesystem-be-type-of-probe-colonic-cleansing\">colonic-cleansing</a></td><td>colonic-cleansing</td><td/></tr><tr><td style=\"white-space:nowrap\"><a name=\"https---www.ehealth.fgov.be-standards-fhir-CodeSystem-be-cs-type-of-probe-gastrointestinal-tubing-and-drainage\"> </a><a href=\"CodeSystem-codesystem-be-type-of-probe.html#codesystem-be-type-of-probe-gastrointestinal-tubing-and-drainage\">gastrointestinal-tubing-and-drainage</a></td><td>gastrointestinal-tubing-and-drainage</td><td/></tr><tr><td style=\"white-space:nowrap\"><a name=\"https---www.ehealth.fgov.be-standards-fhir-CodeSystem-be-cs-type-of-probe-suprapubic-probe\"> </a><a href=\"CodeSystem-codesystem-be-type-of-probe.html#codesystem-be-type-of-probe-suprapubic-probe\">suprapubic-probe</a></td><td>suprapubic-probe</td><td/></tr></table></div>"
      },
      "url" : "https://www.ehealth.fgov.be/standards/fhir/ValueSet/be-vs-type-of-probe",
      "version" : "0.2.0",
      "name" : "BeProbeType",
      "status" : "draft",
      "date" : "2021-06-22T14:00:22+00:00",
      "publisher" : "HL7 Belgium",
      "contact" : [{
        "telecom" : [{
          "system" : "url",
          "value" : "http://hl7belgium.org"
        }]
      }],
      "description" : "Codes to define a type of probe.",
      "jurisdiction" : [{
        "coding" : [{
          "system" : "http://unstats.un.org/unsd/methods/m49/m49.htm",
          "code" : "001"
        }]
      }],
      "expansion" : {
        "identifier" : "urn:uuid:56e26b72-5f23-4dd8-b6fd-3c3b08f29fb1",
        "timestamp" : "2021-06-22T14:00:44+00:00",
        "total" : 8,
        "parameter" : [{
          "name" : "excludeNested",
          "valueBoolean" : false
        },
        {
          "name" : "version",
          "valueUri" : "https://www.ehealth.fgov.be/standards/fhir/CodeSystem/be-cs-type-of-probe|0.2.0"
        }],
        "contains" : [{
          "system" : "https://www.ehealth.fgov.be/standards/fhir/CodeSystem/be-cs-type-of-probe",
          "code" : "bladder-probe-indwelling",
          "display" : "bladder-probe-indwelling"
        },
        {
          "system" : "https://www.ehealth.fgov.be/standards/fhir/CodeSystem/be-cs-type-of-probe",
          "code" : "bladder-probe-intermittent",
          "display" : "bladder-probe-intermittent"
        },
        {
          "system" : "https://www.ehealth.fgov.be/standards/fhir/CodeSystem/be-cs-type-of-probe",
          "code" : "bladder-instillation",
          "display" : "bladder-instillation"
        },
        {
          "system" : "https://www.ehealth.fgov.be/standards/fhir/CodeSystem/be-cs-type-of-probe",
          "code" : "bladder-flushing-indwelling",
          "display" : "bladder-flushing-indwelling"
        },
        {
          "system" : "https://www.ehealth.fgov.be/standards/fhir/CodeSystem/be-cs-type-of-probe",
          "code" : "bladder-flushing-intermittent",
          "display" : "bladder-flushing-intermittent"
        },
        {
          "system" : "https://www.ehealth.fgov.be/standards/fhir/CodeSystem/be-cs-type-of-probe",
          "code" : "colonic-cleansing",
          "display" : "colonic-cleansing"
        },
        {
          "system" : "https://www.ehealth.fgov.be/standards/fhir/CodeSystem/be-cs-type-of-probe",
          "code" : "gastrointestinal-tubing-and-drainage",
          "display" : "gastrointestinal-tubing-and-drainage"
        },
        {
          "system" : "https://www.ehealth.fgov.be/standards/fhir/CodeSystem/be-cs-type-of-probe",
          "code" : "suprapubic-probe",
          "display" : "suprapubic-probe"
        }]
      }
    }
  }]
}