{"resourceType":"CodeSystem","id":"be-cs-temp-requested-service-detail","text":{"status":"generated","div":"<div xmlns=\"http://www.w3.org/1999/xhtml\"><p>This code system <code>https://www.ehealth.fgov.be/standards/fhir/referral/CodeSystem/be-cs-temp-requested-service-detail</code> defines the following codes:</p><table class=\"codes\"><tr><td style=\"white-space:nowrap\"><b>Code</b></td><td><b>Display</b></td></tr><tr><td style=\"white-space:nowrap\">tmp-nurs-osis-7<a name=\"be-cs-temp-requested-service-detail-tmp-nurs-osis-7\"> </a></td><td>Nursing diagnosis</td></tr><tr><td style=\"white-space:nowrap\">tmp-medi-list-0<a name=\"be-cs-temp-requested-service-detail-tmp-medi-list-0\"> </a></td><td>Medical diagnosis problem list</td></tr><tr><td style=\"white-space:nowrap\">tmp-with-tion-7<a name=\"be-cs-temp-requested-service-detail-tmp-with-tion-7\"> </a></td><td>Within convention</td></tr><tr><td style=\"white-space:nowrap\">tmp-with-sion-8<a name=\"be-cs-temp-requested-service-detail-tmp-with-sion-8\"> </a></td><td>Within progression</td></tr><tr><td style=\"white-space:nowrap\">tmp-with-cess-9<a name=\"be-cs-temp-requested-service-detail-tmp-with-cess-9\"> </a></td><td>Within care process</td></tr><tr><td style=\"white-space:nowrap\">tmp-nome-rt.8-8<a name=\"be-cs-temp-requested-service-detail-tmp-nome-rt.468-8\"> </a></td><td>Nomenclature art.8</td></tr><tr><td style=\"white-space:nowrap\">tmp-othe-hers-6<a name=\"be-cs-temp-requested-service-detail-tmp-othe-hers-6\"> </a></td><td>Others</td></tr><tr><td style=\"white-space:nowrap\">tmp-natu-ype)-1<a name=\"be-cs-temp-requested-service-detail-tmp-natu-ype.41-1\"> </a></td><td>Nature of drug (type)</td></tr><tr><td style=\"white-space:nowrap\">tmp-post-tive-3<a name=\"be-cs-temp-requested-service-detail-tmp-post-tive-3\"> </a></td><td>postoperative</td></tr><tr><td style=\"white-space:nowrap\">tmp-preo-vely-4<a name=\"be-cs-temp-requested-service-detail-tmp-preo-vely-4\"> </a></td><td>preoperatively</td></tr><tr><td style=\"white-space:nowrap\">tmp-obse-mbs)-8<a name=\"be-cs-temp-requested-service-detail-tmp-obse-mbs.41-8\"> </a></td><td>Observation/evaluation of the patient's condition (movement, feeling of limbs)</td></tr><tr><td style=\"white-space:nowrap\">tmp-chan-sary-9<a name=\"be-cs-temp-requested-service-detail-tmp-chan-sary-9\"> </a></td><td>Change dressings if necessary</td></tr><tr><td style=\"white-space:nowrap\">tmp-chec-rate-4<a name=\"be-cs-temp-requested-service-detail-tmp-chec-rate-4\"> </a></td><td>Check pump operation and flow rate</td></tr><tr><td style=\"white-space:nowrap\">tmp-cont-uses-1<a name=\"be-cs-temp-requested-service-detail-tmp-cont-uses-1\"> </a></td><td>Control extra boluses</td></tr><tr><td style=\"white-space:nowrap\">tmp-adju-dule-3<a name=\"be-cs-temp-requested-service-detail-tmp-adju-dule-3\"> </a></td><td>Adjust dose according to schedule</td></tr><tr><td style=\"white-space:nowrap\">tmp-chan-eded-7<a name=\"be-cs-temp-requested-service-detail-tmp-chan-eded-7\"> </a></td><td>Change medication reservoir as needed</td></tr><tr><td style=\"white-space:nowrap\">tmp-addi-sary-9<a name=\"be-cs-temp-requested-service-detail-tmp-addi-sary-9\"> </a></td><td>Additional visit if necessary</td></tr><tr><td style=\"white-space:nowrap\">tmp-rest-sary-2<a name=\"be-cs-temp-requested-service-detail-tmp-rest-sary-2\"> </a></td><td>Restart after alarm if necessary</td></tr><tr><td style=\"white-space:nowrap\">tmp-repo-sary-5<a name=\"be-cs-temp-requested-service-detail-tmp-repo-sary-5\"> </a></td><td>Report at least weekly if necessary</td></tr><tr><td style=\"white-space:nowrap\">tmp-char-type-1<a name=\"be-cs-temp-requested-service-detail-tmp-char-type-1\"> </a></td><td>Charriere aspiration probe type</td></tr><tr><td style=\"white-space:nowrap\">tmp-thro-nula-1<a name=\"be-cs-temp-requested-service-detail-tmp-thro-nula-1\"> </a></td><td>through nasal cannula</td></tr><tr><td style=\"white-space:nowrap\">tmp-thro-mask-8<a name=\"be-cs-temp-requested-service-detail-tmp-thro-mask-8\"> </a></td><td>through nasal mask</td></tr><tr><td style=\"white-space:nowrap\">tmp-thro-tube-4<a name=\"be-cs-temp-requested-service-detail-tmp-thro-tube-4\"> </a></td><td>through nasogastric tube</td></tr><tr><td style=\"white-space:nowrap\">tmp-inte-nula-6<a name=\"be-cs-temp-requested-service-detail-tmp-inte-nula-6\"> </a></td><td>internal cannula</td></tr><tr><td style=\"white-space:nowrap\">tmp-exte-nula-6<a name=\"be-cs-temp-requested-service-detail-tmp-exte-nula-6\"> </a></td><td>external cannula</td></tr><tr><td style=\"white-space:nowrap\">tmp-type-iere-4<a name=\"be-cs-temp-requested-service-detail-tmp-type-iere-4\"> </a></td><td>type charriere</td></tr><tr><td style=\"white-space:nowrap\">tmp-hube-type-3<a name=\"be-cs-temp-requested-service-detail-tmp-hube-type-3\"> </a></td><td>Huber point needle type</td></tr><tr><td style=\"white-space:nowrap\">tmp-prot-dges-5<a name=\"be-cs-temp-requested-service-detail-tmp-prot-dges-5\"> </a></td><td>protection of wound edges</td></tr><tr><td style=\"white-space:nowrap\">tmp-shor-wick-2<a name=\"be-cs-temp-requested-service-detail-tmp-shor-wick-2\"> </a></td><td>shorten wick</td></tr><tr><td style=\"white-space:nowrap\">tmp-supe-tion-2<a name=\"be-cs-temp-requested-service-detail-tmp-supe-tion-2\"> </a></td><td>supervised drain without suction</td></tr><tr><td style=\"white-space:nowrap\">tmp-spec-ions-1<a name=\"be-cs-temp-requested-service-detail-tmp-spec-ions-1\"> </a></td><td>specific instructions</td></tr><tr><td style=\"white-space:nowrap\">tmp-long-etch-2<a name=\"be-cs-temp-requested-service-detail-tmp-long-etch-2\"> </a></td><td>long stretch</td></tr><tr><td style=\"white-space:nowrap\">tmp-long-king-3<a name=\"be-cs-temp-requested-service-detail-tmp-long-king-3\"> </a></td><td>long stocking</td></tr></table><p><b>Additional Language Displays</b></p><table class=\"codes\"><tr><td><b>Code</b></td><td><b>English (English, en)</b></td><td><b>French (Belgium) (fr)</b></td><td><b>Nederlands (België) (Dutch (Belgium), nl)</b></td></tr><tr><td>tmp-nurs-osis-7</td><td>Nursing diagnosis</td><td>Diagnostic infirmier</td><td>Verpleegkundige diagnose</td></tr><tr><td>tmp-medi-list-0</td><td>Medical diagnosis problem list</td><td>Diagnostic médical de la liste des problèmes</td><td>Probleemlijst medische diagnose</td></tr><tr><td>tmp-with-tion-7</td><td>Within convention</td><td>Dans le cadre de la convention</td><td>Binnen conventie</td></tr><tr><td>tmp-with-sion-8</td><td>Within progression</td><td>Dans le cadre du parcours préliminaire</td><td>Binnen voortraject</td></tr><tr><td>tmp-with-cess-9</td><td>Within care process</td><td>Dans le cadre du parcours de soin</td><td>Binnen zorgtraject</td></tr><tr><td>tmp-nome-rt.8-8</td><td>Nomenclature art.8</td><td>Nomenclature art.8</td><td>Nomenclatuur art.8</td></tr><tr><td>tmp-othe-hers-6</td><td>Others</td><td>Autre</td><td>Andere</td></tr><tr><td>tmp-natu-ype)-1</td><td>Nature of drug (type)</td><td>Nature du médicament (type)</td><td>Aard geneesmiddel (type)</td></tr><tr><td>tmp-post-tive-3</td><td>postoperative</td><td>Postopératoire</td><td>postoperatief</td></tr><tr><td>tmp-preo-vely-4</td><td>preoperatively</td><td>Préopératoire</td><td>preoperatief</td></tr><tr><td>tmp-obse-mbs)-8</td><td>Observation/evaluation of the patient's condition (movement, feeling of limbs)</td><td>Observation/Evaluation de l’état du patient (mouvement, sensation des membres)</td><td>Observatie/evaluatie toestand patiënt (bewegen, gevoel ledematen)</td></tr><tr><td>tmp-chan-sary-9</td><td>Change dressings if necessary</td><td>Changement de pansement si nécessaire</td><td>Verbandwissel zo nodig</td></tr><tr><td>tmp-chec-rate-4</td><td>Check pump operation and flow rate</td><td>Vérifier le fonctionnement et le débit de la pompe</td><td>Controle werking van de pomp en debiet</td></tr><tr><td>tmp-cont-uses-1</td><td>Control extra boluses</td><td>Controle des bolus supplémentaires</td><td>Controle extra bolussen</td></tr><tr><td>tmp-adju-dule-3</td><td>Adjust dose according to schedule</td><td>Ajuster la dose selon le schema</td><td>Aanpassing dosis volgens schema</td></tr><tr><td>tmp-chan-eded-7</td><td>Change medication reservoir as needed</td><td>Changer le réservoir de médicaments si nécessaire</td><td>Wisselen medicatiereservoir zo nodig</td></tr><tr><td>tmp-addi-sary-9</td><td>Additional visit if necessary</td><td>Visite suplémentaire si nécessaire</td><td>Bijkomend bezoek zo nodig</td></tr><tr><td>tmp-rest-sary-2</td><td>Restart after alarm if necessary</td><td>Redémarrage après alarme si nécessaire</td><td>Heropstart na alarm zo nodig</td></tr><tr><td>tmp-repo-sary-5</td><td>Report at least weekly if necessary</td><td>Rapporter minimum une fois par semaine si nécessaire</td><td>Minimaal wekelijks rapporteren zo nodig</td></tr><tr><td>tmp-char-type-1</td><td>Charriere aspiration probe type</td><td>Sonde s’aspiration de type Charrière</td><td>Type charrière aspiratiesonde</td></tr><tr><td>tmp-thro-nula-1</td><td>through nasal cannula</td><td>Via des lunettes nasales</td><td>via neusbril</td></tr><tr><td>tmp-thro-mask-8</td><td>through nasal mask</td><td>Via masque nasal</td><td>via neusmasker</td></tr><tr><td>tmp-thro-tube-4</td><td>through nasogastric tube</td><td>Via sonde nasale</td><td>via neussonde</td></tr><tr><td>tmp-inte-nula-6</td><td>internal cannula</td><td>Canule interne</td><td>interne canule</td></tr><tr><td>tmp-exte-nula-6</td><td>external cannula</td><td>Canule externe</td><td>externe canule</td></tr><tr><td>tmp-type-iere-4</td><td>type charriere</td><td>Type charrière</td><td>type charrière</td></tr><tr><td>tmp-hube-type-3</td><td>Huber point needle type</td><td>Type d’aiguille à pointe Huber</td><td>Type huberpuntnaald</td></tr><tr><td>tmp-prot-dges-5</td><td>protection of wound edges</td><td>Protection des bords de la plaie</td><td>bescherming van wondranden</td></tr><tr><td>tmp-shor-wick-2</td><td>shorten wick</td><td>Raccourcir la mèche </td><td>inkorten wiek</td></tr><tr><td>tmp-supe-tion-2</td><td>supervised drain without suction</td><td>Supervision de la vidange sans aspiration</td><td>toezicht drain zonder suctie</td></tr><tr><td>tmp-spec-ions-1</td><td>specific instructions</td><td>Instructions spécifiques</td><td>specifieke instructies</td></tr><tr><td>tmp-long-etch-2</td><td>long stretch</td><td>Longue durée</td><td>lange rek</td></tr><tr><td>tmp-long-king-3</td><td>long stocking</td><td>Bas long</td><td>lange kous</td></tr></table></div>"},"url":"https://www.ehealth.fgov.be/standards/fhir/referral/CodeSystem/be-cs-temp-requested-service-detail","version":"1.0.0","name":"BeTempRequestedServiceDetail","title":"BeTempRequestedServiceDetail","status":"draft","experimental":false,"date":"2023-02-22T15:46:06+00:00","description":"Temporary codes for indicating service details that can be requested from a Nurse","jurisdiction":[{"coding":[{"system":"urn:iso:std:iso:3166","code":"BE","display":"Belgium"}]}],"caseSensitive":true,"content":"complete","count":33,"concept":[{"code":"tmp-nurs-osis-7","display":"Nursing diagnosis","designation":[{"language":"fr-BE","value":"Diagnostic infirmier"},{"language":"nl-BE","value":"Verpleegkundige diagnose"},{"language":"en","value":"Nursing diagnosis"}]},{"code":"tmp-medi-list-0","display":"Medical diagnosis problem list","designation":[{"language":"fr-BE","value":"Diagnostic médical de la liste des problèmes"},{"language":"nl-BE","value":"Probleemlijst medische diagnose"},{"language":"en","value":"Medical diagnosis problem list"}]},{"code":"tmp-with-tion-7","display":"Within convention","designation":[{"language":"fr-BE","value":"Dans le cadre de la convention"},{"language":"nl-BE","value":"Binnen conventie"},{"language":"en","value":"Within convention"}]},{"code":"tmp-with-sion-8","display":"Within progression","designation":[{"language":"fr-BE","value":"Dans le cadre du parcours préliminaire"},{"language":"nl-BE","value":"Binnen voortraject"},{"language":"en","value":"Within progression"}]},{"code":"tmp-with-cess-9","display":"Within care process","designation":[{"language":"fr-BE","value":"Dans le cadre du parcours de soin"},{"language":"nl-BE","value":"Binnen zorgtraject"},{"language":"en","value":"Within care process"}]},{"code":"tmp-nome-rt.8-8","display":"Nomenclature art.8","designation":[{"language":"fr-BE","value":"Nomenclature art.8"},{"language":"nl-BE","value":"Nomenclatuur art.8"},{"language":"en","value":"Nomenclature art.8"}]},{"code":"tmp-othe-hers-6","display":"Others","designation":[{"language":"fr-BE","value":"Autre"},{"language":"nl-BE","value":"Andere"},{"language":"en","value":"Others"}]},{"code":"tmp-natu-ype)-1","display":"Nature of drug (type)","designation":[{"language":"fr-BE","value":"Nature du médicament (type)"},{"language":"nl-BE","value":"Aard geneesmiddel (type)"},{"language":"en","value":"Nature of drug (type)"}]},{"code":"tmp-post-tive-3","display":"postoperative","designation":[{"language":"fr-BE","value":"Postopératoire"},{"language":"nl-BE","value":"postoperatief"},{"language":"en","value":"postoperative"}]},{"code":"tmp-preo-vely-4","display":"preoperatively","designation":[{"language":"fr-BE","value":"Préopératoire"},{"language":"nl-BE","value":"preoperatief"},{"language":"en","value":"preoperatively"}]},{"code":"tmp-obse-mbs)-8","display":"Observation/evaluation of the patient's condition (movement, feeling of limbs)","designation":[{"language":"fr-BE","value":"Observation/Evaluation de l’état du patient (mouvement, sensation des membres)"},{"language":"nl-BE","value":"Observatie/evaluatie toestand patiënt (bewegen, gevoel ledematen)"},{"language":"en","value":"Observation/evaluation of the patient's condition (movement, feeling of limbs)"}]},{"code":"tmp-chan-sary-9","display":"Change dressings if necessary","designation":[{"language":"fr-BE","value":"Changement de pansement si nécessaire"},{"language":"nl-BE","value":"Verbandwissel zo nodig"},{"language":"en","value":"Change dressings if necessary"}]},{"code":"tmp-chec-rate-4","display":"Check pump operation and flow rate","designation":[{"language":"fr-BE","value":"Vérifier le fonctionnement et le débit de la pompe"},{"language":"nl-BE","value":"Controle werking van de pomp en debiet"},{"language":"en","value":"Check pump operation and flow rate"}]},{"code":"tmp-cont-uses-1","display":"Control extra boluses","designation":[{"language":"fr-BE","value":"Controle des bolus supplémentaires"},{"language":"nl-BE","value":"Controle extra bolussen"},{"language":"en","value":"Control extra boluses"}]},{"code":"tmp-adju-dule-3","display":"Adjust dose according to schedule","designation":[{"language":"fr-BE","value":"Ajuster la dose selon le schema"},{"language":"nl-BE","value":"Aanpassing dosis volgens schema"},{"language":"en","value":"Adjust dose according to schedule"}]},{"code":"tmp-chan-eded-7","display":"Change medication reservoir as needed","designation":[{"language":"fr-BE","value":"Changer le réservoir de médicaments si nécessaire"},{"language":"nl-BE","value":"Wisselen medicatiereservoir zo nodig"},{"language":"en","value":"Change medication reservoir as needed"}]},{"code":"tmp-addi-sary-9","display":"Additional visit if necessary","designation":[{"language":"fr-BE","value":"Visite suplémentaire si nécessaire"},{"language":"nl-BE","value":"Bijkomend bezoek zo nodig"},{"language":"en","value":"Additional visit if necessary"}]},{"code":"tmp-rest-sary-2","display":"Restart after alarm if necessary","designation":[{"language":"fr-BE","value":"Redémarrage après alarme si nécessaire"},{"language":"nl-BE","value":"Heropstart na alarm zo nodig"},{"language":"en","value":"Restart after alarm if necessary"}]},{"code":"tmp-repo-sary-5","display":"Report at least weekly if necessary","designation":[{"language":"fr-BE","value":"Rapporter minimum une fois par semaine si nécessaire"},{"language":"nl-BE","value":"Minimaal wekelijks rapporteren zo nodig"},{"language":"en","value":"Report at least weekly if necessary"}]},{"code":"tmp-char-type-1","display":"Charriere aspiration probe type","designation":[{"language":"fr-BE","value":"Sonde s’aspiration de type Charrière"},{"language":"nl-BE","value":"Type charrière aspiratiesonde"},{"language":"en","value":"Charriere aspiration probe type"}]},{"code":"tmp-thro-nula-1","display":"through nasal cannula","designation":[{"language":"fr-BE","value":"Via des lunettes nasales"},{"language":"nl-BE","value":"via neusbril"},{"language":"en","value":"through nasal cannula"}]},{"code":"tmp-thro-mask-8","display":"through nasal mask","designation":[{"language":"fr-BE","value":"Via masque nasal"},{"language":"nl-BE","value":"via neusmasker"},{"language":"en","value":"through nasal mask"}]},{"code":"tmp-thro-tube-4","display":"through nasogastric tube","designation":[{"language":"fr-BE","value":"Via sonde nasale"},{"language":"nl-BE","value":"via neussonde"},{"language":"en","value":"through nasogastric tube"}]},{"code":"tmp-inte-nula-6","display":"internal cannula","designation":[{"language":"fr-BE","value":"Canule interne"},{"language":"nl-BE","value":"interne canule"},{"language":"en","value":"internal cannula"}]},{"code":"tmp-exte-nula-6","display":"external cannula","designation":[{"language":"fr-BE","value":"Canule externe"},{"language":"nl-BE","value":"externe canule"},{"language":"en","value":"external cannula"}]},{"code":"tmp-type-iere-4","display":"type charriere","designation":[{"language":"fr-BE","value":"Type charrière"},{"language":"nl-BE","value":"type charrière"},{"language":"en","value":"type charriere"}]},{"code":"tmp-hube-type-3","display":"Huber point needle type","designation":[{"language":"fr-BE","value":"Type d’aiguille à pointe Huber"},{"language":"nl-BE","value":"Type huberpuntnaald"},{"language":"en","value":"Huber point needle type"}]},{"code":"tmp-prot-dges-5","display":"protection of wound edges","designation":[{"language":"fr-BE","value":"Protection des bords de la plaie"},{"language":"nl-BE","value":"bescherming van wondranden"},{"language":"en","value":"protection of wound edges"}]},{"code":"tmp-shor-wick-2","display":"shorten wick","designation":[{"language":"fr-BE","value":"Raccourcir la mèche "},{"language":"nl-BE","value":"inkorten wiek"},{"language":"en","value":"shorten wick"}]},{"code":"tmp-supe-tion-2","display":"supervised drain without suction","designation":[{"language":"fr-BE","value":"Supervision de la vidange sans aspiration"},{"language":"nl-BE","value":"toezicht drain zonder suctie"},{"language":"en","value":"supervised drain without suction"}]},{"code":"tmp-spec-ions-1","display":"specific instructions","designation":[{"language":"fr-BE","value":"Instructions spécifiques"},{"language":"nl-BE","value":"specifieke instructies"},{"language":"en","value":"specific instructions"}]},{"code":"tmp-long-etch-2","display":"long stretch","designation":[{"language":"fr-BE","value":"Longue durée"},{"language":"nl-BE","value":"lange rek"},{"language":"en","value":"long stretch"}]},{"code":"tmp-long-king-3","display":"long stocking","designation":[{"language":"fr-BE","value":"Bas long"},{"language":"nl-BE","value":"lange kous"},{"language":"en","value":"long stocking"}]}]}