{"resourceType":"CodeSystem","id":"be-nursing-medication-category","text":{"status":"generated","div":"<div xmlns=\"http://www.w3.org/1999/xhtml\"><p>This code system https://www.ehealth.fgov.be/standards/fhir/CodeSystem/be-nursing-medication-category defines the following codes:</p><table class=\"codes\"><tr><td style=\"white-space:nowrap\"><b>Code</b></td><td><b>Display</b></td></tr><tr><td style=\"white-space:nowrap\">injection<a name=\"be-nursing-medication-category-injection\"> </a></td><td>injection</td></tr><tr><td style=\"white-space:nowrap\">eyedrops<a name=\"be-nursing-medication-category-eyedrops\"> </a></td><td>eyedrops.</td></tr><tr><td style=\"white-space:nowrap\">oral<a name=\"be-nursing-medication-category-oral\"> </a></td><td>oral.</td></tr><tr><td style=\"white-space:nowrap\">perfusion<a name=\"be-nursing-medication-category-perfusion\"> </a></td><td>perfusion.</td></tr><tr><td style=\"white-space:nowrap\">percutaneous<a name=\"be-nursing-medication-category-percutaneous\"> </a></td><td>percutaneous.</td></tr><tr><td style=\"white-space:nowrap\">other<a name=\"be-nursing-medication-category-other\"> </a></td><td>other.</td></tr></table><p><b>Additional Language Displays</b></p><table class=\"codes\"><tr><td><b>Code</b></td><td><b>English (English, en)</b></td><td><b>French (fr)</b></td><td><b>Nederlands (Dutch, nl)</b></td></tr><tr><td>injection</td><td>Injection.</td><td>Injection.</td><td>Inspuiting.</td></tr><tr><td>eyedrops</td><td>Eyedrops.</td><td>Applic. gouttes ou pommade ophta phase post-op.</td><td>Aanbrengen oogdruppels of oogzalf postoperatieve.</td></tr><tr><td>oral</td><td>Oral medication.</td><td>Per os.</td><td>Orale medicatie.</td></tr><tr><td>perfusion</td><td>Perfusion.</td><td>Perfusion.</td><td>Perfusie.</td></tr><tr><td>percutaneous</td><td>Percutaneous.</td><td>Percutané.</td><td>Percutaan.</td></tr><tr><td>other</td><td>Other.</td><td>Autre.</td><td>Andere.</td></tr></table></div>"},"url":"https://www.ehealth.fgov.be/standards/fhir/CodeSystem/be-nursing-medication-category","version":"0.2.0","name":"BeNursingMedicationCategory","title":"BeNursingMedicationCategory","status":"draft","experimental":false,"date":"2021-07-06T14:23:37+00:00","publisher":"HL7 Belgium","contact":[{"telecom":[{"system":"url","value":"http://hl7belgium.org"}]}],"description":"Different types of nursing medication category.","jurisdiction":[{"coding":[{"system":"http://unstats.un.org/unsd/methods/m49/m49.htm","code":"001"}]}],"caseSensitive":false,"content":"complete","concept":[{"code":"injection","display":"injection","designation":[{"language":"en","value":"Injection."},{"language":"nl","value":"Inspuiting."},{"language":"fr","value":"Injection."}]},{"code":"eyedrops","display":"eyedrops.","designation":[{"language":"en","value":"Eyedrops."},{"language":"nl","value":"Aanbrengen oogdruppels of oogzalf postoperatieve."},{"language":"fr","value":"Applic. gouttes ou pommade ophta phase post-op."}]},{"code":"oral","display":"oral.","designation":[{"language":"en","value":"Oral medication."},{"language":"nl","value":"Orale medicatie."},{"language":"fr","value":"Per os."}]},{"code":"perfusion","display":"perfusion.","designation":[{"language":"en","value":"Perfusion."},{"language":"nl","value":"Perfusie."},{"language":"fr","value":"Perfusion."}]},{"code":"percutaneous","display":"percutaneous.","designation":[{"language":"en","value":"Percutaneous."},{"language":"nl","value":"Percutaan."},{"language":"fr","value":"Percutané."}]},{"code":"other","display":"other.","designation":[{"language":"en","value":"Other."},{"language":"nl","value":"Andere."},{"language":"fr","value":"Autre."}]}]}