{"resourceType":"ImplementationGuide","id":"my-ig","text":{"status":"extensions","div":"<div xmlns=\"http://www.w3.org/1999/xhtml\"><h2>ExampleIG</h2><p>The official URL for this implementation guide is: </p><pre>http://example.com/fhir/example</pre><div><p>Example IG exercises many of the fields in a SUSHI configuration.</p>\n</div></div>"},"url":"http://example.com/fhir/example","version":"0.2.0","name":"ExampleIG","title":"HL7 BE Referral Prescription WG Implementation Guide (work in progress)","status":"draft","date":"2020-02-26","publisher":"HL7 Belgium","contact":[{"name":"HL7 Belgium","telecom":[{"system":"url","value":"http://hl7belgium.org"}]},{"name":"Bart Decuypere","telecom":[{"system":"email","value":"bart.decuypere@ehealth.fgov.be","use":"work"}]}],"description":"Example IG exercises many of the fields in a SUSHI configuration.","jurisdiction":[{"coding":[{"system":"http://unstats.un.org/unsd/methods/m49/m49.htm","code":"001","display":"World"}]}],"packageId":"my-ig","license":"CC0-1.0","fhirVersion":["4.0.1"],"dependsOn":[{"id":"hl7_be_fhir_core","uri":"https://www.hl7belgium.org/fhir/ImplementationGuide/hl7.be.fhir.core","packageId":"hl7.be.fhir.core","version":"current"}],"definition":{"extension":[{"extension":[{"url":"code","valueString":"copyrightyear"},{"url":"value","valueString":"2021+"}],"url":"http://hl7.org/fhir/tools/StructureDefinition/ig-parameter"},{"extension":[{"url":"code","valueString":"releaselabel"},{"url":"value","valueString":"CI"}],"url":"http://hl7.org/fhir/tools/StructureDefinition/ig-parameter"},{"extension":[{"url":"code","valueString":"path-liquid"},{"url":"value","valueString":"template/liquid"}],"url":"http://hl7.org/fhir/tools/StructureDefinition/ig-parameter"},{"extension":[{"url":"code","valueString":"path-liquid"},{"url":"value","valueString":"input/liquid"}],"url":"http://hl7.org/fhir/tools/StructureDefinition/ig-parameter"},{"extension":[{"url":"code","valueString":"path-qa"},{"url":"value","valueString":"temp/qa"}],"url":"http://hl7.org/fhir/tools/StructureDefinition/ig-parameter"},{"extension":[{"url":"code","valueString":"path-temp"},{"url":"value","valueString":"temp/pages"}],"url":"http://hl7.org/fhir/tools/StructureDefinition/ig-parameter"},{"extension":[{"url":"code","valueString":"path-output"},{"url":"value","valueString":"output"}],"url":"http://hl7.org/fhir/tools/StructureDefinition/ig-parameter"},{"extension":[{"url":"code","valueString":"path-suppressed-warnings"},{"url":"value","valueString":"input/ignoreWarnings.txt"}],"url":"http://hl7.org/fhir/tools/StructureDefinition/ig-parameter"},{"extension":[{"url":"code","valueString":"path-history"},{"url":"value","valueString":"history.html"}],"url":"http://hl7.org/fhir/tools/StructureDefinition/ig-parameter"},{"extension":[{"url":"code","valueString":"template-html"},{"url":"value","valueString":"template-page.html"}],"url":"http://hl7.org/fhir/tools/StructureDefinition/ig-parameter"},{"extension":[{"url":"code","valueString":"template-md"},{"url":"value","valueString":"template-page-md.html"}],"url":"http://hl7.org/fhir/tools/StructureDefinition/ig-parameter"},{"extension":[{"url":"code","valueString":"apply-contact"},{"url":"value","valueString":"true"}],"url":"http://hl7.org/fhir/tools/StructureDefinition/ig-parameter"},{"extension":[{"url":"code","valueString":"apply-context"},{"url":"value","valueString":"true"}],"url":"http://hl7.org/fhir/tools/StructureDefinition/ig-parameter"},{"extension":[{"url":"code","valueString":"apply-copyright"},{"url":"value","valueString":"true"}],"url":"http://hl7.org/fhir/tools/StructureDefinition/ig-parameter"},{"extension":[{"url":"code","valueString":"apply-jurisdiction"},{"url":"value","valueString":"true"}],"url":"http://hl7.org/fhir/tools/StructureDefinition/ig-parameter"},{"extension":[{"url":"code","valueString":"apply-license"},{"url":"value","valueString":"true"}],"url":"http://hl7.org/fhir/tools/StructureDefinition/ig-parameter"},{"extension":[{"url":"code","valueString":"apply-publisher"},{"url":"value","valueString":"true"}],"url":"http://hl7.org/fhir/tools/StructureDefinition/ig-parameter"},{"extension":[{"url":"code","valueString":"apply-version"},{"url":"value","valueString":"true"}],"url":"http://hl7.org/fhir/tools/StructureDefinition/ig-parameter"},{"extension":[{"url":"code","valueString":"active-tables"},{"url":"value","valueString":"true"}],"url":"http://hl7.org/fhir/tools/StructureDefinition/ig-parameter"}],"grouping":[{"id":"-str-logicalmodel","name":"Structures: Logical Models","description":"These define data models that represent the domain covered by this implementation guide in more business-friendly terms than the underlying FHIR resources."},{"id":"-str-profile","name":"Structures: Resource Profiles","description":"These define constraints on FHIR resources for systems conforming to this implementation guide"},{"id":"-str-extension","name":"Structures: Extension Definitions","description":"These define constraints on FHIR data types for systems conforming to this implementation guide"},{"id":"-term-valueset","name":"Terminology: Value Sets","description":"These define sets of codes used by systems conforming to this implementation guide"},{"id":"-term-codesystem","name":"Terminology: Code Systems","description":"These define new code systems used by systems conforming to this implementation guide"},{"id":"-term-namingsystem","name":"Terminology: Naming Systems","description":"These define identifier and/or code system identities used by systems conforming to this implementation guide"},{"id":"-ex-example","name":"Example: Example Instances","description":"These are example instances that show what data produced and consumed by systems conforming with this implementation guide might look like"}],"resource":[{"extension":[{"url":"http://hl7.org/fhir/StructureDefinition/implementationguide-page","valueUri":"StructureDefinition-be-referralprescription-nursing.html"}],"reference":{"reference":"StructureDefinition/be-referralprescription-nursing"},"name":"BeReferralPrescriptionNursing","description":"The nursing profile, generic version. Please note the nursing referral for medication does NOT depend on this generic version but is a FHIR prodfile on a different FHIR resource (MedicationRequest)","exampleBoolean":false,"groupingId":"-str-profile"},{"extension":[{"url":"http://hl7.org/fhir/StructureDefinition/implementationguide-page","valueUri":"StructureDefinition-be-referralprescription-nursing-annex81.html"}],"reference":{"reference":"StructureDefinition/be-referralprescription-nursing-annex81"},"name":"BeReferralPrescriptionNursingAnnex81PreparationOfMedication","description":"The nursing profile specialized for preparation of medication. Use the .note element to provide any extra information.","exampleBoolean":false,"groupingId":"-str-profile"},{"extension":[{"url":"http://hl7.org/fhir/StructureDefinition/implementationguide-page","valueUri":"StructureDefinition-be-referralprescription-nursing-medication.html"}],"reference":{"reference":"StructureDefinition/be-referralprescription-nursing-medication"},"name":"BeReferralPrescriptionNursingMedication","description":"The nursing profile specialized for medication. Note this profile is based on the FHIR resource MedicationRequest. Dosage is expected initially to be given in the corresponding text and optional site fields (as per the NIHDI requirements).","exampleBoolean":false,"groupingId":"-str-profile"},{"extension":[{"url":"http://hl7.org/fhir/StructureDefinition/implementationguide-page","valueUri":"StructureDefinition-be-model-diagnosticimagingprescription.html"}],"reference":{"reference":"StructureDefinition/be-model-diagnosticimagingprescription"},"name":"BeDiagnosticImagingPrescription","description":"Logical model describing the model for the diagnostic imaging prescription. This draft is used in the HL7 Belgian workgroup for referral.","exampleBoolean":false,"groupingId":"-str-logicalmodel"},{"extension":[{"url":"http://hl7.org/fhir/StructureDefinition/implementationguide-page","valueUri":"StructureDefinition-be-model-laboratoryprescription.html"}],"reference":{"reference":"StructureDefinition/be-model-laboratoryprescription"},"name":"BeLaboratoryPrescription","description":"Logical model describing the model for the prescription laboratory. This draft is used in the HL7 Belgian workgroup for laboratory.","exampleBoolean":false,"groupingId":"-str-logicalmodel"},{"extension":[{"url":"http://hl7.org/fhir/StructureDefinition/implementationguide-page","valueUri":"StructureDefinition-be-model-nursingprescription.html"}],"reference":{"reference":"StructureDefinition/be-model-nursingprescription"},"name":"BeNursingPrescription","exampleBoolean":false,"groupingId":"-str-logicalmodel"},{"extension":[{"url":"http://hl7.org/fhir/StructureDefinition/implementationguide-page","valueUri":"StructureDefinition-be-model-physiotherapyprescription.html"}],"reference":{"reference":"StructureDefinition/be-model-physiotherapyprescription"},"name":"BePhysiotherapyPrescription","exampleBoolean":false,"groupingId":"-str-logicalmodel"},{"extension":[{"url":"http://hl7.org/fhir/StructureDefinition/implementationguide-page","valueUri":"StructureDefinition-be-model-referralprescription.html"}],"reference":{"reference":"StructureDefinition/be-model-referralprescription"},"name":"BeReferralPrescription","description":"Logical model describing the model for the prescription referral. This draft is used in the HL7 Belgian workgroup for referral.","exampleBoolean":false,"groupingId":"-str-logicalmodel"},{"extension":[{"url":"http://hl7.org/fhir/StructureDefinition/implementationguide-page","valueUri":"ValueSet-be-vs-nursing-annex81-inadequate-adherence.html"}],"reference":{"reference":"ValueSet/be-vs-nursing-annex81-inadequate-adherence"},"name":"BeNursingAnnex81InadequateAdherence","description":"Codes to define a type of nursing annex81 inadequate adherence.","exampleBoolean":false,"groupingId":"-term-valueset"},{"extension":[{"url":"http://hl7.org/fhir/StructureDefinition/implementationguide-page","valueUri":"ValueSet-be-vs-nursing-annex81-inadequate-adherence-link.html"}],"reference":{"reference":"ValueSet/be-vs-nursing-annex81-inadequate-adherence-link"},"name":"BeNursingAnnex81InadequateAdherenceLink","description":"Codes to define a type of nursing annex81 inadequate adherence link.","exampleBoolean":false,"groupingId":"-term-valueset"},{"extension":[{"url":"http://hl7.org/fhir/StructureDefinition/implementationguide-page","valueUri":"CodeSystem-be-nursing-annex81-inadequate-adherence.html"}],"reference":{"reference":"CodeSystem/be-nursing-annex81-inadequate-adherence"},"name":"BeNursingAnnex81InadequateAdherence","description":"Nursing codes in Belgium. To define details in nursing activities for the annex 81 diagnostics of inadequate adherence. Initially defined as supporting CodeSystem for the referral prescription.","exampleBoolean":false,"groupingId":"-term-codesystem"},{"extension":[{"url":"http://hl7.org/fhir/StructureDefinition/implementationguide-page","valueUri":"CodeSystem-be-nursing-annex81-inadequate-adherence-link.html"}],"reference":{"reference":"CodeSystem/be-nursing-annex81-inadequate-adherence-link"},"name":"BeNursingAnnex81InadequateAdherenceLink","description":"Nursing codes in Belgium. To define details in nursing activities for the annex 81 diagnostics of inadequate adherence. Initially defined as supporting CodeSystem for the referral prescription.","exampleBoolean":false,"groupingId":"-term-codesystem"},{"extension":[{"url":"http://hl7.org/fhir/StructureDefinition/implementationguide-page","valueUri":"NamingSystem-be-ns-amp-codes.html"}],"reference":{"reference":"NamingSystem/be-ns-amp-codes"},"name":"be-ns-amp-codes","description":"Naming System - amp Product Codes","exampleBoolean":false,"groupingId":"-term-namingsystem"},{"extension":[{"url":"http://hl7.org/fhir/StructureDefinition/implementationguide-page","valueUri":"NamingSystem-be-ns-ampp-codes.html"}],"reference":{"reference":"NamingSystem/be-ns-ampp-codes"},"name":"be-ns-ampp-codes","description":"Naming System - ampp Product Codes","exampleBoolean":false,"groupingId":"-term-namingsystem"},{"extension":[{"url":"http://hl7.org/fhir/StructureDefinition/implementationguide-page","valueUri":"NamingSystem-be-ns-cnk-codes.html"}],"reference":{"reference":"NamingSystem/be-ns-cnk-codes"},"name":"be-ns-cnk-codes","description":"Naming System - CNK Product Codes","exampleBoolean":false,"groupingId":"-term-namingsystem"},{"extension":[{"url":"http://hl7.org/fhir/StructureDefinition/implementationguide-page","valueUri":"NamingSystem-be-ns-vmp-codes.html"}],"reference":{"reference":"NamingSystem/be-ns-vmp-codes"},"name":"be-ns-vmp-codes","description":"Naming System - vmp Product Codes","exampleBoolean":false,"groupingId":"-term-namingsystem"},{"extension":[{"url":"http://hl7.org/fhir/StructureDefinition/implementationguide-page","valueUri":"NamingSystem-be-ns-vmpg-codes.html"}],"reference":{"reference":"NamingSystem/be-ns-vmpg-codes"},"name":"be-ns-vmpg-codes","description":"Naming System - vmpg Product Codes","exampleBoolean":false,"groupingId":"-term-namingsystem"},{"extension":[{"url":"http://hl7.org/fhir/StructureDefinition/implementationguide-page","valueUri":"NamingSystem-be-ns-vtm-codes.html"}],"reference":{"reference":"NamingSystem/be-ns-vtm-codes"},"name":"be-ns-vtm-codes","description":"Naming System - vtm Product Codes","exampleBoolean":false,"groupingId":"-term-namingsystem"},{"extension":[{"url":"http://hl7.org/fhir/StructureDefinition/implementationguide-page","valueUri":"RequestGroup-example01-referralprescription-request-group.html"}],"reference":{"reference":"RequestGroup/example01-referralprescription-request-group"},"name":"example01-referralprescription-request-group","exampleBoolean":true,"groupingId":"-ex-example"},{"extension":[{"url":"http://hl7.org/fhir/StructureDefinition/implementationguide-page","valueUri":"ServiceRequest-example02-referralprescription-nursing-digestive-system-care.html"}],"reference":{"reference":"ServiceRequest/example02-referralprescription-nursing-digestive-system-care"},"name":"example02-referralprescription-nursing-digestive-system-care","exampleCanonical":"https://www.ehealth.fgov.be/standards/fhir/StructureDefinition/be-referralprescription-nursing","groupingId":"-ex-example"},{"extension":[{"url":"http://hl7.org/fhir/StructureDefinition/implementationguide-page","valueUri":"ServiceRequest-example03-referralprescription-nursing-compressiontherapy.html"}],"reference":{"reference":"ServiceRequest/example03-referralprescription-nursing-compressiontherapy"},"name":"example03-referralprescription-nursing-compressiontherapy","exampleBoolean":true,"groupingId":"-ex-example"},{"extension":[{"url":"http://hl7.org/fhir/StructureDefinition/implementationguide-page","valueUri":"ServiceRequest-example04-referralprescription-nursing-bladder-care.html"}],"reference":{"reference":"ServiceRequest/example04-referralprescription-nursing-bladder-care"},"name":"example04-referralprescription-nursing-bladder-care","exampleCanonical":"https://www.ehealth.fgov.be/standards/fhir/StructureDefinition/be-referralprescription-nursing","groupingId":"-ex-example"},{"extension":[{"url":"http://hl7.org/fhir/StructureDefinition/implementationguide-page","valueUri":"ServiceRequest-example05-referralprescription-nursing-digestive-system-care.html"}],"reference":{"reference":"ServiceRequest/example05-referralprescription-nursing-digestive-system-care"},"name":"example05-referralprescription-nursing-digestive-system-care","exampleBoolean":true,"groupingId":"-ex-example"},{"extension":[{"url":"http://hl7.org/fhir/StructureDefinition/implementationguide-page","valueUri":"ServiceRequest-example06-referralprescription-nursing-compression-therapy.html"}],"reference":{"reference":"ServiceRequest/example06-referralprescription-nursing-compression-therapy"},"name":"example06-referralprescription-nursing-compression-therapy","exampleBoolean":true,"groupingId":"-ex-example"},{"extension":[{"url":"http://hl7.org/fhir/StructureDefinition/implementationguide-page","valueUri":"MedicationRequest-example07-referralprescription-nursing-medication.html"}],"reference":{"reference":"MedicationRequest/example07-referralprescription-nursing-medication"},"name":"example07-referralprescription-nursing-medication","exampleCanonical":"https://www.ehealth.fgov.be/standards/fhir/StructureDefinition/be-referralprescription-nursing-medication","groupingId":"-ex-example"},{"extension":[{"url":"http://hl7.org/fhir/StructureDefinition/implementationguide-page","valueUri":"MedicationRequest-example08-referralprescription-nursing-medication.html"}],"reference":{"reference":"MedicationRequest/example08-referralprescription-nursing-medication"},"name":"example08-referralprescription-nursing-medication","exampleCanonical":"https://www.ehealth.fgov.be/standards/fhir/StructureDefinition/be-referralprescription-nursing-medication","groupingId":"-ex-example"},{"extension":[{"url":"http://hl7.org/fhir/StructureDefinition/implementationguide-page","valueUri":"ServiceRequest-example09-referralprescription-nursing-woundcare.html"}],"reference":{"reference":"ServiceRequest/example09-referralprescription-nursing-woundcare"},"name":"example09-referralprescription-nursing-woundcare","exampleBoolean":true,"groupingId":"-ex-example"},{"extension":[{"url":"http://hl7.org/fhir/StructureDefinition/implementationguide-page","valueUri":"MedicationRequest-example10-referralprescription-nursing-medication.html"}],"reference":{"reference":"MedicationRequest/example10-referralprescription-nursing-medication"},"name":"example10-referralprescription-nursing-medication","exampleCanonical":"https://www.ehealth.fgov.be/standards/fhir/StructureDefinition/be-referralprescription-nursing-medication","groupingId":"-ex-example"},{"extension":[{"url":"http://hl7.org/fhir/StructureDefinition/implementationguide-page","valueUri":"ServiceRequest-example12-referralprescription-nursing-annex81.html"}],"reference":{"reference":"ServiceRequest/example12-referralprescription-nursing-annex81"},"name":"example12-referralprescription-nursing-annex81","exampleCanonical":"https://www.ehealth.fgov.be/standards/fhir/StructureDefinition/be-referralprescription-nursing-annex81","groupingId":"-ex-example"},{"extension":[{"url":"http://hl7.org/fhir/StructureDefinition/implementationguide-page","valueUri":"MedicationRequest-example13-referralprescription-nursing-medication.html"}],"reference":{"reference":"MedicationRequest/example13-referralprescription-nursing-medication"},"name":"example13-referralprescription-nursing-medication","exampleCanonical":"https://www.ehealth.fgov.be/standards/fhir/StructureDefinition/be-referralprescription-nursing-medication","groupingId":"-ex-example"},{"extension":[{"url":"http://hl7.org/fhir/StructureDefinition/implementationguide-page","valueUri":"ServiceRequest-example16-referralprescription-nursing-bladder-care.html"}],"reference":{"reference":"ServiceRequest/example16-referralprescription-nursing-bladder-care"},"name":"example16-referralprescription-nursing-bladder-care","exampleCanonical":"https://www.ehealth.fgov.be/standards/fhir/StructureDefinition/be-referralprescription-nursing","groupingId":"-ex-example"},{"extension":[{"url":"http://hl7.org/fhir/StructureDefinition/implementationguide-page","valueUri":"MedicationRequest-example17-referralprescription-nursing-medication.html"}],"reference":{"reference":"MedicationRequest/example17-referralprescription-nursing-medication"},"name":"example17-referralprescription-nursing-medication","exampleCanonical":"https://www.ehealth.fgov.be/standards/fhir/StructureDefinition/be-referralprescription-nursing-medication","groupingId":"-ex-example"},{"extension":[{"url":"http://hl7.org/fhir/StructureDefinition/implementationguide-page","valueUri":"MedicationRequest-example19-referralprescription-nursing-medication.html"}],"reference":{"reference":"MedicationRequest/example19-referralprescription-nursing-medication"},"name":"example19-referralprescription-nursing-medication","exampleCanonical":"https://www.ehealth.fgov.be/standards/fhir/StructureDefinition/be-referralprescription-nursing-medication","groupingId":"-ex-example"},{"extension":[{"url":"http://hl7.org/fhir/StructureDefinition/implementationguide-page","valueUri":"MedicationRequest-example20-referralprescription-nursing-medication.html"}],"reference":{"reference":"MedicationRequest/example20-referralprescription-nursing-medication"},"name":"example20-referralprescription-nursing-medication","exampleCanonical":"https://www.ehealth.fgov.be/standards/fhir/StructureDefinition/be-referralprescription-nursing-medication","groupingId":"-ex-example"},{"extension":[{"url":"http://hl7.org/fhir/StructureDefinition/implementationguide-page","valueUri":"MedicationRequest-example22-referralprescription-nursing-medication.html"}],"reference":{"reference":"MedicationRequest/example22-referralprescription-nursing-medication"},"name":"example22-referralprescription-nursing-medication","exampleCanonical":"https://www.ehealth.fgov.be/standards/fhir/StructureDefinition/be-referralprescription-nursing-medication","groupingId":"-ex-example"},{"extension":[{"url":"http://hl7.org/fhir/StructureDefinition/implementationguide-page","valueUri":"MedicationRequest-example23-referralprescription-nursing-medication.html"}],"reference":{"reference":"MedicationRequest/example23-referralprescription-nursing-medication"},"name":"example23-referralprescription-nursing-medication","exampleCanonical":"https://www.ehealth.fgov.be/standards/fhir/StructureDefinition/be-referralprescription-nursing-medication","groupingId":"-ex-example"},{"extension":[{"url":"http://hl7.org/fhir/StructureDefinition/implementationguide-page","valueUri":"ServiceRequest-example24-referralprescription-nursing-non-reimbursable.html"}],"reference":{"reference":"ServiceRequest/example24-referralprescription-nursing-non-reimbursable"},"name":"example24-referralprescription-nursing-non-reimbursable","exampleBoolean":true,"groupingId":"-ex-example"},{"extension":[{"url":"http://hl7.org/fhir/StructureDefinition/implementationguide-page","valueUri":"ServiceRequest-example26-referralprescription-nursing-other.html"}],"reference":{"reference":"ServiceRequest/example26-referralprescription-nursing-other"},"name":"example26-referralprescription-nursing-other","exampleBoolean":true,"groupingId":"-ex-example"},{"extension":[{"url":"http://hl7.org/fhir/StructureDefinition/implementationguide-page","valueUri":"ServiceRequest-example30-referralprescription-nursing-woundcare.html"}],"reference":{"reference":"ServiceRequest/example30-referralprescription-nursing-woundcare"},"name":"example30-referralprescription-nursing-woundcare","exampleBoolean":true,"groupingId":"-ex-example"},{"extension":[{"url":"http://hl7.org/fhir/StructureDefinition/implementationguide-page","valueUri":"MedicationRequest-example31-referralprescription-nursing-medication.html"}],"reference":{"reference":"MedicationRequest/example31-referralprescription-nursing-medication"},"name":"example31-referralprescription-nursing-medication","exampleCanonical":"https://www.ehealth.fgov.be/standards/fhir/StructureDefinition/be-referralprescription-nursing-medication","groupingId":"-ex-example"},{"extension":[{"url":"http://hl7.org/fhir/StructureDefinition/implementationguide-page","valueUri":"StructureDefinition-be-ext-contraindication.html"}],"reference":{"reference":"StructureDefinition/be-ext-contraindication"},"name":"BeContraindication","description":"Contra indication in a prescription referral for diagnostic imaging.","exampleBoolean":false,"groupingId":"-str-extension"},{"extension":[{"url":"http://hl7.org/fhir/StructureDefinition/implementationguide-page","valueUri":"StructureDefinition-be-ext-contrastfluiduse.html"}],"reference":{"reference":"StructureDefinition/be-ext-contrastfluiduse"},"name":"BeContrastFluidUse","description":"Whether the use of contrast fluid in diagnostic imaging can be defined as 'If necessary' or 'Not permitted.'","exampleBoolean":false,"groupingId":"-str-extension"},{"extension":[{"url":"http://hl7.org/fhir/StructureDefinition/implementationguide-page","valueUri":"StructureDefinition-be-ext-inform-party.html"}],"reference":{"reference":"StructureDefinition/be-ext-inform-party"},"name":"BeInformParty","description":"Extra parties that need to be informed of the outcome, besides the prescriber.","exampleBoolean":false,"groupingId":"-str-extension"},{"extension":[{"url":"http://hl7.org/fhir/StructureDefinition/implementationguide-page","valueUri":"StructureDefinition-be-ext-supporting-info.html"}],"reference":{"reference":"StructureDefinition/be-ext-supporting-info"},"name":"BeSupportingInfo","description":"Relevant clinical information in the context of this prescription concerning for example allergies, kidney function, diabetic. This extension allows the use of an Annotation or codeableConcept but when more detailed information can be given, it is RECOMMENDED to express it as structured as possible using the appropriate elements.","exampleBoolean":false,"groupingId":"-str-extension"},{"extension":[{"url":"http://hl7.org/fhir/StructureDefinition/implementationguide-page","valueUri":"StructureDefinition-be-ext-urgent-communication.html"}],"reference":{"reference":"StructureDefinition/be-ext-urgent-communication"},"name":"BeUrgentCommunication","description":"When there is a need to urgently communicate results of an order.","exampleBoolean":false,"groupingId":"-str-extension"},{"extension":[{"url":"http://hl7.org/fhir/StructureDefinition/implementationguide-page","valueUri":"StructureDefinition-be-lab-prescription.html"}],"reference":{"reference":"StructureDefinition/be-lab-prescription"},"name":"BeLabPrescription","description":"This is the Belgian profile for a laboratory order.","exampleBoolean":false,"groupingId":"-str-profile"},{"extension":[{"url":"http://hl7.org/fhir/StructureDefinition/implementationguide-page","valueUri":"StructureDefinition-be-referralprescription-diagnosticimaging.html"}],"reference":{"reference":"StructureDefinition/be-referralprescription-diagnosticimaging"},"name":"BeReferralPrescriptionDiagnosticImaging","description":"Referral prescription for a generic diagnostic imaging.\r\nPlease note in .orderDetail, a specific slicing is available to give guidance how to express acquisition modalities if needed. In future iterations of this profile, more slicing might provide additional guidance.","exampleBoolean":false,"groupingId":"-str-profile"},{"extension":[{"url":"http://hl7.org/fhir/StructureDefinition/implementationguide-page","valueUri":"StructureDefinition-be-referralprescription-nursing-bladder-care.html"}],"reference":{"reference":"StructureDefinition/be-referralprescription-nursing-bladder-care"},"name":"BeReferralPrescriptionNursingBladderCare","description":"The nursing profile specialized for bladder care. Actual bladder care information lives in the .orderDetail element. If needed to give a quantity (mandatory if bladder instillation): the .quantity element shall be used. If needed to express the product and time to leave the product (mandatory if bladder instillation): please explain in the .note element.","exampleBoolean":false,"groupingId":"-str-profile"},{"extension":[{"url":"http://hl7.org/fhir/StructureDefinition/implementationguide-page","valueUri":"StructureDefinition-be-referralprescription-nursing-chronical-psychiatric-patient.html"}],"reference":{"reference":"StructureDefinition/be-referralprescription-nursing-chronical-psychiatric-patient"},"name":"BeReferralPrescriptionNursingPreparationAdministrationMedicationChronicalPsychiatricPatient","description":"The nursing profile specialized for preparation and administration of medication to chronical pshychiatric patient. Use the .note element to provide any extra information. The prescriber SHALL give a start and end date & SHALL give a frequency, these informations live in the .occurrence element.","exampleBoolean":false,"groupingId":"-str-profile"},{"extension":[{"url":"http://hl7.org/fhir/StructureDefinition/implementationguide-page","valueUri":"StructureDefinition-be-referralprescription-nursing-compressiontherapy.html"}],"reference":{"reference":"StructureDefinition/be-referralprescription-nursing-compressiontherapy"},"name":"BeReferralPrescriptionNursingCompressionTherapy","description":"The nursing profile specialized for compression therapy.","exampleBoolean":false,"groupingId":"-str-profile"},{"extension":[{"url":"http://hl7.org/fhir/StructureDefinition/implementationguide-page","valueUri":"StructureDefinition-be-referralprescription-nursing-diabetic.html"}],"reference":{"reference":"StructureDefinition/be-referralprescription-nursing-diabetic"},"name":"BeReferralPrescriptionNursingDiabetic","description":"The nursing profile specialized for diabetic services. Use the .note element to provide any extra information.","exampleBoolean":false,"groupingId":"-str-profile"},{"extension":[{"url":"http://hl7.org/fhir/StructureDefinition/implementationguide-page","valueUri":"StructureDefinition-be-referralprescription-nursing-digestive-system-care.html"}],"reference":{"reference":"StructureDefinition/be-referralprescription-nursing-digestive-system-care"},"name":"BeReferralPrescriptionNursingDigestiveSystemCare","description":"The nursing profile specialized for digestive system care. If needed to give any details (e.g. details around the enteral feeding): please use the .note element.","exampleBoolean":false,"groupingId":"-str-profile"},{"extension":[{"url":"http://hl7.org/fhir/StructureDefinition/implementationguide-page","valueUri":"StructureDefinition-be-referralprescription-nursing-non-reimbursable.html"}],"reference":{"reference":"StructureDefinition/be-referralprescription-nursing-non-reimbursable"},"name":"BeReferralPrescriptionNursingNonReimbursable","description":"The nursing profile specialized for non reimbursable care. Use the .note element to provide any extra information.","exampleBoolean":false,"groupingId":"-str-profile"},{"extension":[{"url":"http://hl7.org/fhir/StructureDefinition/implementationguide-page","valueUri":"StructureDefinition-be-referralprescription-nursing-other.html"}],"reference":{"reference":"StructureDefinition/be-referralprescription-nursing-other"},"name":"BeReferralPrescriptionNursingOther","description":"The nursing profile specialized for other care. Use the .note element to provide any extra information.","exampleBoolean":false,"groupingId":"-str-profile"},{"extension":[{"url":"http://hl7.org/fhir/StructureDefinition/implementationguide-page","valueUri":"StructureDefinition-be-referralprescription-nursing-woundcare.html"}],"reference":{"reference":"StructureDefinition/be-referralprescription-nursing-woundcare"},"name":"BeReferralPrescriptionNursingWoundcare","description":"The nursing profile specialized for wound care. Use the .note element to provide any extra information.","exampleBoolean":false,"groupingId":"-str-profile"},{"extension":[{"url":"http://hl7.org/fhir/StructureDefinition/implementationguide-page","valueUri":"StructureDefinition-be-referralprescription-request-group.html"}],"reference":{"reference":"StructureDefinition/be-referralprescription-request-group"},"name":"BeReferralPrescriptionRequestGroup","description":"Envelope that allows different referralprescriptions to have an order","exampleBoolean":false,"groupingId":"-str-profile"},{"extension":[{"url":"http://hl7.org/fhir/StructureDefinition/implementationguide-page","valueUri":"StructureDefinition-be-referralprescription.html"}],"reference":{"reference":"StructureDefinition/be-referralprescription"},"name":"BeReferralPrescription","description":"The common structure for referral prescription.","exampleBoolean":false,"groupingId":"-str-profile"},{"extension":[{"url":"http://hl7.org/fhir/StructureDefinition/implementationguide-page","valueUri":"NamingSystem-be-ns-coronalertcode.html"}],"reference":{"reference":"NamingSystem/be-ns-coronalertcode"},"name":"BeNSCoronalertcode","description":"Code as generated by the Coronalert app.","exampleBoolean":false,"groupingId":"-term-namingsystem"},{"extension":[{"url":"http://hl7.org/fhir/StructureDefinition/implementationguide-page","valueUri":"NamingSystem-be-ns-specimen.html"}],"reference":{"reference":"NamingSystem/be-ns-specimen"},"name":"BeNSSpecimen","description":"National identifier for a specimen when needed.","exampleBoolean":false,"groupingId":"-term-namingsystem"},{"extension":[{"url":"http://hl7.org/fhir/StructureDefinition/implementationguide-page","valueUri":"CodeSystem-be-cs-nursing-code-compressiontherapy.html"}],"reference":{"reference":"CodeSystem/be-cs-nursing-code-compressiontherapy"},"name":"BeNursingCodeCompressiontherapy","description":"Nursing codes in Belgium. To define details in nursing activities for compression therapy. Initially defined as supporting CodeSystem for the referral prescription.","exampleBoolean":false,"groupingId":"-term-codesystem"},{"extension":[{"url":"http://hl7.org/fhir/StructureDefinition/implementationguide-page","valueUri":"CodeSystem-be-cs-nursing-code-non-reimbursable.html"}],"reference":{"reference":"CodeSystem/be-cs-nursing-code-non-reimbursable"},"name":"BeNursingCodeNonReimbursable","description":"Nursing codes in Belgium. To define details in nursing activities for the non reimbursable category. Initially defined as supporting CodeSystem for the referral prescription.","exampleBoolean":false,"groupingId":"-term-codesystem"},{"extension":[{"url":"http://hl7.org/fhir/StructureDefinition/implementationguide-page","valueUri":"CodeSystem-be-cs-nursing-code-other.html"}],"reference":{"reference":"CodeSystem/be-cs-nursing-code-other"},"name":"BeNursingCodeOther","description":"Nursing codes in Belgium. To define details in nursing activities for the other category. Initially defined as supporting CodeSystem for the referral prescription.","exampleBoolean":false,"groupingId":"-term-codesystem"},{"extension":[{"url":"http://hl7.org/fhir/StructureDefinition/implementationguide-page","valueUri":"CodeSystem-be-cs-nursing-code.html"}],"reference":{"reference":"CodeSystem/be-cs-nursing-code"},"name":"BeNursingCode","description":"Nursing codes in Belgium. To define a high level in nursing activities. Initially defined as supporting CodeSystem for the referral prescription.","exampleBoolean":false,"groupingId":"-term-codesystem"},{"extension":[{"url":"http://hl7.org/fhir/StructureDefinition/implementationguide-page","valueUri":"CodeSystem-be-communication-code.html"}],"reference":{"reference":"CodeSystem/be-communication-code"},"name":"BeCommunicationCode","description":"Communication codes in Belgium. To define a specific method of communicating. Initially defined as supporting CodeSystem for the referral prescription.","exampleBoolean":false,"groupingId":"-term-codesystem"},{"extension":[{"url":"http://hl7.org/fhir/StructureDefinition/implementationguide-page","valueUri":"CodeSystem-be-contrastfluid-use.html"}],"reference":{"reference":"CodeSystem/be-contrastfluid-use"},"name":"BeContrastFluidUse","description":"Whether use of contrast fluid should be considered.","exampleBoolean":false,"groupingId":"-term-codesystem"},{"extension":[{"url":"http://hl7.org/fhir/StructureDefinition/implementationguide-page","valueUri":"CodeSystem-codesystem-be-digestive-system-care.html"}],"reference":{"reference":"CodeSystem/codesystem-be-digestive-system-care"},"name":"BeDigestiveSystemCare","description":"Nursing codes in Belgium. To define details in nursing activities for the digestive system care category. Initially defined as supporting CodeSystem for the referral prescription.","exampleBoolean":false,"groupingId":"-term-codesystem"},{"extension":[{"url":"http://hl7.org/fhir/StructureDefinition/implementationguide-page","valueUri":"CodeSystem-be-nursing-medication-category.html"}],"reference":{"reference":"CodeSystem/be-nursing-medication-category"},"name":"BeNursingMedicationCategory","description":"Nursing codes in Belgium. To define details in nursing activities for the medication category. Initially defined as supporting CodeSystem for the referral prescription.","exampleBoolean":false,"groupingId":"-term-codesystem"},{"extension":[{"url":"http://hl7.org/fhir/StructureDefinition/implementationguide-page","valueUri":"CodeSystem-be-nursing-medication-injection.html"}],"reference":{"reference":"CodeSystem/be-nursing-medication-injection"},"name":"BeNursingMedicationInjection","description":"Nursing codes in Belgium. To define details in nursing activities for the medication injection category. Initially defined as supporting CodeSystem for the referral prescription.","exampleBoolean":false,"groupingId":"-term-codesystem"},{"extension":[{"url":"http://hl7.org/fhir/StructureDefinition/implementationguide-page","valueUri":"CodeSystem-be-nursing-medication-percutaneous.html"}],"reference":{"reference":"CodeSystem/be-nursing-medication-percutaneous"},"name":"BeNursingMedicationPercutaneous","description":"Nursing codes in Belgium. To define details in nursing activities for the medication percutaneous category. Initially defined as supporting CodeSystem for the referral prescription.","exampleBoolean":false,"groupingId":"-term-codesystem"},{"extension":[{"url":"http://hl7.org/fhir/StructureDefinition/implementationguide-page","valueUri":"CodeSystem-be-nursing-medication-perfusion.html"}],"reference":{"reference":"CodeSystem/be-nursing-medication-perfusion"},"name":"BeNursingMedicationPerfusion","description":"Nursing codes in Belgium. To define details in nursing activities for the medication perfusion category. Initially defined as supporting CodeSystem for the referral prescription.","exampleBoolean":false,"groupingId":"-term-codesystem"},{"extension":[{"url":"http://hl7.org/fhir/StructureDefinition/implementationguide-page","valueUri":"CodeSystem-be-status-reason.html"}],"reference":{"reference":"CodeSystem/be-status-reason"},"name":"BeStatusReason","description":"Status reason in Belgium. Initially defined as supporting CodeSystem for the referral prescription.","exampleBoolean":false,"groupingId":"-term-codesystem"},{"extension":[{"url":"http://hl7.org/fhir/StructureDefinition/implementationguide-page","valueUri":"CodeSystem-codesystem-be-type-of-bladder-care.html"}],"reference":{"reference":"CodeSystem/codesystem-be-type-of-bladder-care"},"name":"BeBladderCareType","description":"Nursing codes in Belgium. To define details in nursing activities for the bladder care category. Initially defined as supporting CodeSystem for the referral prescription.","exampleBoolean":false,"groupingId":"-term-codesystem"},{"extension":[{"url":"http://hl7.org/fhir/StructureDefinition/implementationguide-page","valueUri":"NamingSystem-be-ns-uhmep.html"}],"reference":{"reference":"NamingSystem/be-ns-uhmep"},"name":"BeUnadressedHealthMessageExchangePlatform","description":"UHMEP naming system","exampleBoolean":false,"groupingId":"-term-namingsystem"},{"extension":[{"url":"http://hl7.org/fhir/StructureDefinition/implementationguide-page","valueUri":"ValueSet-be-vs-communication-method.html"}],"reference":{"reference":"ValueSet/be-vs-communication-method"},"name":"BeCommunicationMethod","description":"Codes to define a communication method.","exampleBoolean":false,"groupingId":"-term-valueset"},{"extension":[{"url":"http://hl7.org/fhir/StructureDefinition/implementationguide-page","valueUri":"ValueSet-be-vs-contrastfluid-use.html"}],"reference":{"reference":"ValueSet/be-vs-contrastfluid-use"},"name":"BeContrastFluidUse","description":"Codes to define the use of contrast fluid.","exampleBoolean":false,"groupingId":"-term-valueset"},{"extension":[{"url":"http://hl7.org/fhir/StructureDefinition/implementationguide-page","valueUri":"ValueSet-be-vs-digestive-system-care.html"}],"reference":{"reference":"ValueSet/be-vs-digestive-system-care"},"name":"BeDigestiveSystemCare","description":"Codes to define digestive system care","exampleBoolean":false,"groupingId":"-term-valueset"},{"extension":[{"url":"http://hl7.org/fhir/StructureDefinition/implementationguide-page","valueUri":"ValueSet-be-vs-nursing-medication-category.html"}],"reference":{"reference":"ValueSet/be-vs-nursing-medication-category"},"name":"BeNursingMedicationCategory","description":"Codes to define a type of nursing medication category.","exampleBoolean":false,"groupingId":"-term-valueset"},{"extension":[{"url":"http://hl7.org/fhir/StructureDefinition/implementationguide-page","valueUri":"ValueSet-be-vs-nursing-medication-injection.html"}],"reference":{"reference":"ValueSet/be-vs-nursing-medication-injection"},"name":"BeNursingMedicationInjection","description":"Codes to define a type of nursing medication injection.","exampleBoolean":false,"groupingId":"-term-valueset"},{"extension":[{"url":"http://hl7.org/fhir/StructureDefinition/implementationguide-page","valueUri":"ValueSet-be-vs-nursing-medication-other.html"}],"reference":{"reference":"ValueSet/be-vs-nursing-medication-other"},"name":"BeNursingMedicationOther","description":"Codes to define a type of nursing medication other.","exampleBoolean":false,"groupingId":"-term-valueset"},{"extension":[{"url":"http://hl7.org/fhir/StructureDefinition/implementationguide-page","valueUri":"ValueSet-be-vs-nursing-medication-percutaneous.html"}],"reference":{"reference":"ValueSet/be-vs-nursing-medication-percutaneous"},"name":"BeNursingMedicationPercutaneous","description":"Codes to define a type of nursing medication percutaneous.","exampleBoolean":false,"groupingId":"-term-valueset"},{"extension":[{"url":"http://hl7.org/fhir/StructureDefinition/implementationguide-page","valueUri":"ValueSet-be-vs-nursing-medication-perfusion.html"}],"reference":{"reference":"ValueSet/be-vs-nursing-medication-perfusion"},"name":"BeNursingMedicationPerfusion","description":"Codes to define a type of nursing medication perfusion.","exampleBoolean":false,"groupingId":"-term-valueset"},{"extension":[{"url":"http://hl7.org/fhir/StructureDefinition/implementationguide-page","valueUri":"ValueSet-be-vs-reason-referral-status.html"}],"reference":{"reference":"ValueSet/be-vs-reason-referral-status"},"name":"BeReasonReferralStatus","description":"Codes to explain the current status of a referral prescription.","exampleBoolean":false,"groupingId":"-term-valueset"},{"extension":[{"url":"http://hl7.org/fhir/StructureDefinition/implementationguide-page","valueUri":"ValueSet-be-vs-referral-category.html"}],"reference":{"reference":"ValueSet/be-vs-referral-category"},"name":"BeReferralCategory","description":"Codes to define the high level category for a referral prescription. SNOMED-CT codes in this valueset are just a draft proposal to give a general idea - pending an official valueset.","exampleBoolean":false,"groupingId":"-term-valueset"},{"extension":[{"url":"http://hl7.org/fhir/StructureDefinition/implementationguide-page","valueUri":"ValueSet-be-vs-type-of-bladder-care.html"}],"reference":{"reference":"ValueSet/be-vs-type-of-bladder-care"},"name":"BeBladderCareType","description":"Codes to define a type of bladder care.","exampleBoolean":false,"groupingId":"-term-valueset"},{"extension":[{"url":"http://hl7.org/fhir/StructureDefinition/implementationguide-page","valueUri":"ValueSet-be-vs-type-of-compression.html"}],"reference":{"reference":"ValueSet/be-vs-type-of-compression"},"name":"BeCompressionType","description":"Codes to define a type of compression therapy.","exampleBoolean":false,"groupingId":"-term-valueset"},{"extension":[{"url":"http://hl7.org/fhir/StructureDefinition/implementationguide-page","valueUri":"ValueSet-be-vs-type-of-non-reimbursable-nursing.html"}],"reference":{"reference":"ValueSet/be-vs-type-of-non-reimbursable-nursing"},"name":"BeNonReimbursableNursing","description":"Codes to define a type of non reimbursable nursing category.","exampleBoolean":false,"groupingId":"-term-valueset"},{"extension":[{"url":"http://hl7.org/fhir/StructureDefinition/implementationguide-page","valueUri":"ValueSet-be-vs-type-of-nursing.html"}],"reference":{"reference":"ValueSet/be-vs-type-of-nursing"},"name":"BeNursingType","description":"Codes to define a type of nursing.","exampleBoolean":false,"groupingId":"-term-valueset"},{"extension":[{"url":"http://hl7.org/fhir/StructureDefinition/implementationguide-page","valueUri":"ValueSet-be-vs-type-of-other-nursing.html"}],"reference":{"reference":"ValueSet/be-vs-type-of-other-nursing"},"name":"BeOtherNursing","description":"Codes to define a type of other nursing category.","exampleBoolean":false,"groupingId":"-term-valueset"},{"extension":[{"url":"http://hl7.org/fhir/StructureDefinition/implementationguide-page","valueUri":"CarePlan-gpvisit.html"}],"reference":{"reference":"CarePlan/gpvisit"},"name":"gpvisit","exampleBoolean":true,"groupingId":"-ex-example"},{"extension":[{"url":"http://hl7.org/fhir/StructureDefinition/implementationguide-page","valueUri":"Condition-condition1.html"}],"reference":{"reference":"Condition/condition1"},"name":"condition1","exampleBoolean":true,"groupingId":"-ex-example"},{"extension":[{"url":"http://hl7.org/fhir/StructureDefinition/implementationguide-page","valueUri":"ServiceRequest-diagnostic-imaging-basic-example-concreteWithDetails.html"}],"reference":{"reference":"ServiceRequest/diagnostic-imaging-basic-example-concreteWithDetails"},"name":"diagnostic-imaging-basic-example-concreteWithDetails","exampleCanonical":"https://www.ehealth.fgov.be/standards/fhir/StructureDefinition/be-referralprescription-diagnosticimaging","groupingId":"-ex-example"},{"extension":[{"url":"http://hl7.org/fhir/StructureDefinition/implementationguide-page","valueUri":"ServiceRequest-diagnostic-imaging-basic-example-concreteWithText.html"}],"reference":{"reference":"ServiceRequest/diagnostic-imaging-basic-example-concreteWithText"},"name":"diagnostic-imaging-basic-example-concreteWithText","exampleCanonical":"https://www.ehealth.fgov.be/standards/fhir/StructureDefinition/be-referralprescription-diagnosticimaging","groupingId":"-ex-example"},{"extension":[{"url":"http://hl7.org/fhir/StructureDefinition/implementationguide-page","valueUri":"ServiceRequest-diagnostic-imaging-basic-example-everything-contained.html"}],"reference":{"reference":"ServiceRequest/diagnostic-imaging-basic-example-everything-contained"},"name":"diagnostic-imaging-basic-example-everything-contained","exampleCanonical":"https://www.ehealth.fgov.be/standards/fhir/StructureDefinition/be-referralprescription-diagnosticimaging","groupingId":"-ex-example"},{"extension":[{"url":"http://hl7.org/fhir/StructureDefinition/implementationguide-page","valueUri":"ServiceRequest-diagnostic-imaging-basic-example-useOfModality.html"}],"reference":{"reference":"ServiceRequest/diagnostic-imaging-basic-example-useOfModality"},"name":"diagnostic-imaging-basic-example-useOfModality","exampleCanonical":"https://www.ehealth.fgov.be/standards/fhir/StructureDefinition/be-referralprescription-diagnosticimaging","groupingId":"-ex-example"},{"extension":[{"url":"http://hl7.org/fhir/StructureDefinition/implementationguide-page","valueUri":"ServiceRequest-laboratory-order-example1.html"}],"reference":{"reference":"ServiceRequest/laboratory-order-example1"},"name":"laboratory-order-example1","exampleCanonical":"https://www.ehealth.fgov.be/standards/fhir/StructureDefinition/be-lab-prescription","groupingId":"-ex-example"},{"extension":[{"url":"http://hl7.org/fhir/StructureDefinition/implementationguide-page","valueUri":"Patient-patient1.html"}],"reference":{"reference":"Patient/patient1"},"name":"patient1","exampleCanonical":"https://www.ehealth.fgov.be/standards/fhir/StructureDefinition/be-patient","groupingId":"-ex-example"},{"extension":[{"url":"http://hl7.org/fhir/StructureDefinition/implementationguide-page","valueUri":"Practitioner-practitioner1.html"}],"reference":{"reference":"Practitioner/practitioner1"},"name":"practitioner1","exampleCanonical":"https://www.ehealth.fgov.be/standards/fhir/StructureDefinition/be-practitioner","groupingId":"-ex-example"},{"extension":[{"url":"http://hl7.org/fhir/StructureDefinition/implementationguide-page","valueUri":"Practitioner-practitioner2.html"}],"reference":{"reference":"Practitioner/practitioner2"},"name":"practitioner2","exampleCanonical":"https://www.ehealth.fgov.be/standards/fhir/StructureDefinition/be-practitioner","groupingId":"-ex-example"},{"extension":[{"url":"http://hl7.org/fhir/StructureDefinition/implementationguide-page","valueUri":"ServiceRequest-referralprescription-nursing-example2-digestive-system-care.html"}],"reference":{"reference":"ServiceRequest/referralprescription-nursing-example2-digestive-system-care"},"name":"referralprescription-nursing-example2-digestive-system-care","exampleCanonical":"https://www.ehealth.fgov.be/standards/fhir/StructureDefinition/be-referralprescription-nursing-digestive-system-care","groupingId":"-ex-example"},{"extension":[{"url":"http://hl7.org/fhir/StructureDefinition/implementationguide-page","valueUri":"ServiceRequest-referralprescription-nursing-example3-compression-therapy.html"}],"reference":{"reference":"ServiceRequest/referralprescription-nursing-example3-compression-therapy"},"name":"referralprescription-nursing-example3-compression-therapy","exampleCanonical":"https://www.ehealth.fgov.be/standards/fhir/StructureDefinition/be-referralprescription-nursing-compressiontherapy","groupingId":"-ex-example"},{"extension":[{"url":"http://hl7.org/fhir/StructureDefinition/implementationguide-page","valueUri":"ServiceRequest-referralprescription-nursing-example5-digestive-system-care.html"}],"reference":{"reference":"ServiceRequest/referralprescription-nursing-example5-digestive-system-care"},"name":"referralprescription-nursing-example5-digestive-system-care","exampleCanonical":"https://www.ehealth.fgov.be/standards/fhir/StructureDefinition/be-referralprescription-nursing-digestive-system-care","groupingId":"-ex-example"},{"extension":[{"url":"http://hl7.org/fhir/StructureDefinition/implementationguide-page","valueUri":"ServiceRequest-referralprescription-nursing-example6-compression-therapy.html"}],"reference":{"reference":"ServiceRequest/referralprescription-nursing-example6-compression-therapy"},"name":"referralprescription-nursing-example6-compression-therapy","exampleCanonical":"https://www.ehealth.fgov.be/standards/fhir/StructureDefinition/be-referralprescription-nursing-compressiontherapy","groupingId":"-ex-example"}],"page":{"nameUrl":"toc.html","title":"Table of Contents","generation":"html","page":[{"nameUrl":"index.html","title":"Home","generation":"html"},{"nameUrl":"downloads.html","title":"Downloads","generation":"markdown"},{"nameUrl":"guidance.html","title":"Guidance","generation":"html"},{"nameUrl":"howto.html","title":"Howto","generation":"markdown"},{"nameUrl":"logical-models.html","title":"Logical Models","generation":"markdown"},{"nameUrl":"openapi.html","title":"Openapi","generation":"markdown"},{"nameUrl":"privacy.html","title":"Privacy","generation":"markdown"},{"nameUrl":"security.html","title":"Security","generation":"markdown"},{"nameUrl":"standardsstatus.html","title":"Standardsstatus","generation":"markdown"},{"nameUrl":"terminology.html","title":"Terminology","generation":"markdown"},{"nameUrl":"testdata.html","title":"Testdata","generation":"markdown"},{"nameUrl":"testservers.html","title":"Testservers","generation":"markdown"},{"nameUrl":"usecases.html","title":"Usecases","generation":"markdown"},{"nameUrl":"artifacts.html","title":"Artifacts Summary","generation":"html","page":[{"nameUrl":"StructureDefinition-be-model-diagnosticimagingprescription.html","title":"BeDiagnosticImagingPrescription","generation":"generated"},{"nameUrl":"StructureDefinition-be-model-laboratoryprescription.html","title":"BeLaboratoryPrescription","generation":"generated"},{"nameUrl":"StructureDefinition-be-model-nursingprescription.html","title":"BeNursingPrescription","generation":"generated"},{"nameUrl":"StructureDefinition-be-model-physiotherapyprescription.html","title":"BePhysiotherapyPrescription","generation":"generated"},{"nameUrl":"StructureDefinition-be-model-referralprescription.html","title":"BeReferralPrescription","generation":"generated"},{"nameUrl":"StructureDefinition-be-referralprescription-nursing.html","title":"BeReferralPrescriptionNursing","generation":"generated"},{"nameUrl":"StructureDefinition-be-referralprescription-nursing-annex81.html","title":"BeReferralPrescriptionNursingAnnex81PreparationOfMedication","generation":"generated"},{"nameUrl":"StructureDefinition-be-referralprescription-nursing-medication.html","title":"BeReferralPrescriptionNursingMedication","generation":"generated"},{"nameUrl":"StructureDefinition-be-lab-prescription.html","title":"BeLabPrescription","generation":"generated"},{"nameUrl":"StructureDefinition-be-referralprescription-diagnosticimaging.html","title":"BeReferralPrescriptionDiagnosticImaging","generation":"generated"},{"nameUrl":"StructureDefinition-be-referralprescription-nursing-bladder-care.html","title":"BeReferralPrescriptionNursingBladderCare","generation":"generated"},{"nameUrl":"StructureDefinition-be-referralprescription-nursing-chronical-psychiatric-patient.html","title":"BeReferralPrescriptionNursingPreparationAdministrationMedicationChronicalPsychiatricPatient","generation":"generated"},{"nameUrl":"StructureDefinition-be-referralprescription-nursing-compressiontherapy.html","title":"BeReferralPrescriptionNursingCompressionTherapy","generation":"generated"},{"nameUrl":"StructureDefinition-be-referralprescription-nursing-diabetic.html","title":"BeReferralPrescriptionNursingDiabetic","generation":"generated"},{"nameUrl":"StructureDefinition-be-referralprescription-nursing-digestive-system-care.html","title":"BeReferralPrescriptionNursingDigestiveSystemCare","generation":"generated"},{"nameUrl":"StructureDefinition-be-referralprescription-nursing-non-reimbursable.html","title":"BeReferralPrescriptionNursingNonReimbursable","generation":"generated"},{"nameUrl":"StructureDefinition-be-referralprescription-nursing-other.html","title":"BeReferralPrescriptionNursingOther","generation":"generated"},{"nameUrl":"StructureDefinition-be-referralprescription-nursing-woundcare.html","title":"BeReferralPrescriptionNursingWoundcare","generation":"generated"},{"nameUrl":"StructureDefinition-be-referralprescription-request-group.html","title":"BeReferralPrescriptionRequestGroup","generation":"generated"},{"nameUrl":"StructureDefinition-be-referralprescription.html","title":"BeReferralPrescription","generation":"generated"},{"nameUrl":"StructureDefinition-be-ext-contraindication.html","title":"BeContraindication","generation":"generated"},{"nameUrl":"StructureDefinition-be-ext-contrastfluiduse.html","title":"BeContrastFluidUse","generation":"generated"},{"nameUrl":"StructureDefinition-be-ext-inform-party.html","title":"BeInformParty","generation":"generated"},{"nameUrl":"StructureDefinition-be-ext-supporting-info.html","title":"BeSupportingInfo","generation":"generated"},{"nameUrl":"StructureDefinition-be-ext-urgent-communication.html","title":"BeUrgentCommunication","generation":"generated"},{"nameUrl":"ValueSet-be-vs-nursing-annex81-inadequate-adherence.html","title":"BeNursingAnnex81InadequateAdherence","generation":"generated"},{"nameUrl":"ValueSet-be-vs-nursing-annex81-inadequate-adherence-link.html","title":"BeNursingAnnex81InadequateAdherenceLink","generation":"generated"},{"nameUrl":"ValueSet-be-vs-communication-method.html","title":"BeCommunicationMethod","generation":"generated"},{"nameUrl":"ValueSet-be-vs-contrastfluid-use.html","title":"BeContrastFluidUse","generation":"generated"},{"nameUrl":"ValueSet-be-vs-digestive-system-care.html","title":"BeDigestiveSystemCare","generation":"generated"},{"nameUrl":"ValueSet-be-vs-nursing-medication-category.html","title":"BeNursingMedicationCategory","generation":"generated"},{"nameUrl":"ValueSet-be-vs-nursing-medication-injection.html","title":"BeNursingMedicationInjection","generation":"generated"},{"nameUrl":"ValueSet-be-vs-nursing-medication-other.html","title":"BeNursingMedicationOther","generation":"generated"},{"nameUrl":"ValueSet-be-vs-nursing-medication-percutaneous.html","title":"BeNursingMedicationPercutaneous","generation":"generated"},{"nameUrl":"ValueSet-be-vs-nursing-medication-perfusion.html","title":"BeNursingMedicationPerfusion","generation":"generated"},{"nameUrl":"ValueSet-be-vs-reason-referral-status.html","title":"BeReasonReferralStatus","generation":"generated"},{"nameUrl":"ValueSet-be-vs-referral-category.html","title":"BeReferralCategory","generation":"generated"},{"nameUrl":"ValueSet-be-vs-type-of-bladder-care.html","title":"BeBladderCareType","generation":"generated"},{"nameUrl":"ValueSet-be-vs-type-of-compression.html","title":"BeCompressionType","generation":"generated"},{"nameUrl":"ValueSet-be-vs-type-of-non-reimbursable-nursing.html","title":"BeNonReimbursableNursing","generation":"generated"},{"nameUrl":"ValueSet-be-vs-type-of-nursing.html","title":"BeNursingType","generation":"generated"},{"nameUrl":"ValueSet-be-vs-type-of-other-nursing.html","title":"BeOtherNursing","generation":"generated"},{"nameUrl":"CodeSystem-be-nursing-annex81-inadequate-adherence.html","title":"BeNursingAnnex81InadequateAdherence","generation":"generated"},{"nameUrl":"CodeSystem-be-nursing-annex81-inadequate-adherence-link.html","title":"BeNursingAnnex81InadequateAdherenceLink","generation":"generated"},{"nameUrl":"CodeSystem-be-cs-nursing-code-compressiontherapy.html","title":"BeNursingCodeCompressiontherapy","generation":"generated"},{"nameUrl":"CodeSystem-be-cs-nursing-code-non-reimbursable.html","title":"BeNursingCodeNonReimbursable","generation":"generated"},{"nameUrl":"CodeSystem-be-cs-nursing-code-other.html","title":"BeNursingCodeOther","generation":"generated"},{"nameUrl":"CodeSystem-be-cs-nursing-code.html","title":"BeNursingCode","generation":"generated"},{"nameUrl":"CodeSystem-be-communication-code.html","title":"BeCommunicationCode","generation":"generated"},{"nameUrl":"CodeSystem-be-contrastfluid-use.html","title":"BeContrastFluidUse","generation":"generated"},{"nameUrl":"CodeSystem-codesystem-be-digestive-system-care.html","title":"BeDigestiveSystemCare","generation":"generated"},{"nameUrl":"CodeSystem-be-nursing-medication-category.html","title":"BeNursingMedicationCategory","generation":"generated"},{"nameUrl":"CodeSystem-be-nursing-medication-injection.html","title":"BeNursingMedicationInjection","generation":"generated"},{"nameUrl":"CodeSystem-be-nursing-medication-percutaneous.html","title":"BeNursingMedicationPercutaneous","generation":"generated"},{"nameUrl":"CodeSystem-be-nursing-medication-perfusion.html","title":"BeNursingMedicationPerfusion","generation":"generated"},{"nameUrl":"CodeSystem-be-status-reason.html","title":"BeStatusReason","generation":"generated"},{"nameUrl":"CodeSystem-codesystem-be-type-of-bladder-care.html","title":"BeBladderCareType","generation":"generated"},{"nameUrl":"NamingSystem-be-ns-amp-codes.html","title":"be-ns-amp-codes","generation":"generated"},{"nameUrl":"NamingSystem-be-ns-ampp-codes.html","title":"be-ns-ampp-codes","generation":"generated"},{"nameUrl":"NamingSystem-be-ns-cnk-codes.html","title":"be-ns-cnk-codes","generation":"generated"},{"nameUrl":"NamingSystem-be-ns-vmp-codes.html","title":"be-ns-vmp-codes","generation":"generated"},{"nameUrl":"NamingSystem-be-ns-vmpg-codes.html","title":"be-ns-vmpg-codes","generation":"generated"},{"nameUrl":"NamingSystem-be-ns-vtm-codes.html","title":"be-ns-vtm-codes","generation":"generated"},{"nameUrl":"NamingSystem-be-ns-coronalertcode.html","title":"BeNSCoronalertcode","generation":"generated"},{"nameUrl":"NamingSystem-be-ns-specimen.html","title":"BeNSSpecimen","generation":"generated"},{"nameUrl":"NamingSystem-be-ns-uhmep.html","title":"BeUnadressedHealthMessageExchangePlatform","generation":"generated"},{"nameUrl":"RequestGroup-example01-referralprescription-request-group.html","title":"example01-referralprescription-request-group","generation":"generated"},{"nameUrl":"ServiceRequest-example02-referralprescription-nursing-digestive-system-care.html","title":"example02-referralprescription-nursing-digestive-system-care","generation":"generated"},{"nameUrl":"ServiceRequest-example03-referralprescription-nursing-compressiontherapy.html","title":"example03-referralprescription-nursing-compressiontherapy","generation":"generated"},{"nameUrl":"ServiceRequest-example04-referralprescription-nursing-bladder-care.html","title":"example04-referralprescription-nursing-bladder-care","generation":"generated"},{"nameUrl":"ServiceRequest-example05-referralprescription-nursing-digestive-system-care.html","title":"example05-referralprescription-nursing-digestive-system-care","generation":"generated"},{"nameUrl":"ServiceRequest-example06-referralprescription-nursing-compression-therapy.html","title":"example06-referralprescription-nursing-compression-therapy","generation":"generated"},{"nameUrl":"MedicationRequest-example07-referralprescription-nursing-medication.html","title":"example07-referralprescription-nursing-medication","generation":"generated"},{"nameUrl":"MedicationRequest-example08-referralprescription-nursing-medication.html","title":"example08-referralprescription-nursing-medication","generation":"generated"},{"nameUrl":"ServiceRequest-example09-referralprescription-nursing-woundcare.html","title":"example09-referralprescription-nursing-woundcare","generation":"generated"},{"nameUrl":"MedicationRequest-example10-referralprescription-nursing-medication.html","title":"example10-referralprescription-nursing-medication","generation":"generated"},{"nameUrl":"ServiceRequest-example12-referralprescription-nursing-annex81.html","title":"example12-referralprescription-nursing-annex81","generation":"generated"},{"nameUrl":"MedicationRequest-example13-referralprescription-nursing-medication.html","title":"example13-referralprescription-nursing-medication","generation":"generated"},{"nameUrl":"ServiceRequest-example16-referralprescription-nursing-bladder-care.html","title":"example16-referralprescription-nursing-bladder-care","generation":"generated"},{"nameUrl":"MedicationRequest-example17-referralprescription-nursing-medication.html","title":"example17-referralprescription-nursing-medication","generation":"generated"},{"nameUrl":"MedicationRequest-example19-referralprescription-nursing-medication.html","title":"example19-referralprescription-nursing-medication","generation":"generated"},{"nameUrl":"MedicationRequest-example20-referralprescription-nursing-medication.html","title":"example20-referralprescription-nursing-medication","generation":"generated"},{"nameUrl":"MedicationRequest-example22-referralprescription-nursing-medication.html","title":"example22-referralprescription-nursing-medication","generation":"generated"},{"nameUrl":"MedicationRequest-example23-referralprescription-nursing-medication.html","title":"example23-referralprescription-nursing-medication","generation":"generated"},{"nameUrl":"ServiceRequest-example24-referralprescription-nursing-non-reimbursable.html","title":"example24-referralprescription-nursing-non-reimbursable","generation":"generated"},{"nameUrl":"ServiceRequest-example26-referralprescription-nursing-other.html","title":"example26-referralprescription-nursing-other","generation":"generated"},{"nameUrl":"ServiceRequest-example30-referralprescription-nursing-woundcare.html","title":"example30-referralprescription-nursing-woundcare","generation":"generated"},{"nameUrl":"MedicationRequest-example31-referralprescription-nursing-medication.html","title":"example31-referralprescription-nursing-medication","generation":"generated"},{"nameUrl":"CarePlan-gpvisit.html","title":"gpvisit","generation":"generated"},{"nameUrl":"Condition-condition1.html","title":"condition1","generation":"generated"},{"nameUrl":"ServiceRequest-diagnostic-imaging-basic-example-concreteWithDetails.html","title":"diagnostic-imaging-basic-example-concreteWithDetails","generation":"generated"},{"nameUrl":"ServiceRequest-diagnostic-imaging-basic-example-concreteWithText.html","title":"diagnostic-imaging-basic-example-concreteWithText","generation":"generated"},{"nameUrl":"ServiceRequest-diagnostic-imaging-basic-example-everything-contained.html","title":"diagnostic-imaging-basic-example-everything-contained","generation":"generated"},{"nameUrl":"ServiceRequest-diagnostic-imaging-basic-example-useOfModality.html","title":"diagnostic-imaging-basic-example-useOfModality","generation":"generated"},{"nameUrl":"ServiceRequest-laboratory-order-example1.html","title":"laboratory-order-example1","generation":"generated"},{"nameUrl":"Patient-patient1.html","title":"patient1","generation":"generated"},{"nameUrl":"Practitioner-practitioner1.html","title":"practitioner1","generation":"generated"},{"nameUrl":"Practitioner-practitioner2.html","title":"practitioner2","generation":"generated"},{"nameUrl":"ServiceRequest-referralprescription-nursing-example2-digestive-system-care.html","title":"referralprescription-nursing-example2-digestive-system-care","generation":"generated"},{"nameUrl":"ServiceRequest-referralprescription-nursing-example3-compression-therapy.html","title":"referralprescription-nursing-example3-compression-therapy","generation":"generated"},{"nameUrl":"ServiceRequest-referralprescription-nursing-example5-digestive-system-care.html","title":"referralprescription-nursing-example5-digestive-system-care","generation":"generated"},{"nameUrl":"ServiceRequest-referralprescription-nursing-example6-compression-therapy.html","title":"referralprescription-nursing-example6-compression-therapy","generation":"generated"}]}]},"parameter":[{"code":"path-resource","value":"input/capabilities"},{"code":"path-resource","value":"input/examples"},{"code":"path-resource","value":"input/extensions"},{"code":"path-resource","value":"input/models"},{"code":"path-resource","value":"input/operations"},{"code":"path-resource","value":"input/profiles"},{"code":"path-resource","value":"input/resources"},{"code":"path-resource","value":"input/vocabulary"},{"code":"path-resource","value":"input/maps"},{"code":"path-resource","value":"input/testing"},{"code":"path-resource","value":"input/history"},{"code":"path-resource","value":"fsh-generated/resources"},{"code":"path-pages","value":"template/config"},{"code":"path-pages","value":"input/images"},{"code":"path-tx-cache","value":"input-cache/txcache"}]}}