{"resourceType":"ImplementationGuide","id":"hl7.fhir.be.referral","text":{"status":"extensions","div":"<div xmlns=\"http://www.w3.org/1999/xhtml\"><h2>HL7BEReferralPrescriptionWGImplementationGuideworkinprogress</h2><p>The official URL for this implementation guide is: </p><pre>https://www.ehealth.fgov.be/standards/fhir/referral/ImplementationGuide/hl7.fhir.be.referral</pre></div>"},"url":"https://www.ehealth.fgov.be/standards/fhir/referral/ImplementationGuide/hl7.fhir.be.referral","version":"0.2.0","name":"HL7BEReferralPrescriptionWGImplementationGuideworkinprogress","title":"HL7 BE Referral Prescription WG Implementation Guide (work in progress)","status":"draft","date":"2022-09-26T12:48:08+00:00","packageId":"hl7.fhir.be.referral","license":"CC0-1.0","fhirVersion":["4.0.1"],"dependsOn":[{"id":"hl7tx","uri":"http://terminology.hl7.org/ImplementationGuide/hl7.terminology","packageId":"hl7.terminology.r4","version":"4.0.0"},{"id":"hl7_fhir_be_core","uri":"https://www.ehealth.fgov.be/standards/fhir/core/ImplementationGuide/hl7.fhir.be.core","packageId":"hl7.fhir.be.core","version":"2.0.1"},{"id":"hl7_fhir_be_medication","uri":"https://www.ehealth.fgov.be/standards/fhir/medication/ImplementationGuide/hl7.fhir.be.medication","packageId":"hl7.fhir.be.medication","version":"1.0.0"},{"id":"hl7_fhir_be_core_clinical","uri":"https://www.ehealth.fgov.be/standards/fhir/core-clinical/ImplementationGuide/hl7.fhir.be.core-clinical","packageId":"hl7.fhir.be.core-clinical","version":"1.0.0"},{"id":"hl7_fhir_be_allergy","uri":"https://www.ehealth.fgov.be/standards/fhir/allergy/ImplementationGuide/hl7.fhir.be.allergy","packageId":"hl7.fhir.be.allergy","version":"1.0.1"}],"definition":{"extension":[{"extension":[{"url":"code","valueString":"copyrightyear"},{"url":"value","valueString":"2022+"}],"url":"http://hl7.org/fhir/tools/StructureDefinition/ig-parameter"},{"extension":[{"url":"code","valueString":"releaselabel"},{"url":"value","valueString":"STU"}],"url":"http://hl7.org/fhir/tools/StructureDefinition/ig-parameter"},{"extension":[{"url":"code","valueString":"path-liquid"},{"url":"value","valueString":"template/liquid"}],"url":"http://hl7.org/fhir/tools/StructureDefinition/ig-parameter"},{"extension":[{"url":"code","valueString":"path-liquid"},{"url":"value","valueString":"input/liquid"}],"url":"http://hl7.org/fhir/tools/StructureDefinition/ig-parameter"},{"extension":[{"url":"code","valueString":"path-qa"},{"url":"value","valueString":"temp/qa"}],"url":"http://hl7.org/fhir/tools/StructureDefinition/ig-parameter"},{"extension":[{"url":"code","valueString":"path-temp"},{"url":"value","valueString":"temp/pages"}],"url":"http://hl7.org/fhir/tools/StructureDefinition/ig-parameter"},{"extension":[{"url":"code","valueString":"path-output"},{"url":"value","valueString":"output"}],"url":"http://hl7.org/fhir/tools/StructureDefinition/ig-parameter"},{"extension":[{"url":"code","valueString":"path-suppressed-warnings"},{"url":"value","valueString":"input/ignoreWarnings.txt"}],"url":"http://hl7.org/fhir/tools/StructureDefinition/ig-parameter"},{"extension":[{"url":"code","valueString":"path-history"},{"url":"value","valueString":"https://www.ehealth.fgov.be/standards/fhir/referral/history.html"}],"url":"http://hl7.org/fhir/tools/StructureDefinition/ig-parameter"},{"extension":[{"url":"code","valueString":"template-html"},{"url":"value","valueString":"template-page.html"}],"url":"http://hl7.org/fhir/tools/StructureDefinition/ig-parameter"},{"extension":[{"url":"code","valueString":"template-md"},{"url":"value","valueString":"template-page-md.html"}],"url":"http://hl7.org/fhir/tools/StructureDefinition/ig-parameter"},{"extension":[{"url":"code","valueString":"apply-contact"},{"url":"value","valueString":"true"}],"url":"http://hl7.org/fhir/tools/StructureDefinition/ig-parameter"},{"extension":[{"url":"code","valueString":"apply-context"},{"url":"value","valueString":"true"}],"url":"http://hl7.org/fhir/tools/StructureDefinition/ig-parameter"},{"extension":[{"url":"code","valueString":"apply-copyright"},{"url":"value","valueString":"true"}],"url":"http://hl7.org/fhir/tools/StructureDefinition/ig-parameter"},{"extension":[{"url":"code","valueString":"apply-jurisdiction"},{"url":"value","valueString":"true"}],"url":"http://hl7.org/fhir/tools/StructureDefinition/ig-parameter"},{"extension":[{"url":"code","valueString":"apply-license"},{"url":"value","valueString":"true"}],"url":"http://hl7.org/fhir/tools/StructureDefinition/ig-parameter"},{"extension":[{"url":"code","valueString":"apply-publisher"},{"url":"value","valueString":"true"}],"url":"http://hl7.org/fhir/tools/StructureDefinition/ig-parameter"},{"extension":[{"url":"code","valueString":"apply-version"},{"url":"value","valueString":"true"}],"url":"http://hl7.org/fhir/tools/StructureDefinition/ig-parameter"},{"extension":[{"url":"code","valueString":"active-tables"},{"url":"value","valueString":"true"}],"url":"http://hl7.org/fhir/tools/StructureDefinition/ig-parameter"},{"extension":[{"url":"code","valueString":"fmm-definition"},{"url":"value","valueString":"http://hl7.org/fhir/versions.html#maturity"}],"url":"http://hl7.org/fhir/tools/StructureDefinition/ig-parameter"},{"extension":[{"url":"code","valueString":"propagate-status"},{"url":"value","valueString":"true"}],"url":"http://hl7.org/fhir/tools/StructureDefinition/ig-parameter"},{"extension":[{"url":"code","valueString":"excludelogbinaryformat"},{"url":"value","valueString":"true"}],"url":"http://hl7.org/fhir/tools/StructureDefinition/ig-parameter"}],"grouping":[{"id":"-dyn-operationdefinition","name":"Behavior: Operation Definitions","description":"These are custom operations that can be supported by and/or invoked by systems conforming to this implementation guide"},{"id":"-str-logicalmodel","name":"Structures: Logical Models","description":"These define data models that represent the domain covered by this implementation guide in more business-friendly terms than the underlying FHIR resources."},{"id":"-str-profile","name":"Structures: Resource Profiles","description":"These define constraints on FHIR resources for systems conforming to this implementation guide"},{"id":"-str-extension","name":"Structures: Extension Definitions","description":"These define constraints on FHIR data types for systems conforming to this implementation guide"},{"id":"-term-valueset","name":"Terminology: Value Sets","description":"These define sets of codes used by systems conforming to this implementation guide"},{"id":"-term-codesystem","name":"Terminology: Code Systems","description":"These define new code systems used by systems conforming to this implementation guide"},{"id":"-term-namingsystem","name":"Terminology: Naming Systems","description":"These define identifier and/or code system identities used by systems conforming to this implementation guide"},{"id":"-ex-example","name":"Example: Example Instances","description":"These are example instances that show what data produced and consumed by systems conforming with this implementation guide might look like"}],"resource":[{"extension":[{"url":"http://hl7.org/fhir/StructureDefinition/implementationguide-page","valueUri":"StructureDefinition-be-lab-prescription.html"}],"reference":{"reference":"StructureDefinition/be-lab-prescription"},"name":"BeLabPrescription","description":"This is the Belgian profile for a laboratory order.","exampleBoolean":false,"groupingId":"-str-profile"},{"extension":[{"url":"http://hl7.org/fhir/StructureDefinition/implementationguide-page","valueUri":"StructureDefinition-be-performer-task.html"}],"reference":{"reference":"StructureDefinition/be-performer-task"},"name":"BePerformerTask","description":"Subtask performed by one performer","exampleBoolean":false,"groupingId":"-str-profile"},{"extension":[{"url":"http://hl7.org/fhir/StructureDefinition/implementationguide-page","valueUri":"StructureDefinition-be-referralprescription.html"}],"reference":{"reference":"StructureDefinition/be-referralprescription"},"name":"BeReferralPrescription","description":"The common structure for referral prescription.","exampleBoolean":false,"groupingId":"-str-profile"},{"extension":[{"url":"http://hl7.org/fhir/StructureDefinition/implementationguide-page","valueUri":"StructureDefinition-be-referralprescription-diagnosticimaging.html"}],"reference":{"reference":"StructureDefinition/be-referralprescription-diagnosticimaging"},"name":"BeReferralPrescriptionDiagnosticImaging","description":"Referral prescription for a generic diagnostic imaging.\nPlease note in .orderDetail, a specific slicing is available to give guidance how to express acquisition modalities if needed. In future iterations of this profile, more slicing might provide additional guidance.","exampleBoolean":false,"groupingId":"-str-profile"},{"extension":[{"url":"http://hl7.org/fhir/StructureDefinition/implementationguide-page","valueUri":"StructureDefinition-be-referralprescription-nursing.html"}],"reference":{"reference":"StructureDefinition/be-referralprescription-nursing"},"name":"BeReferralPrescriptionNursing","description":"The nursing profile, generic version. Please note the nursing referral for medication does NOT depend on this generic version but is a FHIR prodfile on a different FHIR resource (MedicationRequest)","exampleBoolean":false,"groupingId":"-str-profile"},{"extension":[{"url":"http://hl7.org/fhir/StructureDefinition/implementationguide-page","valueUri":"StructureDefinition-be-referralprescription-nursing-gen-medication.html"}],"reference":{"reference":"StructureDefinition/be-referralprescription-nursing-gen-medication"},"name":"BeReferralPrescriptionNursingGenMedication","description":"The nursing profile specialized for medication. Note this profile is based on the FHIR resource MedicationRequest. Dosage is expected initially to be given in the corresponding text and optional site fields (as per the NIHDI requirements).","exampleBoolean":false,"groupingId":"-str-profile"},{"extension":[{"url":"http://hl7.org/fhir/StructureDefinition/implementationguide-page","valueUri":"StructureDefinition-be-referral-task.html"}],"reference":{"reference":"StructureDefinition/be-referral-task"},"name":"BeReferralTask","description":"The task that is referred to in the referral prescription","exampleBoolean":false,"groupingId":"-str-profile"},{"extension":[{"url":"http://hl7.org/fhir/StructureDefinition/implementationguide-page","valueUri":"StructureDefinition-be-co-prescriber.html"}],"reference":{"reference":"StructureDefinition/be-co-prescriber"},"name":"BeCoPrescriber","description":"Other practitioners that must take part in this prescripiton","exampleBoolean":false,"groupingId":"-str-extension"},{"extension":[{"url":"http://hl7.org/fhir/StructureDefinition/implementationguide-page","valueUri":"StructureDefinition-be-co-prescriber-info.html"}],"reference":{"reference":"StructureDefinition/be-co-prescriber-info"},"name":"BeCoPrescriberInfo","description":"Info about the other practitioners that must take part in this prescripiton","exampleBoolean":false,"groupingId":"-str-extension"},{"extension":[{"url":"http://hl7.org/fhir/StructureDefinition/implementationguide-page","valueUri":"StructureDefinition-be-ext-contraindication.html"}],"reference":{"reference":"StructureDefinition/be-ext-contraindication"},"name":"BeContraindication","description":"Contra indication in a prescription referral for diagnostic imaging.","exampleBoolean":false,"groupingId":"-str-extension"},{"extension":[{"url":"http://hl7.org/fhir/StructureDefinition/implementationguide-page","valueUri":"StructureDefinition-be-ext-contrastfluiduse.html"}],"reference":{"reference":"StructureDefinition/be-ext-contrastfluiduse"},"name":"BeContrastFluidUse","description":"Whether the use of contrast fluid in diagnostic imaging can be defined as 'If necessary' or 'Not permitted.'","exampleBoolean":false,"groupingId":"-str-extension"},{"extension":[{"url":"http://hl7.org/fhir/StructureDefinition/implementationguide-page","valueUri":"StructureDefinition-be-ext-execution-period.html"}],"reference":{"reference":"StructureDefinition/be-ext-execution-period"},"name":"BeExecutionPeriod","description":"Begin and enddate of the execution of the request","exampleBoolean":false,"groupingId":"-str-extension"},{"extension":[{"url":"http://hl7.org/fhir/StructureDefinition/implementationguide-page","valueUri":"StructureDefinition-be-ext-feedback-to-prescriber.html"}],"reference":{"reference":"StructureDefinition/be-ext-feedback-to-prescriber"},"name":"BeFeedbackToPrescriber","description":"Does the prescriber request feedback?","exampleBoolean":false,"groupingId":"-str-extension"},{"extension":[{"url":"http://hl7.org/fhir/StructureDefinition/implementationguide-page","valueUri":"StructureDefinition-be-ext-inform-party.html"}],"reference":{"reference":"StructureDefinition/be-ext-inform-party"},"name":"BeInformParty","description":"Extra parties that need to be informed of the outcome, besides the prescriber.","exampleBoolean":false,"groupingId":"-str-extension"},{"extension":[{"url":"http://hl7.org/fhir/StructureDefinition/implementationguide-page","valueUri":"StructureDefinition-be-ext-latest-draft-date.html"}],"reference":{"reference":"StructureDefinition/be-ext-latest-draft-date"},"name":"BeLatestDraftDate","description":"Request must leave draft status before","exampleBoolean":false,"groupingId":"-str-extension"},{"extension":[{"url":"http://hl7.org/fhir/StructureDefinition/implementationguide-page","valueUri":"StructureDefinition-be-ext-latest-end-date.html"}],"reference":{"reference":"StructureDefinition/be-ext-latest-end-date"},"name":"BeLatestEndDate","description":"Request must be performed before","exampleBoolean":false,"groupingId":"-str-extension"},{"extension":[{"url":"http://hl7.org/fhir/StructureDefinition/implementationguide-page","valueUri":"StructureDefinition-be-ext-pss-info.html"}],"reference":{"reference":"StructureDefinition/be-ext-pss-info"},"name":"BePSSInfo","description":"Information regarding the Prescription Search Support","exampleBoolean":false,"groupingId":"-str-extension"},{"extension":[{"url":"http://hl7.org/fhir/StructureDefinition/implementationguide-page","valueUri":"StructureDefinition-be-ext-Performer-reference.html"}],"reference":{"reference":"StructureDefinition/be-ext-Performer-reference"},"name":"BePerformerReference","description":"BePerformerReference","exampleBoolean":false,"groupingId":"-str-extension"},{"extension":[{"url":"http://hl7.org/fhir/StructureDefinition/implementationguide-page","valueUri":"StructureDefinition-be-ext-performer-task-reference.html"}],"reference":{"reference":"StructureDefinition/be-ext-performer-task-reference"},"name":"BePerformerTaskReference","description":"BePerformerTaskReference","exampleBoolean":false,"groupingId":"-str-extension"},{"extension":[{"url":"http://hl7.org/fhir/StructureDefinition/implementationguide-page","valueUri":"StructureDefinition-be-ext-proposal-type.html"}],"reference":{"reference":"StructureDefinition/be-ext-proposal-type"},"name":"BeProposalType","description":"Type of proposal","exampleBoolean":false,"groupingId":"-str-extension"},{"extension":[{"url":"http://hl7.org/fhir/StructureDefinition/implementationguide-page","valueUri":"StructureDefinition-be-ext-supporting-info.html"}],"reference":{"reference":"StructureDefinition/be-ext-supporting-info"},"name":"BeSupportingInfo","description":"Relevant clinical information in the context of this prescription concerning for example allergies, kidney function, diabetic. This extension allows the use of an Annotation or codeableConcept but when more detailed information can be given, it is RECOMMENDED to express it as structured as possible using the appropriate elements.","exampleBoolean":false,"groupingId":"-str-extension"},{"extension":[{"url":"http://hl7.org/fhir/StructureDefinition/implementationguide-page","valueUri":"StructureDefinition-be-ext-task-reference.html"}],"reference":{"reference":"StructureDefinition/be-ext-task-reference"},"name":"BeTaskReference","description":"BeTaskReference","exampleBoolean":false,"groupingId":"-str-extension"},{"extension":[{"url":"http://hl7.org/fhir/StructureDefinition/implementationguide-page","valueUri":"StructureDefinition-be-ext-urgent-communication.html"}],"reference":{"reference":"StructureDefinition/be-ext-urgent-communication"},"name":"BeUrgentCommunication","description":"When there is a need to urgently communicate results of an order.","exampleBoolean":false,"groupingId":"-str-extension"},{"extension":[{"url":"http://hl7.org/fhir/StructureDefinition/implementationguide-page","valueUri":"StructureDefinition-be-ext-validity-period.html"}],"reference":{"reference":"StructureDefinition/be-ext-validity-period"},"name":"BeValidityPeriod","description":"Begin and enddate of the validity of the request","exampleBoolean":false,"groupingId":"-str-extension"},{"extension":[{"url":"http://hl7.org/fhir/StructureDefinition/implementationguide-page","valueUri":"StructureDefinition-be-model-diagnosticimagingprescription.html"}],"reference":{"reference":"StructureDefinition/be-model-diagnosticimagingprescription"},"name":"BeDiagnosticImagingPrescription","description":"Logical model describing the model for the diagnostic imaging prescription. This draft is used in the HL7 Belgian workgroup for referral.","exampleBoolean":false,"groupingId":"-str-logicalmodel"},{"extension":[{"url":"http://hl7.org/fhir/StructureDefinition/implementationguide-page","valueUri":"StructureDefinition-be-model-laboratoryprescription.html"}],"reference":{"reference":"StructureDefinition/be-model-laboratoryprescription"},"name":"BeLaboratoryPrescription","description":"Logical model describing the model for the prescription laboratory. This draft is used in the HL7 Belgian workgroup for laboratory.","exampleBoolean":false,"groupingId":"-str-logicalmodel"},{"extension":[{"url":"http://hl7.org/fhir/StructureDefinition/implementationguide-page","valueUri":"StructureDefinition-be-model-nursingprescription.html"}],"reference":{"reference":"StructureDefinition/be-model-nursingprescription"},"name":"BeModelNursingPrescription","exampleBoolean":false,"groupingId":"-str-logicalmodel"},{"extension":[{"url":"http://hl7.org/fhir/StructureDefinition/implementationguide-page","valueUri":"StructureDefinition-be-model-referralprescription.html"}],"reference":{"reference":"StructureDefinition/be-model-referralprescription"},"name":"BeModelReferralPrescription","description":"Logical model describing the model for the prescription referral. This draft is used in the HL7 Belgian workgroup for referral.","exampleBoolean":false,"groupingId":"-str-logicalmodel"},{"extension":[{"url":"http://hl7.org/fhir/StructureDefinition/implementationguide-page","valueUri":"StructureDefinition-be-model-physiotherapyprescription.html"}],"reference":{"reference":"StructureDefinition/be-model-physiotherapyprescription"},"name":"BePhysiotherapyPrescription","exampleBoolean":false,"groupingId":"-str-logicalmodel"},{"extension":[{"url":"http://hl7.org/fhir/StructureDefinition/implementationguide-page","valueUri":"ValueSet-be-vs-co-prescription-status.html"}],"reference":{"reference":"ValueSet/be-vs-co-prescription-status"},"name":"BeCoPrescriptionStatus","description":"This is the status of the prescription for the coprescriber","exampleBoolean":false,"groupingId":"-term-valueset"},{"extension":[{"url":"http://hl7.org/fhir/StructureDefinition/implementationguide-page","valueUri":"ValueSet-be-vs-communication-method.html"}],"reference":{"reference":"ValueSet/be-vs-communication-method"},"name":"BeCommunicationMethod","description":"Codes to define a communication method.","exampleBoolean":false,"groupingId":"-term-valueset"},{"extension":[{"url":"http://hl7.org/fhir/StructureDefinition/implementationguide-page","valueUri":"ValueSet-be-vs-contrastfluid-use.html"}],"reference":{"reference":"ValueSet/be-vs-contrastfluid-use"},"name":"BeContrastFluidUse","description":"Codes to define the use of contrast fluid.","exampleBoolean":false,"groupingId":"-term-valueset"},{"extension":[{"url":"http://hl7.org/fhir/StructureDefinition/implementationguide-page","valueUri":"ValueSet-be-vs-type-of-nursing.html"}],"reference":{"reference":"ValueSet/be-vs-type-of-nursing"},"name":"BeNursingType","description":"Codes to define a type of nursing.","exampleBoolean":false,"groupingId":"-term-valueset"},{"extension":[{"url":"http://hl7.org/fhir/StructureDefinition/implementationguide-page","valueUri":"ValueSet-be-vs-prescription-status-reason.html"}],"reference":{"reference":"ValueSet/be-vs-prescription-status-reason"},"name":"BeVSPrescriptionStatusReason","description":"This is the status reason of the prescription","exampleBoolean":false,"groupingId":"-term-valueset"},{"extension":[{"url":"http://hl7.org/fhir/StructureDefinition/implementationguide-page","valueUri":"ValueSet-be-vs-treatment-status-reason.html"}],"reference":{"reference":"ValueSet/be-vs-treatment-status-reason"},"name":"BeVSTreatmentStatusReason","description":"Codes to explain the current status of a treatment in a referral prescription.","exampleBoolean":false,"groupingId":"-term-valueset"},{"extension":[{"url":"http://hl7.org/fhir/StructureDefinition/implementationguide-page","valueUri":"ValueSet-be-vs-co-prescriber-choice.html"}],"reference":{"reference":"ValueSet/be-vs-co-prescriber-choice"},"name":"BeVsCoPrescriberChoice","exampleBoolean":false,"groupingId":"-term-valueset"},{"extension":[{"url":"http://hl7.org/fhir/StructureDefinition/implementationguide-page","valueUri":"ValueSet-be-vs-proposal-type.html"}],"reference":{"reference":"ValueSet/be-vs-proposal-type"},"name":"BeVsProposalType","exampleBoolean":false,"groupingId":"-term-valueset"},{"extension":[{"url":"http://hl7.org/fhir/StructureDefinition/implementationguide-page","valueUri":"CodeSystem-be-cs-co-prescriber-choice.html"}],"reference":{"reference":"CodeSystem/be-cs-co-prescriber-choice"},"name":"BeCSCoPrescriberChoice","description":"Type of intended performer choice","exampleBoolean":false,"groupingId":"-term-codesystem"},{"extension":[{"url":"http://hl7.org/fhir/StructureDefinition/implementationguide-page","valueUri":"CodeSystem-be-communication-code.html"}],"reference":{"reference":"CodeSystem/be-communication-code"},"name":"BeCommunicationCode","description":"Communication codes in Belgium. To define a specific method of communicating. Initially defined as supporting CodeSystem for the referral prescription.","exampleBoolean":false,"groupingId":"-term-codesystem"},{"extension":[{"url":"http://hl7.org/fhir/StructureDefinition/implementationguide-page","valueUri":"CodeSystem-be-vs-contrastfluid-use.html"}],"reference":{"reference":"CodeSystem/be-vs-contrastfluid-use"},"name":"BeContrastFluidUse","description":"Whether use of contrast fluid should be considered.","exampleBoolean":false,"groupingId":"-term-codesystem"},{"extension":[{"url":"http://hl7.org/fhir/StructureDefinition/implementationguide-page","valueUri":"CodeSystem-be-cs-nursing-code.html"}],"reference":{"reference":"CodeSystem/be-cs-nursing-code"},"name":"BeNursingCode","description":"Nursing codes in Belgium. To define a high level in nursing activities. Initially defined as supporting CodeSystem for the referral prescription.","exampleBoolean":false,"groupingId":"-term-codesystem"},{"extension":[{"url":"http://hl7.org/fhir/StructureDefinition/implementationguide-page","valueUri":"CodeSystem-be-cs-nursing-code-compressiontherapy.html"}],"reference":{"reference":"CodeSystem/be-cs-nursing-code-compressiontherapy"},"name":"BeNursingCodeCompressiontherapy","description":"Nursing codes in Belgium. To define details in nursing activities for compression therapy. Initially defined as supporting CodeSystem for the referral prescription.","exampleBoolean":false,"groupingId":"-term-codesystem"},{"extension":[{"url":"http://hl7.org/fhir/StructureDefinition/implementationguide-page","valueUri":"CodeSystem-be-prescription-proposal-type.html"}],"reference":{"reference":"CodeSystem/be-prescription-proposal-type"},"name":"BePrescriptionProposalType","description":"Prescription Proposal Type. Indicates the type of proposal (new or prolongation) as from the uses cases by NIHDI","exampleBoolean":false,"groupingId":"-term-codesystem"},{"extension":[{"url":"http://hl7.org/fhir/StructureDefinition/implementationguide-page","valueUri":"CodeSystem-be-prescriptionstatus-reason.html"}],"reference":{"reference":"CodeSystem/be-prescriptionstatus-reason"},"name":"BePrescriptionStatusReason","description":"Status reason for the prescription. Initially defined as supporting CodeSystem for the referral prescription.","exampleBoolean":false,"groupingId":"-term-codesystem"},{"extension":[{"url":"http://hl7.org/fhir/StructureDefinition/implementationguide-page","valueUri":"CodeSystem-be-treatment-status-reason.html"}],"reference":{"reference":"CodeSystem/be-treatment-status-reason"},"name":"BeTreatmentStatusReason","description":"Status reason for the treatment. Initially defined as supporting CodeSystem for the referral prescription.","exampleBoolean":false,"groupingId":"-term-codesystem"},{"extension":[{"url":"http://hl7.org/fhir/StructureDefinition/implementationguide-page","valueUri":"Practitioner-Performer1.html"}],"reference":{"reference":"Practitioner/Performer1"},"name":"Performer1","exampleBoolean":true,"groupingId":"-ex-example"},{"extension":[{"url":"http://hl7.org/fhir/StructureDefinition/implementationguide-page","valueUri":"NamingSystem-be-ns-coronalertcode.html"}],"reference":{"reference":"NamingSystem/be-ns-coronalertcode"},"name":"BeNSCoronalertcode","description":"Code as generated by the Coronalert app.","exampleBoolean":false,"groupingId":"-term-namingsystem"},{"extension":[{"url":"http://hl7.org/fhir/StructureDefinition/implementationguide-page","valueUri":"NamingSystem-be-ns-specimen.html"}],"reference":{"reference":"NamingSystem/be-ns-specimen"},"name":"BeNSSpecimen","description":"National identifier for a specimen when needed.","exampleBoolean":false,"groupingId":"-term-namingsystem"},{"extension":[{"url":"http://hl7.org/fhir/StructureDefinition/implementationguide-page","valueUri":"NamingSystem-be-ns-uhmep.html"}],"reference":{"reference":"NamingSystem/be-ns-uhmep"},"name":"BeUnadressedHealthMessageExchangePlatform","description":"UHMEP naming system","exampleBoolean":false,"groupingId":"-term-namingsystem"},{"extension":[{"url":"http://hl7.org/fhir/StructureDefinition/implementationguide-page","valueUri":"OperationDefinition-be-op-cancel.html"}],"reference":{"reference":"OperationDefinition/be-op-cancel"},"name":"be-op-cancel","description":"Cancel Referral Prescription or Proposal","exampleBoolean":false,"groupingId":"-dyn-operationdefinition"},{"extension":[{"url":"http://hl7.org/fhir/StructureDefinition/implementationguide-page","valueUri":"ValueSet-be-vs-referral-category.html"}],"reference":{"reference":"ValueSet/be-vs-referral-category"},"name":"BeReferralCategory","description":"Codes to define the high level category for a referral prescription. SNOMED-CT codes in this valueset are just a draft proposal to give a general idea - pending an official valueset.","exampleBoolean":false,"groupingId":"-term-valueset"},{"extension":[{"url":"http://hl7.org/fhir/StructureDefinition/implementationguide-page","valueUri":"Condition-condition1.html"}],"reference":{"reference":"Condition/condition1"},"name":"condition1","exampleBoolean":true,"groupingId":"-ex-example"},{"extension":[{"url":"http://hl7.org/fhir/StructureDefinition/implementationguide-page","valueUri":"ServiceRequest-diagnostic-imaging-basic-example-concreteWithDetails.html"}],"reference":{"reference":"ServiceRequest/diagnostic-imaging-basic-example-concreteWithDetails"},"name":"diagnostic-imaging-basic-example-concreteWithDetails","exampleCanonical":"https://www.ehealth.fgov.be/standards/fhir/referral/StructureDefinition/be-referralprescription-diagnosticimaging","groupingId":"-ex-example"},{"extension":[{"url":"http://hl7.org/fhir/StructureDefinition/implementationguide-page","valueUri":"ServiceRequest-diagnostic-imaging-basic-example-concreteWithText.html"}],"reference":{"reference":"ServiceRequest/diagnostic-imaging-basic-example-concreteWithText"},"name":"diagnostic-imaging-basic-example-concreteWithText","exampleCanonical":"https://www.ehealth.fgov.be/standards/fhir/referral/StructureDefinition/be-referralprescription-diagnosticimaging","groupingId":"-ex-example"},{"extension":[{"url":"http://hl7.org/fhir/StructureDefinition/implementationguide-page","valueUri":"ServiceRequest-diagnostic-imaging-basic-example-everything-contained.html"}],"reference":{"reference":"ServiceRequest/diagnostic-imaging-basic-example-everything-contained"},"name":"diagnostic-imaging-basic-example-everything-contained","exampleCanonical":"https://www.ehealth.fgov.be/standards/fhir/referral/StructureDefinition/be-referralprescription-diagnosticimaging","groupingId":"-ex-example"},{"extension":[{"url":"http://hl7.org/fhir/StructureDefinition/implementationguide-page","valueUri":"ServiceRequest-diagnostic-imaging-basic-example-useOfModality.html"}],"reference":{"reference":"ServiceRequest/diagnostic-imaging-basic-example-useOfModality"},"name":"diagnostic-imaging-basic-example-useOfModality","exampleCanonical":"https://www.ehealth.fgov.be/standards/fhir/referral/StructureDefinition/be-referralprescription-diagnosticimaging","groupingId":"-ex-example"},{"extension":[{"url":"http://hl7.org/fhir/StructureDefinition/implementationguide-page","valueUri":"ServiceRequest-example01-care02-colon-cleansing.html"}],"reference":{"reference":"ServiceRequest/example01-care02-colon-cleansing"},"name":"example01-care02-colon-cleansing","exampleCanonical":"https://www.ehealth.fgov.be/standards/fhir/referral/StructureDefinition/be-referralprescription-nursing","groupingId":"-ex-example"},{"extension":[{"url":"http://hl7.org/fhir/StructureDefinition/implementationguide-page","valueUri":"MedicationRequest-example01-care03-referralprescription-nursing-medication.html"}],"reference":{"reference":"MedicationRequest/example01-care03-referralprescription-nursing-medication"},"name":"example01-care03-referralprescription-nursing-medication","exampleCanonical":"https://www.ehealth.fgov.be/standards/fhir/referral/StructureDefinition/be-referralprescription-nursing-gen-medication","groupingId":"-ex-example"},{"extension":[{"url":"http://hl7.org/fhir/StructureDefinition/implementationguide-page","valueUri":"ServiceRequest-example02-referralprescription-nursing-digestive-system-care.html"}],"reference":{"reference":"ServiceRequest/example02-referralprescription-nursing-digestive-system-care"},"name":"example02-referralprescription-nursing-digestive-system-care","exampleCanonical":"https://www.ehealth.fgov.be/standards/fhir/referral/StructureDefinition/be-referralprescription-nursing","groupingId":"-ex-example"},{"extension":[{"url":"http://hl7.org/fhir/StructureDefinition/implementationguide-page","valueUri":"ServiceRequest-example03-referralprescription-nursing-compressiontherapy.html"}],"reference":{"reference":"ServiceRequest/example03-referralprescription-nursing-compressiontherapy"},"name":"example03-referralprescription-nursing-compressiontherapy","exampleCanonical":"https://www.ehealth.fgov.be/standards/fhir/referral/StructureDefinition/be-referralprescription-nursing","groupingId":"-ex-example"},{"extension":[{"url":"http://hl7.org/fhir/StructureDefinition/implementationguide-page","valueUri":"ServiceRequest-example04-referralprescription-nursing-bladder-care.html"}],"reference":{"reference":"ServiceRequest/example04-referralprescription-nursing-bladder-care"},"name":"example04-referralprescription-nursing-bladder-care","exampleCanonical":"https://www.ehealth.fgov.be/standards/fhir/referral/StructureDefinition/be-referralprescription-nursing","groupingId":"-ex-example"},{"extension":[{"url":"http://hl7.org/fhir/StructureDefinition/implementationguide-page","valueUri":"ServiceRequest-example05-referralprescription-nursing-digestive-system-care.html"}],"reference":{"reference":"ServiceRequest/example05-referralprescription-nursing-digestive-system-care"},"name":"example05-referralprescription-nursing-digestive-system-care","exampleCanonical":"https://www.ehealth.fgov.be/standards/fhir/referral/StructureDefinition/be-referralprescription-nursing","groupingId":"-ex-example"},{"extension":[{"url":"http://hl7.org/fhir/StructureDefinition/implementationguide-page","valueUri":"ServiceRequest-example06-referralprescription-nursing-compression-therapy.html"}],"reference":{"reference":"ServiceRequest/example06-referralprescription-nursing-compression-therapy"},"name":"example06-referralprescription-nursing-compression-therapy","exampleCanonical":"https://www.ehealth.fgov.be/standards/fhir/referral/StructureDefinition/be-referralprescription-nursing","groupingId":"-ex-example"},{"extension":[{"url":"http://hl7.org/fhir/StructureDefinition/implementationguide-page","valueUri":"MedicationRequest-example07-referralprescription-nursing-medication.html"}],"reference":{"reference":"MedicationRequest/example07-referralprescription-nursing-medication"},"name":"example07-referralprescription-nursing-medication","exampleCanonical":"https://www.ehealth.fgov.be/standards/fhir/referral/StructureDefinition/be-referralprescription-nursing-gen-medication","groupingId":"-ex-example"},{"extension":[{"url":"http://hl7.org/fhir/StructureDefinition/implementationguide-page","valueUri":"MedicationRequest-example08-referralprescription-nursing-medication.html"}],"reference":{"reference":"MedicationRequest/example08-referralprescription-nursing-medication"},"name":"example08-referralprescription-nursing-medication","exampleCanonical":"https://www.ehealth.fgov.be/standards/fhir/referral/StructureDefinition/be-referralprescription-nursing-gen-medication","groupingId":"-ex-example"},{"extension":[{"url":"http://hl7.org/fhir/StructureDefinition/implementationguide-page","valueUri":"ServiceRequest-example09-referralprescription-nursing-woundcare.html"}],"reference":{"reference":"ServiceRequest/example09-referralprescription-nursing-woundcare"},"name":"example09-referralprescription-nursing-woundcare","exampleCanonical":"https://www.ehealth.fgov.be/standards/fhir/referral/StructureDefinition/be-referralprescription-nursing","groupingId":"-ex-example"},{"extension":[{"url":"http://hl7.org/fhir/StructureDefinition/implementationguide-page","valueUri":"MedicationRequest-example10-referralprescription-nursing-medication.html"}],"reference":{"reference":"MedicationRequest/example10-referralprescription-nursing-medication"},"name":"example10-referralprescription-nursing-medication","exampleCanonical":"https://www.ehealth.fgov.be/standards/fhir/referral/StructureDefinition/be-referralprescription-nursing-gen-medication","groupingId":"-ex-example"},{"extension":[{"url":"http://hl7.org/fhir/StructureDefinition/implementationguide-page","valueUri":"ServiceRequest-example12-referralprescription-nursing-annex81.html"}],"reference":{"reference":"ServiceRequest/example12-referralprescription-nursing-annex81"},"name":"example12-referralprescription-nursing-annex81","exampleCanonical":"https://www.ehealth.fgov.be/standards/fhir/referral/StructureDefinition/be-referralprescription-nursing","groupingId":"-ex-example"},{"extension":[{"url":"http://hl7.org/fhir/StructureDefinition/implementationguide-page","valueUri":"MedicationRequest-example13-referralprescription-nursing-medication.html"}],"reference":{"reference":"MedicationRequest/example13-referralprescription-nursing-medication"},"name":"example13-referralprescription-nursing-medication","exampleCanonical":"https://www.ehealth.fgov.be/standards/fhir/referral/StructureDefinition/be-referralprescription-nursing-gen-medication","groupingId":"-ex-example"},{"extension":[{"url":"http://hl7.org/fhir/StructureDefinition/implementationguide-page","valueUri":"ServiceRequest-example16-referralprescription-nursing-bladder-care.html"}],"reference":{"reference":"ServiceRequest/example16-referralprescription-nursing-bladder-care"},"name":"example16-referralprescription-nursing-bladder-care","exampleCanonical":"https://www.ehealth.fgov.be/standards/fhir/referral/StructureDefinition/be-referralprescription-nursing","groupingId":"-ex-example"},{"extension":[{"url":"http://hl7.org/fhir/StructureDefinition/implementationguide-page","valueUri":"MedicationRequest-example17-referralprescription-nursing-medication.html"}],"reference":{"reference":"MedicationRequest/example17-referralprescription-nursing-medication"},"name":"example17-referralprescription-nursing-medication","exampleCanonical":"https://www.ehealth.fgov.be/standards/fhir/referral/StructureDefinition/be-referralprescription-nursing-gen-medication","groupingId":"-ex-example"},{"extension":[{"url":"http://hl7.org/fhir/StructureDefinition/implementationguide-page","valueUri":"MedicationRequest-example19-referralprescription-nursing-medication.html"}],"reference":{"reference":"MedicationRequest/example19-referralprescription-nursing-medication"},"name":"example19-referralprescription-nursing-medication","exampleCanonical":"https://www.ehealth.fgov.be/standards/fhir/referral/StructureDefinition/be-referralprescription-nursing-gen-medication","groupingId":"-ex-example"},{"extension":[{"url":"http://hl7.org/fhir/StructureDefinition/implementationguide-page","valueUri":"MedicationRequest-example20-referralprescription-nursing-medication.html"}],"reference":{"reference":"MedicationRequest/example20-referralprescription-nursing-medication"},"name":"example20-referralprescription-nursing-medication","exampleCanonical":"https://www.ehealth.fgov.be/standards/fhir/referral/StructureDefinition/be-referralprescription-nursing-gen-medication","groupingId":"-ex-example"},{"extension":[{"url":"http://hl7.org/fhir/StructureDefinition/implementationguide-page","valueUri":"MedicationRequest-example22-referralprescription-nursing-medication.html"}],"reference":{"reference":"MedicationRequest/example22-referralprescription-nursing-medication"},"name":"example22-referralprescription-nursing-medication","exampleCanonical":"https://www.ehealth.fgov.be/standards/fhir/referral/StructureDefinition/be-referralprescription-nursing-gen-medication","groupingId":"-ex-example"},{"extension":[{"url":"http://hl7.org/fhir/StructureDefinition/implementationguide-page","valueUri":"MedicationRequest-example23-referralprescription-nursing-medication.html"}],"reference":{"reference":"MedicationRequest/example23-referralprescription-nursing-medication"},"name":"example23-referralprescription-nursing-medication","exampleCanonical":"https://www.ehealth.fgov.be/standards/fhir/referral/StructureDefinition/be-referralprescription-nursing-gen-medication","groupingId":"-ex-example"},{"extension":[{"url":"http://hl7.org/fhir/StructureDefinition/implementationguide-page","valueUri":"ServiceRequest-example24-referralprescription-nursing-non-reimbursable.html"}],"reference":{"reference":"ServiceRequest/example24-referralprescription-nursing-non-reimbursable"},"name":"example24-referralprescription-nursing-non-reimbursable","exampleCanonical":"https://www.ehealth.fgov.be/standards/fhir/referral/StructureDefinition/be-referralprescription-nursing","groupingId":"-ex-example"},{"extension":[{"url":"http://hl7.org/fhir/StructureDefinition/implementationguide-page","valueUri":"ServiceRequest-example26-referralprescription-nursing-other.html"}],"reference":{"reference":"ServiceRequest/example26-referralprescription-nursing-other"},"name":"example26-referralprescription-nursing-other","exampleCanonical":"https://www.ehealth.fgov.be/standards/fhir/referral/StructureDefinition/be-referralprescription-nursing","groupingId":"-ex-example"},{"extension":[{"url":"http://hl7.org/fhir/StructureDefinition/implementationguide-page","valueUri":"MedicationRequest-example30-referralprescription-nursing-woundcare.html"}],"reference":{"reference":"MedicationRequest/example30-referralprescription-nursing-woundcare"},"name":"example30-referralprescription-nursing-woundcare","exampleCanonical":"https://www.ehealth.fgov.be/standards/fhir/referral/StructureDefinition/be-referralprescription-nursing-gen-medication","groupingId":"-ex-example"},{"extension":[{"url":"http://hl7.org/fhir/StructureDefinition/implementationguide-page","valueUri":"MedicationRequest-example31-referralprescription-nursing-medication.html"}],"reference":{"reference":"MedicationRequest/example31-referralprescription-nursing-medication"},"name":"example31-referralprescription-nursing-medication","exampleCanonical":"https://www.ehealth.fgov.be/standards/fhir/referral/StructureDefinition/be-referralprescription-nursing-gen-medication","groupingId":"-ex-example"},{"extension":[{"url":"http://hl7.org/fhir/StructureDefinition/implementationguide-page","valueUri":"ServiceRequest-example32-referralprescription-nursing-chronical-psychiatric.html"}],"reference":{"reference":"ServiceRequest/example32-referralprescription-nursing-chronical-psychiatric"},"name":"example32-referralprescription-nursing-chronical-psychiatric","exampleCanonical":"https://www.ehealth.fgov.be/standards/fhir/referral/StructureDefinition/be-referralprescription-nursing","groupingId":"-ex-example"},{"extension":[{"url":"http://hl7.org/fhir/StructureDefinition/implementationguide-page","valueUri":"CarePlan-gpvisit.html"}],"reference":{"reference":"CarePlan/gpvisit"},"name":"gpvisit","exampleBoolean":true,"groupingId":"-ex-example"},{"extension":[{"url":"http://hl7.org/fhir/StructureDefinition/implementationguide-page","valueUri":"ServiceRequest-laboratory-order-example1.html"}],"reference":{"reference":"ServiceRequest/laboratory-order-example1"},"name":"laboratory-order-example1","exampleCanonical":"https://www.ehealth.fgov.be/standards/fhir/referral/StructureDefinition/be-lab-prescription","groupingId":"-ex-example"},{"extension":[{"url":"http://hl7.org/fhir/StructureDefinition/implementationguide-page","valueUri":"Patient-patient1.html"}],"reference":{"reference":"Patient/patient1"},"name":"patient1","exampleBoolean":true,"groupingId":"-ex-example"},{"extension":[{"url":"http://hl7.org/fhir/StructureDefinition/implementationguide-page","valueUri":"Task-performer-task.html"}],"reference":{"reference":"Task/performer-task"},"name":"performer-task","exampleCanonical":"https://www.ehealth.fgov.be/standards/fhir/referral/StructureDefinition/be-performer-task","groupingId":"-ex-example"},{"extension":[{"url":"http://hl7.org/fhir/StructureDefinition/implementationguide-page","valueUri":"Practitioner-practitioner1.html"}],"reference":{"reference":"Practitioner/practitioner1"},"name":"practitioner1","exampleBoolean":true,"groupingId":"-ex-example"},{"extension":[{"url":"http://hl7.org/fhir/StructureDefinition/implementationguide-page","valueUri":"Practitioner-practitioner2.html"}],"reference":{"reference":"Practitioner/practitioner2"},"name":"practitioner2","exampleBoolean":true,"groupingId":"-ex-example"},{"extension":[{"url":"http://hl7.org/fhir/StructureDefinition/implementationguide-page","valueUri":"PractitionerRole-practitionerrole1.html"}],"reference":{"reference":"PractitionerRole/practitionerrole1"},"name":"practitionerrole1","exampleBoolean":true,"groupingId":"-ex-example"},{"extension":[{"url":"http://hl7.org/fhir/StructureDefinition/implementationguide-page","valueUri":"Task-referral-task.html"}],"reference":{"reference":"Task/referral-task"},"name":"referral-task","exampleCanonical":"https://www.ehealth.fgov.be/standards/fhir/referral/StructureDefinition/be-referral-task","groupingId":"-ex-example"},{"extension":[{"url":"http://hl7.org/fhir/StructureDefinition/implementationguide-page","valueUri":"ServiceRequest-referralprescription-nursing-example2-digestive-system-care.html"}],"reference":{"reference":"ServiceRequest/referralprescription-nursing-example2-digestive-system-care"},"name":"referralprescription-nursing-example2-digestive-system-care","exampleCanonical":"https://www.ehealth.fgov.be/standards/fhir/referral/StructureDefinition/be-referralprescription-nursing","groupingId":"-ex-example"},{"extension":[{"url":"http://hl7.org/fhir/StructureDefinition/implementationguide-page","valueUri":"ServiceRequest-referralprescription-nursing-example3-compression-therapy.html"}],"reference":{"reference":"ServiceRequest/referralprescription-nursing-example3-compression-therapy"},"name":"referralprescription-nursing-example3-compression-therapy","exampleCanonical":"https://www.ehealth.fgov.be/standards/fhir/referral/StructureDefinition/be-referralprescription-nursing","groupingId":"-ex-example"},{"extension":[{"url":"http://hl7.org/fhir/StructureDefinition/implementationguide-page","valueUri":"ServiceRequest-referralprescription-nursing-example5-digestive-system-care.html"}],"reference":{"reference":"ServiceRequest/referralprescription-nursing-example5-digestive-system-care"},"name":"referralprescription-nursing-example5-digestive-system-care","exampleCanonical":"https://www.ehealth.fgov.be/standards/fhir/referral/StructureDefinition/be-referralprescription-nursing","groupingId":"-ex-example"},{"extension":[{"url":"http://hl7.org/fhir/StructureDefinition/implementationguide-page","valueUri":"ServiceRequest-referralprescription-nursing-example6-compression-therapy.html"}],"reference":{"reference":"ServiceRequest/referralprescription-nursing-example6-compression-therapy"},"name":"referralprescription-nursing-example6-compression-therapy","exampleCanonical":"https://www.ehealth.fgov.be/standards/fhir/referral/StructureDefinition/be-referralprescription-nursing","groupingId":"-ex-example"}],"page":{"extension":[{"url":"http://hl7.org/fhir/tools/StructureDefinition/ig-page-name","valueUrl":"toc.html"}],"nameUrl":"toc.html","title":"Table of Contents","generation":"html","page":[{"extension":[{"url":"http://hl7.org/fhir/tools/StructureDefinition/ig-page-name","valueUrl":"index.html"}],"nameUrl":"index.html","title":"Home","generation":"html"},{"extension":[{"url":"http://hl7.org/fhir/tools/StructureDefinition/ig-page-name","valueUrl":"downloads.html"}],"nameUrl":"downloads.html","title":"Downloads","generation":"markdown"},{"extension":[{"url":"http://hl7.org/fhir/tools/StructureDefinition/ig-page-name","valueUrl":"guidance.html"}],"nameUrl":"guidance.html","title":"Guidance","generation":"html"},{"extension":[{"url":"http://hl7.org/fhir/tools/StructureDefinition/ig-page-name","valueUrl":"howto.html"}],"nameUrl":"howto.html","title":"Howto","generation":"markdown"},{"extension":[{"url":"http://hl7.org/fhir/tools/StructureDefinition/ig-page-name","valueUrl":"logical-models.html"}],"nameUrl":"logical-models.html","title":"Logical Models","generation":"markdown"},{"extension":[{"url":"http://hl7.org/fhir/tools/StructureDefinition/ig-page-name","valueUrl":"openapi.html"}],"nameUrl":"openapi.html","title":"Openapi","generation":"markdown"},{"extension":[{"url":"http://hl7.org/fhir/tools/StructureDefinition/ig-page-name","valueUrl":"privacy.html"}],"nameUrl":"privacy.html","title":"Privacy","generation":"markdown"},{"extension":[{"url":"http://hl7.org/fhir/tools/StructureDefinition/ig-page-name","valueUrl":"security.html"}],"nameUrl":"security.html","title":"Security","generation":"markdown"},{"extension":[{"url":"http://hl7.org/fhir/tools/StructureDefinition/ig-page-name","valueUrl":"standardsstatus.html"}],"nameUrl":"standardsstatus.html","title":"Standardsstatus","generation":"markdown"},{"extension":[{"url":"http://hl7.org/fhir/tools/StructureDefinition/ig-page-name","valueUrl":"terminology.html"}],"nameUrl":"terminology.html","title":"Terminology","generation":"markdown"},{"extension":[{"url":"http://hl7.org/fhir/tools/StructureDefinition/ig-page-name","valueUrl":"testdata.html"}],"nameUrl":"testdata.html","title":"Testdata","generation":"markdown"},{"extension":[{"url":"http://hl7.org/fhir/tools/StructureDefinition/ig-page-name","valueUrl":"testservers.html"}],"nameUrl":"testservers.html","title":"Testservers","generation":"markdown"},{"extension":[{"url":"http://hl7.org/fhir/tools/StructureDefinition/ig-page-name","valueUrl":"usecases.html"}],"nameUrl":"usecases.html","title":"Usecases","generation":"markdown"},{"extension":[{"url":"http://hl7.org/fhir/tools/StructureDefinition/ig-page-name","valueUrl":"artifacts.html"}],"nameUrl":"artifacts.html","title":"Artifacts Summary","generation":"html","page":[{"extension":[{"url":"http://hl7.org/fhir/tools/StructureDefinition/ig-page-name","valueUrl":"OperationDefinition-be-op-cancel.html"}],"nameUrl":"OperationDefinition-be-op-cancel.html","title":"be-op-cancel","generation":"generated"},{"extension":[{"url":"http://hl7.org/fhir/tools/StructureDefinition/ig-page-name","valueUrl":"StructureDefinition-be-model-diagnosticimagingprescription.html"}],"nameUrl":"StructureDefinition-be-model-diagnosticimagingprescription.html","title":"BeDiagnosticImagingPrescription","generation":"generated"},{"extension":[{"url":"http://hl7.org/fhir/tools/StructureDefinition/ig-page-name","valueUrl":"StructureDefinition-be-model-laboratoryprescription.html"}],"nameUrl":"StructureDefinition-be-model-laboratoryprescription.html","title":"BeLaboratoryPrescription","generation":"generated"},{"extension":[{"url":"http://hl7.org/fhir/tools/StructureDefinition/ig-page-name","valueUrl":"StructureDefinition-be-model-nursingprescription.html"}],"nameUrl":"StructureDefinition-be-model-nursingprescription.html","title":"BeModelNursingPrescription","generation":"generated"},{"extension":[{"url":"http://hl7.org/fhir/tools/StructureDefinition/ig-page-name","valueUrl":"StructureDefinition-be-model-referralprescription.html"}],"nameUrl":"StructureDefinition-be-model-referralprescription.html","title":"BeModelReferralPrescription","generation":"generated"},{"extension":[{"url":"http://hl7.org/fhir/tools/StructureDefinition/ig-page-name","valueUrl":"StructureDefinition-be-model-physiotherapyprescription.html"}],"nameUrl":"StructureDefinition-be-model-physiotherapyprescription.html","title":"BePhysiotherapyPrescription","generation":"generated"},{"extension":[{"url":"http://hl7.org/fhir/tools/StructureDefinition/ig-page-name","valueUrl":"StructureDefinition-be-lab-prescription.html"}],"nameUrl":"StructureDefinition-be-lab-prescription.html","title":"BeLabPrescription","generation":"generated"},{"extension":[{"url":"http://hl7.org/fhir/tools/StructureDefinition/ig-page-name","valueUrl":"StructureDefinition-be-performer-task.html"}],"nameUrl":"StructureDefinition-be-performer-task.html","title":"BePerformerTask","generation":"generated"},{"extension":[{"url":"http://hl7.org/fhir/tools/StructureDefinition/ig-page-name","valueUrl":"StructureDefinition-be-referralprescription.html"}],"nameUrl":"StructureDefinition-be-referralprescription.html","title":"BeReferralPrescription","generation":"generated"},{"extension":[{"url":"http://hl7.org/fhir/tools/StructureDefinition/ig-page-name","valueUrl":"StructureDefinition-be-referralprescription-diagnosticimaging.html"}],"nameUrl":"StructureDefinition-be-referralprescription-diagnosticimaging.html","title":"BeReferralPrescriptionDiagnosticImaging","generation":"generated"},{"extension":[{"url":"http://hl7.org/fhir/tools/StructureDefinition/ig-page-name","valueUrl":"StructureDefinition-be-referralprescription-nursing.html"}],"nameUrl":"StructureDefinition-be-referralprescription-nursing.html","title":"BeReferralPrescriptionNursing","generation":"generated"},{"extension":[{"url":"http://hl7.org/fhir/tools/StructureDefinition/ig-page-name","valueUrl":"StructureDefinition-be-referralprescription-nursing-gen-medication.html"}],"nameUrl":"StructureDefinition-be-referralprescription-nursing-gen-medication.html","title":"BeReferralPrescriptionNursingGenMedication","generation":"generated"},{"extension":[{"url":"http://hl7.org/fhir/tools/StructureDefinition/ig-page-name","valueUrl":"StructureDefinition-be-referral-task.html"}],"nameUrl":"StructureDefinition-be-referral-task.html","title":"BeReferralTask","generation":"generated"},{"extension":[{"url":"http://hl7.org/fhir/tools/StructureDefinition/ig-page-name","valueUrl":"StructureDefinition-be-co-prescriber.html"}],"nameUrl":"StructureDefinition-be-co-prescriber.html","title":"BeCoPrescriber","generation":"generated"},{"extension":[{"url":"http://hl7.org/fhir/tools/StructureDefinition/ig-page-name","valueUrl":"StructureDefinition-be-co-prescriber-info.html"}],"nameUrl":"StructureDefinition-be-co-prescriber-info.html","title":"BeCoPrescriberInfo","generation":"generated"},{"extension":[{"url":"http://hl7.org/fhir/tools/StructureDefinition/ig-page-name","valueUrl":"StructureDefinition-be-ext-contraindication.html"}],"nameUrl":"StructureDefinition-be-ext-contraindication.html","title":"BeContraindication","generation":"generated"},{"extension":[{"url":"http://hl7.org/fhir/tools/StructureDefinition/ig-page-name","valueUrl":"StructureDefinition-be-ext-contrastfluiduse.html"}],"nameUrl":"StructureDefinition-be-ext-contrastfluiduse.html","title":"BeContrastFluidUse","generation":"generated"},{"extension":[{"url":"http://hl7.org/fhir/tools/StructureDefinition/ig-page-name","valueUrl":"StructureDefinition-be-ext-execution-period.html"}],"nameUrl":"StructureDefinition-be-ext-execution-period.html","title":"BeExecutionPeriod","generation":"generated"},{"extension":[{"url":"http://hl7.org/fhir/tools/StructureDefinition/ig-page-name","valueUrl":"StructureDefinition-be-ext-feedback-to-prescriber.html"}],"nameUrl":"StructureDefinition-be-ext-feedback-to-prescriber.html","title":"BeFeedbackToPrescriber","generation":"generated"},{"extension":[{"url":"http://hl7.org/fhir/tools/StructureDefinition/ig-page-name","valueUrl":"StructureDefinition-be-ext-inform-party.html"}],"nameUrl":"StructureDefinition-be-ext-inform-party.html","title":"BeInformParty","generation":"generated"},{"extension":[{"url":"http://hl7.org/fhir/tools/StructureDefinition/ig-page-name","valueUrl":"StructureDefinition-be-ext-latest-draft-date.html"}],"nameUrl":"StructureDefinition-be-ext-latest-draft-date.html","title":"BeLatestDraftDate","generation":"generated"},{"extension":[{"url":"http://hl7.org/fhir/tools/StructureDefinition/ig-page-name","valueUrl":"StructureDefinition-be-ext-latest-end-date.html"}],"nameUrl":"StructureDefinition-be-ext-latest-end-date.html","title":"BeLatestEndDate","generation":"generated"},{"extension":[{"url":"http://hl7.org/fhir/tools/StructureDefinition/ig-page-name","valueUrl":"StructureDefinition-be-ext-pss-info.html"}],"nameUrl":"StructureDefinition-be-ext-pss-info.html","title":"BePSSInfo","generation":"generated"},{"extension":[{"url":"http://hl7.org/fhir/tools/StructureDefinition/ig-page-name","valueUrl":"StructureDefinition-be-ext-Performer-reference.html"}],"nameUrl":"StructureDefinition-be-ext-Performer-reference.html","title":"BePerformerReference","generation":"generated"},{"extension":[{"url":"http://hl7.org/fhir/tools/StructureDefinition/ig-page-name","valueUrl":"StructureDefinition-be-ext-performer-task-reference.html"}],"nameUrl":"StructureDefinition-be-ext-performer-task-reference.html","title":"BePerformerTaskReference","generation":"generated"},{"extension":[{"url":"http://hl7.org/fhir/tools/StructureDefinition/ig-page-name","valueUrl":"StructureDefinition-be-ext-proposal-type.html"}],"nameUrl":"StructureDefinition-be-ext-proposal-type.html","title":"BeProposalType","generation":"generated"},{"extension":[{"url":"http://hl7.org/fhir/tools/StructureDefinition/ig-page-name","valueUrl":"StructureDefinition-be-ext-supporting-info.html"}],"nameUrl":"StructureDefinition-be-ext-supporting-info.html","title":"BeSupportingInfo","generation":"generated"},{"extension":[{"url":"http://hl7.org/fhir/tools/StructureDefinition/ig-page-name","valueUrl":"StructureDefinition-be-ext-task-reference.html"}],"nameUrl":"StructureDefinition-be-ext-task-reference.html","title":"BeTaskReference","generation":"generated"},{"extension":[{"url":"http://hl7.org/fhir/tools/StructureDefinition/ig-page-name","valueUrl":"StructureDefinition-be-ext-urgent-communication.html"}],"nameUrl":"StructureDefinition-be-ext-urgent-communication.html","title":"BeUrgentCommunication","generation":"generated"},{"extension":[{"url":"http://hl7.org/fhir/tools/StructureDefinition/ig-page-name","valueUrl":"StructureDefinition-be-ext-validity-period.html"}],"nameUrl":"StructureDefinition-be-ext-validity-period.html","title":"BeValidityPeriod","generation":"generated"},{"extension":[{"url":"http://hl7.org/fhir/tools/StructureDefinition/ig-page-name","valueUrl":"ValueSet-be-vs-co-prescription-status.html"}],"nameUrl":"ValueSet-be-vs-co-prescription-status.html","title":"BeCoPrescriptionStatus","generation":"generated"},{"extension":[{"url":"http://hl7.org/fhir/tools/StructureDefinition/ig-page-name","valueUrl":"ValueSet-be-vs-communication-method.html"}],"nameUrl":"ValueSet-be-vs-communication-method.html","title":"BeCommunicationMethod","generation":"generated"},{"extension":[{"url":"http://hl7.org/fhir/tools/StructureDefinition/ig-page-name","valueUrl":"ValueSet-be-vs-contrastfluid-use.html"}],"nameUrl":"ValueSet-be-vs-contrastfluid-use.html","title":"BeContrastFluidUse","generation":"generated"},{"extension":[{"url":"http://hl7.org/fhir/tools/StructureDefinition/ig-page-name","valueUrl":"ValueSet-be-vs-type-of-nursing.html"}],"nameUrl":"ValueSet-be-vs-type-of-nursing.html","title":"BeNursingType","generation":"generated"},{"extension":[{"url":"http://hl7.org/fhir/tools/StructureDefinition/ig-page-name","valueUrl":"ValueSet-be-vs-prescription-status-reason.html"}],"nameUrl":"ValueSet-be-vs-prescription-status-reason.html","title":"BeVSPrescriptionStatusReason","generation":"generated"},{"extension":[{"url":"http://hl7.org/fhir/tools/StructureDefinition/ig-page-name","valueUrl":"ValueSet-be-vs-treatment-status-reason.html"}],"nameUrl":"ValueSet-be-vs-treatment-status-reason.html","title":"BeVSTreatmentStatusReason","generation":"generated"},{"extension":[{"url":"http://hl7.org/fhir/tools/StructureDefinition/ig-page-name","valueUrl":"ValueSet-be-vs-co-prescriber-choice.html"}],"nameUrl":"ValueSet-be-vs-co-prescriber-choice.html","title":"BeVsCoPrescriberChoice","generation":"generated"},{"extension":[{"url":"http://hl7.org/fhir/tools/StructureDefinition/ig-page-name","valueUrl":"ValueSet-be-vs-proposal-type.html"}],"nameUrl":"ValueSet-be-vs-proposal-type.html","title":"BeVsProposalType","generation":"generated"},{"extension":[{"url":"http://hl7.org/fhir/tools/StructureDefinition/ig-page-name","valueUrl":"ValueSet-be-vs-referral-category.html"}],"nameUrl":"ValueSet-be-vs-referral-category.html","title":"BeReferralCategory","generation":"generated"},{"extension":[{"url":"http://hl7.org/fhir/tools/StructureDefinition/ig-page-name","valueUrl":"CodeSystem-be-cs-co-prescriber-choice.html"}],"nameUrl":"CodeSystem-be-cs-co-prescriber-choice.html","title":"BeCSCoPrescriberChoice","generation":"generated"},{"extension":[{"url":"http://hl7.org/fhir/tools/StructureDefinition/ig-page-name","valueUrl":"CodeSystem-be-communication-code.html"}],"nameUrl":"CodeSystem-be-communication-code.html","title":"BeCommunicationCode","generation":"generated"},{"extension":[{"url":"http://hl7.org/fhir/tools/StructureDefinition/ig-page-name","valueUrl":"CodeSystem-be-vs-contrastfluid-use.html"}],"nameUrl":"CodeSystem-be-vs-contrastfluid-use.html","title":"BeContrastFluidUse","generation":"generated"},{"extension":[{"url":"http://hl7.org/fhir/tools/StructureDefinition/ig-page-name","valueUrl":"CodeSystem-be-cs-nursing-code.html"}],"nameUrl":"CodeSystem-be-cs-nursing-code.html","title":"BeNursingCode","generation":"generated"},{"extension":[{"url":"http://hl7.org/fhir/tools/StructureDefinition/ig-page-name","valueUrl":"CodeSystem-be-cs-nursing-code-compressiontherapy.html"}],"nameUrl":"CodeSystem-be-cs-nursing-code-compressiontherapy.html","title":"BeNursingCodeCompressiontherapy","generation":"generated"},{"extension":[{"url":"http://hl7.org/fhir/tools/StructureDefinition/ig-page-name","valueUrl":"CodeSystem-be-prescription-proposal-type.html"}],"nameUrl":"CodeSystem-be-prescription-proposal-type.html","title":"BePrescriptionProposalType","generation":"generated"},{"extension":[{"url":"http://hl7.org/fhir/tools/StructureDefinition/ig-page-name","valueUrl":"CodeSystem-be-prescriptionstatus-reason.html"}],"nameUrl":"CodeSystem-be-prescriptionstatus-reason.html","title":"BePrescriptionStatusReason","generation":"generated"},{"extension":[{"url":"http://hl7.org/fhir/tools/StructureDefinition/ig-page-name","valueUrl":"CodeSystem-be-treatment-status-reason.html"}],"nameUrl":"CodeSystem-be-treatment-status-reason.html","title":"BeTreatmentStatusReason","generation":"generated"},{"extension":[{"url":"http://hl7.org/fhir/tools/StructureDefinition/ig-page-name","valueUrl":"NamingSystem-be-ns-coronalertcode.html"}],"nameUrl":"NamingSystem-be-ns-coronalertcode.html","title":"BeNSCoronalertcode","generation":"generated"},{"extension":[{"url":"http://hl7.org/fhir/tools/StructureDefinition/ig-page-name","valueUrl":"NamingSystem-be-ns-specimen.html"}],"nameUrl":"NamingSystem-be-ns-specimen.html","title":"BeNSSpecimen","generation":"generated"},{"extension":[{"url":"http://hl7.org/fhir/tools/StructureDefinition/ig-page-name","valueUrl":"NamingSystem-be-ns-uhmep.html"}],"nameUrl":"NamingSystem-be-ns-uhmep.html","title":"BeUnadressedHealthMessageExchangePlatform","generation":"generated"},{"extension":[{"url":"http://hl7.org/fhir/tools/StructureDefinition/ig-page-name","valueUrl":"Practitioner-Performer1.html"}],"nameUrl":"Practitioner-Performer1.html","title":"Performer1","generation":"generated"},{"extension":[{"url":"http://hl7.org/fhir/tools/StructureDefinition/ig-page-name","valueUrl":"Condition-condition1.html"}],"nameUrl":"Condition-condition1.html","title":"condition1","generation":"generated"},{"extension":[{"url":"http://hl7.org/fhir/tools/StructureDefinition/ig-page-name","valueUrl":"ServiceRequest-diagnostic-imaging-basic-example-concreteWithDetails.html"}],"nameUrl":"ServiceRequest-diagnostic-imaging-basic-example-concreteWithDetails.html","title":"diagnostic-imaging-basic-example-concreteWithDetails","generation":"generated"},{"extension":[{"url":"http://hl7.org/fhir/tools/StructureDefinition/ig-page-name","valueUrl":"ServiceRequest-diagnostic-imaging-basic-example-concreteWithText.html"}],"nameUrl":"ServiceRequest-diagnostic-imaging-basic-example-concreteWithText.html","title":"diagnostic-imaging-basic-example-concreteWithText","generation":"generated"},{"extension":[{"url":"http://hl7.org/fhir/tools/StructureDefinition/ig-page-name","valueUrl":"ServiceRequest-diagnostic-imaging-basic-example-everything-contained.html"}],"nameUrl":"ServiceRequest-diagnostic-imaging-basic-example-everything-contained.html","title":"diagnostic-imaging-basic-example-everything-contained","generation":"generated"},{"extension":[{"url":"http://hl7.org/fhir/tools/StructureDefinition/ig-page-name","valueUrl":"ServiceRequest-diagnostic-imaging-basic-example-useOfModality.html"}],"nameUrl":"ServiceRequest-diagnostic-imaging-basic-example-useOfModality.html","title":"diagnostic-imaging-basic-example-useOfModality","generation":"generated"},{"extension":[{"url":"http://hl7.org/fhir/tools/StructureDefinition/ig-page-name","valueUrl":"ServiceRequest-example01-care02-colon-cleansing.html"}],"nameUrl":"ServiceRequest-example01-care02-colon-cleansing.html","title":"example01-care02-colon-cleansing","generation":"generated"},{"extension":[{"url":"http://hl7.org/fhir/tools/StructureDefinition/ig-page-name","valueUrl":"MedicationRequest-example01-care03-referralprescription-nursing-medication.html"}],"nameUrl":"MedicationRequest-example01-care03-referralprescription-nursing-medication.html","title":"example01-care03-referralprescription-nursing-medication","generation":"generated"},{"extension":[{"url":"http://hl7.org/fhir/tools/StructureDefinition/ig-page-name","valueUrl":"ServiceRequest-example02-referralprescription-nursing-digestive-system-care.html"}],"nameUrl":"ServiceRequest-example02-referralprescription-nursing-digestive-system-care.html","title":"example02-referralprescription-nursing-digestive-system-care","generation":"generated"},{"extension":[{"url":"http://hl7.org/fhir/tools/StructureDefinition/ig-page-name","valueUrl":"ServiceRequest-example03-referralprescription-nursing-compressiontherapy.html"}],"nameUrl":"ServiceRequest-example03-referralprescription-nursing-compressiontherapy.html","title":"example03-referralprescription-nursing-compressiontherapy","generation":"generated"},{"extension":[{"url":"http://hl7.org/fhir/tools/StructureDefinition/ig-page-name","valueUrl":"ServiceRequest-example04-referralprescription-nursing-bladder-care.html"}],"nameUrl":"ServiceRequest-example04-referralprescription-nursing-bladder-care.html","title":"example04-referralprescription-nursing-bladder-care","generation":"generated"},{"extension":[{"url":"http://hl7.org/fhir/tools/StructureDefinition/ig-page-name","valueUrl":"ServiceRequest-example05-referralprescription-nursing-digestive-system-care.html"}],"nameUrl":"ServiceRequest-example05-referralprescription-nursing-digestive-system-care.html","title":"example05-referralprescription-nursing-digestive-system-care","generation":"generated"},{"extension":[{"url":"http://hl7.org/fhir/tools/StructureDefinition/ig-page-name","valueUrl":"ServiceRequest-example06-referralprescription-nursing-compression-therapy.html"}],"nameUrl":"ServiceRequest-example06-referralprescription-nursing-compression-therapy.html","title":"example06-referralprescription-nursing-compression-therapy","generation":"generated"},{"extension":[{"url":"http://hl7.org/fhir/tools/StructureDefinition/ig-page-name","valueUrl":"MedicationRequest-example07-referralprescription-nursing-medication.html"}],"nameUrl":"MedicationRequest-example07-referralprescription-nursing-medication.html","title":"example07-referralprescription-nursing-medication","generation":"generated"},{"extension":[{"url":"http://hl7.org/fhir/tools/StructureDefinition/ig-page-name","valueUrl":"MedicationRequest-example08-referralprescription-nursing-medication.html"}],"nameUrl":"MedicationRequest-example08-referralprescription-nursing-medication.html","title":"example08-referralprescription-nursing-medication","generation":"generated"},{"extension":[{"url":"http://hl7.org/fhir/tools/StructureDefinition/ig-page-name","valueUrl":"ServiceRequest-example09-referralprescription-nursing-woundcare.html"}],"nameUrl":"ServiceRequest-example09-referralprescription-nursing-woundcare.html","title":"example09-referralprescription-nursing-woundcare","generation":"generated"},{"extension":[{"url":"http://hl7.org/fhir/tools/StructureDefinition/ig-page-name","valueUrl":"MedicationRequest-example10-referralprescription-nursing-medication.html"}],"nameUrl":"MedicationRequest-example10-referralprescription-nursing-medication.html","title":"example10-referralprescription-nursing-medication","generation":"generated"},{"extension":[{"url":"http://hl7.org/fhir/tools/StructureDefinition/ig-page-name","valueUrl":"ServiceRequest-example12-referralprescription-nursing-annex81.html"}],"nameUrl":"ServiceRequest-example12-referralprescription-nursing-annex81.html","title":"example12-referralprescription-nursing-annex81","generation":"generated"},{"extension":[{"url":"http://hl7.org/fhir/tools/StructureDefinition/ig-page-name","valueUrl":"MedicationRequest-example13-referralprescription-nursing-medication.html"}],"nameUrl":"MedicationRequest-example13-referralprescription-nursing-medication.html","title":"example13-referralprescription-nursing-medication","generation":"generated"},{"extension":[{"url":"http://hl7.org/fhir/tools/StructureDefinition/ig-page-name","valueUrl":"ServiceRequest-example16-referralprescription-nursing-bladder-care.html"}],"nameUrl":"ServiceRequest-example16-referralprescription-nursing-bladder-care.html","title":"example16-referralprescription-nursing-bladder-care","generation":"generated"},{"extension":[{"url":"http://hl7.org/fhir/tools/StructureDefinition/ig-page-name","valueUrl":"MedicationRequest-example17-referralprescription-nursing-medication.html"}],"nameUrl":"MedicationRequest-example17-referralprescription-nursing-medication.html","title":"example17-referralprescription-nursing-medication","generation":"generated"},{"extension":[{"url":"http://hl7.org/fhir/tools/StructureDefinition/ig-page-name","valueUrl":"MedicationRequest-example19-referralprescription-nursing-medication.html"}],"nameUrl":"MedicationRequest-example19-referralprescription-nursing-medication.html","title":"example19-referralprescription-nursing-medication","generation":"generated"},{"extension":[{"url":"http://hl7.org/fhir/tools/StructureDefinition/ig-page-name","valueUrl":"MedicationRequest-example20-referralprescription-nursing-medication.html"}],"nameUrl":"MedicationRequest-example20-referralprescription-nursing-medication.html","title":"example20-referralprescription-nursing-medication","generation":"generated"},{"extension":[{"url":"http://hl7.org/fhir/tools/StructureDefinition/ig-page-name","valueUrl":"MedicationRequest-example22-referralprescription-nursing-medication.html"}],"nameUrl":"MedicationRequest-example22-referralprescription-nursing-medication.html","title":"example22-referralprescription-nursing-medication","generation":"generated"},{"extension":[{"url":"http://hl7.org/fhir/tools/StructureDefinition/ig-page-name","valueUrl":"MedicationRequest-example23-referralprescription-nursing-medication.html"}],"nameUrl":"MedicationRequest-example23-referralprescription-nursing-medication.html","title":"example23-referralprescription-nursing-medication","generation":"generated"},{"extension":[{"url":"http://hl7.org/fhir/tools/StructureDefinition/ig-page-name","valueUrl":"ServiceRequest-example24-referralprescription-nursing-non-reimbursable.html"}],"nameUrl":"ServiceRequest-example24-referralprescription-nursing-non-reimbursable.html","title":"example24-referralprescription-nursing-non-reimbursable","generation":"generated"},{"extension":[{"url":"http://hl7.org/fhir/tools/StructureDefinition/ig-page-name","valueUrl":"ServiceRequest-example26-referralprescription-nursing-other.html"}],"nameUrl":"ServiceRequest-example26-referralprescription-nursing-other.html","title":"example26-referralprescription-nursing-other","generation":"generated"},{"extension":[{"url":"http://hl7.org/fhir/tools/StructureDefinition/ig-page-name","valueUrl":"MedicationRequest-example30-referralprescription-nursing-woundcare.html"}],"nameUrl":"MedicationRequest-example30-referralprescription-nursing-woundcare.html","title":"example30-referralprescription-nursing-woundcare","generation":"generated"},{"extension":[{"url":"http://hl7.org/fhir/tools/StructureDefinition/ig-page-name","valueUrl":"MedicationRequest-example31-referralprescription-nursing-medication.html"}],"nameUrl":"MedicationRequest-example31-referralprescription-nursing-medication.html","title":"example31-referralprescription-nursing-medication","generation":"generated"},{"extension":[{"url":"http://hl7.org/fhir/tools/StructureDefinition/ig-page-name","valueUrl":"ServiceRequest-example32-referralprescription-nursing-chronical-psychiatric.html"}],"nameUrl":"ServiceRequest-example32-referralprescription-nursing-chronical-psychiatric.html","title":"example32-referralprescription-nursing-chronical-psychiatric","generation":"generated"},{"extension":[{"url":"http://hl7.org/fhir/tools/StructureDefinition/ig-page-name","valueUrl":"CarePlan-gpvisit.html"}],"nameUrl":"CarePlan-gpvisit.html","title":"gpvisit","generation":"generated"},{"extension":[{"url":"http://hl7.org/fhir/tools/StructureDefinition/ig-page-name","valueUrl":"ServiceRequest-laboratory-order-example1.html"}],"nameUrl":"ServiceRequest-laboratory-order-example1.html","title":"laboratory-order-example1","generation":"generated"},{"extension":[{"url":"http://hl7.org/fhir/tools/StructureDefinition/ig-page-name","valueUrl":"Patient-patient1.html"}],"nameUrl":"Patient-patient1.html","title":"patient1","generation":"generated"},{"extension":[{"url":"http://hl7.org/fhir/tools/StructureDefinition/ig-page-name","valueUrl":"Task-performer-task.html"}],"nameUrl":"Task-performer-task.html","title":"performer-task","generation":"generated"},{"extension":[{"url":"http://hl7.org/fhir/tools/StructureDefinition/ig-page-name","valueUrl":"Practitioner-practitioner1.html"}],"nameUrl":"Practitioner-practitioner1.html","title":"practitioner1","generation":"generated"},{"extension":[{"url":"http://hl7.org/fhir/tools/StructureDefinition/ig-page-name","valueUrl":"Practitioner-practitioner2.html"}],"nameUrl":"Practitioner-practitioner2.html","title":"practitioner2","generation":"generated"},{"extension":[{"url":"http://hl7.org/fhir/tools/StructureDefinition/ig-page-name","valueUrl":"PractitionerRole-practitionerrole1.html"}],"nameUrl":"PractitionerRole-practitionerrole1.html","title":"practitionerrole1","generation":"generated"},{"extension":[{"url":"http://hl7.org/fhir/tools/StructureDefinition/ig-page-name","valueUrl":"Task-referral-task.html"}],"nameUrl":"Task-referral-task.html","title":"referral-task","generation":"generated"},{"extension":[{"url":"http://hl7.org/fhir/tools/StructureDefinition/ig-page-name","valueUrl":"ServiceRequest-referralprescription-nursing-example2-digestive-system-care.html"}],"nameUrl":"ServiceRequest-referralprescription-nursing-example2-digestive-system-care.html","title":"referralprescription-nursing-example2-digestive-system-care","generation":"generated"},{"extension":[{"url":"http://hl7.org/fhir/tools/StructureDefinition/ig-page-name","valueUrl":"ServiceRequest-referralprescription-nursing-example3-compression-therapy.html"}],"nameUrl":"ServiceRequest-referralprescription-nursing-example3-compression-therapy.html","title":"referralprescription-nursing-example3-compression-therapy","generation":"generated"},{"extension":[{"url":"http://hl7.org/fhir/tools/StructureDefinition/ig-page-name","valueUrl":"ServiceRequest-referralprescription-nursing-example5-digestive-system-care.html"}],"nameUrl":"ServiceRequest-referralprescription-nursing-example5-digestive-system-care.html","title":"referralprescription-nursing-example5-digestive-system-care","generation":"generated"},{"extension":[{"url":"http://hl7.org/fhir/tools/StructureDefinition/ig-page-name","valueUrl":"ServiceRequest-referralprescription-nursing-example6-compression-therapy.html"}],"nameUrl":"ServiceRequest-referralprescription-nursing-example6-compression-therapy.html","title":"referralprescription-nursing-example6-compression-therapy","generation":"generated"}]}]},"parameter":[{"code":"path-resource","value":"input/capabilities"},{"code":"path-resource","value":"input/examples"},{"code":"path-resource","value":"input/extensions"},{"code":"path-resource","value":"input/models"},{"code":"path-resource","value":"input/operations"},{"code":"path-resource","value":"input/profiles"},{"code":"path-resource","value":"input/resources"},{"code":"path-resource","value":"input/vocabulary"},{"code":"path-resource","value":"input/maps"},{"code":"path-resource","value":"input/testing"},{"code":"path-resource","value":"input/history"},{"code":"path-resource","value":"fsh-generated/resources"},{"code":"path-pages","value":"template/config"},{"code":"path-pages","value":"input/images"},{"code":"path-tx-cache","value":"input-cache/txcache"}]}}