{"resourceType":"ImplementationGuide","id":"hl7.country.fhir.ig","text":{"status":"extensions","div":"<div xmlns=\"http://www.w3.org/1999/xhtml\"><h2>AffiliateIG</h2><p>The official URL for this implementation guide is: </p><pre>http://hl7.country.org/fhir/ig/ImplementationGuide/hl7.country.fhir.ig</pre><div><p>A barebones ImplementationGuide for HL7 Affiliates</p>\n</div></div>"},"url":"http://hl7.country.org/fhir/ig/ImplementationGuide/hl7.country.fhir.ig","version":"0.2.0","name":"AffiliateIG","title":"HL7 BE Referral Prescription WG Implementation Guide (work in progress)","status":"draft","experimental":false,"date":"2021-07-15T08:56:52+00:00","publisher":"HL7 Belgium","contact":[{"telecom":[{"system":"url","value":"http://hl7belgium.org"}]}],"description":"A barebones ImplementationGuide for HL7 Affiliates","jurisdiction":[{"coding":[{"system":"http://unstats.un.org/unsd/methods/m49/m49.htm","code":"001"}]}],"packageId":"hl7.country.fhir.ig","license":"CC0-1.0","fhirVersion":["4.0.1"],"dependsOn":[{"uri":"https://www.ehealth.fgov.be/standards/fhir","packageId":"ehealthplatform.be.r4.federalprofiles","version":"1.2.x"}],"definition":{"extension":[{"extension":[{"url":"code","valueString":"copyrightyear"},{"url":"value","valueString":"2019+"}],"url":"http://hl7.org/fhir/tools/StructureDefinition/ig-parameter"},{"extension":[{"url":"code","valueString":"releaselabel"},{"url":"value","valueString":"CI Build"}],"url":"http://hl7.org/fhir/tools/StructureDefinition/ig-parameter"},{"extension":[{"url":"code","valueString":"path-binary"},{"url":"value","valueString":"input\\cql"}],"url":"http://hl7.org/fhir/tools/StructureDefinition/ig-parameter"},{"extension":[{"url":"code","valueString":"autoload-resources"},{"url":"value","valueString":"true"}],"url":"http://hl7.org/fhir/tools/StructureDefinition/ig-parameter"},{"extension":[{"url":"code","valueString":"path-qa"},{"url":"value","valueString":"temp/qa"}],"url":"http://hl7.org/fhir/tools/StructureDefinition/ig-parameter"},{"extension":[{"url":"code","valueString":"path-temp"},{"url":"value","valueString":"temp/pages"}],"url":"http://hl7.org/fhir/tools/StructureDefinition/ig-parameter"},{"extension":[{"url":"code","valueString":"path-output"},{"url":"value","valueString":"output"}],"url":"http://hl7.org/fhir/tools/StructureDefinition/ig-parameter"},{"extension":[{"url":"code","valueString":"path-suppressed-warnings"},{"url":"value","valueString":"input/ignoreWarnings.txt"}],"url":"http://hl7.org/fhir/tools/StructureDefinition/ig-parameter"},{"extension":[{"url":"code","valueString":"template-html"},{"url":"value","valueString":"template-page.html"}],"url":"http://hl7.org/fhir/tools/StructureDefinition/ig-parameter"},{"extension":[{"url":"code","valueString":"template-md"},{"url":"value","valueString":"template-page-md.html"}],"url":"http://hl7.org/fhir/tools/StructureDefinition/ig-parameter"},{"extension":[{"url":"code","valueString":"apply-contact"},{"url":"value","valueString":"true"}],"url":"http://hl7.org/fhir/tools/StructureDefinition/ig-parameter"},{"extension":[{"url":"code","valueString":"apply-context"},{"url":"value","valueString":"true"}],"url":"http://hl7.org/fhir/tools/StructureDefinition/ig-parameter"},{"extension":[{"url":"code","valueString":"apply-copyright"},{"url":"value","valueString":"true"}],"url":"http://hl7.org/fhir/tools/StructureDefinition/ig-parameter"},{"extension":[{"url":"code","valueString":"apply-jurisdiction"},{"url":"value","valueString":"true"}],"url":"http://hl7.org/fhir/tools/StructureDefinition/ig-parameter"},{"extension":[{"url":"code","valueString":"apply-license"},{"url":"value","valueString":"true"}],"url":"http://hl7.org/fhir/tools/StructureDefinition/ig-parameter"},{"extension":[{"url":"code","valueString":"apply-publisher"},{"url":"value","valueString":"true"}],"url":"http://hl7.org/fhir/tools/StructureDefinition/ig-parameter"},{"extension":[{"url":"code","valueString":"apply-version"},{"url":"value","valueString":"true"}],"url":"http://hl7.org/fhir/tools/StructureDefinition/ig-parameter"},{"extension":[{"url":"code","valueString":"active-tables"},{"url":"value","valueString":"true"}],"url":"http://hl7.org/fhir/tools/StructureDefinition/ig-parameter"}],"grouping":[{"id":"_str_logicalmodel","name":"Structures: Logical Models","description":"These define data models that represent the domain covered by this implementation guide in more business-friendly terms than the underlying FHIR resources."},{"id":"_str_profile","name":"Structures: Resource Profiles","description":"These define constraints on FHIR resources that need to be complied with by conformant implementations"},{"id":"_str_extension","name":"Structures: Extension Definitions","description":"These define constraints on FHIR data types that need to be complied with by conformant implementations"},{"id":"_term_valueset","name":"Terminology: Value Sets","description":"These define sets of codes used by systems conforming with this implementation guide"},{"id":"_term_codesystem","name":"Terminology: Code Systems","description":"These define new code systems used by systems conforming with this implementation guide"},{"id":"_term_namingsystem","name":"Terminology: Naming Systems","description":"These define identifier and/or code system identities used by systems conforming with this implementation guide"},{"id":"_other","name":"Other","description":"These are resources that are used within this implementation guide that don't fit into one of the other categories"}],"resource":[{"extension":[{"url":"http://hl7.org/fhir/StructureDefinition/implementationguide-page","valueUri":"Practitioner-practitioner2.html"}],"reference":{"reference":"Practitioner/practitioner2"},"groupingId":"_other"},{"extension":[{"url":"http://hl7.org/fhir/StructureDefinition/implementationguide-page","valueUri":"ServiceRequest-laboratory-order-example1.html"}],"reference":{"reference":"ServiceRequest/laboratory-order-example1"},"groupingId":"_other"},{"extension":[{"url":"http://hl7.org/fhir/StructureDefinition/implementationguide-page","valueUri":"ServiceRequest-diagnostic-imaging-basic-example-concreteWithDetails.html"}],"reference":{"reference":"ServiceRequest/diagnostic-imaging-basic-example-concreteWithDetails"},"groupingId":"_other"},{"extension":[{"url":"http://hl7.org/fhir/StructureDefinition/implementationguide-page","valueUri":"ServiceRequest-referralprescription-nursing-example6-compression-therapy.html"}],"reference":{"reference":"ServiceRequest/referralprescription-nursing-example6-compression-therapy"},"groupingId":"_other"},{"extension":[{"url":"http://hl7.org/fhir/StructureDefinition/implementationguide-page","valueUri":"ServiceRequest-diagnostic-imaging-basic-example-concreteWithText.html"}],"reference":{"reference":"ServiceRequest/diagnostic-imaging-basic-example-concreteWithText"},"groupingId":"_other"},{"extension":[{"url":"http://hl7.org/fhir/StructureDefinition/implementationguide-page","valueUri":"Practitioner-practitioner1.html"}],"reference":{"reference":"Practitioner/practitioner1"},"groupingId":"_other"},{"extension":[{"url":"http://hl7.org/fhir/StructureDefinition/implementationguide-page","valueUri":"ServiceRequest-diagnostic-imaging-basic-example-everything-contained.html"}],"reference":{"reference":"ServiceRequest/diagnostic-imaging-basic-example-everything-contained"},"groupingId":"_other"},{"extension":[{"url":"http://hl7.org/fhir/StructureDefinition/implementationguide-page","valueUri":"Patient-patient1.html"}],"reference":{"reference":"Patient/patient1"},"groupingId":"_other"},{"extension":[{"url":"http://hl7.org/fhir/StructureDefinition/implementationguide-page","valueUri":"CarePlan-gpvisit.html"}],"reference":{"reference":"CarePlan/gpvisit"},"groupingId":"_other"},{"extension":[{"url":"http://hl7.org/fhir/StructureDefinition/implementationguide-page","valueUri":"Condition-condition1.html"}],"reference":{"reference":"Condition/condition1"},"groupingId":"_other"},{"extension":[{"url":"http://hl7.org/fhir/StructureDefinition/implementationguide-page","valueUri":"ServiceRequest-diagnostic-imaging-basic-example-useOfModality.html"}],"reference":{"reference":"ServiceRequest/diagnostic-imaging-basic-example-useOfModality"},"groupingId":"_other"},{"extension":[{"url":"http://hl7.org/fhir/StructureDefinition/implementationguide-page","valueUri":"ServiceRequest-referralprescription-nursing-example5-digestive-system-care.html"}],"reference":{"reference":"ServiceRequest/referralprescription-nursing-example5-digestive-system-care"},"groupingId":"_other"},{"extension":[{"url":"http://hl7.org/fhir/StructureDefinition/implementationguide-page","valueUri":"ServiceRequest-referralprescription-nursing-example2-digestive-system-care.html"}],"reference":{"reference":"ServiceRequest/referralprescription-nursing-example2-digestive-system-care"},"groupingId":"_other"},{"extension":[{"url":"http://hl7.org/fhir/StructureDefinition/implementationguide-page","valueUri":"ServiceRequest-referralprescription-nursing-example3-compression-therapy.html"}],"reference":{"reference":"ServiceRequest/referralprescription-nursing-example3-compression-therapy"},"groupingId":"_other"},{"extension":[{"url":"http://hl7.org/fhir/StructureDefinition/implementationguide-page","valueUri":"StructureDefinition-be-model-physiotherapyprescription.html"}],"reference":{"reference":"StructureDefinition/be-model-physiotherapyprescription"},"groupingId":"_str_logicalmodel"},{"extension":[{"url":"http://hl7.org/fhir/StructureDefinition/implementationguide-page","valueUri":"StructureDefinition-be-model-laboratoryprescription.html"}],"reference":{"reference":"StructureDefinition/be-model-laboratoryprescription"},"description":"Logical model describing the model for the prescription laboratory. This draft is used in the HL7 Belgian workgroup for laboratory.","groupingId":"_str_logicalmodel"},{"extension":[{"url":"http://hl7.org/fhir/StructureDefinition/implementationguide-page","valueUri":"StructureDefinition-be-model-nursingprescription.html"}],"reference":{"reference":"StructureDefinition/be-model-nursingprescription"},"groupingId":"_str_logicalmodel"},{"extension":[{"url":"http://hl7.org/fhir/StructureDefinition/implementationguide-page","valueUri":"StructureDefinition-be-model-referralprescription.html"}],"reference":{"reference":"StructureDefinition/be-model-referralprescription"},"description":"Logical model describing the model for the prescription referral. This draft is used in the HL7 Belgian workgroup for referral.","groupingId":"_str_logicalmodel"},{"extension":[{"url":"http://hl7.org/fhir/StructureDefinition/implementationguide-page","valueUri":"StructureDefinition-be-model-diagnosticimagingprescription.html"}],"reference":{"reference":"StructureDefinition/be-model-diagnosticimagingprescription"},"description":"Logical model describing the model for the diagnostic imaging prescription. This draft is used in the HL7 Belgian workgroup for referral.","groupingId":"_str_logicalmodel"},{"extension":[{"url":"http://hl7.org/fhir/StructureDefinition/implementationguide-page","valueUri":"StructureDefinition-be-referralprescription-nursing-non-reimbursable.html"}],"reference":{"reference":"StructureDefinition/be-referralprescription-nursing-non-reimbursable"},"description":"The nursing profile specialized for non reimbursable care. Use the .note element to provide any extra information.","groupingId":"_str_profile"},{"extension":[{"url":"http://hl7.org/fhir/StructureDefinition/implementationguide-page","valueUri":"StructureDefinition-be-referralprescription-nursing.html"}],"reference":{"reference":"StructureDefinition/be-referralprescription-nursing"},"description":"The nursing profile, generic version. Please note the nursing referral for medication does NOT depend on this generic version but is a FHIR prodfile on a different FHIR resource (MedicationRequest)","groupingId":"_str_profile"},{"extension":[{"url":"http://hl7.org/fhir/StructureDefinition/implementationguide-page","valueUri":"StructureDefinition-be-ext-contraindication.html"}],"reference":{"reference":"StructureDefinition/be-ext-contraindication"},"name":"BeContraindication","description":"Contra indication in a prescription referral for diagnostic imaging.","groupingId":"_str_extension"},{"extension":[{"url":"http://hl7.org/fhir/StructureDefinition/implementationguide-page","valueUri":"StructureDefinition-be-lab-prescription.html"}],"reference":{"reference":"StructureDefinition/be-lab-prescription"},"description":"This is the Belgian profile for a laboratory order.","groupingId":"_str_profile"},{"extension":[{"url":"http://hl7.org/fhir/StructureDefinition/implementationguide-page","valueUri":"StructureDefinition-be-referralprescription-nursing-chronical-psychiatric-patient.html"}],"reference":{"reference":"StructureDefinition/be-referralprescription-nursing-chronical-psychiatric-patient"},"description":"The nursing profile specialized for preparation and administration of medication to chronical pshychiatric patient. Use the .note element to provide any extra information. The prescriber SHALL give a start and end date & SHALL give a frequency, these informations live in the .occurrence element.","groupingId":"_str_profile"},{"extension":[{"url":"http://hl7.org/fhir/StructureDefinition/implementationguide-page","valueUri":"StructureDefinition-be-referralprescription-nursing-bladder-care.html"}],"reference":{"reference":"StructureDefinition/be-referralprescription-nursing-bladder-care"},"description":"The nursing profile specialized for bladder care. Actual bladder care information lives in the .orderDetail element. If needed to give a quantity (mandatory if bladder instillation): the .quantity element shall be used. If needed to express the product and time to leave the product (mandatory if bladder instillation): please explain in the .note element.","groupingId":"_str_profile"},{"extension":[{"url":"http://hl7.org/fhir/StructureDefinition/implementationguide-page","valueUri":"StructureDefinition-be-referralprescription-diagnosticimaging.html"}],"reference":{"reference":"StructureDefinition/be-referralprescription-diagnosticimaging"},"description":"Referral prescription for a generic diagnostic imaging.\r\nPlease note in .orderDetail, a specific slicing is available to give guidance how to express acquisition modalities if needed. In future iterations of this profile, more slicing might provide additional guidance.","groupingId":"_str_profile"},{"extension":[{"url":"http://hl7.org/fhir/StructureDefinition/implementationguide-page","valueUri":"StructureDefinition-be-referralprescription-nursing-annex81.html"}],"reference":{"reference":"StructureDefinition/be-referralprescription-nursing-annex81"},"description":"The nursing profile specialized for preparation of medication. Use the .note element to provide any extra information.","groupingId":"_str_profile"},{"extension":[{"url":"http://hl7.org/fhir/StructureDefinition/implementationguide-page","valueUri":"StructureDefinition-be-referralprescription.html"}],"reference":{"reference":"StructureDefinition/be-referralprescription"},"description":"The common structure for referral prescription.","groupingId":"_str_profile"},{"extension":[{"url":"http://hl7.org/fhir/StructureDefinition/implementationguide-page","valueUri":"StructureDefinition-be-referralprescription-nursing-medication.html"}],"reference":{"reference":"StructureDefinition/be-referralprescription-nursing-medication"},"description":"The nursing profile specialized for medication. Note this profile is based on the FHIR resource MedicationRequest.\r\nDosage is expected initially to be given in the corresponding text and optional site fields (as per the NIHDI requirements)","groupingId":"_str_profile"},{"extension":[{"url":"http://hl7.org/fhir/StructureDefinition/implementationguide-page","valueUri":"StructureDefinition-be-referralprescription-nursing-diabetic.html"}],"reference":{"reference":"StructureDefinition/be-referralprescription-nursing-diabetic"},"description":"The nursing profile specialized for diabetic services. Use the .note element to provide any extra information.","groupingId":"_str_profile"},{"extension":[{"url":"http://hl7.org/fhir/StructureDefinition/implementationguide-page","valueUri":"StructureDefinition-be-referralprescription-nursing-digestive-system-care.html"}],"reference":{"reference":"StructureDefinition/be-referralprescription-nursing-digestive-system-care"},"description":"The nursing profile specialized for digestive system care. If needed to give any details (e.g. details around the enteral feeding): please use the .note element.","groupingId":"_str_profile"},{"extension":[{"url":"http://hl7.org/fhir/StructureDefinition/implementationguide-page","valueUri":"StructureDefinition-be-referralprescription-nursing-compressiontherapy.html"}],"reference":{"reference":"StructureDefinition/be-referralprescription-nursing-compressiontherapy"},"description":"The nursing profile specialized for compression therapy.","groupingId":"_str_profile"},{"extension":[{"url":"http://hl7.org/fhir/StructureDefinition/implementationguide-page","valueUri":"StructureDefinition-be-ext-contrastfluiduse.html"}],"reference":{"reference":"StructureDefinition/be-ext-contrastfluiduse"},"name":"BeContrastFluidUse","description":"Whether the use of contrast fluid in diagnostic imaging can be defined as 'If necessary' or 'Not permitted.'","groupingId":"_str_extension"},{"extension":[{"url":"http://hl7.org/fhir/StructureDefinition/implementationguide-page","valueUri":"StructureDefinition-be-ext-inform-party.html"}],"reference":{"reference":"StructureDefinition/be-ext-inform-party"},"name":"BeInformParty","description":"Extra parties that need to be informed of the outcome, besides the prescriber.","groupingId":"_str_extension"},{"extension":[{"url":"http://hl7.org/fhir/StructureDefinition/implementationguide-page","valueUri":"StructureDefinition-be-referralprescription-nursing-other.html"}],"reference":{"reference":"StructureDefinition/be-referralprescription-nursing-other"},"description":"The nursing profile specialized for other care. Use the .note element to provide any extra information.","groupingId":"_str_profile"},{"extension":[{"url":"http://hl7.org/fhir/StructureDefinition/implementationguide-page","valueUri":"StructureDefinition-be-ext-urgent-communication.html"}],"reference":{"reference":"StructureDefinition/be-ext-urgent-communication"},"name":"BeUrgentCommunication","description":"When there is a need to urgently communicate results of an order.","groupingId":"_str_extension"},{"extension":[{"url":"http://hl7.org/fhir/StructureDefinition/implementationguide-page","valueUri":"StructureDefinition-be-referralprescription-nursing-woundcare.html"}],"reference":{"reference":"StructureDefinition/be-referralprescription-nursing-woundcare"},"description":"The nursing profile specialized for wound care. Use the .note element to provide any extra information.","groupingId":"_str_profile"},{"extension":[{"url":"http://hl7.org/fhir/StructureDefinition/implementationguide-page","valueUri":"StructureDefinition-be-ext-supporting-info.html"}],"reference":{"reference":"StructureDefinition/be-ext-supporting-info"},"name":"BeSupportingInfo","description":"Relevant clinical information in the context of this prescription concerning for example allergies, kidney function, diabetic. This extension allows the use of an Annotation or codeableConcept but when more detailed information can be given, it is RECOMMENDED to express it as structured as possible using the appropriate elements.","groupingId":"_str_extension"},{"extension":[{"url":"http://hl7.org/fhir/StructureDefinition/implementationguide-page","valueUri":"ValueSet-be-vs-nursing-medication-category.html"}],"reference":{"reference":"ValueSet/be-vs-nursing-medication-category"},"description":"Codes to define a type of nursing medication category.","groupingId":"_term_valueset"},{"extension":[{"url":"http://hl7.org/fhir/StructureDefinition/implementationguide-page","valueUri":"CodeSystem-be-cs-nursing-code-other.html"}],"reference":{"reference":"CodeSystem/be-cs-nursing-code-other"},"name":"BeNursingCodeOther","description":"Nursing codes in Belgium. To define details in nursing activities for the other category. Initially defined as supporting CodeSystem for the referral prescription.","groupingId":"_term_codesystem"},{"extension":[{"url":"http://hl7.org/fhir/StructureDefinition/implementationguide-page","valueUri":"NamingSystem-be-ns-specimen.html"}],"reference":{"reference":"NamingSystem/be-ns-specimen"},"description":"National identifier for a specimen when needed.","groupingId":"_term_namingsystem"},{"extension":[{"url":"http://hl7.org/fhir/StructureDefinition/implementationguide-page","valueUri":"CodeSystem-be-status-reason.html"}],"reference":{"reference":"CodeSystem/be-status-reason"},"name":"BeStatusReason","description":"Status reason in Belgium. Initially defined as supporting CodeSystem for the referral prescription.","groupingId":"_term_codesystem"},{"extension":[{"url":"http://hl7.org/fhir/StructureDefinition/implementationguide-page","valueUri":"ValueSet-be-vs-nursing-medication-injection.html"}],"reference":{"reference":"ValueSet/be-vs-nursing-medication-injection"},"description":"Codes to define a type of nursing medication injection.","groupingId":"_term_valueset"},{"extension":[{"url":"http://hl7.org/fhir/StructureDefinition/implementationguide-page","valueUri":"CodeSystem-be-nursing-medication-percutaneous.html"}],"reference":{"reference":"CodeSystem/be-nursing-medication-percutaneous"},"name":"BeNursingMedicationPercutaneous","description":"Nursing codes in Belgium. To define details in nursing activities for the medication percutaneous category. Initially defined as supporting CodeSystem for the referral prescription.","groupingId":"_term_codesystem"},{"extension":[{"url":"http://hl7.org/fhir/StructureDefinition/implementationguide-page","valueUri":"ValueSet-be-vs-nursing-medication-percutaneous.html"}],"reference":{"reference":"ValueSet/be-vs-nursing-medication-percutaneous"},"description":"Codes to define a type of nursing medication percutaneous.","groupingId":"_term_valueset"},{"extension":[{"url":"http://hl7.org/fhir/StructureDefinition/implementationguide-page","valueUri":"ValueSet-be-vs-communication-method.html"}],"reference":{"reference":"ValueSet/be-vs-communication-method"},"description":"Codes to define a communication method.","groupingId":"_term_valueset"},{"extension":[{"url":"http://hl7.org/fhir/StructureDefinition/implementationguide-page","valueUri":"NamingSystem-be-ns-coronalertcode.html"}],"reference":{"reference":"NamingSystem/be-ns-coronalertcode"},"description":"Code as generated by the Coronalert app.","groupingId":"_term_namingsystem"},{"extension":[{"url":"http://hl7.org/fhir/StructureDefinition/implementationguide-page","valueUri":"ValueSet-be-vs-type-of-nursing.html"}],"reference":{"reference":"ValueSet/be-vs-type-of-nursing"},"description":"Codes to define a type of nursing.","groupingId":"_term_valueset"},{"extension":[{"url":"http://hl7.org/fhir/StructureDefinition/implementationguide-page","valueUri":"CodeSystem-be-contrastfluid-use.html"}],"reference":{"reference":"CodeSystem/be-contrastfluid-use"},"name":"BeContrastFluidUse","description":"Whether use of contrast fluid should be considered.","groupingId":"_term_codesystem"},{"extension":[{"url":"http://hl7.org/fhir/StructureDefinition/implementationguide-page","valueUri":"ValueSet-be-vs-type-of-compression.html"}],"reference":{"reference":"ValueSet/be-vs-type-of-compression"},"description":"Codes to define a type of compression therapy.","groupingId":"_term_valueset"},{"extension":[{"url":"http://hl7.org/fhir/StructureDefinition/implementationguide-page","valueUri":"ValueSet-be-vs-contrastfluid-use.html"}],"reference":{"reference":"ValueSet/be-vs-contrastfluid-use"},"description":"Codes to define the use of contrast fluid.","groupingId":"_term_valueset"},{"extension":[{"url":"http://hl7.org/fhir/StructureDefinition/implementationguide-page","valueUri":"ValueSet-be-vs-digestive-system-care.html"}],"reference":{"reference":"ValueSet/be-vs-digestive-system-care"},"description":"Codes to define digestive system care","groupingId":"_term_valueset"},{"extension":[{"url":"http://hl7.org/fhir/StructureDefinition/implementationguide-page","valueUri":"CodeSystem-codesystem-be-digestive-system-care.html"}],"reference":{"reference":"CodeSystem/codesystem-be-digestive-system-care"},"name":"BeDigestiveSystemCare","description":"Nursing codes in Belgium. To define details in nursing activities for the digestive system care category. Initially defined as supporting CodeSystem for the referral prescription.","groupingId":"_term_codesystem"},{"extension":[{"url":"http://hl7.org/fhir/StructureDefinition/implementationguide-page","valueUri":"CodeSystem-be-cs-nursing-code-non-reimbursable.html"}],"reference":{"reference":"CodeSystem/be-cs-nursing-code-non-reimbursable"},"name":"BeNursingCodeNonReimbursable","description":"Nursing codes in Belgium. To define details in nursing activities for the non reimbursable category. Initially defined as supporting CodeSystem for the referral prescription.","groupingId":"_term_codesystem"},{"extension":[{"url":"http://hl7.org/fhir/StructureDefinition/implementationguide-page","valueUri":"CodeSystem-be-communication-code.html"}],"reference":{"reference":"CodeSystem/be-communication-code"},"name":"BeCommunicationCode","description":"Communication codes in Belgium. To define a specific method of communicating. Initially defined as supporting CodeSystem for the referral prescription.","groupingId":"_term_codesystem"},{"extension":[{"url":"http://hl7.org/fhir/StructureDefinition/implementationguide-page","valueUri":"ValueSet-be-vs-type-of-bladder-care.html"}],"reference":{"reference":"ValueSet/be-vs-type-of-bladder-care"},"description":"Codes to define a type of bladder care.","groupingId":"_term_valueset"},{"extension":[{"url":"http://hl7.org/fhir/StructureDefinition/implementationguide-page","valueUri":"ValueSet-be-vs-reason-referral-status.html"}],"reference":{"reference":"ValueSet/be-vs-reason-referral-status"},"description":"Codes to explain the current status of a referral prescription.","groupingId":"_term_valueset"},{"extension":[{"url":"http://hl7.org/fhir/StructureDefinition/implementationguide-page","valueUri":"ValueSet-be-vs-type-of-other-nursing.html"}],"reference":{"reference":"ValueSet/be-vs-type-of-other-nursing"},"description":"Codes to define a type of other nursing category.","groupingId":"_term_valueset"},{"extension":[{"url":"http://hl7.org/fhir/StructureDefinition/implementationguide-page","valueUri":"NamingSystem-be-ns-uhmep.html"}],"reference":{"reference":"NamingSystem/be-ns-uhmep"},"description":"UHMEP naming system","groupingId":"_term_namingsystem"},{"extension":[{"url":"http://hl7.org/fhir/StructureDefinition/implementationguide-page","valueUri":"CodeSystem-be-cs-nursing-code-compressiontherapy.html"}],"reference":{"reference":"CodeSystem/be-cs-nursing-code-compressiontherapy"},"name":"BeNursingCodeCompressiontherapy","description":"Nursing codes in Belgium. To define details in nursing activities for compression therapy. Initially defined as supporting CodeSystem for the referral prescription.","groupingId":"_term_codesystem"},{"extension":[{"url":"http://hl7.org/fhir/StructureDefinition/implementationguide-page","valueUri":"CodeSystem-be-nursing-medication-perfusion.html"}],"reference":{"reference":"CodeSystem/be-nursing-medication-perfusion"},"name":"BeNursingMedicationPerfusion","description":"Nursing codes in Belgium. To define details in nursing activities for the medication perfusion category. Initially defined as supporting CodeSystem for the referral prescription.","groupingId":"_term_codesystem"},{"extension":[{"url":"http://hl7.org/fhir/StructureDefinition/implementationguide-page","valueUri":"CodeSystem-be-nursing-medication-injection.html"}],"reference":{"reference":"CodeSystem/be-nursing-medication-injection"},"name":"BeNursingMedicationInjection","description":"Nursing codes in Belgium. To define details in nursing activities for the medication injection category. Initially defined as supporting CodeSystem for the referral prescription.","groupingId":"_term_codesystem"},{"extension":[{"url":"http://hl7.org/fhir/StructureDefinition/implementationguide-page","valueUri":"ValueSet-be-vs-type-of-non-reimbursable-nursing.html"}],"reference":{"reference":"ValueSet/be-vs-type-of-non-reimbursable-nursing"},"description":"Codes to define a type of non reimbursable nursing category.","groupingId":"_term_valueset"},{"extension":[{"url":"http://hl7.org/fhir/StructureDefinition/implementationguide-page","valueUri":"ValueSet-be-vs-nursing-medication-perfusion.html"}],"reference":{"reference":"ValueSet/be-vs-nursing-medication-perfusion"},"description":"Codes to define a type of nursing medication perfusion.","groupingId":"_term_valueset"},{"extension":[{"url":"http://hl7.org/fhir/StructureDefinition/implementationguide-page","valueUri":"CodeSystem-be-cs-nursing-code.html"}],"reference":{"reference":"CodeSystem/be-cs-nursing-code"},"name":"BeNursingCode","description":"Nursing codes in Belgium. To define a high level in nursing activities. Initially defined as supporting CodeSystem for the referral prescription.","groupingId":"_term_codesystem"},{"extension":[{"url":"http://hl7.org/fhir/StructureDefinition/implementationguide-page","valueUri":"ValueSet-be-vs-nursing-medication-other.html"}],"reference":{"reference":"ValueSet/be-vs-nursing-medication-other"},"description":"Codes to define a type of nursing medication other.","groupingId":"_term_valueset"},{"extension":[{"url":"http://hl7.org/fhir/StructureDefinition/implementationguide-page","valueUri":"ValueSet-be-vs-referral-category.html"}],"reference":{"reference":"ValueSet/be-vs-referral-category"},"description":"Codes to define the high level category for a referral prescription. SNOMED-CT codes in this valueset are just a draft proposal to give a general idea - pending an official valueset.","groupingId":"_term_valueset"},{"extension":[{"url":"http://hl7.org/fhir/StructureDefinition/implementationguide-page","valueUri":"CodeSystem-codesystem-be-type-of-bladder-care.html"}],"reference":{"reference":"CodeSystem/codesystem-be-type-of-bladder-care"},"name":"BeBladderCareType","description":"Nursing codes in Belgium. To define details in nursing activities for the bladder care category. Initially defined as supporting CodeSystem for the referral prescription.","groupingId":"_term_codesystem"}],"page":{"nameUrl":"toc.html","title":"Table of Contents","generation":"html","page":[{"nameUrl":"index.html","title":"Be Referral Prescription IG Home Page","generation":"html"},{"nameUrl":"guidance.html","title":"Guidance","generation":"html"},{"nameUrl":"artifacts.html","title":"Artifacts Summary","generation":"html","page":[{"nameUrl":"StructureDefinition-be-model-physiotherapyprescription.html","generation":"generated"},{"nameUrl":"StructureDefinition-be-model-laboratoryprescription.html","generation":"generated"},{"nameUrl":"StructureDefinition-be-model-nursingprescription.html","generation":"generated"},{"nameUrl":"StructureDefinition-be-model-referralprescription.html","generation":"generated"},{"nameUrl":"StructureDefinition-be-model-diagnosticimagingprescription.html","generation":"generated"},{"nameUrl":"StructureDefinition-be-referralprescription-nursing-non-reimbursable.html","generation":"generated"},{"nameUrl":"StructureDefinition-be-referralprescription-nursing.html","generation":"generated"},{"nameUrl":"StructureDefinition-be-lab-prescription.html","generation":"generated"},{"nameUrl":"StructureDefinition-be-referralprescription-nursing-chronical-psychiatric-patient.html","generation":"generated"},{"nameUrl":"StructureDefinition-be-referralprescription-nursing-bladder-care.html","generation":"generated"},{"nameUrl":"StructureDefinition-be-referralprescription-diagnosticimaging.html","generation":"generated"},{"nameUrl":"StructureDefinition-be-referralprescription-nursing-annex81.html","generation":"generated"},{"nameUrl":"StructureDefinition-be-referralprescription.html","generation":"generated"},{"nameUrl":"StructureDefinition-be-referralprescription-nursing-medication.html","generation":"generated"},{"nameUrl":"StructureDefinition-be-referralprescription-nursing-diabetic.html","generation":"generated"},{"nameUrl":"StructureDefinition-be-referralprescription-nursing-digestive-system-care.html","generation":"generated"},{"nameUrl":"StructureDefinition-be-referralprescription-nursing-compressiontherapy.html","generation":"generated"},{"nameUrl":"StructureDefinition-be-referralprescription-nursing-other.html","generation":"generated"},{"nameUrl":"StructureDefinition-be-referralprescription-nursing-woundcare.html","generation":"generated"},{"nameUrl":"StructureDefinition-be-ext-contraindication.html","title":"BeContraindication","generation":"generated"},{"nameUrl":"StructureDefinition-be-ext-contrastfluiduse.html","title":"BeContrastFluidUse","generation":"generated"},{"nameUrl":"StructureDefinition-be-ext-inform-party.html","title":"BeInformParty","generation":"generated"},{"nameUrl":"StructureDefinition-be-ext-urgent-communication.html","title":"BeUrgentCommunication","generation":"generated"},{"nameUrl":"StructureDefinition-be-ext-supporting-info.html","title":"BeSupportingInfo","generation":"generated"},{"nameUrl":"ValueSet-be-vs-nursing-medication-category.html","generation":"generated"},{"nameUrl":"ValueSet-be-vs-nursing-medication-injection.html","generation":"generated"},{"nameUrl":"ValueSet-be-vs-nursing-medication-percutaneous.html","generation":"generated"},{"nameUrl":"ValueSet-be-vs-communication-method.html","generation":"generated"},{"nameUrl":"ValueSet-be-vs-type-of-nursing.html","generation":"generated"},{"nameUrl":"ValueSet-be-vs-type-of-compression.html","generation":"generated"},{"nameUrl":"ValueSet-be-vs-contrastfluid-use.html","generation":"generated"},{"nameUrl":"ValueSet-be-vs-digestive-system-care.html","generation":"generated"},{"nameUrl":"ValueSet-be-vs-type-of-bladder-care.html","generation":"generated"},{"nameUrl":"ValueSet-be-vs-reason-referral-status.html","generation":"generated"},{"nameUrl":"ValueSet-be-vs-type-of-other-nursing.html","generation":"generated"},{"nameUrl":"ValueSet-be-vs-type-of-non-reimbursable-nursing.html","generation":"generated"},{"nameUrl":"ValueSet-be-vs-nursing-medication-perfusion.html","generation":"generated"},{"nameUrl":"ValueSet-be-vs-nursing-medication-other.html","generation":"generated"},{"nameUrl":"ValueSet-be-vs-referral-category.html","generation":"generated"},{"nameUrl":"CodeSystem-be-cs-nursing-code-other.html","title":"BeNursingCodeOther","generation":"generated"},{"nameUrl":"CodeSystem-be-status-reason.html","title":"BeStatusReason","generation":"generated"},{"nameUrl":"CodeSystem-be-nursing-medication-percutaneous.html","title":"BeNursingMedicationPercutaneous","generation":"generated"},{"nameUrl":"CodeSystem-be-contrastfluid-use.html","title":"BeContrastFluidUse","generation":"generated"},{"nameUrl":"CodeSystem-codesystem-be-digestive-system-care.html","title":"BeDigestiveSystemCare","generation":"generated"},{"nameUrl":"CodeSystem-be-cs-nursing-code-non-reimbursable.html","title":"BeNursingCodeNonReimbursable","generation":"generated"},{"nameUrl":"CodeSystem-be-communication-code.html","title":"BeCommunicationCode","generation":"generated"},{"nameUrl":"CodeSystem-be-cs-nursing-code-compressiontherapy.html","title":"BeNursingCodeCompressiontherapy","generation":"generated"},{"nameUrl":"CodeSystem-be-nursing-medication-perfusion.html","title":"BeNursingMedicationPerfusion","generation":"generated"},{"nameUrl":"CodeSystem-be-nursing-medication-injection.html","title":"BeNursingMedicationInjection","generation":"generated"},{"nameUrl":"CodeSystem-be-cs-nursing-code.html","title":"BeNursingCode","generation":"generated"},{"nameUrl":"CodeSystem-codesystem-be-type-of-bladder-care.html","title":"BeBladderCareType","generation":"generated"},{"nameUrl":"NamingSystem-be-ns-specimen.html","generation":"generated"},{"nameUrl":"NamingSystem-be-ns-coronalertcode.html","generation":"generated"},{"nameUrl":"NamingSystem-be-ns-uhmep.html","generation":"generated"},{"nameUrl":"Practitioner-practitioner2.html","generation":"generated"},{"nameUrl":"ServiceRequest-laboratory-order-example1.html","generation":"generated"},{"nameUrl":"ServiceRequest-diagnostic-imaging-basic-example-concreteWithDetails.html","generation":"generated"},{"nameUrl":"ServiceRequest-referralprescription-nursing-example6-compression-therapy.html","generation":"generated"},{"nameUrl":"ServiceRequest-diagnostic-imaging-basic-example-concreteWithText.html","generation":"generated"},{"nameUrl":"Practitioner-practitioner1.html","generation":"generated"},{"nameUrl":"ServiceRequest-diagnostic-imaging-basic-example-everything-contained.html","generation":"generated"},{"nameUrl":"Patient-patient1.html","generation":"generated"},{"nameUrl":"CarePlan-gpvisit.html","generation":"generated"},{"nameUrl":"Condition-condition1.html","generation":"generated"},{"nameUrl":"ServiceRequest-diagnostic-imaging-basic-example-useOfModality.html","generation":"generated"},{"nameUrl":"ServiceRequest-referralprescription-nursing-example5-digestive-system-care.html","generation":"generated"},{"nameUrl":"ServiceRequest-referralprescription-nursing-example2-digestive-system-care.html","generation":"generated"},{"nameUrl":"ServiceRequest-referralprescription-nursing-example3-compression-therapy.html","generation":"generated"}]}]},"parameter":[{"code":"path-resource","value":"input/capabilities"},{"code":"path-resource","value":"input/examples"},{"code":"path-resource","value":"input/extensions"},{"code":"path-resource","value":"input/models"},{"code":"path-resource","value":"input/operations"},{"code":"path-resource","value":"input/profiles"},{"code":"path-resource","value":"input/resources"},{"code":"path-resource","value":"input/vocabulary"},{"code":"path-pages","value":"template/config"},{"code":"path-pages","value":"input/images"},{"code":"path-tx-cache","value":"input-cache/txcache"}]}}