{"resourceType":"StructureDefinition","id":"be-model-physiotherapyprescription","text":{"status":"extensions","div":"<div xmlns=\"http://www.w3.org/1999/xhtml\"><table border=\"0\" cellpadding=\"0\" cellspacing=\"0\" style=\"border: 0px #F0F0F0 solid; font-size: 11px; font-family: verdana; vertical-align: top;\"><tr style=\"border: 1px #F0F0F0 solid; font-size: 11px; font-family: verdana; vertical-align: top\"><th style=\"vertical-align: top; text-align : left; background-color: white; border: 0px #F0F0F0 solid; padding:0px 4px 0px 4px\" class=\"hierarchy\"><a href=\"http://hl7.org/fhir/R4/formats.html#table\" title=\"The logical name of the element\">Name</a></th><th style=\"vertical-align: top; text-align : left; background-color: white; border: 0px #F0F0F0 solid; padding:0px 4px 0px 4px\" class=\"hierarchy\"><a href=\"http://hl7.org/fhir/R4/formats.html#table\" title=\"Information about the use of the element\">Flags</a></th><th style=\"vertical-align: top; text-align : left; background-color: white; border: 0px #F0F0F0 solid; padding:0px 4px 0px 4px\" class=\"hierarchy\"><a href=\"http://hl7.org/fhir/R4/formats.html#table\" title=\"Minimum and Maximum # of times the the element can appear in the instance\">Card.</a></th><th style=\"width: 100px\" class=\"hierarchy\"><a href=\"http://hl7.org/fhir/R4/formats.html#table\" title=\"Reference to the type of the element\">Type</a></th><th style=\"vertical-align: top; text-align : left; background-color: white; border: 0px #F0F0F0 solid; padding:0px 4px 0px 4px\" class=\"hierarchy\"><a href=\"http://hl7.org/fhir/R4/formats.html#table\" title=\"Additional information about the element\">Description &amp; Constraints</a><span style=\"float: right\"><a href=\"http://hl7.org/fhir/R4/formats.html#table\" title=\"Legend for this format\"><img src=\"http://hl7.org/fhir/R4/help16.png\" alt=\"doco\" style=\"background-color: inherit\"/></a></span></th></tr><tr style=\"border: 0px #F0F0F0 solid; padding:0px; vertical-align: top; background-color: white\"><td style=\"vertical-align: top; text-align : left; background-color: white; border: 0px #F0F0F0 solid; padding:0px 4px 0px 4px; white-space: nowrap; background-image: url(tbl_bck1.png)\" class=\"hierarchy\"><img src=\"tbl_spacer.png\" alt=\".\" style=\"background-color: inherit\" class=\"hierarchy\"/><img src=\"icon_element.gif\" alt=\".\" style=\"background-color: white; background-color: inherit\" title=\"Element\" class=\"hierarchy\"/> <a href=\"StructureDefinition-be-model-physiotherapyprescription-definitions.html#BePhysiotherapyPrescription\">BePhysiotherapyPrescription</a><a name=\"BePhysiotherapyPrescription\"> </a></td><td style=\"vertical-align: top; text-align : left; background-color: white; border: 0px #F0F0F0 solid; padding:0px 4px 0px 4px\" class=\"hierarchy\"/><td style=\"vertical-align: top; text-align : left; background-color: white; border: 0px #F0F0F0 solid; padding:0px 4px 0px 4px\" class=\"hierarchy\"><span style=\"opacity: 0.5\">0</span><span style=\"opacity: 0.5\">..</span><span style=\"opacity: 0.5\">*</span></td><td style=\"vertical-align: top; text-align : left; background-color: white; border: 0px #F0F0F0 solid; padding:0px 4px 0px 4px\" class=\"hierarchy\"><a href=\"StructureDefinition-be-model-referralprescription.html\">BeModelReferralPrescription</a></td><td style=\"vertical-align: top; text-align : left; background-color: white; border: 0px #F0F0F0 solid; padding:0px 4px 0px 4px\" class=\"hierarchy\"/></tr>\r\n<tr style=\"border: 0px #F0F0F0 solid; padding:0px; vertical-align: top; background-color: #F7F7F7\"><td style=\"vertical-align: top; text-align : left; background-color: #F7F7F7; border: 0px #F0F0F0 solid; padding:0px 4px 0px 4px; white-space: nowrap; background-image: url(tbl_bck00.png)\" class=\"hierarchy\"><img src=\"tbl_spacer.png\" alt=\".\" style=\"background-color: inherit\" class=\"hierarchy\"/><img src=\"tbl_vjoin_end.png\" alt=\".\" style=\"background-color: inherit\" class=\"hierarchy\"/><img src=\"icon_primitive.png\" alt=\".\" style=\"background-color: #F7F7F7; background-color: inherit\" title=\"Primitive Data Type\" class=\"hierarchy\"/> <a href=\"StructureDefinition-be-model-physiotherapyprescription-definitions.html#BePhysiotherapyPrescription.numberOfSessions\" title=\"Number of pt sessions that are prescribed\">numberOfSessions</a><a name=\"BePhysiotherapyPrescription.numberOfSessions\"> </a></td><td style=\"vertical-align: top; text-align : left; background-color: #F7F7F7; border: 0px #F0F0F0 solid; padding:0px 4px 0px 4px\" class=\"hierarchy\"/><td style=\"vertical-align: top; text-align : left; background-color: #F7F7F7; border: 0px #F0F0F0 solid; padding:0px 4px 0px 4px\" class=\"hierarchy\">0..1</td><td style=\"vertical-align: top; text-align : left; background-color: #F7F7F7; border: 0px #F0F0F0 solid; padding:0px 4px 0px 4px\" class=\"hierarchy\"><a href=\"http://hl7.org/fhir/R4/datatypes.html#integer\">integer</a></td><td style=\"vertical-align: top; text-align : left; background-color: #F7F7F7; border: 0px #F0F0F0 solid; padding:0px 4px 0px 4px\" class=\"hierarchy\">Number of pt sessions that are prescribed</td></tr>\r\n<tr><td colspan=\"5\" class=\"hierarchy\"><br/><a href=\"http://hl7.org/fhir/R4/formats.html#table\" title=\"Legend for this format\"><img src=\"http://hl7.org/fhir/R4/help16.png\" alt=\"doco\" style=\"background-color: inherit\"/> Documentation for this format</a></td></tr></table></div>"},"url":"https://www.ehealth.fgov.be/standards/fhir/referral/StructureDefinition/be-model-physiotherapyprescription","version":"0.2.0","name":"BePhysiotherapyPrescription","status":"draft","date":"2021-10-07T15:14:36+02:00","publisher":"HL7 Belgium","contact":[{"name":"HL7 Belgium","telecom":[{"system":"url","value":"http://hl7belgium.org"}]},{"name":"Message-Structure","telecom":[{"system":"email","value":"message-structure@ehealth.fgov.be","use":"work"}]}],"jurisdiction":[{"coding":[{"system":"urn:iso:std:iso:3166","code":"BE","display":"Belgium"}]}],"fhirVersion":"4.0.1","mapping":[{"identity":"rim","uri":"http://hl7.org/v3","name":"RIM Mapping"}],"kind":"logical","abstract":false,"type":"BePhysiotherapyPrescription","baseDefinition":"https://www.ehealth.fgov.be/standards/fhir/referral/StructureDefinition/be-model-referralprescription","derivation":"specialization","snapshot":{"element":[{"id":"BePhysiotherapyPrescription","path":"BePhysiotherapyPrescription","definition":"Logical model describing the model for the prescription referral. This draft is used in the HL7 Belgian workgroup for referral.","min":0,"max":"*","base":{"path":"Base","min":0,"max":"*"},"isModifier":false},{"id":"BePhysiotherapyPrescription.recordedDate","path":"BePhysiotherapyPrescription.recordedDate","short":"When this prescription was created","definition":"When this prescription was created","min":1,"max":"1","base":{"path":"BeReferralPrescription.recordedDate","min":1,"max":"1"},"type":[{"code":"dateTime"}]},{"id":"BePhysiotherapyPrescription.recorder","path":"BePhysiotherapyPrescription.recorder","short":"The person who is responsable for the content, not necessarily the person who entered the content. This is either the prescriber, a co-prescriber or a performer","definition":"The person who is responsable for the content, not necessarily the person who entered the content. This is either the prescriber, a co-prescriber or a performer","min":1,"max":"1","base":{"path":"BeReferralPrescription.recorder","min":1,"max":"1"},"type":[{"code":"Reference"}]},{"id":"BePhysiotherapyPrescription.prescriber","path":"BePhysiotherapyPrescription.prescriber","short":"The prescribing healthcare party","definition":"The prescribing healthcare party","min":1,"max":"1","base":{"path":"BeReferralPrescription.prescriber","min":1,"max":"1"},"type":[{"code":"Reference"}]},{"id":"BePhysiotherapyPrescription.co-prescriber","path":"BePhysiotherapyPrescription.co-prescriber","short":"Information about co prescribers","definition":"Information about co prescribers","min":0,"max":"*","base":{"path":"BeReferralPrescription.co-prescriber","min":0,"max":"*"},"type":[{"code":"BackboneElement"}]},{"id":"BePhysiotherapyPrescription.co-prescriber.co-prescriber","path":"BePhysiotherapyPrescription.co-prescriber.co-prescriber","short":"The co-prescriber party","definition":"The co-prescriber party","min":0,"max":"1","base":{"path":"BeReferralPrescription.co-prescriber.co-prescriber","min":0,"max":"1"},"type":[{"code":"Reference"}]},{"id":"BePhysiotherapyPrescription.co-prescriber.co-prescriberType","path":"BePhysiotherapyPrescription.co-prescriber.co-prescriberType","short":"Type of the practitioner","definition":"Type of the practitioner","min":0,"max":"1","base":{"path":"BeReferralPrescription.co-prescriber.co-prescriberType","min":0,"max":"1"},"type":[{"code":"code"}]},{"id":"BePhysiotherapyPrescription.co-prescriber.status","path":"BePhysiotherapyPrescription.co-prescriber.status","short":"Status of co prescribing status (to sign, signed or refused)","definition":"Status of co prescribing status (to sign, signed or refused)","min":0,"max":"1","base":{"path":"BeReferralPrescription.co-prescriber.status","min":0,"max":"1"},"type":[{"code":"code"}]},{"id":"BePhysiotherapyPrescription.patient","path":"BePhysiotherapyPrescription.patient","short":"The SSIN of the person for which the referral is prescribed.","definition":"The SSIN of the person for which the referral is prescribed.","min":1,"max":"1","base":{"path":"BeReferralPrescription.patient","min":1,"max":"1"},"type":[{"code":"Reference"}]},{"id":"BePhysiotherapyPrescription.prescriptionNumber","path":"BePhysiotherapyPrescription.prescriptionNumber","short":"An identifier for the ReferralPrescription, e.g. the UHMEP identifier, once available","definition":"An identifier for the ReferralPrescription, e.g. the UHMEP identifier, once available","min":0,"max":"1","base":{"path":"BeReferralPrescription.prescriptionNumber","min":0,"max":"1"},"type":[{"code":"Identifier"}]},{"id":"BePhysiotherapyPrescription.ppsNumber","path":"BePhysiotherapyPrescription.ppsNumber","short":"An identifier for the Prescription Proposal Support","definition":"An identifier for the Prescription Proposal Support","min":0,"max":"1","base":{"path":"BeReferralPrescription.ppsNumber","min":0,"max":"1"},"type":[{"code":"Identifier"}]},{"id":"BePhysiotherapyPrescription.ppsRejectionReason","path":"BePhysiotherapyPrescription.ppsRejectionReason","short":"Reason for not following the PPS suggestion","definition":"Reason for not following the PPS suggestion","min":0,"max":"1","base":{"path":"BeReferralPrescription.ppsRejectionReason","min":0,"max":"1"},"type":[{"code":"Annotation"}]},{"id":"BePhysiotherapyPrescription.requisition","path":"BePhysiotherapyPrescription.requisition","short":"An identifier for the bundle this prescription belongs to. The type of bundle can be indicated in the type of the identifier","definition":"An identifier for the bundle this prescription belongs to. The type of bundle can be indicated in the type of the identifier","min":0,"max":"1","base":{"path":"BeReferralPrescription.requisition","min":0,"max":"1"},"type":[{"code":"Identifier"}]},{"id":"BePhysiotherapyPrescription.basedOn","path":"BePhysiotherapyPrescription.basedOn","short":"The original request or prescription triggered this prescription","definition":"The original request or prescription that is the reason for this request - for example when a detailed request is created by a broader request.","min":0,"max":"*","base":{"path":"BeReferralPrescription.basedOn","min":0,"max":"*"},"type":[{"code":"Reference"}]},{"id":"BePhysiotherapyPrescription.validitionPeriod","path":"BePhysiotherapyPrescription.validitionPeriod","short":"Period of validity of prescription","definition":"Period of validity of prescription","min":1,"max":"1","base":{"path":"BeReferralPrescription.validitionPeriod","min":1,"max":"1"},"type":[{"code":"Period"}]},{"id":"BePhysiotherapyPrescription.treatmentPeriod","path":"BePhysiotherapyPrescription.treatmentPeriod","short":"When this prescription is executed, available after start of execution","definition":"When this prescription is executed, available after start of execution","min":0,"max":"1","base":{"path":"BeReferralPrescription.treatmentPeriod","min":0,"max":"1"},"type":[{"code":"Period"}]},{"id":"BePhysiotherapyPrescription.treatmentValidationEndDate","path":"BePhysiotherapyPrescription.treatmentValidationEndDate","short":"The latest moment to end this treatment","definition":"The latest moment to end this treatment","min":0,"max":"1","base":{"path":"BeReferralPrescription.treatmentValidationEndDate","min":0,"max":"1"},"type":[{"code":"dateTime"}]},{"id":"BePhysiotherapyPrescription.creationEndDate","path":"BePhysiotherapyPrescription.creationEndDate","short":"The prescription must have left the draft status before","definition":"The prescription must have left the draft status before","min":0,"max":"1","base":{"path":"BeReferralPrescription.creationEndDate","min":0,"max":"1"},"type":[{"code":"dateTime"}]},{"id":"BePhysiotherapyPrescription.intendedPerformer","path":"BePhysiotherapyPrescription.intendedPerformer","short":"The intended provider, i.e. who is expected to perform the procedure - a specific person or a speciality","definition":"The intended provider, i.e. who is expected to perform the procedure - a specific person or a speciality","min":0,"max":"*","base":{"path":"BeReferralPrescription.intendedPerformer","min":0,"max":"*"},"type":[{"code":"BackboneElement"}]},{"id":"BePhysiotherapyPrescription.intendedPerformer.performer","path":"BePhysiotherapyPrescription.intendedPerformer.performer","short":"A reference to the provider party (e.g. a NIHDI number for a healthcare professional, a SSIN or only a displaystring for a non professional caregiver,...)","definition":"A reference to the provider party (e.g. a NIHDI number for a healthcare professional, a SSIN or only a displaystring for a non professional caregiver,...)","min":0,"max":"*","base":{"path":"BeReferralPrescription.intendedPerformer.performer","min":0,"max":"*"},"type":[{"code":"Reference"}]},{"id":"BePhysiotherapyPrescription.intendedPerformer.discipline","path":"BePhysiotherapyPrescription.intendedPerformer.discipline","short":"The required discipline of the provider party","definition":"The required discipline of the provider party","min":1,"max":"1","base":{"path":"BeReferralPrescription.intendedPerformer.discipline","min":1,"max":"1"},"type":[{"code":"CodeableConcept"}]},{"id":"BePhysiotherapyPrescription.intendedPerformer.period","path":"BePhysiotherapyPrescription.intendedPerformer.period","short":"Start and enddate for the particular provider","definition":"Start and enddate for the particular provider","min":1,"max":"1","base":{"path":"BeReferralPrescription.intendedPerformer.period","min":1,"max":"1"},"type":[{"code":"Period"}]},{"id":"BePhysiotherapyPrescription.intendedPerformer.organization","path":"BePhysiotherapyPrescription.intendedPerformer.organization","short":"Reference to an organization that will add the performer","definition":"Reference to an organization that will add the performer","min":0,"max":"1","base":{"path":"BeReferralPrescription.intendedPerformer.organization","min":0,"max":"1"},"type":[{"code":"Reference"}]},{"id":"BePhysiotherapyPrescription.toBePerformedAfter","path":"BePhysiotherapyPrescription.toBePerformedAfter","short":"The current prescription should be performed after this one","definition":"The current prescription should be performed after this one","min":0,"max":"1","base":{"path":"BeReferralPrescription.toBePerformedAfter","min":0,"max":"1"},"type":[{"code":"Reference"}]},{"id":"BePhysiotherapyPrescription.serviceRequested","path":"BePhysiotherapyPrescription.serviceRequested","short":"What is prescribed","definition":"What is prescribed","min":1,"max":"1","base":{"path":"BeReferralPrescription.serviceRequested","min":1,"max":"1"},"type":[{"code":"CodeableConcept"}]},{"id":"BePhysiotherapyPrescription.problemCode","path":"BePhysiotherapyPrescription.problemCode","short":"The problem (code or reference) that is the main reason for this prescription","definition":"The problem (code or reference) that is the main reason for this prescription","min":1,"max":"1","base":{"path":"BeReferralPrescription.problemCode","min":1,"max":"1"},"type":[{"code":"Reference"}]},{"id":"BePhysiotherapyPrescription.supportingInfo","path":"BePhysiotherapyPrescription.supportingInfo","short":"Care Set Problem","definition":"Care Set Problem","min":0,"max":"1","base":{"path":"BeReferralPrescription.supportingInfo","min":0,"max":"1"},"type":[{"code":"Reference"}]},{"id":"BePhysiotherapyPrescription.resultReceiver","path":"BePhysiotherapyPrescription.resultReceiver","short":"True if the prescriber wants feedback. Other caregivers can be mentioned in the note","definition":"True if the prescriber wants feedback. Other caregivers can be mentioned in the note","min":0,"max":"1","base":{"path":"BeReferralPrescription.resultReceiver","min":0,"max":"1"},"type":[{"code":"boolean"}]},{"id":"BePhysiotherapyPrescription.status","path":"BePhysiotherapyPrescription.status","short":"Current status","definition":"Current status","min":0,"max":"1","base":{"path":"BeReferralPrescription.status","min":0,"max":"1"},"type":[{"code":"code"}],"binding":{"strength":"required","valueSet":"http://hl7.org/fhir/ValueSet/request-status"}},{"id":"BePhysiotherapyPrescription.statusReason","path":"BePhysiotherapyPrescription.statusReason","short":"Reason current status","definition":"Reason current status","min":0,"max":"1","base":{"path":"BeReferralPrescription.statusReason","min":0,"max":"1"},"type":[{"code":"CodeableConcept"}]},{"id":"BePhysiotherapyPrescription.treatmentStatus","path":"BePhysiotherapyPrescription.treatmentStatus","short":"Status of the treatment","definition":"Status of the treatment","min":0,"max":"1","base":{"path":"BeReferralPrescription.treatmentStatus","min":0,"max":"1"},"type":[{"code":"CodeableConcept"}]},{"id":"BePhysiotherapyPrescription.treatmentStatusReason","path":"BePhysiotherapyPrescription.treatmentStatusReason","short":"Reason treatment status","definition":"Reason treatment status","min":0,"max":"1","base":{"path":"BeReferralPrescription.treatmentStatusReason","min":0,"max":"1"},"type":[{"code":"CodeableConcept"}]},{"id":"BePhysiotherapyPrescription.bodyLocation","path":"BePhysiotherapyPrescription.bodyLocation","short":"Place where the treatment should be executed","definition":"Place where the treatment should be executed","min":0,"max":"*","base":{"path":"BeReferralPrescription.bodyLocation","min":0,"max":"*"},"type":[{"code":"BackboneElement"}]},{"id":"BePhysiotherapyPrescription.bodyLocation.bodySite","path":"BePhysiotherapyPrescription.bodyLocation.bodySite","short":"Anatomical place where the treatment should be executed","definition":"Anatomical place where the treatment should be executed","min":0,"max":"1","base":{"path":"BeReferralPrescription.bodyLocation.bodySite","min":0,"max":"1"},"type":[{"code":"CodeableConcept"}]},{"id":"BePhysiotherapyPrescription.bodyLocation.bodyLaterality","path":"BePhysiotherapyPrescription.bodyLocation.bodyLaterality","short":"Side of the body","definition":"Side of the body","min":0,"max":"1","base":{"path":"BeReferralPrescription.bodyLocation.bodyLaterality","min":0,"max":"1"},"type":[{"code":"CodeableConcept"}]},{"id":"BePhysiotherapyPrescription.note","path":"BePhysiotherapyPrescription.note","short":"Additional text notes about the request.","definition":"Additional text notes about the request.","min":0,"max":"*","base":{"path":"BeReferralPrescription.note","min":0,"max":"*"},"type":[{"code":"Annotation"}]},{"id":"BePhysiotherapyPrescription.intent","path":"BePhysiotherapyPrescription.intent","short":"Proposal, Prolongation, Prescription","definition":"Proposal, Prolongation, Prescription","min":1,"max":"1","base":{"path":"BeReferralPrescription.intent","min":1,"max":"1"},"type":[{"code":"code"}]},{"id":"BePhysiotherapyPrescription.numberOfSessions","path":"BePhysiotherapyPrescription.numberOfSessions","short":"Number of pt sessions that are prescribed","definition":"Number of pt sessions that are prescribed","min":0,"max":"1","base":{"path":"BePhysiotherapyPrescription.numberOfSessions","min":0,"max":"1"},"type":[{"code":"integer"}]}]},"differential":{"element":[{"id":"BePhysiotherapyPrescription","path":"BePhysiotherapyPrescription"},{"id":"BePhysiotherapyPrescription.numberOfSessions","path":"BePhysiotherapyPrescription.numberOfSessions","short":"Number of pt sessions that are prescribed","definition":"Number of pt sessions that are prescribed","min":0,"max":"1","type":[{"code":"integer"}]}]}}