{"resourceType":"ValueSet","id":"be-vs-nursing-medication-other","text":{"status":"generated","div":"<div xmlns=\"http://www.w3.org/1999/xhtml\"><ul><li>Include all codes defined in <code>https://www.ehealth.fgov.be/standards/fhir/CodeSystem/be-nursing-medication-other</code></li></ul></div>"},"url":"https://www.ehealth.fgov.be/standards/fhir/ValueSet/be-vs-nursing-medication-other","version":"0.2.0","name":"BeNursingMedicationOther","status":"draft","date":"2022-02-22T16:23:19+00:00","publisher":"HL7 Belgium","contact":[{"name":"HL7 Belgium","telecom":[{"system":"url","value":"http://hl7belgium.org"}]},{"name":"Message-Structure","telecom":[{"system":"email","value":"message-structure@ehealth.fgov.be","use":"work"}]}],"description":"Codes to define a type of nursing medication other.","jurisdiction":[{"coding":[{"system":"http://unstats.un.org/unsd/methods/m49/m49.htm","code":"056","display":"Belgium"}]}],"compose":{"include":[{"system":"https://www.ehealth.fgov.be/standards/fhir/CodeSystem/be-nursing-medication-other"}]}}