{"resourceType":"ValueSet","id":"be-vs-co-prescription-status","text":{"status":"extensions","div":"<div xmlns=\"http://www.w3.org/1999/xhtml\"><ul><li>Include these codes as defined in <a href=\"http://hl7.org/fhir/R4/codesystem-task-status.html\"><code>http://hl7.org/fhir/task-status</code></a><table class=\"none\"><tr><td style=\"white-space:nowrap\"><b>Code</b></td><td><b>Display</b></td><td><b>Definition</b></td></tr><tr><td><a href=\"http://hl7.org/fhir/R4/codesystem-task-status.html#task-status-requested\">requested</a></td><td>Requested</td><td>The task is ready to be acted upon and action is sought.</td></tr><tr><td><a href=\"http://hl7.org/fhir/R4/codesystem-task-status.html#task-status-accepted\">accepted</a></td><td>Accepted</td><td>The potential performer has agreed to execute the task but has not yet started work.</td></tr><tr><td><a href=\"http://hl7.org/fhir/R4/codesystem-task-status.html#task-status-rejected\">rejected</a></td><td>Rejected</td><td>The potential performer who claimed ownership of the task has decided not to execute it prior to performing any action.</td></tr></table></li></ul></div>"},"url":"https://www.ehealth.fgov.be/standards/fhir/ValueSet/be-vs-co-prescription-status","version":"0.2.0","name":"BeCoPrescriptionStatus","status":"active","date":"2022-01-17T09:35:45+00:00","publisher":"HL7 Belgium","contact":[{"name":"HL7 Belgium","telecom":[{"system":"url","value":"http://hl7belgium.org"}]},{"name":"Message-Structure","telecom":[{"system":"email","value":"message-structure@ehealth.fgov.be","use":"work"}]}],"description":"This is the status of the prescription for the coprescriber","jurisdiction":[{"coding":[{"system":"http://unstats.un.org/unsd/methods/m49/m49.htm","code":"056","display":"Belgium"}]}],"compose":{"include":[{"system":"http://hl7.org/fhir/task-status","concept":[{"code":"requested"},{"code":"accepted"},{"code":"rejected"}]}]}}