{"resourceType":"ValueSet","id":"be-vs-contrastfluid-use","text":{"status":"generated","div":"<div xmlns=\"http://www.w3.org/1999/xhtml\"><ul><li>Include all codes defined in <a href=\"CodeSystem-be-contrastfluid-use.html\"><code>https://www.ehealth.fgov.be/standards/fhir/CodeSystem/be-contrastfluid-use</code></a></li></ul></div>"},"url":"https://www.ehealth.fgov.be/standards/fhir/ValueSet/be-contrastfluid-use","version":"0.2.0","name":"BeContrastFluidUse","status":"draft","date":"2021-07-08T13:36:58+00:00","publisher":"HL7 Belgium","contact":[{"telecom":[{"system":"url","value":"http://hl7belgium.org"}]}],"description":"Codes to define the use of contrast fluid.","jurisdiction":[{"coding":[{"system":"http://unstats.un.org/unsd/methods/m49/m49.htm","code":"001"}]}],"compose":{"include":[{"system":"https://www.ehealth.fgov.be/standards/fhir/CodeSystem/be-contrastfluid-use"}]}}