{"resourceType":"ValueSet","id":"be-vs-proposal-type","text":{"status":"generated","div":"<div xmlns=\"http://www.w3.org/1999/xhtml\"><ul><li>Include all codes defined in <a href=\"CodeSystem-be-prescription-proposal-type.html\"><code>https://www.ehealth.fgov.be/standards/fhir/CodeSystem/be-prescription-proposal-type</code></a></li></ul></div>"},"url":"https://www.ehealth.fgov.be/standards/fhir/ValueSet/be-vs-proposal-type","version":"0.2.0","name":"BeVsProposalType","status":"active","date":"2022-02-23T15:34:51+00:00","publisher":"HL7 Belgium","contact":[{"name":"HL7 Belgium","telecom":[{"system":"url","value":"http://hl7belgium.org"}]},{"name":"Message-Structure","telecom":[{"system":"email","value":"message-structure@ehealth.fgov.be","use":"work"}]}],"jurisdiction":[{"coding":[{"system":"http://unstats.un.org/unsd/methods/m49/m49.htm","code":"056","display":"Belgium"}]}],"compose":{"include":[{"system":"https://www.ehealth.fgov.be/standards/fhir/CodeSystem/be-prescription-proposal-type"}]}}