{"resourceType":"ValueSet","id":"be-vs-prescription-status-reason","text":{"status":"generated","div":"<div xmlns=\"http://www.w3.org/1999/xhtml\"><ul><li>Include all codes defined in <a href=\"CodeSystem-be-prescription-status-reason.html\"><code>https://www.ehealth.fgov.be/standards/fhir/referral/CodeSystem/be-prescription-status-reason</code></a></li></ul></div>"},"url":"https://www.ehealth.fgov.be/standards/fhir/referral/ValueSet/be-vs-prescription-status-reason","version":"1.0.0","name":"BeVSPrescriptionStatusReason","title":"BeVSPrescriptionStatusReason","status":"draft","experimental":false,"date":"2023-09-29T14:04:57+00:00","description":"This is the status reason of the prescription","jurisdiction":[{"coding":[{"system":"urn:iso:std:iso:3166","code":"BE","display":"Belgium"}]}],"compose":{"include":[{"system":"https://www.ehealth.fgov.be/standards/fhir/referral/CodeSystem/be-prescription-status-reason"}]}}