{"resourceType":"ValueSet","id":"be-vs-referral-category","text":{"status":"generated","div":"<div xmlns=\"http://www.w3.org/1999/xhtml\"><ul><li>Include these codes as defined in <a href=\"http://www.snomed.org/\"><code>http://snomed.info/sct</code></a><table class=\"none\"><tr><td style=\"white-space:nowrap\"><b>Code</b></td><td><b>Display</b></td><td><b>English (English, en)</b></td><td><b>Nederlands (België) (Dutch (Belgium), nl)</b></td><td><b>French (Belgium) (fr)</b></td></tr><tr><td><a href=\"http://browser.ihtsdotools.org/?perspective=full&amp;conceptId1=363679005\">363679005</a></td><td>Imaging</td><td>Imaging</td><td>medische beeldvorming</td><td>imagerie médicale</td></tr><tr><td><a href=\"http://browser.ihtsdotools.org/?perspective=full&amp;conceptId1=91251008\">91251008</a></td><td>Physical therapy procedure</td><td>Physical therapy</td><td>kinesitherapie</td><td>kinésithérapie</td></tr><tr><td><a href=\"http://browser.ihtsdotools.org/?perspective=full&amp;conceptId1=9632001\">9632001</a></td><td>Nursing procedure</td><td>Nursing procedure</td><td>verpleegkundige procedure</td><td>procédure infirmière</td></tr><tr><td><a href=\"http://browser.ihtsdotools.org/?perspective=full&amp;conceptId1=15220000\">15220000</a></td><td>Laboratory test</td><td>Laboratory test</td><td>laboratorium test</td><td>test de laboratoire</td></tr></table></li></ul></div>"},"url":"https://www.ehealth.fgov.be/standards/fhir/ValueSet/be-referral-category","version":"0.2.0","name":"BeReferralCategory","status":"draft","date":"2021-07-08T14:33:23+00:00","publisher":"HL7 Belgium","contact":[{"telecom":[{"system":"url","value":"http://hl7belgium.org"}]}],"description":"Codes to define the high level category for a referral prescription. SNOMED-CT codes in this valueset are just a draft proposal to give a general idea - pending an official valueset.","jurisdiction":[{"coding":[{"system":"http://unstats.un.org/unsd/methods/m49/m49.htm","code":"001"}]}],"compose":{"include":[{"system":"http://snomed.info/sct","concept":[{"code":"363679005","display":"Imaging","designation":[{"use":{"system":"http://snomed.info/sct","code":"900000000000003001","display":"Fully specified name"},"value":"Imaging (procedure)"},{"language":"en","value":"Imaging"},{"language":"nl-BE","value":"medische beeldvorming"},{"language":"fr-BE","value":"imagerie médicale"}]},{"code":"91251008","display":"Physical therapy procedure","designation":[{"use":{"system":"http://snomed.info/sct","code":"900000000000003001","display":"Fully specified name"},"value":"Physical therapy procedure (regime/therapy)"},{"language":"en","value":"Physical therapy"},{"language":"nl-BE","value":"kinesitherapie"},{"language":"fr-BE","value":"kinésithérapie"}]},{"code":"9632001","display":"Nursing procedure","designation":[{"use":{"system":"http://snomed.info/sct","code":"900000000000003001","display":"Fully specified name"},"value":"Nursing procedure (procedure)"},{"language":"en","value":"Nursing procedure"},{"language":"nl-BE","value":"verpleegkundige procedure"},{"language":"fr-BE","value":"procédure infirmière"}]},{"code":"15220000","display":"Laboratory test","designation":[{"use":{"system":"http://snomed.info/sct","code":"900000000000003001","display":"Fully specified name"},"value":"Laboratory test (procedure)"},{"language":"en","value":"Laboratory test"},{"language":"nl-BE","value":"laboratorium test"},{"language":"fr-BE","value":"test de laboratoire"}]}]}]}}