{
  "resourceType" : "CodeSystem",
  "id" : "be-treatment-status-reason",
  "text" : {
    "status" : "generated",
    "div" : "<div xmlns=\"http://www.w3.org/1999/xhtml\">Placeholder</div>"
  },
  "url" : "https://www.ehealth.fgov.be/standards/fhir/referral/CodeSystem/be-treatment-status-reason",
  "version" : "1.0.0",
  "name" : "BeTreatmentStatusReason",
  "title" : "BeTreatmentStatusReason",
  "status" : "draft",
  "experimental" : false,
  "date" : "2023-09-01T06:47:50+00:00",
  "description" : "Status reason for the treatment. Initially defined as supporting CodeSystem for the referral prescription.",
  "jurisdiction" : [{
    "coding" : [{
      "system" : "urn:iso:std:iso:3166",
      "code" : "BE",
      "display" : "Belgium"
    }]
  }],
  "caseSensitive" : false,
  "content" : "complete",
  "count" : 3,
  "concept" : [{
    "code" : "stoppedtemporarily",
    "display" : "Stopped temporarily"
  },
  {
    "code" : "blacklistedcaregiver",
    "display" : "Blacklisted Caregiver"
  },
  {
    "code" : "blacklistedprescriber",
    "display" : "Blacklisted Prescriber"
  }]
}