{
  "resourceType": "CodeSystem",
  "id": "be-nursing-medication-category",
  "text": {
    "status": "generated",
    "div": "<div xmlns=\"http://www.w3.org/1999/xhtml\"><p>This code system https://www.ehealth.fgov.be/standards/fhir/CodeSystem/be-nursing-medication-category defines the following codes:</p><table class=\"codes\"><tr><td style=\"white-space:nowrap\"><b>Code</b></td><td><b>Display</b></td></tr><tr><td style=\"white-space:nowrap\">eyedrops-ointment-post-oper<a name=\"be-nursing-medication-category-eyedrops-ointment-post-oper\"> </a></td><td>eyedrops ointment post oper</td></tr><tr><td style=\"white-space:nowrap\">eyedrops-ointment-not-post-oper<a name=\"be-nursing-medication-category-eyedrops-ointment-not-post-oper\"> </a></td><td>eyedrops ointment not post oper</td></tr><tr><td style=\"white-space:nowrap\">oral<a name=\"be-nursing-medication-category-oral\"> </a></td><td>oral</td></tr><tr><td style=\"white-space:nowrap\">rectal<a name=\"be-nursing-medication-category-rectal\"> </a></td><td>rectal</td></tr><tr><td style=\"white-space:nowrap\">vaginal<a name=\"be-nursing-medication-category-vaginal\"> </a></td><td>vaginal</td></tr><tr><td style=\"white-space:nowrap\">pulmonary<a name=\"be-nursing-medication-category-pulmonary\"> </a></td><td>pulmonary</td></tr><tr><td style=\"white-space:nowrap\">nasal<a name=\"be-nursing-medication-category-nasal\"> </a></td><td>nasal</td></tr><tr><td style=\"white-space:nowrap\">auricular<a name=\"be-nursing-medication-category-auricular\"> </a></td><td>auricular</td></tr><tr><td style=\"white-space:nowrap\">other<a name=\"be-nursing-medication-category-other\"> </a></td><td>other</td></tr></table><p><b>Additional Language Displays</b></p><table class=\"codes\"><tr><td><b>Code</b></td><td><b>English (English, en)</b></td><td><b>French (fr)</b></td><td><b>Nederlands (Dutch, nl)</b></td></tr><tr><td>eyedrops-ointment-post-oper</td><td>Eyedrops or ointment post operation</td><td>Applic gouttes ou pommade ophta phase post-op</td><td>Aanbrengen oogdruppels of oogzalf postoperatieve</td></tr><tr><td>eyedrops-ointment-not-post-oper</td><td>Eyedrops or ointment not post operation</td><td>Applic gouttes ou pommade ophta phase (non phase post-op)</td><td>Aanbrengen oogdruppels of oogzalf (niet postoperatieve)</td></tr><tr><td>oral</td><td>Oral medication</td><td>Per os</td><td>Orale medicatie</td></tr><tr><td>rectal</td><td>Rectal</td><td>Rectal</td><td>Rectaal</td></tr><tr><td>vaginal</td><td>Vaginal</td><td>Vaginal</td><td>Vaginaal</td></tr><tr><td>pulmonary</td><td>Pulmonary</td><td>Pulmonaire</td><td>Longen</td></tr><tr><td>nasal</td><td>Nasal</td><td>Nasal</td><td>Neus</td></tr><tr><td>auricular</td><td>Auricular</td><td>Auriculaire</td><td>Auriculaire</td></tr><tr><td>other</td><td>Other</td><td>Autre</td><td>Andere</td></tr></table></div>"
  },
  "url": "https://www.ehealth.fgov.be/standards/fhir/CodeSystem/be-nursing-medication-category",
  "version": "0.2.0",
  "name": "BeNursingMedicationCategory",
  "title": "BeNursingMedicationCategory",
  "status": "draft",
  "experimental": false,
  "date": "2021-09-21T15:01:56+00:00",
  "publisher": "HL7 Belgium",
  "contact": [
    {
      "name": "HL7 Belgium",
      "telecom": [
        {
          "system": "url",
          "value": "http://hl7belgium.org"
        }
      ]
    },
    {
      "name": "Bart Decuypere",
      "telecom": [
        {
          "system": "email",
          "value": "bart.decuypere@ehealth.fgov.be",
          "use": "work"
        }
      ]
    }
  ],
  "description": "Nursing codes in Belgium. To define details in nursing activities for the medication category. Initially defined as supporting CodeSystem for the referral prescription.",
  "jurisdiction": [
    {
      "coding": [
        {
          "system": "http://unstats.un.org/unsd/methods/m49/m49.htm",
          "code": "001",
          "display": "World"
        }
      ]
    }
  ],
  "caseSensitive": false,
  "content": "complete",
  "concept": [
    {
      "code": "eyedrops-ointment-post-oper",
      "display": "eyedrops ointment post oper",
      "designation": [
        {
          "language": "en",
          "value": "Eyedrops or ointment post operation"
        },
        {
          "language": "nl",
          "value": "Aanbrengen oogdruppels of oogzalf postoperatieve"
        },
        {
          "language": "fr",
          "value": "Applic gouttes ou pommade ophta phase post-op"
        }
      ]
    },
    {
      "code": "eyedrops-ointment-not-post-oper",
      "display": "eyedrops ointment not post oper",
      "designation": [
        {
          "language": "en",
          "value": "Eyedrops or ointment not post operation"
        },
        {
          "language": "nl",
          "value": "Aanbrengen oogdruppels of oogzalf (niet postoperatieve)"
        },
        {
          "language": "fr",
          "value": "Applic gouttes ou pommade ophta phase (non phase post-op)"
        }
      ]
    },
    {
      "code": "oral",
      "display": "oral",
      "designation": [
        {
          "language": "en",
          "value": "Oral medication"
        },
        {
          "language": "nl",
          "value": "Orale medicatie"
        },
        {
          "language": "fr",
          "value": "Per os"
        }
      ]
    },
    {
      "code": "rectal",
      "display": "rectal",
      "designation": [
        {
          "language": "en",
          "value": "Rectal"
        },
        {
          "language": "nl",
          "value": "Rectaal"
        },
        {
          "language": "fr",
          "value": "Rectal"
        }
      ]
    },
    {
      "code": "vaginal",
      "display": "vaginal",
      "designation": [
        {
          "language": "en",
          "value": "Vaginal"
        },
        {
          "language": "nl",
          "value": "Vaginaal"
        },
        {
          "language": "fr",
          "value": "Vaginal"
        }
      ]
    },
    {
      "code": "pulmonary",
      "display": "pulmonary",
      "designation": [
        {
          "language": "en",
          "value": "Pulmonary"
        },
        {
          "language": "nl",
          "value": "Longen"
        },
        {
          "language": "fr",
          "value": "Pulmonaire"
        }
      ]
    },
    {
      "code": "nasal",
      "display": "nasal",
      "designation": [
        {
          "language": "en",
          "value": "Nasal"
        },
        {
          "language": "nl",
          "value": "Neus"
        },
        {
          "language": "fr",
          "value": "Nasal"
        }
      ]
    },
    {
      "code": "auricular",
      "display": "auricular",
      "designation": [
        {
          "language": "en",
          "value": "Auricular"
        },
        {
          "language": "nl",
          "value": "Auriculaire"
        },
        {
          "language": "fr",
          "value": "Auriculaire"
        }
      ]
    },
    {
      "code": "other",
      "display": "other",
      "designation": [
        {
          "language": "en",
          "value": "Other"
        },
        {
          "language": "nl",
          "value": "Andere"
        },
        {
          "language": "fr",
          "value": "Autre"
        }
      ]
    }
  ]
}