{
  "resourceType" : "CodeSystem",
  "id" : "be-cs-co-prescriber-choice",
  "text" : {
    "status" : "generated",
    "div" : "<div xmlns=\"http://www.w3.org/1999/xhtml\"><p>This case-insensitive code system <code>https://www.ehealth.fgov.be/standards/fhir/referral/CodeSystem/be-cs-co-prescriber-choice</code> defines the following codes:</p><table class=\"codes\"><tr><td style=\"white-space:nowrap\"><b>Code</b></td><td><b>Display</b></td></tr><tr><td style=\"white-space:nowrap\">mandatory<a name=\"be-cs-co-prescriber-choice-mandatory\"> </a></td><td>The co-prescriber must sign</td></tr><tr><td style=\"white-space:nowrap\">one-of-mandatory<a name=\"be-cs-co-prescriber-choice-one-of-mandatory\"> </a></td><td>The signature of the co-prescriber counts in the number of required signatures, but not blocking</td></tr><tr><td style=\"white-space:nowrap\">recommended<a name=\"be-cs-co-prescriber-choice-recommended\"> </a></td><td>The signature of the co-prescriber is recommended, but not blocking</td></tr></table></div>"
  },
  "url" : "https://www.ehealth.fgov.be/standards/fhir/referral/CodeSystem/be-cs-co-prescriber-choice",
  "version" : "1.0.0",
  "name" : "BeCSCoPrescriberChoice",
  "title" : "BeCSCoPrescriberChoice",
  "status" : "draft",
  "experimental" : false,
  "date" : "2022-05-03T10:04:16+02:00",
  "publisher" : "HL7 Belgium",
  "contact" : [{
    "name" : "HL7 Belgium",
    "telecom" : [{
      "system" : "url",
      "value" : "http://hl7belgium.org"
    }]
  },
  {
    "name" : "Message-Structure",
    "telecom" : [{
      "system" : "email",
      "value" : "message-structure@ehealth.fgov.be",
      "use" : "work"
    }]
  }],
  "description" : "Type of intended performer choice",
  "jurisdiction" : [{
    "coding" : [{
      "system" : "urn:iso:std:iso:3166",
      "code" : "BE",
      "display" : "Belgium"
    }]
  }],
  "caseSensitive" : false,
  "content" : "complete",
  "count" : 3,
  "concept" : [{
    "code" : "mandatory",
    "display" : "The co-prescriber must sign"
  },
  {
    "code" : "one-of-mandatory",
    "display" : "The signature of the co-prescriber counts in the number of required signatures, but not blocking"
  },
  {
    "code" : "recommended",
    "display" : "The signature of the co-prescriber is recommended, but not blocking"
  }]
}