{
  "resourceType" : "CodeSystem",
  "id" : "be-nursing-annex81-inadequate-adherence-link",
  "text" : {
    "status" : "generated",
    "div" : "<div xmlns=\"http://www.w3.org/1999/xhtml\"><p>This code system <code>https://www.ehealth.fgov.be/standards/fhir/referral/CodeSystem/be-nursing-annex81-inadequate-adherence-link</code> defines the following codes:</p><table class=\"codes\"><tr><td style=\"white-space:nowrap\"><b>Code</b></td><td><b>Display</b></td></tr><tr><td style=\"white-space:nowrap\">dementia<a name=\"be-nursing-annex81-inadequate-adherence-link-dementia\"> </a></td><td>Dementia: the diagnosis of dementia was established by a physician</td></tr><tr><td style=\"white-space:nowrap\">visual-defects<a name=\"be-nursing-annex81-inadequate-adherence-link-visual-defects\"> </a></td><td>Uncorrected Visual Defects</td></tr><tr><td style=\"white-space:nowrap\">temporary-deficit<a name=\"be-nursing-annex81-inadequate-adherence-link-temporary-deficit\"> </a></td><td>A temporary motor deficit of one or both upper limbs that makes it impossible to manipulate the packs</td></tr><tr><td style=\"white-space:nowrap\">definitive-deficit<a name=\"be-nursing-annex81-inadequate-adherence-link-definitive-deficit\"> </a></td><td>A definitive motor deficit of one or both upper limbs that makes it impossible to manipulate the packs</td></tr><tr><td style=\"white-space:nowrap\">complex-medication<a name=\"be-nursing-annex81-inadequate-adherence-link-complex-medication\"> </a></td><td>A complex medication: intake of at least 5 different molecules per day divided over at least 3 intakes per day</td></tr></table><p><b>Additional Language Displays</b></p><table class=\"codes\"><tr><td><b>Code</b></td><td><b>English (English, en)</b></td><td><b>French (Belgium) (fr)</b></td><td><b>Nederlands (België) (Dutch (Belgium), nl)</b></td></tr><tr><td>dementia</td><td>Dementia: the diagnosis of dementia was established by a physician</td><td>Démence : le diagnostic de démence a été établi par un médecin</td><td>Dementie: de diagnose van dementie werd vastgesteld door een geneesheer</td></tr><tr><td>visual-defects</td><td>Uncorrected Visual Defects</td><td>Défauts visuels non corrigés</td><td>Niet gecorrigeerde visuele gebreken</td></tr><tr><td>temporary-deficit</td><td>A temporary motor deficit of one or both upper limbs that makes it impossible to manipulate the packs</td><td>Un déficit moteur temporaire d'un ou des deux membres supérieurs rendant impossible la manipulation des packs</td><td>Een tijdelijk motorisch gebrek van een of beide bovenste ledematen dat de manipulatie van de verpakkingen onmogelijk maakt</td></tr><tr><td>definitive-deficit</td><td>A definitive motor deficit of one or both upper limbs that makes it impossible to manipulate the packs</td><td>Un déficit moteur définitif d'un ou des deux membres supérieurs rendant impossible la manipulation des packs</td><td>Een definitief motorisch gebrek van een of beide bovenste ledematen dat de manipulatie van de verpakkingen onmogelijk maakt</td></tr><tr><td>complex-medication</td><td>A complex medication: intake of at least 5 different molecules per day divided over at least 3 intakes per day</td><td>Un médicament complexe : prise d'au moins 5 molécules différentes par jour réparties sur au moins 3 prises par jour</td><td>Een complexe medicatie: inname van minimum 5 verschillende moleculen per dag verdeeld over tenminste 3 innames per dag</td></tr></table></div>"
  },
  "url" : "https://www.ehealth.fgov.be/standards/fhir/referral/CodeSystem/be-nursing-annex81-inadequate-adherence-link",
  "version" : "0.2.0",
  "name" : "BeNursingAnnex81InadequateAdherenceLink",
  "title" : "BeNursingAnnex81InadequateAdherenceLink",
  "status" : "draft",
  "experimental" : false,
  "date" : "2021-10-18T15:14:36+02:00",
  "publisher" : "HL7 Belgium",
  "contact" : [{
    "name" : "HL7 Belgium",
    "telecom" : [{
      "system" : "url",
      "value" : "http://hl7belgium.org"
    }]
  },
  {
    "name" : "Message-Structure",
    "telecom" : [{
      "system" : "email",
      "value" : "message-structure@ehealth.fgov.be",
      "use" : "work"
    }]
  }],
  "description" : "Nursing codes in Belgium. To define details in nursing activities for the annex 81 diagnostics of inadequate adherence. Initially defined as supporting CodeSystem for the referral prescription.",
  "jurisdiction" : [{
    "coding" : [{
      "system" : "urn:iso:std:iso:3166",
      "code" : "BE",
      "display" : "Belgium"
    }]
  }],
  "caseSensitive" : false,
  "content" : "complete",
  "count" : 5,
  "concept" : [{
    "code" : "dementia",
    "display" : "Dementia: the diagnosis of dementia was established by a physician",
    "designation" : [{
      "language" : "nl-BE",
      "value" : "Dementie: de diagnose van dementie werd vastgesteld door een geneesheer"
    },
    {
      "language" : "fr-BE",
      "value" : "Démence : le diagnostic de démence a été établi par un médecin"
    },
    {
      "language" : "en",
      "value" : "Dementia: the diagnosis of dementia was established by a physician"
    }]
  },
  {
    "code" : "visual-defects",
    "display" : "Uncorrected Visual Defects",
    "designation" : [{
      "language" : "nl-BE",
      "value" : "Niet gecorrigeerde visuele gebreken"
    },
    {
      "language" : "fr-BE",
      "value" : "Défauts visuels non corrigés"
    },
    {
      "language" : "en",
      "value" : "Uncorrected Visual Defects"
    }]
  },
  {
    "code" : "temporary-deficit",
    "display" : "A temporary motor deficit of one or both upper limbs that makes it impossible to manipulate the packs",
    "designation" : [{
      "language" : "nl-BE",
      "value" : "Een tijdelijk motorisch gebrek van een of beide bovenste ledematen dat de manipulatie van de verpakkingen onmogelijk maakt"
    },
    {
      "language" : "fr-BE",
      "value" : "Un déficit moteur temporaire d'un ou des deux membres supérieurs rendant impossible la manipulation des packs"
    },
    {
      "language" : "en",
      "value" : "A temporary motor deficit of one or both upper limbs that makes it impossible to manipulate the packs"
    }]
  },
  {
    "code" : "definitive-deficit",
    "display" : "A definitive motor deficit of one or both upper limbs that makes it impossible to manipulate the packs",
    "designation" : [{
      "language" : "nl-BE",
      "value" : "Een definitief motorisch gebrek van een of beide bovenste ledematen dat de manipulatie van de verpakkingen onmogelijk maakt"
    },
    {
      "language" : "fr-BE",
      "value" : "Un déficit moteur définitif d'un ou des deux membres supérieurs rendant impossible la manipulation des packs"
    },
    {
      "language" : "en",
      "value" : "A definitive motor deficit of one or both upper limbs that makes it impossible to manipulate the packs"
    }]
  },
  {
    "code" : "complex-medication",
    "display" : "A complex medication: intake of at least 5 different molecules per day divided over at least 3 intakes per day",
    "designation" : [{
      "language" : "nl-BE",
      "value" : "Een complexe medicatie: inname van minimum 5 verschillende moleculen per dag verdeeld over tenminste 3 innames per dag"
    },
    {
      "language" : "fr-BE",
      "value" : "Un médicament complexe : prise d'au moins 5 molécules différentes par jour réparties sur au moins 3 prises par jour"
    },
    {
      "language" : "en",
      "value" : "A complex medication: intake of at least 5 different molecules per day divided over at least 3 intakes per day"
    }]
  }]
}