{
  "resourceType": "CodeSystem",
  "id": "codesystem-be-type-of-bladder-care",
  "text": {
    "status": "generated",
    "div": "<div xmlns=\"http://www.w3.org/1999/xhtml\"><p>This code system https://www.ehealth.fgov.be/standards/fhir/CodeSystem/be-cs-type-of-bladder-care defines the following codes:</p><table class=\"codes\"><tr><td style=\"white-space:nowrap\"><b>Code</b></td><td><b>Display</b></td></tr><tr><td style=\"white-space:nowrap\">bladder-probe-indwelling<a name=\"codesystem-be-type-of-bladder-care-bladder-probe-indwelling\"> </a></td><td>bladder-probe-indwelling</td></tr><tr><td style=\"white-space:nowrap\">bladder-probe-in-out<a name=\"codesystem-be-type-of-bladder-care-bladder-probe-in-out\"> </a></td><td>Bladder probe in/out</td></tr><tr><td style=\"white-space:nowrap\">bladder-instillation<a name=\"codesystem-be-type-of-bladder-care-bladder-instillation\"> </a></td><td>bladder-instillation</td></tr><tr><td style=\"white-space:nowrap\">bladder-flushing<a name=\"codesystem-be-type-of-bladder-care-bladder-flushing\"> </a></td><td>bladder-flushing</td></tr><tr><td style=\"white-space:nowrap\">suprapubic-probe<a name=\"codesystem-be-type-of-bladder-care-suprapubic-probe\"> </a></td><td>suprapubic-probe</td></tr></table><p><b>Additional Language Displays</b></p><table class=\"codes\"><tr><td><b>Code</b></td><td><b>French (fr)</b></td><td><b>Nederlands (Dutch, nl)</b></td></tr><tr><td>bladder-probe-indwelling</td><td>Sondage vésical - à demeure</td><td>Blaassondage - verblijf</td></tr><tr><td>bladder-probe-in-out</td><td>Sondage vésical - in/out</td><td>Blaassondage - intermittent</td></tr><tr><td>bladder-instillation</td><td>Instillation vésicale</td><td>Blaasinstillatie</td></tr><tr><td>bladder-flushing</td><td>Lavage de vessie</td><td>Blaasspoeling</td></tr><tr><td>suprapubic-probe</td><td>Sonde sus-pubienne</td><td>Suprapubische sonde</td></tr></table></div>"
  },
  "url": "https://www.ehealth.fgov.be/standards/fhir/CodeSystem/be-cs-type-of-bladder-care",
  "version": "0.2.0",
  "name": "BeBladderCareType",
  "title": "BeBladderCareType",
  "status": "draft",
  "experimental": false,
  "date": "2021-07-14T13:44:12+00:00",
  "publisher": "HL7 Belgium",
  "contact": [
    {
      "telecom": [
        {
          "system": "url",
          "value": "http://hl7belgium.org"
        }
      ]
    }
  ],
  "description": "Type of bladder care.",
  "jurisdiction": [
    {
      "coding": [
        {
          "system": "http://unstats.un.org/unsd/methods/m49/m49.htm",
          "code": "001"
        }
      ]
    }
  ],
  "caseSensitive": false,
  "content": "complete",
  "concept": [
    {
      "code": "bladder-probe-indwelling",
      "display": "bladder-probe-indwelling",
      "designation": [
        {
          "language": "nl",
          "value": "Blaassondage - verblijf"
        },
        {
          "language": "fr",
          "value": "Sondage vésical - à demeure"
        }
      ]
    },
    {
      "code": "bladder-probe-in-out",
      "display": "Bladder probe in/out",
      "designation": [
        {
          "language": "nl",
          "value": "Blaassondage - intermittent"
        },
        {
          "language": "fr",
          "value": "Sondage vésical - in/out"
        }
      ]
    },
    {
      "code": "bladder-instillation",
      "display": "bladder-instillation",
      "designation": [
        {
          "language": "nl",
          "value": "Blaasinstillatie"
        },
        {
          "language": "fr",
          "value": "Instillation vésicale"
        }
      ]
    },
    {
      "code": "bladder-flushing",
      "display": "bladder-flushing",
      "designation": [
        {
          "language": "nl",
          "value": "Blaasspoeling"
        },
        {
          "language": "fr",
          "value": "Lavage de vessie"
        }
      ]
    },
    {
      "code": "suprapubic-probe",
      "display": "suprapubic-probe",
      "designation": [
        {
          "language": "nl",
          "value": "Suprapubische sonde"
        },
        {
          "language": "fr",
          "value": "Sonde sus-pubienne"
        }
      ]
    }
  ]
}