{
  "resourceType": "CodeSystem",
  "id": "be-status-reason",
  "text": {
    "status": "generated",
    "div": "<div xmlns=\"http://www.w3.org/1999/xhtml\"><p>This code system <code>https://www.ehealth.fgov.be/standards/fhir/referral/CodeSystem/be-status-reason</code> defines the following codes:</p><table class=\"codes\"><tr><td style=\"white-space:nowrap\"><b>Code</b></td></tr><tr><td style=\"white-space:nowrap\">other<a name=\"be-status-reason-other\"> </a></td></tr></table><p><b>Additional Language Displays</b></p><table class=\"codes\"><tr><td><b>Code</b></td><td><b>English (English, en)</b></td></tr><tr><td>other</td><td>Other</td></tr></table></div>"
  },
  "url": "https://www.ehealth.fgov.be/standards/fhir/referral/CodeSystem/be-status-reason",
  "version": "0.2.0",
  "name": "BeStatusReason",
  "title": "BeStatusReason",
  "status": "draft",
  "experimental": false,
  "date": "2021-10-07T15:14:36+02:00",
  "publisher": "HL7 Belgium",
  "contact": [
    {
      "name": "HL7 Belgium",
      "telecom": [
        {
          "system": "url",
          "value": "http://hl7belgium.org"
        }
      ]
    },
    {
      "name": "Message-Structure",
      "telecom": [
        {
          "system": "email",
          "value": "message-structure@ehealth.fgov.be",
          "use": "work"
        }
      ]
    }
  ],
  "description": "Status reason in Belgium. Initially defined as supporting CodeSystem for the referral prescription.",
  "jurisdiction": [
    {
      "coding": [
        {
          "system": "urn:iso:std:iso:3166",
          "code": "BE",
          "display": "Belgium"
        }
      ]
    }
  ],
  "caseSensitive": false,
  "content": "complete",
  "count": 1,
  "concept": [
    {
      "code": "other",
      "display": "other",
      "designation": [
        {
          "language": "en",
          "value": "Other"
        }
      ]
    }
  ]
}