{
  "resourceType" : "CodeSystem",
  "id" : "be-cs-temp-requested-service",
  "text" : {
    "status" : "generated",
    "div" : "<div xmlns=\"http://www.w3.org/1999/xhtml\"><p>This code system <code>https://www.ehealth.fgov.be/standards/fhir/referral/CodeSystem/be-cs-temp-requested-service</code> defines the following codes:</p><table class=\"codes\"><tr><td style=\"white-space:nowrap\"><b>Code</b></td><td><b>Display</b></td></tr><tr><td style=\"white-space:nowrap\">tmp-prep-x081-2<a name=\"be-cs-temp-requested-service-tmp-prep-x081-2\"> </a></td><td>Preparing medication_Appendix 81</td></tr><tr><td style=\"white-space:nowrap\">tmp-prep-ient-8<a name=\"be-cs-temp-requested-service-tmp-prep-ient-8\"> </a></td><td>Preparation and medication administration in the psychiatric patient</td></tr><tr><td style=\"white-space:nowrap\">tmp-prep-rsed-5<a name=\"be-cs-temp-requested-service-tmp-prep-rsed-5\"> </a></td><td>Preparing medication_not reimbursed</td></tr><tr><td style=\"white-space:nowrap\">tmp-diab-tion-8<a name=\"be-cs-temp-requested-service-tmp-diab-tion-8\"> </a></td><td>Diabetes education</td></tr><tr><td style=\"white-space:nowrap\">tmp-samp-tion-7<a name=\"be-cs-temp-requested-service-tmp-samp-tion-7\"> </a></td><td>Sample collection</td></tr><tr><td style=\"white-space:nowrap\">tmp-glyc-eter-2<a name=\"be-cs-temp-requested-service-tmp-glyc-eter-2\"> </a></td><td>Glycemic control with glucometer</td></tr><tr><td style=\"white-space:nowrap\">tmp-bloo-ting-2<a name=\"be-cs-temp-requested-service-tmp-bloo-ting-2\"> </a></td><td>Bloodletting</td></tr><tr><td style=\"white-space:nowrap\">tmp-drug-tion-9<a name=\"be-cs-temp-requested-service-tmp-drug-tion-9\"> </a></td><td>Drug administration</td></tr><tr><td style=\"white-space:nowrap\">tmp-hygi-care-3<a name=\"be-cs-temp-requested-service-tmp-hygi-care-3\"> </a></td><td>Hygienic care</td></tr><tr><td style=\"white-space:nowrap\">tmp-chro-ysis-1<a name=\"be-cs-temp-requested-service-tmp-chro-ysis-1\"> </a></td><td>Chronic home dialysis</td></tr><tr><td style=\"white-space:nowrap\">tmp-cont-ters-8<a name=\"be-cs-temp-requested-service-tmp-cont-ters-8\"> </a></td><td>Control parameters</td></tr><tr><td style=\"white-space:nowrap\">tmp-aspi-ways-8<a name=\"be-cs-temp-requested-service-tmp-aspi-ways-8\"> </a></td><td>Aspiration airways</td></tr><tr><td style=\"white-space:nowrap\">tmp-use0-tion-9<a name=\"be-cs-temp-requested-service-tmp-use0-tion-9\"> </a></td><td>Use and supervision of home ventilation</td></tr><tr><td style=\"white-space:nowrap\">tmp-oxyg-tion-1<a name=\"be-cs-temp-requested-service-tmp-oxyg-tion-1\"> </a></td><td>Oxygen administration</td></tr><tr><td style=\"white-space:nowrap\">tmp-repl-tomy-0<a name=\"be-cs-temp-requested-service-tmp-repl-tomy-0\"> </a></td><td>replace tracheostomy</td></tr><tr><td style=\"white-space:nowrap\">tmp-clea-tomy-8<a name=\"be-cs-temp-requested-service-tmp-clea-tomy-8\"> </a></td><td>clean tracheostomy</td></tr><tr><td style=\"white-space:nowrap\">tmp-remo-omas-0<a name=\"be-cs-temp-requested-service-tmp-remo-omas-0\"> </a></td><td>removal of fecalomas</td></tr><tr><td style=\"white-space:nowrap\">tmp-colo-tion-8<a name=\"be-cs-temp-requested-service-tmp-colo-tion-8\"> </a></td><td>colonic irrigation</td></tr><tr><td style=\"white-space:nowrap\">tmp-enem-nema-5<a name=\"be-cs-temp-requested-service-tmp-enem-nema-5\"> </a></td><td>enema</td></tr><tr><td style=\"white-space:nowrap\">tmp-gast-ment-0<a name=\"be-cs-temp-requested-service-tmp-gast-ment-0\"> </a></td><td>gastrointestinal tubing and drainage: gastric tube placement</td></tr><tr><td style=\"white-space:nowrap\">tmp-gast-tube-7<a name=\"be-cs-temp-requested-service-tmp-gast-tube-7\"> </a></td><td>gastrointestinal tubing and drainage: remove gastric tube</td></tr><tr><td style=\"white-space:nowrap\">tmp-gast-tube-1<a name=\"be-cs-temp-requested-service-tmp-gast-tube-1\"> </a></td><td>gastrointestinal tubing and drainage: monitoring gastric tube</td></tr><tr><td style=\"white-space:nowrap\">tmp-gast-sing-5<a name=\"be-cs-temp-requested-service-tmp-gast-sing-5\"> </a></td><td>gastrointestinal tubing and drainage: rinsing</td></tr><tr><td style=\"white-space:nowrap\">tmp-perc-move-7<a name=\"be-cs-temp-requested-service-tmp-perc-move-7\"> </a></td><td>percutaneous gastrostomy tube: remove</td></tr><tr><td style=\"white-space:nowrap\">tmp-perc-tion-6<a name=\"be-cs-temp-requested-service-tmp-perc-tion-6\"> </a></td><td>percutaneous gastrostomy tube: replacement after fistula formation</td></tr><tr><td style=\"white-space:nowrap\">tmp-perc-sion-2<a name=\"be-cs-temp-requested-service-tmp-perc-sion-2\"> </a></td><td>percutaneous gastrostomy tube: supervision</td></tr><tr><td style=\"white-space:nowrap\">tmp-perc-inse-2<a name=\"be-cs-temp-requested-service-tmp-perc-inse-2\"> </a></td><td>percutal gastrostomy tube: rinse</td></tr><tr><td style=\"white-space:nowrap\">tmp-vagi-inse-3<a name=\"be-cs-temp-requested-service-tmp-vagi-inse-3\"> </a></td><td>vaginal rinse</td></tr><tr><td style=\"white-space:nowrap\">tmp-asep-care-9<a name=\"be-cs-temp-requested-service-tmp-asep-care-9\"> </a></td><td>aseptic vulvar care</td></tr><tr><td style=\"white-space:nowrap\">tmp-inte-tion-6<a name=\"be-cs-temp-requested-service-tmp-inte-tion-6\"> </a></td><td>intermittent bladder catheterization</td></tr><tr><td style=\"white-space:nowrap\">tmp-remo-tube-9<a name=\"be-cs-temp-requested-service-tmp-remo-tube-9\"> </a></td><td>remove bladder tube</td></tr><tr><td style=\"white-space:nowrap\">tmp-repl-tube-0<a name=\"be-cs-temp-requested-service-tmp-repl-tube-0\"> </a></td><td>replace bladder tube</td></tr><tr><td style=\"white-space:nowrap\">tmp-inse-tube-9<a name=\"be-cs-temp-requested-service-tmp-inse-tube-9\"> </a></td><td>insert bladder tube</td></tr><tr><td style=\"white-space:nowrap\">tmp-blad-sion-4<a name=\"be-cs-temp-requested-service-tmp-blad-sion-4\"> </a></td><td>bladder tube supervision</td></tr><tr><td style=\"white-space:nowrap\">tmp-blad-ance-2<a name=\"be-cs-temp-requested-service-tmp-blad-ance-2\"> </a></td><td>bladder instillation performance</td></tr><tr><td style=\"white-space:nowrap\">tmp-blad-ring-1<a name=\"be-cs-temp-requested-service-tmp-blad-ring-1\"> </a></td><td>bladder instillation monitoring</td></tr><tr><td style=\"white-space:nowrap\">tmp-supr-oint-9<a name=\"be-cs-temp-requested-service-tmp-supr-oint-9\"> </a></td><td>suprapubic bladder care insertion point</td></tr><tr><td style=\"white-space:nowrap\">tmp-supr-ring-9<a name=\"be-cs-temp-requested-service-tmp-supr-ring-9\"> </a></td><td>suprapubic bladder monitoring</td></tr><tr><td style=\"white-space:nowrap\">tmp-supr-ment-5<a name=\"be-cs-temp-requested-service-tmp-supr-ment-5\"> </a></td><td>suprapubic bladder tube replacement</td></tr><tr><td style=\"white-space:nowrap\">tmp-supr-oval-1<a name=\"be-cs-temp-requested-service-tmp-supr-oval-1\"> </a></td><td>suprapubic bladder tube removal</td></tr><tr><td style=\"white-space:nowrap\">tmp-cond-care-0<a name=\"be-cs-temp-requested-service-tmp-cond-care-0\"> </a></td><td>condom catheter care</td></tr><tr><td style=\"white-space:nowrap\">tmp-plac-eter-6<a name=\"be-cs-temp-requested-service-tmp-plac-eter-6\"> </a></td><td>Placing catheter</td></tr><tr><td style=\"white-space:nowrap\">tmp-moni-eter-9<a name=\"be-cs-temp-requested-service-tmp-moni-eter-9\"> </a></td><td>Monitoring catheter</td></tr><tr><td style=\"white-space:nowrap\">tmp-repl-eter-6<a name=\"be-cs-temp-requested-service-tmp-repl-eter-6\"> </a></td><td>Replace catheter</td></tr><tr><td style=\"white-space:nowrap\">tmp-remo-eter-5<a name=\"be-cs-temp-requested-service-tmp-remo-eter-5\"> </a></td><td>Remove catheter</td></tr><tr><td style=\"white-space:nowrap\">tmp-flus-eter-7<a name=\"be-cs-temp-requested-service-tmp-flus-eter-7\"> </a></td><td>Flushing catheter</td></tr><tr><td style=\"white-space:nowrap\">tmp-dres-eter-4<a name=\"be-cs-temp-requested-service-tmp-dres-eter-4\"> </a></td><td>Dressing change catheter</td></tr><tr><td style=\"white-space:nowrap\">tmp-woun-care-0<a name=\"be-cs-temp-requested-service-tmp-woun-care-0\"> </a></td><td>wound care</td></tr><tr><td style=\"white-space:nowrap\">tmp-comp-dage-3<a name=\"be-cs-temp-requested-service-tmp-comp-dage-3\"> </a></td><td>compression therapy: application of bandage</td></tr><tr><td style=\"white-space:nowrap\">tmp-comp-ings-8<a name=\"be-cs-temp-requested-service-tmp-comp-ings-8\"> </a></td><td>compression therapy: putting on and taking off compression stockings</td></tr></table><p><b>Additional Language Displays</b></p><table class=\"codes\"><tr><td><b>Code</b></td><td><b>English (English, en)</b></td><td><b>French (Belgium) (fr)</b></td><td><b>Nederlands (België) (Dutch (Belgium), nl)</b></td></tr><tr><td>tmp-prep-x081-2</td><td>Preparing medication_Appendix 81</td><td>Préparation des médicaments_Appendix 81</td><td>Medicatie klaarzetten_Bijlage 81</td></tr><tr><td>tmp-prep-ient-8</td><td>Preparation and medication administration in the psychiatric patient</td><td>Préparation des médicaments et administration à un patient psychiatrique</td><td>Voorbereiding en medicatietoediening bij de psychiatrische patiënt. </td></tr><tr><td>tmp-prep-rsed-5</td><td>Preparing medication_not reimbursed</td><td>Préparation des médicaments_non remboursée</td><td>Medicatie klaarzetten_niet terugbetaald</td></tr><tr><td>tmp-diab-tion-8</td><td>Diabetes education</td><td>Education sur le diabète</td><td>Diabeteseducatie</td></tr><tr><td>tmp-samp-tion-7</td><td>Sample collection</td><td>Collecte d’échantillons</td><td>Staalafname</td></tr><tr><td>tmp-glyc-eter-2</td><td>Glycemic control with glucometer</td><td>Surveillance de la glycémie avec un glucomètre</td><td>Glycemiecontrole met glucometer</td></tr><tr><td>tmp-bloo-ting-2</td><td>Bloodletting</td><td>Phlébotomie</td><td>Aderlating</td></tr><tr><td>tmp-drug-tion-9</td><td>Drug administration</td><td>Administration du médicament</td><td>Toediening geneesmiddel</td></tr><tr><td>tmp-hygi-care-3</td><td>Hygienic care</td><td>Soins hygiéniques</td><td>Hygiënische verzorging</td></tr><tr><td>tmp-chro-ysis-1</td><td>Chronic home dialysis</td><td>Dialyse chronique à domicile</td><td>Chronische thuisdialyse</td></tr><tr><td>tmp-cont-ters-8</td><td>Control parameters</td><td>Contrôle des paramètres</td><td>Controle parameters</td></tr><tr><td>tmp-aspi-ways-8</td><td>Aspiration airways</td><td>Aspiration des voies respiratoires</td><td>Aspiratie luchtwegen</td></tr><tr><td>tmp-use0-tion-9</td><td>Use and supervision of home ventilation</td><td>Utilisation et surveillance de la ventilation domestique</td><td>Gebruik en toezicht thuisbeademing</td></tr><tr><td>tmp-oxyg-tion-1</td><td>Oxygen administration</td><td>Administration d’oxygène</td><td>Zuurstoftoediening</td></tr><tr><td>tmp-repl-tomy-0</td><td>replace tracheostomy</td><td>Remplacement de la trachéotomie</td><td>vervangen tracheastomie</td></tr><tr><td>tmp-clea-tomy-8</td><td>clean tracheostomy</td><td>Nettoyage de la trachéotomie</td><td>reinigen tracheastomie</td></tr><tr><td>tmp-remo-omas-0</td><td>removal of fecalomas</td><td>Elimination des matières fécales</td><td>verwijderen van faecalomen</td></tr><tr><td>tmp-colo-tion-8</td><td>colonic irrigation</td><td>Lavage intestinal</td><td>darmspoeling</td></tr><tr><td>tmp-enem-nema-5</td><td>enema</td><td>Lavement</td><td>lavement</td></tr><tr><td>tmp-gast-ment-0</td><td>gastrointestinal tubing and drainage: gastric tube placement</td><td>Tubage et drainage grastro-intestinal : Placement d’une sonde gastrique</td><td>gastro-intestinale tubage en drainage: plaatsen maagsonde</td></tr><tr><td>tmp-gast-tube-7</td><td>gastrointestinal tubing and drainage: remove gastric tube</td><td>Tubage et drainage gastro-intestinal : retrait de la sonde gastrique</td><td>gastro-intestinale tubage en drainage: verwijderen maagsonde</td></tr><tr><td>tmp-gast-tube-1</td><td>gastrointestinal tubing and drainage: monitoring gastric tube</td><td>Tubage et drainage gastro-intestinal : supervision de la sonde gastrique</td><td>gastro-intestinale tubage en drainage: toezicht maagsonde</td></tr><tr><td>tmp-gast-sing-5</td><td>gastrointestinal tubing and drainage: rinsing</td><td>Tubage et drainage gastro-intestinal : rinçage</td><td>gastro-intestinale tubage en drainage: spoelen</td></tr><tr><td>tmp-perc-move-7</td><td>percutaneous gastrostomy tube: remove</td><td>Sonde gastrique percutanée : retrait</td><td>percutane gastrostomiesonde: verwijderen</td></tr><tr><td>tmp-perc-tion-6</td><td>percutaneous gastrostomy tube: replacement after fistula formation</td><td>Sonde gastrique percutanée : remplacement après formation de fistule</td><td>percutane gastrostomiesonde: vervanging na fistelvorming</td></tr><tr><td>tmp-perc-sion-2</td><td>percutaneous gastrostomy tube: supervision</td><td>Sonde gastronomique percutanée : supervision</td><td>percutane gastrostomiesonde: toezicht</td></tr><tr><td>tmp-perc-inse-2</td><td>percutal gastrostomy tube: rinse</td><td>Sonde gastronomique percutanée : rinçage</td><td>percutale gastrostomiesonde: spoelen</td></tr><tr><td>tmp-vagi-inse-3</td><td>vaginal rinse</td><td>Rinçage vaginal</td><td>vaginale spoeling</td></tr><tr><td>tmp-asep-care-9</td><td>aseptic vulvar care</td><td>Soins aseptiques de la vulve</td><td>aseptische vulvazorgen</td></tr><tr><td>tmp-inte-tion-6</td><td>intermittent bladder catheterization</td><td>Sondage vésical intermittent</td><td>intermittente blaassondage</td></tr><tr><td>tmp-remo-tube-9</td><td>remove bladder tube</td><td>Retrait de la sonde vésicale</td><td>blaassondage verwijderen</td></tr><tr><td>tmp-repl-tube-0</td><td>replace bladder tube</td><td>Remplacement de la sonde vésicale</td><td>blaassondage vervangen</td></tr><tr><td>tmp-inse-tube-9</td><td>insert bladder tube</td><td>Placement de la sonde vésicale</td><td>blaassondage plaatsen</td></tr><tr><td>tmp-blad-sion-4</td><td>bladder tube supervision</td><td>Supervision de la sonde vésicale</td><td>blaassondage toezicht</td></tr><tr><td>tmp-blad-ance-2</td><td>bladder instillation performance</td><td>Mise en oeuvre de l’instillation vésicale</td><td>blaasinstillatie uitvoering</td></tr><tr><td>tmp-blad-ring-1</td><td>bladder instillation monitoring</td><td>Supervision de l’instillation vésicale</td><td>blaasinstillatie toezicht</td></tr><tr><td>tmp-supr-oint-9</td><td>suprapubic bladder care insertion point</td><td>Soin du point d'insertion de la sonde vésicale sus-pubienne</td><td>suprapubische blaassonde verzorging insteekpunt</td></tr><tr><td>tmp-supr-ring-9</td><td>suprapubic bladder monitoring</td><td>Supervision de la sonde vésicale sus-pubienne</td><td>suprapubische blaassonde toezicht</td></tr><tr><td>tmp-supr-ment-5</td><td>suprapubic bladder tube replacement</td><td>Remplacement de la sonde vésicale sus-pubienne</td><td>suprapubische blaassonde vervanging </td></tr><tr><td>tmp-supr-oval-1</td><td>suprapubic bladder tube removal</td><td>Retrait de la sonde vésicale sus-pubienne</td><td>suprapubische blaassonde verwijdering</td></tr><tr><td>tmp-cond-care-0</td><td>condom catheter care</td><td>Soin d’un cathéter de préservatif</td><td>zorgen aan condoomcatheter</td></tr><tr><td>tmp-plac-eter-6</td><td>Placing catheter</td><td>Placement  d’un cathéter</td><td>Plaatsen katheter</td></tr><tr><td>tmp-moni-eter-9</td><td>Monitoring catheter</td><td>Supervision d’un cathéter</td><td>Toezicht katheter</td></tr><tr><td>tmp-repl-eter-6</td><td>Replace catheter</td><td>Remplacement d’un cathéter</td><td>Vervangen katheter</td></tr><tr><td>tmp-remo-eter-5</td><td>Remove catheter</td><td>Retrait d’un cathéter</td><td>Verwijderen katheter</td></tr><tr><td>tmp-flus-eter-7</td><td>Flushing catheter</td><td>Rinçage d’un cathéter</td><td>Spoelen katheter </td></tr><tr><td>tmp-dres-eter-4</td><td>Dressing change catheter</td><td>Changement d’un pansement de cathéter</td><td>Verbandwissel katheter</td></tr><tr><td>tmp-woun-care-0</td><td>wound care</td><td>Soin des plaies</td><td>Wondzorg</td></tr><tr><td>tmp-comp-dage-3</td><td>compression therapy: application of bandage</td><td>Thérapie de compression : application d’un bandage</td><td>compressietherapie: aanbrengen van bandage </td></tr><tr><td>tmp-comp-ings-8</td><td>compression therapy: putting on and taking off compression stockings</td><td>Thérapie de compression : Installation et retrait de bas de contention</td><td>compressietherapie: aan- en uittrekken van steunkousen</td></tr></table></div>"
  },
  "url" : "https://www.ehealth.fgov.be/standards/fhir/referral/CodeSystem/be-cs-temp-requested-service",
  "version" : "1.0.0",
  "name" : "BeTempRequestedService",
  "title" : "BeTempRequestedService",
  "status" : "draft",
  "date" : "2023-02-02T07:53:11+00:00",
  "description" : "Temporary codes for indicating services that can be requested from a Nurse",
  "jurisdiction" : [{
    "coding" : [{
      "system" : "urn:iso:std:iso:3166",
      "code" : "BE",
      "display" : "Belgium"
    }]
  }],
  "caseSensitive" : true,
  "content" : "complete",
  "count" : 50,
  "concept" : [{
    "code" : "tmp-prep-x081-2",
    "display" : "Preparing medication_Appendix 81",
    "designation" : [{
      "language" : "fr-BE",
      "value" : "Préparation des médicaments_Appendix 81"
    },
    {
      "language" : "nl-BE",
      "value" : "Medicatie klaarzetten_Bijlage 81"
    },
    {
      "language" : "en",
      "value" : "Preparing medication_Appendix 81"
    }]
  },
  {
    "code" : "tmp-prep-ient-8",
    "display" : "Preparation and medication administration in the psychiatric patient",
    "designation" : [{
      "language" : "fr-BE",
      "value" : "Préparation des médicaments et administration à un patient psychiatrique"
    },
    {
      "language" : "nl-BE",
      "value" : "Voorbereiding en medicatietoediening bij de psychiatrische patiënt. "
    },
    {
      "language" : "en",
      "value" : "Preparation and medication administration in the psychiatric patient"
    }]
  },
  {
    "code" : "tmp-prep-rsed-5",
    "display" : "Preparing medication_not reimbursed",
    "designation" : [{
      "language" : "fr-BE",
      "value" : "Préparation des médicaments_non remboursée"
    },
    {
      "language" : "nl-BE",
      "value" : "Medicatie klaarzetten_niet terugbetaald"
    },
    {
      "language" : "en",
      "value" : "Preparing medication_not reimbursed"
    }]
  },
  {
    "code" : "tmp-diab-tion-8",
    "display" : "Diabetes education",
    "designation" : [{
      "language" : "fr-BE",
      "value" : "Education sur le diabète"
    },
    {
      "language" : "nl-BE",
      "value" : "Diabeteseducatie"
    },
    {
      "language" : "en",
      "value" : "Diabetes education"
    }]
  },
  {
    "code" : "tmp-samp-tion-7",
    "display" : "Sample collection",
    "designation" : [{
      "language" : "fr-BE",
      "value" : "Collecte d’échantillons"
    },
    {
      "language" : "nl-BE",
      "value" : "Staalafname"
    },
    {
      "language" : "en",
      "value" : "Sample collection"
    }]
  },
  {
    "code" : "tmp-glyc-eter-2",
    "display" : "Glycemic control with glucometer",
    "designation" : [{
      "language" : "fr-BE",
      "value" : "Surveillance de la glycémie avec un glucomètre"
    },
    {
      "language" : "nl-BE",
      "value" : "Glycemiecontrole met glucometer"
    },
    {
      "language" : "en",
      "value" : "Glycemic control with glucometer"
    }]
  },
  {
    "code" : "tmp-bloo-ting-2",
    "display" : "Bloodletting",
    "designation" : [{
      "language" : "fr-BE",
      "value" : "Phlébotomie"
    },
    {
      "language" : "nl-BE",
      "value" : "Aderlating"
    },
    {
      "language" : "en",
      "value" : "Bloodletting"
    }]
  },
  {
    "code" : "tmp-drug-tion-9",
    "display" : "Drug administration",
    "designation" : [{
      "language" : "fr-BE",
      "value" : "Administration du médicament"
    },
    {
      "language" : "nl-BE",
      "value" : "Toediening geneesmiddel"
    },
    {
      "language" : "en",
      "value" : "Drug administration"
    }]
  },
  {
    "code" : "tmp-hygi-care-3",
    "display" : "Hygienic care",
    "designation" : [{
      "language" : "fr-BE",
      "value" : "Soins hygiéniques"
    },
    {
      "language" : "nl-BE",
      "value" : "Hygiënische verzorging"
    },
    {
      "language" : "en",
      "value" : "Hygienic care"
    }]
  },
  {
    "code" : "tmp-chro-ysis-1",
    "display" : "Chronic home dialysis",
    "designation" : [{
      "language" : "fr-BE",
      "value" : "Dialyse chronique à domicile"
    },
    {
      "language" : "nl-BE",
      "value" : "Chronische thuisdialyse"
    },
    {
      "language" : "en",
      "value" : "Chronic home dialysis"
    }]
  },
  {
    "code" : "tmp-cont-ters-8",
    "display" : "Control parameters",
    "designation" : [{
      "language" : "fr-BE",
      "value" : "Contrôle des paramètres"
    },
    {
      "language" : "nl-BE",
      "value" : "Controle parameters"
    },
    {
      "language" : "en",
      "value" : "Control parameters"
    }]
  },
  {
    "code" : "tmp-aspi-ways-8",
    "display" : "Aspiration airways",
    "designation" : [{
      "language" : "fr-BE",
      "value" : "Aspiration des voies respiratoires"
    },
    {
      "language" : "nl-BE",
      "value" : "Aspiratie luchtwegen"
    },
    {
      "language" : "en",
      "value" : "Aspiration airways"
    }]
  },
  {
    "code" : "tmp-use0-tion-9",
    "display" : "Use and supervision of home ventilation",
    "designation" : [{
      "language" : "fr-BE",
      "value" : "Utilisation et surveillance de la ventilation domestique"
    },
    {
      "language" : "nl-BE",
      "value" : "Gebruik en toezicht thuisbeademing"
    },
    {
      "language" : "en",
      "value" : "Use and supervision of home ventilation"
    }]
  },
  {
    "code" : "tmp-oxyg-tion-1",
    "display" : "Oxygen administration",
    "designation" : [{
      "language" : "fr-BE",
      "value" : "Administration d’oxygène"
    },
    {
      "language" : "nl-BE",
      "value" : "Zuurstoftoediening"
    },
    {
      "language" : "en",
      "value" : "Oxygen administration"
    }]
  },
  {
    "code" : "tmp-repl-tomy-0",
    "display" : "replace tracheostomy",
    "designation" : [{
      "language" : "fr-BE",
      "value" : "Remplacement de la trachéotomie"
    },
    {
      "language" : "nl-BE",
      "value" : "vervangen tracheastomie"
    },
    {
      "language" : "en",
      "value" : "replace tracheostomy"
    }]
  },
  {
    "code" : "tmp-clea-tomy-8",
    "display" : "clean tracheostomy",
    "designation" : [{
      "language" : "fr-BE",
      "value" : "Nettoyage de la trachéotomie"
    },
    {
      "language" : "nl-BE",
      "value" : "reinigen tracheastomie"
    },
    {
      "language" : "en",
      "value" : "clean tracheostomy"
    }]
  },
  {
    "code" : "tmp-remo-omas-0",
    "display" : "removal of fecalomas",
    "designation" : [{
      "language" : "fr-BE",
      "value" : "Elimination des matières fécales"
    },
    {
      "language" : "nl-BE",
      "value" : "verwijderen van faecalomen"
    },
    {
      "language" : "en",
      "value" : "removal of fecalomas"
    }]
  },
  {
    "code" : "tmp-colo-tion-8",
    "display" : "colonic irrigation",
    "designation" : [{
      "language" : "fr-BE",
      "value" : "Lavage intestinal"
    },
    {
      "language" : "nl-BE",
      "value" : "darmspoeling"
    },
    {
      "language" : "en",
      "value" : "colonic irrigation"
    }]
  },
  {
    "code" : "tmp-enem-nema-5",
    "display" : "enema",
    "designation" : [{
      "language" : "fr-BE",
      "value" : "Lavement"
    },
    {
      "language" : "nl-BE",
      "value" : "lavement"
    },
    {
      "language" : "en",
      "value" : "enema"
    }]
  },
  {
    "code" : "tmp-gast-ment-0",
    "display" : "gastrointestinal tubing and drainage: gastric tube placement",
    "designation" : [{
      "language" : "fr-BE",
      "value" : "Tubage et drainage grastro-intestinal : Placement d’une sonde gastrique"
    },
    {
      "language" : "nl-BE",
      "value" : "gastro-intestinale tubage en drainage: plaatsen maagsonde"
    },
    {
      "language" : "en",
      "value" : "gastrointestinal tubing and drainage: gastric tube placement"
    }]
  },
  {
    "code" : "tmp-gast-tube-7",
    "display" : "gastrointestinal tubing and drainage: remove gastric tube",
    "designation" : [{
      "language" : "fr-BE",
      "value" : "Tubage et drainage gastro-intestinal : retrait de la sonde gastrique"
    },
    {
      "language" : "nl-BE",
      "value" : "gastro-intestinale tubage en drainage: verwijderen maagsonde"
    },
    {
      "language" : "en",
      "value" : "gastrointestinal tubing and drainage: remove gastric tube"
    }]
  },
  {
    "code" : "tmp-gast-tube-1",
    "display" : "gastrointestinal tubing and drainage: monitoring gastric tube",
    "designation" : [{
      "language" : "fr-BE",
      "value" : "Tubage et drainage gastro-intestinal : supervision de la sonde gastrique"
    },
    {
      "language" : "nl-BE",
      "value" : "gastro-intestinale tubage en drainage: toezicht maagsonde"
    },
    {
      "language" : "en",
      "value" : "gastrointestinal tubing and drainage: monitoring gastric tube"
    }]
  },
  {
    "code" : "tmp-gast-sing-5",
    "display" : "gastrointestinal tubing and drainage: rinsing",
    "designation" : [{
      "language" : "fr-BE",
      "value" : "Tubage et drainage gastro-intestinal : rinçage"
    },
    {
      "language" : "nl-BE",
      "value" : "gastro-intestinale tubage en drainage: spoelen"
    },
    {
      "language" : "en",
      "value" : "gastrointestinal tubing and drainage: rinsing"
    }]
  },
  {
    "code" : "tmp-perc-move-7",
    "display" : "percutaneous gastrostomy tube: remove",
    "designation" : [{
      "language" : "fr-BE",
      "value" : "Sonde gastrique percutanée : retrait"
    },
    {
      "language" : "nl-BE",
      "value" : "percutane gastrostomiesonde: verwijderen"
    },
    {
      "language" : "en",
      "value" : "percutaneous gastrostomy tube: remove"
    }]
  },
  {
    "code" : "tmp-perc-tion-6",
    "display" : "percutaneous gastrostomy tube: replacement after fistula formation",
    "designation" : [{
      "language" : "fr-BE",
      "value" : "Sonde gastrique percutanée : remplacement après formation de fistule"
    },
    {
      "language" : "nl-BE",
      "value" : "percutane gastrostomiesonde: vervanging na fistelvorming"
    },
    {
      "language" : "en",
      "value" : "percutaneous gastrostomy tube: replacement after fistula formation"
    }]
  },
  {
    "code" : "tmp-perc-sion-2",
    "display" : "percutaneous gastrostomy tube: supervision",
    "designation" : [{
      "language" : "fr-BE",
      "value" : "Sonde gastronomique percutanée : supervision"
    },
    {
      "language" : "nl-BE",
      "value" : "percutane gastrostomiesonde: toezicht"
    },
    {
      "language" : "en",
      "value" : "percutaneous gastrostomy tube: supervision"
    }]
  },
  {
    "code" : "tmp-perc-inse-2",
    "display" : "percutal gastrostomy tube: rinse",
    "designation" : [{
      "language" : "fr-BE",
      "value" : "Sonde gastronomique percutanée : rinçage"
    },
    {
      "language" : "nl-BE",
      "value" : "percutale gastrostomiesonde: spoelen"
    },
    {
      "language" : "en",
      "value" : "percutal gastrostomy tube: rinse"
    }]
  },
  {
    "code" : "tmp-vagi-inse-3",
    "display" : "vaginal rinse",
    "designation" : [{
      "language" : "fr-BE",
      "value" : "Rinçage vaginal"
    },
    {
      "language" : "nl-BE",
      "value" : "vaginale spoeling"
    },
    {
      "language" : "en",
      "value" : "vaginal rinse"
    }]
  },
  {
    "code" : "tmp-asep-care-9",
    "display" : "aseptic vulvar care",
    "designation" : [{
      "language" : "fr-BE",
      "value" : "Soins aseptiques de la vulve"
    },
    {
      "language" : "nl-BE",
      "value" : "aseptische vulvazorgen"
    },
    {
      "language" : "en",
      "value" : "aseptic vulvar care"
    }]
  },
  {
    "code" : "tmp-inte-tion-6",
    "display" : "intermittent bladder catheterization",
    "designation" : [{
      "language" : "fr-BE",
      "value" : "Sondage vésical intermittent"
    },
    {
      "language" : "nl-BE",
      "value" : "intermittente blaassondage"
    },
    {
      "language" : "en",
      "value" : "intermittent bladder catheterization"
    }]
  },
  {
    "code" : "tmp-remo-tube-9",
    "display" : "remove bladder tube",
    "designation" : [{
      "language" : "fr-BE",
      "value" : "Retrait de la sonde vésicale"
    },
    {
      "language" : "nl-BE",
      "value" : "blaassondage verwijderen"
    },
    {
      "language" : "en",
      "value" : "remove bladder tube"
    }]
  },
  {
    "code" : "tmp-repl-tube-0",
    "display" : "replace bladder tube",
    "designation" : [{
      "language" : "fr-BE",
      "value" : "Remplacement de la sonde vésicale"
    },
    {
      "language" : "nl-BE",
      "value" : "blaassondage vervangen"
    },
    {
      "language" : "en",
      "value" : "replace bladder tube"
    }]
  },
  {
    "code" : "tmp-inse-tube-9",
    "display" : "insert bladder tube",
    "designation" : [{
      "language" : "fr-BE",
      "value" : "Placement de la sonde vésicale"
    },
    {
      "language" : "nl-BE",
      "value" : "blaassondage plaatsen"
    },
    {
      "language" : "en",
      "value" : "insert bladder tube"
    }]
  },
  {
    "code" : "tmp-blad-sion-4",
    "display" : "bladder tube supervision",
    "designation" : [{
      "language" : "fr-BE",
      "value" : "Supervision de la sonde vésicale"
    },
    {
      "language" : "nl-BE",
      "value" : "blaassondage toezicht"
    },
    {
      "language" : "en",
      "value" : "bladder tube supervision"
    }]
  },
  {
    "code" : "tmp-blad-ance-2",
    "display" : "bladder instillation performance",
    "designation" : [{
      "language" : "fr-BE",
      "value" : "Mise en oeuvre de l’instillation vésicale"
    },
    {
      "language" : "nl-BE",
      "value" : "blaasinstillatie uitvoering"
    },
    {
      "language" : "en",
      "value" : "bladder instillation performance"
    }]
  },
  {
    "code" : "tmp-blad-ring-1",
    "display" : "bladder instillation monitoring",
    "designation" : [{
      "language" : "fr-BE",
      "value" : "Supervision de l’instillation vésicale"
    },
    {
      "language" : "nl-BE",
      "value" : "blaasinstillatie toezicht"
    },
    {
      "language" : "en",
      "value" : "bladder instillation monitoring"
    }]
  },
  {
    "code" : "tmp-supr-oint-9",
    "display" : "suprapubic bladder care insertion point",
    "designation" : [{
      "language" : "fr-BE",
      "value" : "Soin du point d'insertion de la sonde vésicale sus-pubienne"
    },
    {
      "language" : "nl-BE",
      "value" : "suprapubische blaassonde verzorging insteekpunt"
    },
    {
      "language" : "en",
      "value" : "suprapubic bladder care insertion point"
    }]
  },
  {
    "code" : "tmp-supr-ring-9",
    "display" : "suprapubic bladder monitoring",
    "designation" : [{
      "language" : "fr-BE",
      "value" : "Supervision de la sonde vésicale sus-pubienne"
    },
    {
      "language" : "nl-BE",
      "value" : "suprapubische blaassonde toezicht"
    },
    {
      "language" : "en",
      "value" : "suprapubic bladder monitoring"
    }]
  },
  {
    "code" : "tmp-supr-ment-5",
    "display" : "suprapubic bladder tube replacement",
    "designation" : [{
      "language" : "fr-BE",
      "value" : "Remplacement de la sonde vésicale sus-pubienne"
    },
    {
      "language" : "nl-BE",
      "value" : "suprapubische blaassonde vervanging "
    },
    {
      "language" : "en",
      "value" : "suprapubic bladder tube replacement"
    }]
  },
  {
    "code" : "tmp-supr-oval-1",
    "display" : "suprapubic bladder tube removal",
    "designation" : [{
      "language" : "fr-BE",
      "value" : "Retrait de la sonde vésicale sus-pubienne"
    },
    {
      "language" : "nl-BE",
      "value" : "suprapubische blaassonde verwijdering"
    },
    {
      "language" : "en",
      "value" : "suprapubic bladder tube removal"
    }]
  },
  {
    "code" : "tmp-cond-care-0",
    "display" : "condom catheter care",
    "designation" : [{
      "language" : "fr-BE",
      "value" : "Soin d’un cathéter de préservatif"
    },
    {
      "language" : "nl-BE",
      "value" : "zorgen aan condoomcatheter"
    },
    {
      "language" : "en",
      "value" : "condom catheter care"
    }]
  },
  {
    "code" : "tmp-plac-eter-6",
    "display" : "Placing catheter",
    "designation" : [{
      "language" : "fr-BE",
      "value" : "Placement  d’un cathéter"
    },
    {
      "language" : "nl-BE",
      "value" : "Plaatsen katheter"
    },
    {
      "language" : "en",
      "value" : "Placing catheter"
    }]
  },
  {
    "code" : "tmp-moni-eter-9",
    "display" : "Monitoring catheter",
    "designation" : [{
      "language" : "fr-BE",
      "value" : "Supervision d’un cathéter"
    },
    {
      "language" : "nl-BE",
      "value" : "Toezicht katheter"
    },
    {
      "language" : "en",
      "value" : "Monitoring catheter"
    }]
  },
  {
    "code" : "tmp-repl-eter-6",
    "display" : "Replace catheter",
    "designation" : [{
      "language" : "fr-BE",
      "value" : "Remplacement d’un cathéter"
    },
    {
      "language" : "nl-BE",
      "value" : "Vervangen katheter"
    },
    {
      "language" : "en",
      "value" : "Replace catheter"
    }]
  },
  {
    "code" : "tmp-remo-eter-5",
    "display" : "Remove catheter",
    "designation" : [{
      "language" : "fr-BE",
      "value" : "Retrait d’un cathéter"
    },
    {
      "language" : "nl-BE",
      "value" : "Verwijderen katheter"
    },
    {
      "language" : "en",
      "value" : "Remove catheter"
    }]
  },
  {
    "code" : "tmp-flus-eter-7",
    "display" : "Flushing catheter",
    "designation" : [{
      "language" : "fr-BE",
      "value" : "Rinçage d’un cathéter"
    },
    {
      "language" : "nl-BE",
      "value" : "Spoelen katheter "
    },
    {
      "language" : "en",
      "value" : "Flushing catheter"
    }]
  },
  {
    "code" : "tmp-dres-eter-4",
    "display" : "Dressing change catheter",
    "designation" : [{
      "language" : "fr-BE",
      "value" : "Changement d’un pansement de cathéter"
    },
    {
      "language" : "nl-BE",
      "value" : "Verbandwissel katheter"
    },
    {
      "language" : "en",
      "value" : "Dressing change catheter"
    }]
  },
  {
    "code" : "tmp-woun-care-0",
    "display" : "wound care",
    "designation" : [{
      "language" : "fr-BE",
      "value" : "Soin des plaies"
    },
    {
      "language" : "nl-BE",
      "value" : "Wondzorg"
    },
    {
      "language" : "en",
      "value" : "wound care"
    }]
  },
  {
    "code" : "tmp-comp-dage-3",
    "display" : "compression therapy: application of bandage",
    "designation" : [{
      "language" : "fr-BE",
      "value" : "Thérapie de compression : application d’un bandage"
    },
    {
      "language" : "nl-BE",
      "value" : "compressietherapie: aanbrengen van bandage "
    },
    {
      "language" : "en",
      "value" : "compression therapy: application of bandage"
    }]
  },
  {
    "code" : "tmp-comp-ings-8",
    "display" : "compression therapy: putting on and taking off compression stockings",
    "designation" : [{
      "language" : "fr-BE",
      "value" : "Thérapie de compression : Installation et retrait de bas de contention"
    },
    {
      "language" : "nl-BE",
      "value" : "compressietherapie: aan- en uittrekken van steunkousen"
    },
    {
      "language" : "en",
      "value" : "compression therapy: putting on and taking off compression stockings"
    }]
  }]
}