{
  "resourceType": "CodeSystem",
  "id": "be-communication-code",
  "text": {
    "status": "generated",
    "div": "<div xmlns=\"http://www.w3.org/1999/xhtml\"><p>This code system https://www.ehealth.fgov.be/standards/fhir/CodeSystem/be-communication-code defines many codes, of which the following are a subset:</p><table class=\"codes\"><tr><td style=\"white-space:nowrap\"><b>Code</b></td><td><b>Display</b></td></tr><tr><td style=\"white-space:nowrap\">whatsapp<a name=\"be-communication-code-whatsapp\"> </a></td><td>Whatsapp</td></tr><tr><td style=\"white-space:nowrap\">signal<a name=\"be-communication-code-signal\"> </a></td><td>Signal</td></tr><tr><td style=\"white-space:nowrap\">telegram<a name=\"be-communication-code-telegram\"> </a></td><td>Telegram</td></tr></table></div>"
  },
  "url": "https://www.ehealth.fgov.be/standards/fhir/CodeSystem/be-communication-code",
  "version": "0.2.0",
  "name": "BeCommunicationCode",
  "title": "BeCommunicationCode",
  "status": "draft",
  "experimental": false,
  "date": "2021-07-15T08:24:00+00:00",
  "publisher": "HL7 Belgium",
  "contact": [
    {
      "telecom": [
        {
          "system": "url",
          "value": "http://hl7belgium.org"
        }
      ]
    }
  ],
  "description": "Communication codes in Belgium. To define a specific method of communicating. Initially defined as supporting CodeSystem for the referral prescription.",
  "jurisdiction": [
    {
      "coding": [
        {
          "system": "http://unstats.un.org/unsd/methods/m49/m49.htm",
          "code": "001"
        }
      ]
    }
  ],
  "caseSensitive": false,
  "content": "fragment",
  "concept": [
    {
      "code": "whatsapp",
      "display": "Whatsapp"
    },
    {
      "code": "signal",
      "display": "Signal"
    },
    {
      "code": "telegram",
      "display": "Telegram"
    }
  ]
}