{
  "resourceType" : "ImplementationGuide",
  "id" : "hl7.fhir.be.referral",
  "text" : {
    "status" : "extensions",
    "div" : "<div xmlns=\"http://www.w3.org/1999/xhtml\"><h2>ReferralPrescription</h2><p>The official URL for this implementation guide is: </p><pre>https://www.ehealth.fgov.be/standards/fhir/referral/ImplementationGuide/hl7.fhir.be.referral</pre></div>"
  },
  "url" : "https://www.ehealth.fgov.be/standards/fhir/referral/ImplementationGuide/hl7.fhir.be.referral",
  "version" : "1.0.0",
  "name" : "ReferralPrescription",
  "title" : "Referral Prescription",
  "status" : "draft",
  "date" : "2023-05-16T06:48:43+00:00",
  "jurisdiction" : [{
    "coding" : [{
      "system" : "urn:iso:std:iso:3166",
      "code" : "BE",
      "display" : "Belgium"
    }]
  }],
  "packageId" : "hl7.fhir.be.referral",
  "license" : "CC0-1.0",
  "fhirVersion" : ["4.0.1"],
  "dependsOn" : [{
    "id" : "hl7tx",
    "extension" : [{
      "url" : "http://hl7.org/fhir/tools/StructureDefinition/implementationguide-dependency-comment",
      "valueMarkdown" : "Automatically added as a dependency - all IGs depend on HL7 Terminology"
    }],
    "uri" : "http://terminology.hl7.org/ImplementationGuide/hl7.terminology",
    "packageId" : "hl7.terminology.r4",
    "version" : "5.0.0"
  },
  {
    "id" : "hl7_fhir_be_core",
    "uri" : "https://www.ehealth.fgov.be/standards/fhir/core/ImplementationGuide/hl7.fhir.be.core",
    "packageId" : "hl7.fhir.be.core",
    "version" : "current"
  },
  {
    "id" : "hl7_fhir_be_medication",
    "uri" : "https://www.ehealth.fgov.be/standards/fhir/medication/ImplementationGuide/hl7.fhir.be.medication",
    "packageId" : "hl7.fhir.be.medication",
    "version" : "1.0.0"
  },
  {
    "id" : "hl7_fhir_be_core_clinical",
    "uri" : "https://www.ehealth.fgov.be/standards/fhir/core-clinical/ImplementationGuide/hl7.fhir.be.core-clinical",
    "packageId" : "hl7.fhir.be.core-clinical",
    "version" : "current"
  },
  {
    "id" : "hl7_fhir_be_allergy",
    "uri" : "https://www.ehealth.fgov.be/standards/fhir/allergy/ImplementationGuide/hl7.fhir.be.allergy",
    "packageId" : "hl7.fhir.be.allergy",
    "version" : "1.1.0"
  }],
  "definition" : {
    "extension" : [{
      "extension" : [{
        "url" : "code",
        "valueString" : "copyrightyear"
      },
      {
        "url" : "value",
        "valueString" : "2022+"
      }],
      "url" : "http://hl7.org/fhir/tools/StructureDefinition/ig-parameter"
    },
    {
      "extension" : [{
        "url" : "code",
        "valueString" : "releaselabel"
      },
      {
        "url" : "value",
        "valueString" : "STU"
      }],
      "url" : "http://hl7.org/fhir/tools/StructureDefinition/ig-parameter"
    },
    {
      "extension" : [{
        "url" : "code",
        "valueString" : "shownav"
      },
      {
        "url" : "value",
        "valueString" : "true"
      }],
      "url" : "http://hl7.org/fhir/tools/StructureDefinition/ig-parameter"
    },
    {
      "extension" : [{
        "url" : "code",
        "valueString" : "apply-contact"
      },
      {
        "url" : "value",
        "valueString" : "true"
      }],
      "url" : "http://hl7.org/fhir/tools/StructureDefinition/ig-parameter"
    },
    {
      "extension" : [{
        "url" : "code",
        "valueString" : "apply-jurisdiction"
      },
      {
        "url" : "value",
        "valueString" : "true"
      }],
      "url" : "http://hl7.org/fhir/tools/StructureDefinition/ig-parameter"
    },
    {
      "extension" : [{
        "url" : "code",
        "valueString" : "apply-publisher"
      },
      {
        "url" : "value",
        "valueString" : "true"
      }],
      "url" : "http://hl7.org/fhir/tools/StructureDefinition/ig-parameter"
    },
    {
      "extension" : [{
        "url" : "code",
        "valueString" : "apply-version"
      },
      {
        "url" : "value",
        "valueString" : "true"
      }],
      "url" : "http://hl7.org/fhir/tools/StructureDefinition/ig-parameter"
    },
    {
      "extension" : [{
        "url" : "code",
        "valueString" : "path-expansion-params"
      },
      {
        "url" : "value",
        "valueString" : "Parameters-terminology-expansion.json"
      }],
      "url" : "http://hl7.org/fhir/tools/StructureDefinition/ig-parameter"
    },
    {
      "extension" : [{
        "url" : "code",
        "valueString" : "autoload-resources"
      },
      {
        "url" : "value",
        "valueString" : "true"
      }],
      "url" : "http://hl7.org/fhir/tools/StructureDefinition/ig-parameter"
    },
    {
      "extension" : [{
        "url" : "code",
        "valueString" : "path-liquid"
      },
      {
        "url" : "value",
        "valueString" : "template/liquid"
      }],
      "url" : "http://hl7.org/fhir/tools/StructureDefinition/ig-parameter"
    },
    {
      "extension" : [{
        "url" : "code",
        "valueString" : "path-liquid"
      },
      {
        "url" : "value",
        "valueString" : "input/liquid"
      }],
      "url" : "http://hl7.org/fhir/tools/StructureDefinition/ig-parameter"
    },
    {
      "extension" : [{
        "url" : "code",
        "valueString" : "path-qa"
      },
      {
        "url" : "value",
        "valueString" : "temp/qa"
      }],
      "url" : "http://hl7.org/fhir/tools/StructureDefinition/ig-parameter"
    },
    {
      "extension" : [{
        "url" : "code",
        "valueString" : "path-temp"
      },
      {
        "url" : "value",
        "valueString" : "temp/pages"
      }],
      "url" : "http://hl7.org/fhir/tools/StructureDefinition/ig-parameter"
    },
    {
      "extension" : [{
        "url" : "code",
        "valueString" : "path-output"
      },
      {
        "url" : "value",
        "valueString" : "output"
      }],
      "url" : "http://hl7.org/fhir/tools/StructureDefinition/ig-parameter"
    },
    {
      "extension" : [{
        "url" : "code",
        "valueString" : "path-suppressed-warnings"
      },
      {
        "url" : "value",
        "valueString" : "input/ignoreWarnings.txt"
      }],
      "url" : "http://hl7.org/fhir/tools/StructureDefinition/ig-parameter"
    },
    {
      "extension" : [{
        "url" : "code",
        "valueString" : "path-history"
      },
      {
        "url" : "value",
        "valueString" : "https://www.ehealth.fgov.be/standards/fhir/referral/history.html"
      }],
      "url" : "http://hl7.org/fhir/tools/StructureDefinition/ig-parameter"
    },
    {
      "extension" : [{
        "url" : "code",
        "valueString" : "template-html"
      },
      {
        "url" : "value",
        "valueString" : "template-page.html"
      }],
      "url" : "http://hl7.org/fhir/tools/StructureDefinition/ig-parameter"
    },
    {
      "extension" : [{
        "url" : "code",
        "valueString" : "template-md"
      },
      {
        "url" : "value",
        "valueString" : "template-page-md.html"
      }],
      "url" : "http://hl7.org/fhir/tools/StructureDefinition/ig-parameter"
    },
    {
      "extension" : [{
        "url" : "code",
        "valueString" : "apply-context"
      },
      {
        "url" : "value",
        "valueString" : "true"
      }],
      "url" : "http://hl7.org/fhir/tools/StructureDefinition/ig-parameter"
    },
    {
      "extension" : [{
        "url" : "code",
        "valueString" : "apply-copyright"
      },
      {
        "url" : "value",
        "valueString" : "true"
      }],
      "url" : "http://hl7.org/fhir/tools/StructureDefinition/ig-parameter"
    },
    {
      "extension" : [{
        "url" : "code",
        "valueString" : "apply-license"
      },
      {
        "url" : "value",
        "valueString" : "true"
      }],
      "url" : "http://hl7.org/fhir/tools/StructureDefinition/ig-parameter"
    },
    {
      "extension" : [{
        "url" : "code",
        "valueString" : "active-tables"
      },
      {
        "url" : "value",
        "valueString" : "true"
      }],
      "url" : "http://hl7.org/fhir/tools/StructureDefinition/ig-parameter"
    },
    {
      "extension" : [{
        "url" : "code",
        "valueString" : "fmm-definition"
      },
      {
        "url" : "value",
        "valueString" : "http://hl7.org/fhir/versions.html#maturity"
      }],
      "url" : "http://hl7.org/fhir/tools/StructureDefinition/ig-parameter"
    },
    {
      "extension" : [{
        "url" : "code",
        "valueString" : "propagate-status"
      },
      {
        "url" : "value",
        "valueString" : "true"
      }],
      "url" : "http://hl7.org/fhir/tools/StructureDefinition/ig-parameter"
    },
    {
      "extension" : [{
        "url" : "code",
        "valueString" : "excludelogbinaryformat"
      },
      {
        "url" : "value",
        "valueString" : "true"
      }],
      "url" : "http://hl7.org/fhir/tools/StructureDefinition/ig-parameter"
    },
    {
      "extension" : [{
        "url" : "code",
        "valueString" : "tabbed-snapshots"
      },
      {
        "url" : "value",
        "valueString" : "true"
      }],
      "url" : "http://hl7.org/fhir/tools/StructureDefinition/ig-parameter"
    },
    {
      "url" : "http://hl7.org/fhir/tools/StructureDefinition/ig-internal-dependency",
      "valueCode" : "hl7.fhir.uv.tools#current"
    },
    {
      "extension" : [{
        "url" : "code",
        "valueCode" : "copyrightyear"
      },
      {
        "url" : "value",
        "valueString" : "2022+"
      }],
      "url" : "http://hl7.org/fhir/tools/StructureDefinition/ig-parameter"
    },
    {
      "extension" : [{
        "url" : "code",
        "valueCode" : "releaselabel"
      },
      {
        "url" : "value",
        "valueString" : "STU"
      }],
      "url" : "http://hl7.org/fhir/tools/StructureDefinition/ig-parameter"
    },
    {
      "extension" : [{
        "url" : "code",
        "valueCode" : "shownav"
      },
      {
        "url" : "value",
        "valueString" : "true"
      }],
      "url" : "http://hl7.org/fhir/tools/StructureDefinition/ig-parameter"
    },
    {
      "extension" : [{
        "url" : "code",
        "valueCode" : "apply-contact"
      },
      {
        "url" : "value",
        "valueString" : "true"
      }],
      "url" : "http://hl7.org/fhir/tools/StructureDefinition/ig-parameter"
    },
    {
      "extension" : [{
        "url" : "code",
        "valueCode" : "apply-jurisdiction"
      },
      {
        "url" : "value",
        "valueString" : "true"
      }],
      "url" : "http://hl7.org/fhir/tools/StructureDefinition/ig-parameter"
    },
    {
      "extension" : [{
        "url" : "code",
        "valueCode" : "apply-publisher"
      },
      {
        "url" : "value",
        "valueString" : "true"
      }],
      "url" : "http://hl7.org/fhir/tools/StructureDefinition/ig-parameter"
    },
    {
      "extension" : [{
        "url" : "code",
        "valueCode" : "apply-version"
      },
      {
        "url" : "value",
        "valueString" : "true"
      }],
      "url" : "http://hl7.org/fhir/tools/StructureDefinition/ig-parameter"
    },
    {
      "extension" : [{
        "url" : "code",
        "valueCode" : "path-expansion-params"
      },
      {
        "url" : "value",
        "valueString" : "Parameters-terminology-expansion.json"
      }],
      "url" : "http://hl7.org/fhir/tools/StructureDefinition/ig-parameter"
    },
    {
      "extension" : [{
        "url" : "code",
        "valueCode" : "autoload-resources"
      },
      {
        "url" : "value",
        "valueString" : "true"
      }],
      "url" : "http://hl7.org/fhir/tools/StructureDefinition/ig-parameter"
    },
    {
      "extension" : [{
        "url" : "code",
        "valueCode" : "path-liquid"
      },
      {
        "url" : "value",
        "valueString" : "template/liquid"
      }],
      "url" : "http://hl7.org/fhir/tools/StructureDefinition/ig-parameter"
    },
    {
      "extension" : [{
        "url" : "code",
        "valueCode" : "path-liquid"
      },
      {
        "url" : "value",
        "valueString" : "input/liquid"
      }],
      "url" : "http://hl7.org/fhir/tools/StructureDefinition/ig-parameter"
    },
    {
      "extension" : [{
        "url" : "code",
        "valueCode" : "path-qa"
      },
      {
        "url" : "value",
        "valueString" : "temp/qa"
      }],
      "url" : "http://hl7.org/fhir/tools/StructureDefinition/ig-parameter"
    },
    {
      "extension" : [{
        "url" : "code",
        "valueCode" : "path-temp"
      },
      {
        "url" : "value",
        "valueString" : "temp/pages"
      }],
      "url" : "http://hl7.org/fhir/tools/StructureDefinition/ig-parameter"
    },
    {
      "extension" : [{
        "url" : "code",
        "valueCode" : "path-output"
      },
      {
        "url" : "value",
        "valueString" : "output"
      }],
      "url" : "http://hl7.org/fhir/tools/StructureDefinition/ig-parameter"
    },
    {
      "extension" : [{
        "url" : "code",
        "valueCode" : "path-suppressed-warnings"
      },
      {
        "url" : "value",
        "valueString" : "input/ignoreWarnings.txt"
      }],
      "url" : "http://hl7.org/fhir/tools/StructureDefinition/ig-parameter"
    },
    {
      "extension" : [{
        "url" : "code",
        "valueCode" : "path-history"
      },
      {
        "url" : "value",
        "valueString" : "https://www.ehealth.fgov.be/standards/fhir/referral/history.html"
      }],
      "url" : "http://hl7.org/fhir/tools/StructureDefinition/ig-parameter"
    },
    {
      "extension" : [{
        "url" : "code",
        "valueCode" : "template-html"
      },
      {
        "url" : "value",
        "valueString" : "template-page.html"
      }],
      "url" : "http://hl7.org/fhir/tools/StructureDefinition/ig-parameter"
    },
    {
      "extension" : [{
        "url" : "code",
        "valueCode" : "template-md"
      },
      {
        "url" : "value",
        "valueString" : "template-page-md.html"
      }],
      "url" : "http://hl7.org/fhir/tools/StructureDefinition/ig-parameter"
    },
    {
      "extension" : [{
        "url" : "code",
        "valueCode" : "apply-context"
      },
      {
        "url" : "value",
        "valueString" : "true"
      }],
      "url" : "http://hl7.org/fhir/tools/StructureDefinition/ig-parameter"
    },
    {
      "extension" : [{
        "url" : "code",
        "valueCode" : "apply-copyright"
      },
      {
        "url" : "value",
        "valueString" : "true"
      }],
      "url" : "http://hl7.org/fhir/tools/StructureDefinition/ig-parameter"
    },
    {
      "extension" : [{
        "url" : "code",
        "valueCode" : "apply-license"
      },
      {
        "url" : "value",
        "valueString" : "true"
      }],
      "url" : "http://hl7.org/fhir/tools/StructureDefinition/ig-parameter"
    },
    {
      "extension" : [{
        "url" : "code",
        "valueCode" : "active-tables"
      },
      {
        "url" : "value",
        "valueString" : "true"
      }],
      "url" : "http://hl7.org/fhir/tools/StructureDefinition/ig-parameter"
    },
    {
      "extension" : [{
        "url" : "code",
        "valueCode" : "fmm-definition"
      },
      {
        "url" : "value",
        "valueString" : "http://hl7.org/fhir/versions.html#maturity"
      }],
      "url" : "http://hl7.org/fhir/tools/StructureDefinition/ig-parameter"
    },
    {
      "extension" : [{
        "url" : "code",
        "valueCode" : "propagate-status"
      },
      {
        "url" : "value",
        "valueString" : "true"
      }],
      "url" : "http://hl7.org/fhir/tools/StructureDefinition/ig-parameter"
    },
    {
      "extension" : [{
        "url" : "code",
        "valueCode" : "excludelogbinaryformat"
      },
      {
        "url" : "value",
        "valueString" : "true"
      }],
      "url" : "http://hl7.org/fhir/tools/StructureDefinition/ig-parameter"
    },
    {
      "extension" : [{
        "url" : "code",
        "valueCode" : "tabbed-snapshots"
      },
      {
        "url" : "value",
        "valueString" : "true"
      }],
      "url" : "http://hl7.org/fhir/tools/StructureDefinition/ig-parameter"
    }],
    "resource" : [{
      "extension" : [{
        "url" : "http://hl7.org/fhir/tools/StructureDefinition/resource-information",
        "valueString" : "StructureDefinition:complex-type"
      }],
      "reference" : {
        "reference" : "StructureDefinition/be-contained-or-logical-reference"
      },
      "name" : "BeContainedOrLogicalReference",
      "description" : "A reference limited to contained resources or resources with a logical identifier.",
      "exampleBoolean" : false
    },
    {
      "extension" : [{
        "url" : "http://hl7.org/fhir/tools/StructureDefinition/resource-information",
        "valueString" : "StructureDefinition:resource"
      }],
      "reference" : {
        "reference" : "StructureDefinition/be-lab-prescription"
      },
      "name" : "BeLabPrescription",
      "description" : "This is the Belgian profile for a laboratory order.",
      "exampleBoolean" : false
    },
    {
      "extension" : [{
        "url" : "http://hl7.org/fhir/tools/StructureDefinition/resource-information",
        "valueString" : "StructureDefinition:resource"
      }],
      "reference" : {
        "reference" : "StructureDefinition/be-performer-task"
      },
      "name" : "BePerformerTask",
      "description" : "Subtask performed by one performer",
      "exampleBoolean" : false
    },
    {
      "extension" : [{
        "url" : "http://hl7.org/fhir/tools/StructureDefinition/resource-information",
        "valueString" : "StructureDefinition:resource"
      }],
      "reference" : {
        "reference" : "StructureDefinition/be-referralprescription"
      },
      "name" : "BeReferralPrescription",
      "description" : "The common structure for referral prescription.",
      "exampleBoolean" : false
    },
    {
      "extension" : [{
        "url" : "http://hl7.org/fhir/tools/StructureDefinition/resource-information",
        "valueString" : "StructureDefinition:resource"
      }],
      "reference" : {
        "reference" : "StructureDefinition/be-referralprescription-diagnosticimaging"
      },
      "name" : "BeReferralPrescriptionDiagnosticImaging",
      "description" : "Referral prescription for a generic diagnostic imaging.\nPlease note in .orderDetail, a specific slicing is available to give guidance how to express acquisition modalities if needed. In future iterations of this profile, more slicing might provide additional guidance.",
      "exampleBoolean" : false
    },
    {
      "extension" : [{
        "url" : "http://hl7.org/fhir/tools/StructureDefinition/resource-information",
        "valueString" : "StructureDefinition:resource"
      }],
      "reference" : {
        "reference" : "StructureDefinition/be-referralprescription-nursing"
      },
      "name" : "BeReferralPrescriptionNursing",
      "description" : "The nursing profile, generic version. Please note the nursing referral for medication does NOT depend on this generic version but is a FHIR prodfile on a different FHIR resource (MedicationRequest)",
      "exampleBoolean" : false
    },
    {
      "extension" : [{
        "url" : "http://hl7.org/fhir/tools/StructureDefinition/resource-information",
        "valueString" : "StructureDefinition:resource"
      }],
      "reference" : {
        "reference" : "StructureDefinition/be-referralprescription-request-group"
      },
      "name" : "BeReferralPrescriptionRequestGroup",
      "description" : "Envelope that allows different referralprescriptions to have an order",
      "exampleBoolean" : false
    },
    {
      "extension" : [{
        "url" : "http://hl7.org/fhir/tools/StructureDefinition/resource-information",
        "valueString" : "StructureDefinition:resource"
      }],
      "reference" : {
        "reference" : "StructureDefinition/be-referral-task"
      },
      "name" : "BeReferralTask",
      "description" : "The task that is referred to in the referral prescription (this is the common task for the execution of the prescription). The subtasks per performer can be found in BePerformerTask",
      "exampleBoolean" : false
    },
    {
      "extension" : [{
        "url" : "http://hl7.org/fhir/tools/StructureDefinition/resource-information",
        "valueString" : "StructureDefinition:primitive-type"
      }],
      "reference" : {
        "reference" : "StructureDefinition/be-year-month-day"
      },
      "name" : "BeYearMonthDay",
      "description" : "a datetime of length 10 or empty",
      "exampleBoolean" : false
    },
    {
      "extension" : [{
        "url" : "http://hl7.org/fhir/tools/StructureDefinition/resource-information",
        "valueString" : "StructureDefinition:extension"
      }],
      "reference" : {
        "reference" : "StructureDefinition/be-co-prescriber"
      },
      "name" : "BeCoPrescriber",
      "description" : "Other practitioners that must take part in this prescripiton",
      "exampleBoolean" : false
    },
    {
      "extension" : [{
        "url" : "http://hl7.org/fhir/tools/StructureDefinition/resource-information",
        "valueString" : "StructureDefinition:extension"
      }],
      "reference" : {
        "reference" : "StructureDefinition/be-co-prescriber-info"
      },
      "name" : "BeCoPrescriberInfo",
      "description" : "Info about the other practitioners that must take part in this prescripiton",
      "exampleBoolean" : false
    },
    {
      "extension" : [{
        "url" : "http://hl7.org/fhir/tools/StructureDefinition/resource-information",
        "valueString" : "StructureDefinition:extension"
      }],
      "reference" : {
        "reference" : "StructureDefinition/be-ext-contraindication"
      },
      "name" : "BeContraindication",
      "description" : "Contra indication in a prescription referral for diagnostic imaging.",
      "exampleBoolean" : false
    },
    {
      "extension" : [{
        "url" : "http://hl7.org/fhir/tools/StructureDefinition/resource-information",
        "valueString" : "StructureDefinition:extension"
      }],
      "reference" : {
        "reference" : "StructureDefinition/be-ext-contrastfluiduse"
      },
      "name" : "BeContrastFluidUse",
      "description" : "Whether the use of contrast fluid in diagnostic imaging can be defined as 'If necessary' or 'Not permitted.'",
      "exampleBoolean" : false
    },
    {
      "extension" : [{
        "url" : "http://hl7.org/fhir/tools/StructureDefinition/resource-information",
        "valueString" : "StructureDefinition:extension"
      }],
      "reference" : {
        "reference" : "StructureDefinition/be-ext-feedback-to-prescriber"
      },
      "name" : "BeFeedbackToPrescriber",
      "description" : "Does the prescriber request feedback?",
      "exampleBoolean" : false
    },
    {
      "extension" : [{
        "url" : "http://hl7.org/fhir/tools/StructureDefinition/resource-information",
        "valueString" : "StructureDefinition:extension"
      }],
      "reference" : {
        "reference" : "StructureDefinition/be-ext-inform-party"
      },
      "name" : "BeInformParty",
      "description" : "Extra parties that need to be informed of the outcome, besides the prescriber.",
      "exampleBoolean" : false
    },
    {
      "extension" : [{
        "url" : "http://hl7.org/fhir/tools/StructureDefinition/resource-information",
        "valueString" : "StructureDefinition:extension"
      }],
      "reference" : {
        "reference" : "StructureDefinition/be-ext-latest-draft-date"
      },
      "name" : "BeLatestDraftDate",
      "description" : "Request must leave draft status before",
      "exampleBoolean" : false
    },
    {
      "extension" : [{
        "url" : "http://hl7.org/fhir/tools/StructureDefinition/resource-information",
        "valueString" : "StructureDefinition:extension"
      }],
      "reference" : {
        "reference" : "StructureDefinition/be-ext-latest-end-date"
      },
      "name" : "BeLatestEndDate",
      "description" : "Request must be performed before",
      "exampleBoolean" : false
    },
    {
      "extension" : [{
        "url" : "http://hl7.org/fhir/tools/StructureDefinition/resource-information",
        "valueString" : "StructureDefinition:extension"
      }],
      "reference" : {
        "reference" : "StructureDefinition/be-ext-pss-info"
      },
      "name" : "BePSSInfo",
      "description" : "Information regarding the Prescription Search Support",
      "exampleBoolean" : false
    },
    {
      "extension" : [{
        "url" : "http://hl7.org/fhir/tools/StructureDefinition/resource-information",
        "valueString" : "StructureDefinition:extension"
      }],
      "reference" : {
        "reference" : "StructureDefinition/be-ext-performer-reference"
      },
      "name" : "BePerformerReference",
      "description" : "BePerformerReference",
      "exampleBoolean" : false
    },
    {
      "extension" : [{
        "url" : "http://hl7.org/fhir/tools/StructureDefinition/resource-information",
        "valueString" : "StructureDefinition:extension"
      }],
      "reference" : {
        "reference" : "StructureDefinition/be-ext-proposal-type"
      },
      "name" : "BeProposalType",
      "description" : "Type of proposal",
      "exampleBoolean" : false
    },
    {
      "extension" : [{
        "url" : "http://hl7.org/fhir/tools/StructureDefinition/resource-information",
        "valueString" : "StructureDefinition:extension"
      }],
      "reference" : {
        "reference" : "StructureDefinition/be-ext-supporting-info"
      },
      "name" : "BeSupportingInfo",
      "description" : "Relevant clinical information in the context of this prescription concerning for example allergies, kidney function, diabetic. This extension allows the use of an Annotation or codeableConcept but when more detailed information can be given, it is RECOMMENDED to express it as structured as possible using the appropriate elements.",
      "exampleBoolean" : false
    },
    {
      "extension" : [{
        "url" : "http://hl7.org/fhir/tools/StructureDefinition/resource-information",
        "valueString" : "StructureDefinition:extension"
      }],
      "reference" : {
        "reference" : "StructureDefinition/be-ext-urgent-communication"
      },
      "name" : "BeUrgentCommunication",
      "description" : "When there is a need to urgently communicate results of an order.",
      "exampleBoolean" : false
    },
    {
      "extension" : [{
        "url" : "http://hl7.org/fhir/tools/StructureDefinition/resource-information",
        "valueString" : "StructureDefinition:extension"
      }],
      "reference" : {
        "reference" : "StructureDefinition/be-ext-validity-period"
      },
      "name" : "BeValidityPeriod",
      "description" : "Begin and enddate of the validity of the request",
      "exampleBoolean" : false
    },
    {
      "extension" : [{
        "url" : "http://hl7.org/fhir/tools/StructureDefinition/resource-information",
        "valueString" : "StructureDefinition:logical"
      }],
      "reference" : {
        "reference" : "StructureDefinition/BeDiagnosticImagingPrescription"
      },
      "name" : "BeDiagnosticImagingPrescription",
      "description" : "Logical model describing the model for the diagnostic imaging prescription. This draft is used in the HL7 Belgian workgroup for referral.",
      "exampleBoolean" : false
    },
    {
      "extension" : [{
        "url" : "http://hl7.org/fhir/tools/StructureDefinition/resource-information",
        "valueString" : "StructureDefinition:logical"
      }],
      "reference" : {
        "reference" : "StructureDefinition/BeLaboratoryPrescription"
      },
      "name" : "BeLaboratoryPrescription",
      "description" : "Logical model describing the model for the prescription laboratory. This draft is used in the HL7 Belgian workgroup for laboratory.",
      "exampleBoolean" : false
    },
    {
      "extension" : [{
        "url" : "http://hl7.org/fhir/tools/StructureDefinition/resource-information",
        "valueString" : "StructureDefinition:logical"
      }],
      "reference" : {
        "reference" : "StructureDefinition/BeModelNursingPrescription"
      },
      "name" : "BeModelNursingPrescription",
      "exampleBoolean" : false
    },
    {
      "extension" : [{
        "url" : "http://hl7.org/fhir/tools/StructureDefinition/resource-information",
        "valueString" : "StructureDefinition:logical"
      }],
      "reference" : {
        "reference" : "StructureDefinition/BeModelReferralPrescription"
      },
      "name" : "BeModelReferralPrescription",
      "description" : "Logical model describing the model for the prescription referral. This draft is used in the HL7 Belgian workgroup for referral.",
      "exampleBoolean" : false
    },
    {
      "extension" : [{
        "url" : "http://hl7.org/fhir/tools/StructureDefinition/resource-information",
        "valueString" : "StructureDefinition:logical"
      }],
      "reference" : {
        "reference" : "StructureDefinition/BeModelReferralRequestGroup"
      },
      "name" : "BeModelReferralRequestGroup",
      "description" : "Logical model describing the model for a group of referral prescriptions. This draft is used in the HL7 Belgian workgroup for referral.",
      "exampleBoolean" : false
    },
    {
      "extension" : [{
        "url" : "http://hl7.org/fhir/tools/StructureDefinition/resource-information",
        "valueString" : "StructureDefinition:logical"
      }],
      "reference" : {
        "reference" : "StructureDefinition/BePhysiotherapyPrescription"
      },
      "name" : "BePhysiotherapyPrescription",
      "exampleBoolean" : false
    },
    {
      "extension" : [{
        "url" : "http://hl7.org/fhir/tools/StructureDefinition/resource-information",
        "valueString" : "ValueSet"
      }],
      "reference" : {
        "reference" : "ValueSet/be-vs-co-prescription-status"
      },
      "name" : "BeCoPrescriptionStatus",
      "description" : "This is the status of the prescription for the coprescriber",
      "exampleBoolean" : false
    },
    {
      "extension" : [{
        "url" : "http://hl7.org/fhir/tools/StructureDefinition/resource-information",
        "valueString" : "ValueSet"
      }],
      "reference" : {
        "reference" : "ValueSet/be-vs-communication-method"
      },
      "name" : "BeCommunicationMethod",
      "description" : "Codes to define a communication method.",
      "exampleBoolean" : false
    },
    {
      "extension" : [{
        "url" : "http://hl7.org/fhir/tools/StructureDefinition/resource-information",
        "valueString" : "ValueSet"
      }],
      "reference" : {
        "reference" : "ValueSet/be-vs-contrastfluid-use"
      },
      "name" : "BeContrastFluidUse",
      "description" : "Codes to define the use of contrast fluid.",
      "exampleBoolean" : false
    },
    {
      "extension" : [{
        "url" : "http://hl7.org/fhir/tools/StructureDefinition/resource-information",
        "valueString" : "ValueSet"
      }],
      "reference" : {
        "reference" : "ValueSet/be-vs-bodysite-nursing"
      },
      "name" : "Body Site",
      "description" : "Body Site",
      "exampleBoolean" : false
    },
    {
      "extension" : [{
        "url" : "http://hl7.org/fhir/tools/StructureDefinition/resource-information",
        "valueString" : "ValueSet"
      }],
      "reference" : {
        "reference" : "ValueSet/be-vs-performer-task-status-reason"
      },
      "name" : "BeVSPerformerTaskStatusReason",
      "description" : "Codes to explain the current status of a referral prescription.",
      "exampleBoolean" : false
    },
    {
      "extension" : [{
        "url" : "http://hl7.org/fhir/tools/StructureDefinition/resource-information",
        "valueString" : "ValueSet"
      }],
      "reference" : {
        "reference" : "ValueSet/be-vs-prescription-status-reason"
      },
      "name" : "BeVSPrescriptionStatusReason",
      "description" : "This is the status reason of the prescription",
      "exampleBoolean" : false
    },
    {
      "extension" : [{
        "url" : "http://hl7.org/fhir/tools/StructureDefinition/resource-information",
        "valueString" : "ValueSet"
      }],
      "reference" : {
        "reference" : "ValueSet/be-vs-request-note-type"
      },
      "name" : "BeVSRequestNoteType",
      "description" : "Types of notes used in a referral prescription",
      "exampleBoolean" : false
    },
    {
      "extension" : [{
        "url" : "http://hl7.org/fhir/tools/StructureDefinition/resource-information",
        "valueString" : "ValueSet"
      }],
      "reference" : {
        "reference" : "ValueSet/be-vs-requested-services-nurse"
      },
      "name" : "BeVSRequestedServicesNurse",
      "description" : "Codes indicating the requests that can be asked from a nurse.",
      "exampleBoolean" : false
    },
    {
      "extension" : [{
        "url" : "http://hl7.org/fhir/tools/StructureDefinition/resource-information",
        "valueString" : "ValueSet"
      }],
      "reference" : {
        "reference" : "ValueSet/be-vs-requested-services-nurse-detail"
      },
      "name" : "BeVSRequestedServicesNurseDetail",
      "description" : "Codes indicating the request details that can be asked from a nurse.",
      "exampleBoolean" : false
    },
    {
      "extension" : [{
        "url" : "http://hl7.org/fhir/tools/StructureDefinition/resource-information",
        "valueString" : "ValueSet"
      }],
      "reference" : {
        "reference" : "ValueSet/be-vs-treatment-status-reason"
      },
      "name" : "BeVSTreatmentStatusReason",
      "description" : "Codes to explain the current status of a treatment in a referral prescription.",
      "exampleBoolean" : false
    },
    {
      "extension" : [{
        "url" : "http://hl7.org/fhir/tools/StructureDefinition/resource-information",
        "valueString" : "ValueSet"
      }],
      "reference" : {
        "reference" : "ValueSet/be-vs-co-prescriber-choice"
      },
      "name" : "BeVsCoPrescriberChoice",
      "description" : "Type of intended performer choice",
      "exampleBoolean" : false
    },
    {
      "extension" : [{
        "url" : "http://hl7.org/fhir/tools/StructureDefinition/resource-information",
        "valueString" : "ValueSet"
      }],
      "reference" : {
        "reference" : "ValueSet/be-vs-proposal-type"
      },
      "name" : "BeVsProposalType",
      "description" : "If the status of the request is proposal, this valueset indicates the different types of proposal",
      "exampleBoolean" : false
    },
    {
      "extension" : [{
        "url" : "http://hl7.org/fhir/tools/StructureDefinition/resource-information",
        "valueString" : "ValueSet"
      }],
      "reference" : {
        "reference" : "ValueSet/be-vs-request-intent"
      },
      "name" : "BeVsRequestIntent",
      "description" : "The allowed intent codes in the context of referral prescription",
      "exampleBoolean" : false
    },
    {
      "extension" : [{
        "url" : "http://hl7.org/fhir/tools/StructureDefinition/resource-information",
        "valueString" : "CodeSystem"
      }],
      "reference" : {
        "reference" : "CodeSystem/be-cs-co-prescriber-choice"
      },
      "name" : "BeCSCoPrescriberChoice",
      "description" : "Type of intended performer choice",
      "exampleBoolean" : false
    },
    {
      "extension" : [{
        "url" : "http://hl7.org/fhir/tools/StructureDefinition/resource-information",
        "valueString" : "CodeSystem"
      }],
      "reference" : {
        "reference" : "CodeSystem/be-communication-code"
      },
      "name" : "BeCommunicationCode",
      "description" : "Communication codes in Belgium. To define a specific method of communicating. Initially defined as supporting CodeSystem for the referral prescription.",
      "exampleBoolean" : false
    },
    {
      "extension" : [{
        "url" : "http://hl7.org/fhir/tools/StructureDefinition/resource-information",
        "valueString" : "CodeSystem"
      }],
      "reference" : {
        "reference" : "CodeSystem/be-vs-contrastfluid-use"
      },
      "name" : "BeContrastFluidUse",
      "description" : "Whether use of contrast fluid should be considered.",
      "exampleBoolean" : false
    },
    {
      "extension" : [{
        "url" : "http://hl7.org/fhir/tools/StructureDefinition/resource-information",
        "valueString" : "CodeSystem"
      }],
      "reference" : {
        "reference" : "CodeSystem/be-prescription-proposal-type"
      },
      "name" : "BePrescriptionProposalType",
      "description" : "Prescription Proposal Type. Indicates the type of proposal (new or prolongation) as from the uses cases by NIHDI",
      "exampleBoolean" : false
    },
    {
      "extension" : [{
        "url" : "http://hl7.org/fhir/tools/StructureDefinition/resource-information",
        "valueString" : "CodeSystem"
      }],
      "reference" : {
        "reference" : "CodeSystem/be-prescription-status-reason"
      },
      "name" : "BePrescriptionStatusReason",
      "description" : "Status reason for the prescription. Initially defined as supporting CodeSystem for the referral prescription.",
      "exampleBoolean" : false
    },
    {
      "extension" : [{
        "url" : "http://hl7.org/fhir/tools/StructureDefinition/resource-information",
        "valueString" : "CodeSystem"
      }],
      "reference" : {
        "reference" : "CodeSystem/be-cs-temp-requested-service"
      },
      "name" : "BeTempRequestedService",
      "description" : "Temporary codes for indicating services that can be requested from a Nurse",
      "exampleBoolean" : false
    },
    {
      "extension" : [{
        "url" : "http://hl7.org/fhir/tools/StructureDefinition/resource-information",
        "valueString" : "CodeSystem"
      }],
      "reference" : {
        "reference" : "CodeSystem/be-cs-temp-requested-service-detail"
      },
      "name" : "BeTempRequestedServiceDetail",
      "description" : "Temporary codes for indicating service details that can be requested from a Nurse",
      "exampleBoolean" : false
    },
    {
      "extension" : [{
        "url" : "http://hl7.org/fhir/tools/StructureDefinition/resource-information",
        "valueString" : "CodeSystem"
      }],
      "reference" : {
        "reference" : "CodeSystem/be-treatment-status-reason"
      },
      "name" : "BeTreatmentStatusReason",
      "description" : "Status reason for the treatment. Initially defined as supporting CodeSystem for the referral prescription.",
      "exampleBoolean" : false
    },
    {
      "extension" : [{
        "url" : "http://hl7.org/fhir/tools/StructureDefinition/resource-information",
        "valueString" : "Practitioner"
      }],
      "reference" : {
        "reference" : "Practitioner/Performer1"
      },
      "name" : "Performer1",
      "exampleBoolean" : true
    },
    {
      "extension" : [{
        "url" : "http://hl7.org/fhir/tools/StructureDefinition/resource-information",
        "valueString" : "Practitioner"
      }],
      "reference" : {
        "reference" : "Practitioner/Requester1"
      },
      "name" : "Requester1",
      "exampleBoolean" : true
    },
    {
      "extension" : [{
        "url" : "http://hl7.org/fhir/tools/StructureDefinition/resource-information",
        "valueString" : "NamingSystem"
      }],
      "reference" : {
        "reference" : "NamingSystem/be-ns-coronalertcode"
      },
      "name" : "BeNSCoronalertcode",
      "description" : "Code as generated by the Coronalert app.",
      "exampleBoolean" : false
    },
    {
      "extension" : [{
        "url" : "http://hl7.org/fhir/tools/StructureDefinition/resource-information",
        "valueString" : "NamingSystem"
      }],
      "reference" : {
        "reference" : "NamingSystem/be-ns-specimen"
      },
      "name" : "BeNSSpecimen",
      "description" : "National identifier for a specimen when needed.",
      "exampleBoolean" : false
    },
    {
      "extension" : [{
        "url" : "http://hl7.org/fhir/tools/StructureDefinition/resource-information",
        "valueString" : "NamingSystem"
      }],
      "reference" : {
        "reference" : "NamingSystem/be-ns-uhmep"
      },
      "name" : "BeUnadressedHealthMessageExchangePlatform",
      "description" : "UHMEP naming system",
      "exampleBoolean" : false
    },
    {
      "extension" : [{
        "url" : "http://hl7.org/fhir/tools/StructureDefinition/resource-information",
        "valueString" : "OperationDefinition"
      }],
      "reference" : {
        "reference" : "OperationDefinition/be-op-cancel"
      },
      "name" : "be-op-cancel",
      "description" : "Cancel Referral Prescription or Proposal",
      "exampleBoolean" : false
    },
    {
      "extension" : [{
        "url" : "http://hl7.org/fhir/tools/StructureDefinition/resource-information",
        "valueString" : "ValueSet"
      }],
      "reference" : {
        "reference" : "ValueSet/be-vs-referral-category"
      },
      "name" : "BeReferralCategory",
      "description" : "Codes to define the high level category for a referral prescription. SNOMED-CT codes in this valueset are just a draft proposal to give a general idea - pending an official valueset.",
      "exampleBoolean" : false
    },
    {
      "extension" : [{
        "url" : "http://hl7.org/fhir/tools/StructureDefinition/resource-information",
        "valueString" : "Condition"
      }],
      "reference" : {
        "reference" : "Condition/condition1"
      },
      "name" : "condition1",
      "exampleBoolean" : true
    },
    {
      "extension" : [{
        "url" : "http://hl7.org/fhir/tools/StructureDefinition/resource-information",
        "valueString" : "ServiceRequest"
      }],
      "reference" : {
        "reference" : "ServiceRequest/diagnostic-imaging-basic-example-concreteWithDetails"
      },
      "name" : "diagnostic-imaging-basic-example-concreteWithDetails",
      "exampleCanonical" : "https://www.ehealth.fgov.be/standards/fhir/referral/StructureDefinition/be-referralprescription-diagnosticimaging"
    },
    {
      "extension" : [{
        "url" : "http://hl7.org/fhir/tools/StructureDefinition/resource-information",
        "valueString" : "ServiceRequest"
      }],
      "reference" : {
        "reference" : "ServiceRequest/diagnostic-imaging-basic-example-concreteWithText"
      },
      "name" : "diagnostic-imaging-basic-example-concreteWithText",
      "exampleCanonical" : "https://www.ehealth.fgov.be/standards/fhir/referral/StructureDefinition/be-referralprescription-diagnosticimaging"
    },
    {
      "extension" : [{
        "url" : "http://hl7.org/fhir/tools/StructureDefinition/resource-information",
        "valueString" : "ServiceRequest"
      }],
      "reference" : {
        "reference" : "ServiceRequest/diagnostic-imaging-basic-example-everything-contained"
      },
      "name" : "diagnostic-imaging-basic-example-everything-contained",
      "exampleCanonical" : "https://www.ehealth.fgov.be/standards/fhir/referral/StructureDefinition/be-referralprescription-diagnosticimaging"
    },
    {
      "extension" : [{
        "url" : "http://hl7.org/fhir/tools/StructureDefinition/resource-information",
        "valueString" : "ServiceRequest"
      }],
      "reference" : {
        "reference" : "ServiceRequest/diagnostic-imaging-basic-example-useOfModality"
      },
      "name" : "diagnostic-imaging-basic-example-useOfModality",
      "exampleCanonical" : "https://www.ehealth.fgov.be/standards/fhir/referral/StructureDefinition/be-referralprescription-diagnosticimaging"
    },
    {
      "extension" : [{
        "url" : "http://hl7.org/fhir/tools/StructureDefinition/resource-information",
        "valueString" : "ServiceRequest"
      }],
      "reference" : {
        "reference" : "ServiceRequest/example01-care02-colon-cleansing"
      },
      "name" : "example01-care02-colon-cleansing",
      "exampleCanonical" : "https://www.ehealth.fgov.be/standards/fhir/referral/StructureDefinition/be-referralprescription-nursing"
    },
    {
      "extension" : [{
        "url" : "http://hl7.org/fhir/tools/StructureDefinition/resource-information",
        "valueString" : "Task"
      }],
      "reference" : {
        "reference" : "Task/example01-care02-colon-cleansing-performer-task"
      },
      "name" : "example01-care02-colon-cleansing-performer-task",
      "exampleCanonical" : "https://www.ehealth.fgov.be/standards/fhir/referral/StructureDefinition/be-performer-task"
    },
    {
      "extension" : [{
        "url" : "http://hl7.org/fhir/tools/StructureDefinition/resource-information",
        "valueString" : "Task"
      }],
      "reference" : {
        "reference" : "Task/example01-care02-colon-cleansing-referral-task"
      },
      "name" : "example01-care02-colon-cleansing-referral-task",
      "exampleCanonical" : "https://www.ehealth.fgov.be/standards/fhir/referral/StructureDefinition/be-referral-task"
    },
    {
      "extension" : [{
        "url" : "http://hl7.org/fhir/tools/StructureDefinition/resource-information",
        "valueString" : "ServiceRequest"
      }],
      "reference" : {
        "reference" : "ServiceRequest/example02-referralprescription-nursing-digestive-system-care"
      },
      "name" : "example02-referralprescription-nursing-digestive-system-care",
      "exampleCanonical" : "https://www.ehealth.fgov.be/standards/fhir/referral/StructureDefinition/be-referralprescription-nursing"
    },
    {
      "extension" : [{
        "url" : "http://hl7.org/fhir/tools/StructureDefinition/resource-information",
        "valueString" : "ServiceRequest"
      }],
      "reference" : {
        "reference" : "ServiceRequest/example03-referralprescription-nursing-compressiontherapy"
      },
      "name" : "example03-referralprescription-nursing-compressiontherapy",
      "exampleCanonical" : "https://www.ehealth.fgov.be/standards/fhir/referral/StructureDefinition/be-referralprescription-nursing"
    },
    {
      "extension" : [{
        "url" : "http://hl7.org/fhir/tools/StructureDefinition/resource-information",
        "valueString" : "ServiceRequest"
      }],
      "reference" : {
        "reference" : "ServiceRequest/example04-referralprescription-nursing-bladder-care"
      },
      "name" : "example04-referralprescription-nursing-bladder-care",
      "exampleCanonical" : "https://www.ehealth.fgov.be/standards/fhir/referral/StructureDefinition/be-referralprescription-nursing"
    },
    {
      "extension" : [{
        "url" : "http://hl7.org/fhir/tools/StructureDefinition/resource-information",
        "valueString" : "ServiceRequest"
      }],
      "reference" : {
        "reference" : "ServiceRequest/example05-referralprescription-nursing-digestive-system-care"
      },
      "name" : "example05-referralprescription-nursing-digestive-system-care",
      "exampleCanonical" : "https://www.ehealth.fgov.be/standards/fhir/referral/StructureDefinition/be-referralprescription-nursing"
    },
    {
      "extension" : [{
        "url" : "http://hl7.org/fhir/tools/StructureDefinition/resource-information",
        "valueString" : "ServiceRequest"
      }],
      "reference" : {
        "reference" : "ServiceRequest/example06-referralprescription-nursing-compression-therapy"
      },
      "name" : "example06-referralprescription-nursing-compression-therapy",
      "exampleCanonical" : "https://www.ehealth.fgov.be/standards/fhir/referral/StructureDefinition/be-referralprescription-nursing"
    },
    {
      "extension" : [{
        "url" : "http://hl7.org/fhir/tools/StructureDefinition/resource-information",
        "valueString" : "ServiceRequest"
      }],
      "reference" : {
        "reference" : "ServiceRequest/example09-referralprescription-nursing-woundcare"
      },
      "name" : "example09-referralprescription-nursing-woundcare",
      "exampleCanonical" : "https://www.ehealth.fgov.be/standards/fhir/referral/StructureDefinition/be-referralprescription-nursing"
    },
    {
      "extension" : [{
        "url" : "http://hl7.org/fhir/tools/StructureDefinition/resource-information",
        "valueString" : "ServiceRequest"
      }],
      "reference" : {
        "reference" : "ServiceRequest/example12-referralprescription-nursing-annex81"
      },
      "name" : "example12-referralprescription-nursing-annex81",
      "exampleCanonical" : "https://www.ehealth.fgov.be/standards/fhir/referral/StructureDefinition/be-referralprescription-nursing"
    },
    {
      "extension" : [{
        "url" : "http://hl7.org/fhir/tools/StructureDefinition/resource-information",
        "valueString" : "ServiceRequest"
      }],
      "reference" : {
        "reference" : "ServiceRequest/example16-referralprescription-nursing-bladder-care"
      },
      "name" : "example16-referralprescription-nursing-bladder-care",
      "exampleCanonical" : "https://www.ehealth.fgov.be/standards/fhir/referral/StructureDefinition/be-referralprescription-nursing"
    },
    {
      "extension" : [{
        "url" : "http://hl7.org/fhir/tools/StructureDefinition/resource-information",
        "valueString" : "ServiceRequest"
      }],
      "reference" : {
        "reference" : "ServiceRequest/example24-referralprescription-nursing-non-reimbursable"
      },
      "name" : "example24-referralprescription-nursing-non-reimbursable",
      "exampleCanonical" : "https://www.ehealth.fgov.be/standards/fhir/referral/StructureDefinition/be-referralprescription-nursing"
    },
    {
      "extension" : [{
        "url" : "http://hl7.org/fhir/tools/StructureDefinition/resource-information",
        "valueString" : "ServiceRequest"
      }],
      "reference" : {
        "reference" : "ServiceRequest/example26-referralprescription-nursing-other"
      },
      "name" : "example26-referralprescription-nursing-other",
      "exampleCanonical" : "https://www.ehealth.fgov.be/standards/fhir/referral/StructureDefinition/be-referralprescription-nursing"
    },
    {
      "extension" : [{
        "url" : "http://hl7.org/fhir/tools/StructureDefinition/resource-information",
        "valueString" : "ServiceRequest"
      }],
      "reference" : {
        "reference" : "ServiceRequest/example32-referralprescription-nursing-chronical-psychiatric"
      },
      "name" : "example32-referralprescription-nursing-chronical-psychiatric",
      "exampleCanonical" : "https://www.ehealth.fgov.be/standards/fhir/referral/StructureDefinition/be-referralprescription-nursing"
    },
    {
      "extension" : [{
        "url" : "http://hl7.org/fhir/tools/StructureDefinition/resource-information",
        "valueString" : "CarePlan"
      }],
      "reference" : {
        "reference" : "CarePlan/gpvisit"
      },
      "name" : "gpvisit",
      "exampleBoolean" : true
    },
    {
      "extension" : [{
        "url" : "http://hl7.org/fhir/tools/StructureDefinition/resource-information",
        "valueString" : "ServiceRequest"
      }],
      "reference" : {
        "reference" : "ServiceRequest/laboratory-order-example1"
      },
      "name" : "laboratory-order-example1",
      "exampleCanonical" : "https://www.ehealth.fgov.be/standards/fhir/referral/StructureDefinition/be-lab-prescription"
    },
    {
      "extension" : [{
        "url" : "http://hl7.org/fhir/tools/StructureDefinition/resource-information",
        "valueString" : "Patient"
      }],
      "reference" : {
        "reference" : "Patient/patient1"
      },
      "name" : "patient1",
      "exampleBoolean" : true
    },
    {
      "extension" : [{
        "url" : "http://hl7.org/fhir/tools/StructureDefinition/resource-information",
        "valueString" : "Task"
      }],
      "reference" : {
        "reference" : "Task/performer-task"
      },
      "name" : "performer-task",
      "exampleCanonical" : "https://www.ehealth.fgov.be/standards/fhir/referral/StructureDefinition/be-performer-task"
    },
    {
      "extension" : [{
        "url" : "http://hl7.org/fhir/tools/StructureDefinition/resource-information",
        "valueString" : "Task"
      }],
      "reference" : {
        "reference" : "Task/performer-task-1-uc2a-1"
      },
      "name" : "performer-task-1-uc2a-1",
      "exampleCanonical" : "https://www.ehealth.fgov.be/standards/fhir/referral/StructureDefinition/be-performer-task"
    },
    {
      "extension" : [{
        "url" : "http://hl7.org/fhir/tools/StructureDefinition/resource-information",
        "valueString" : "Task"
      }],
      "reference" : {
        "reference" : "Task/performer-task-1-uc5a-1"
      },
      "name" : "performer-task-1-uc5a-1",
      "exampleCanonical" : "https://www.ehealth.fgov.be/standards/fhir/referral/StructureDefinition/be-performer-task"
    },
    {
      "extension" : [{
        "url" : "http://hl7.org/fhir/tools/StructureDefinition/resource-information",
        "valueString" : "Task"
      }],
      "reference" : {
        "reference" : "Task/performer-task-2-uc2a-1"
      },
      "name" : "performer-task-2-uc2a-1",
      "exampleCanonical" : "https://www.ehealth.fgov.be/standards/fhir/referral/StructureDefinition/be-performer-task"
    },
    {
      "extension" : [{
        "url" : "http://hl7.org/fhir/tools/StructureDefinition/resource-information",
        "valueString" : "Practitioner"
      }],
      "reference" : {
        "reference" : "Practitioner/practitioner1"
      },
      "name" : "practitioner1",
      "exampleBoolean" : true
    },
    {
      "extension" : [{
        "url" : "http://hl7.org/fhir/tools/StructureDefinition/resource-information",
        "valueString" : "Practitioner"
      }],
      "reference" : {
        "reference" : "Practitioner/practitioner2"
      },
      "name" : "practitioner2",
      "exampleBoolean" : true
    },
    {
      "extension" : [{
        "url" : "http://hl7.org/fhir/tools/StructureDefinition/resource-information",
        "valueString" : "PractitionerRole"
      }],
      "reference" : {
        "reference" : "PractitionerRole/practitionerrole1"
      },
      "name" : "practitionerrole1",
      "exampleBoolean" : true
    },
    {
      "extension" : [{
        "url" : "http://hl7.org/fhir/tools/StructureDefinition/resource-information",
        "valueString" : "Task"
      }],
      "reference" : {
        "reference" : "Task/referral-task"
      },
      "name" : "referral-task",
      "exampleCanonical" : "https://www.ehealth.fgov.be/standards/fhir/referral/StructureDefinition/be-referral-task"
    },
    {
      "extension" : [{
        "url" : "http://hl7.org/fhir/tools/StructureDefinition/resource-information",
        "valueString" : "Task"
      }],
      "reference" : {
        "reference" : "Task/referral-task-uc2a-1"
      },
      "name" : "referral-task-uc2a-1",
      "exampleCanonical" : "https://www.ehealth.fgov.be/standards/fhir/referral/StructureDefinition/be-referral-task"
    },
    {
      "extension" : [{
        "url" : "http://hl7.org/fhir/tools/StructureDefinition/resource-information",
        "valueString" : "Task"
      }],
      "reference" : {
        "reference" : "Task/referral-task-uc5a-1"
      },
      "name" : "referral-task-uc5a-1",
      "exampleCanonical" : "https://www.ehealth.fgov.be/standards/fhir/referral/StructureDefinition/be-referral-task"
    },
    {
      "extension" : [{
        "url" : "http://hl7.org/fhir/tools/StructureDefinition/resource-information",
        "valueString" : "ServiceRequest"
      }],
      "reference" : {
        "reference" : "ServiceRequest/referralprescription-nursing-example2-digestive-system-care"
      },
      "name" : "referralprescription-nursing-example2-digestive-system-care",
      "exampleCanonical" : "https://www.ehealth.fgov.be/standards/fhir/referral/StructureDefinition/be-referralprescription-nursing"
    },
    {
      "extension" : [{
        "url" : "http://hl7.org/fhir/tools/StructureDefinition/resource-information",
        "valueString" : "ServiceRequest"
      }],
      "reference" : {
        "reference" : "ServiceRequest/referralprescription-nursing-example3-compression-therapy"
      },
      "name" : "referralprescription-nursing-example3-compression-therapy",
      "exampleCanonical" : "https://www.ehealth.fgov.be/standards/fhir/referral/StructureDefinition/be-referralprescription-nursing"
    },
    {
      "extension" : [{
        "url" : "http://hl7.org/fhir/tools/StructureDefinition/resource-information",
        "valueString" : "ServiceRequest"
      }],
      "reference" : {
        "reference" : "ServiceRequest/referralprescription-nursing-example5-digestive-system-care"
      },
      "name" : "referralprescription-nursing-example5-digestive-system-care",
      "exampleCanonical" : "https://www.ehealth.fgov.be/standards/fhir/referral/StructureDefinition/be-referralprescription-nursing"
    },
    {
      "extension" : [{
        "url" : "http://hl7.org/fhir/tools/StructureDefinition/resource-information",
        "valueString" : "ServiceRequest"
      }],
      "reference" : {
        "reference" : "ServiceRequest/referralprescription-nursing-example6-compression-therapy"
      },
      "name" : "referralprescription-nursing-example6-compression-therapy",
      "exampleCanonical" : "https://www.ehealth.fgov.be/standards/fhir/referral/StructureDefinition/be-referralprescription-nursing"
    },
    {
      "extension" : [{
        "url" : "http://hl7.org/fhir/tools/StructureDefinition/resource-information",
        "valueString" : "PractitionerRole"
      }],
      "reference" : {
        "reference" : "PractitionerRole/requesterrole1"
      },
      "name" : "requesterrole1",
      "exampleBoolean" : true
    },
    {
      "extension" : [{
        "url" : "http://hl7.org/fhir/tools/StructureDefinition/resource-information",
        "valueString" : "Parameters"
      }],
      "reference" : {
        "reference" : "Parameters/terminology-expansion"
      },
      "name" : "terminology-expansion",
      "exampleBoolean" : true
    },
    {
      "extension" : [{
        "url" : "http://hl7.org/fhir/tools/StructureDefinition/resource-information",
        "valueString" : "RequestGroup"
      }],
      "reference" : {
        "reference" : "RequestGroup/uc2a"
      },
      "name" : "uc2a",
      "exampleCanonical" : "https://www.ehealth.fgov.be/standards/fhir/referral/StructureDefinition/be-referralprescription-request-group"
    },
    {
      "extension" : [{
        "url" : "http://hl7.org/fhir/tools/StructureDefinition/resource-information",
        "valueString" : "ServiceRequest"
      }],
      "reference" : {
        "reference" : "ServiceRequest/uc2a-1"
      },
      "name" : "uc2a-1",
      "exampleCanonical" : "https://www.ehealth.fgov.be/standards/fhir/referral/StructureDefinition/be-referralprescription-nursing"
    },
    {
      "extension" : [{
        "url" : "http://hl7.org/fhir/tools/StructureDefinition/resource-information",
        "valueString" : "ServiceRequest"
      }],
      "reference" : {
        "reference" : "ServiceRequest/uc2a-2"
      },
      "name" : "uc2a-2",
      "exampleCanonical" : "https://www.ehealth.fgov.be/standards/fhir/referral/StructureDefinition/be-referralprescription-nursing"
    },
    {
      "extension" : [{
        "url" : "http://hl7.org/fhir/tools/StructureDefinition/resource-information",
        "valueString" : "ServiceRequest"
      }],
      "reference" : {
        "reference" : "ServiceRequest/uc2a-3"
      },
      "name" : "uc2a-3",
      "exampleCanonical" : "https://www.ehealth.fgov.be/standards/fhir/referral/StructureDefinition/be-referralprescription-nursing"
    },
    {
      "extension" : [{
        "url" : "http://hl7.org/fhir/tools/StructureDefinition/resource-information",
        "valueString" : "ServiceRequest"
      }],
      "reference" : {
        "reference" : "ServiceRequest/uc5a-1"
      },
      "name" : "uc5a-1",
      "exampleCanonical" : "https://www.ehealth.fgov.be/standards/fhir/referral/StructureDefinition/be-referralprescription-nursing"
    },
    {
      "extension" : [{
        "url" : "http://hl7.org/fhir/tools/StructureDefinition/resource-information",
        "valueString" : "ServiceRequest"
      }],
      "reference" : {
        "reference" : "ServiceRequest/ucgh211-1"
      },
      "name" : "ucgh211-1",
      "exampleCanonical" : "https://www.ehealth.fgov.be/standards/fhir/referral/StructureDefinition/be-referralprescription-nursing"
    },
    {
      "extension" : [{
        "url" : "http://hl7.org/fhir/tools/StructureDefinition/resource-information",
        "valueString" : "ServiceRequest"
      }],
      "reference" : {
        "reference" : "ServiceRequest/ucgh222p12-1"
      },
      "name" : "ucgh222p12-1",
      "exampleCanonical" : "https://www.ehealth.fgov.be/standards/fhir/referral/StructureDefinition/be-referralprescription-nursing"
    },
    {
      "extension" : [{
        "url" : "http://hl7.org/fhir/tools/StructureDefinition/resource-information",
        "valueString" : "PractitionerRole"
      }],
      "reference" : {
        "reference" : "PractitionerRole/ucgh222p12-1-1"
      },
      "name" : "ucgh222p12-1-1",
      "exampleBoolean" : true
    },
    {
      "extension" : [{
        "url" : "http://hl7.org/fhir/tools/StructureDefinition/resource-information",
        "valueString" : "ServiceRequest"
      }],
      "reference" : {
        "reference" : "ServiceRequest/ucgh222p12-2"
      },
      "name" : "ucgh222p12-2",
      "exampleCanonical" : "https://www.ehealth.fgov.be/standards/fhir/referral/StructureDefinition/be-referralprescription-nursing"
    },
    {
      "extension" : [{
        "url" : "http://hl7.org/fhir/tools/StructureDefinition/resource-information",
        "valueString" : "ServiceRequest"
      }],
      "reference" : {
        "reference" : "ServiceRequest/ucgh222p12-3"
      },
      "name" : "ucgh222p12-3",
      "exampleCanonical" : "https://www.ehealth.fgov.be/standards/fhir/referral/StructureDefinition/be-referralprescription-nursing"
    },
    {
      "extension" : [{
        "url" : "http://hl7.org/fhir/tools/StructureDefinition/resource-information",
        "valueString" : "RequestGroup"
      }],
      "reference" : {
        "reference" : "RequestGroup/ucgh222p13"
      },
      "name" : "ucgh222p13",
      "exampleCanonical" : "https://www.ehealth.fgov.be/standards/fhir/referral/StructureDefinition/be-referralprescription-request-group"
    },
    {
      "extension" : [{
        "url" : "http://hl7.org/fhir/tools/StructureDefinition/resource-information",
        "valueString" : "ServiceRequest"
      }],
      "reference" : {
        "reference" : "ServiceRequest/ucgh222p13-1"
      },
      "name" : "ucgh222p13-1",
      "exampleCanonical" : "https://www.ehealth.fgov.be/standards/fhir/referral/StructureDefinition/be-referralprescription-nursing"
    },
    {
      "extension" : [{
        "url" : "http://hl7.org/fhir/tools/StructureDefinition/resource-information",
        "valueString" : "PractitionerRole"
      }],
      "reference" : {
        "reference" : "PractitionerRole/ucgh222p13-1-1"
      },
      "name" : "ucgh222p13-1-1",
      "exampleBoolean" : true
    },
    {
      "extension" : [{
        "url" : "http://hl7.org/fhir/tools/StructureDefinition/resource-information",
        "valueString" : "ServiceRequest"
      }],
      "reference" : {
        "reference" : "ServiceRequest/ucgh222p13-2"
      },
      "name" : "ucgh222p13-2",
      "exampleCanonical" : "https://www.ehealth.fgov.be/standards/fhir/referral/StructureDefinition/be-referralprescription-nursing"
    },
    {
      "extension" : [{
        "url" : "http://hl7.org/fhir/tools/StructureDefinition/resource-information",
        "valueString" : "ServiceRequest"
      }],
      "reference" : {
        "reference" : "ServiceRequest/ucgh241p110-1"
      },
      "name" : "ucgh241p110-1",
      "exampleCanonical" : "https://www.ehealth.fgov.be/standards/fhir/referral/StructureDefinition/be-referralprescription-nursing"
    },
    {
      "extension" : [{
        "url" : "http://hl7.org/fhir/tools/StructureDefinition/resource-information",
        "valueString" : "PractitionerRole"
      }],
      "reference" : {
        "reference" : "PractitionerRole/ucgh241p110-1-1"
      },
      "name" : "ucgh241p110-1-1",
      "exampleBoolean" : true
    },
    {
      "extension" : [{
        "url" : "http://hl7.org/fhir/tools/StructureDefinition/resource-information",
        "valueString" : "ServiceRequest"
      }],
      "reference" : {
        "reference" : "ServiceRequest/ucgh241p111-1"
      },
      "name" : "ucgh241p111-1",
      "exampleCanonical" : "https://www.ehealth.fgov.be/standards/fhir/referral/StructureDefinition/be-referralprescription-nursing"
    },
    {
      "extension" : [{
        "url" : "http://hl7.org/fhir/tools/StructureDefinition/resource-information",
        "valueString" : "PractitionerRole"
      }],
      "reference" : {
        "reference" : "PractitionerRole/ucgh241p111-1-1"
      },
      "name" : "ucgh241p111-1-1",
      "exampleBoolean" : true
    },
    {
      "extension" : [{
        "url" : "http://hl7.org/fhir/tools/StructureDefinition/resource-information",
        "valueString" : "ServiceRequest"
      }],
      "reference" : {
        "reference" : "ServiceRequest/ucgh241p15-1"
      },
      "name" : "ucgh241p15-1",
      "exampleCanonical" : "https://www.ehealth.fgov.be/standards/fhir/referral/StructureDefinition/be-referralprescription-nursing"
    },
    {
      "extension" : [{
        "url" : "http://hl7.org/fhir/tools/StructureDefinition/resource-information",
        "valueString" : "PractitionerRole"
      }],
      "reference" : {
        "reference" : "PractitionerRole/ucgh241p15-1-1"
      },
      "name" : "ucgh241p15-1-1",
      "exampleBoolean" : true
    },
    {
      "extension" : [{
        "url" : "http://hl7.org/fhir/tools/StructureDefinition/resource-information",
        "valueString" : "ServiceRequest"
      }],
      "reference" : {
        "reference" : "ServiceRequest/ucgh241p16-1"
      },
      "name" : "ucgh241p16-1",
      "exampleCanonical" : "https://www.ehealth.fgov.be/standards/fhir/referral/StructureDefinition/be-referralprescription-nursing"
    },
    {
      "extension" : [{
        "url" : "http://hl7.org/fhir/tools/StructureDefinition/resource-information",
        "valueString" : "PractitionerRole"
      }],
      "reference" : {
        "reference" : "PractitionerRole/ucgh241p16-1-1"
      },
      "name" : "ucgh241p16-1-1",
      "exampleBoolean" : true
    },
    {
      "extension" : [{
        "url" : "http://hl7.org/fhir/tools/StructureDefinition/resource-information",
        "valueString" : "ServiceRequest"
      }],
      "reference" : {
        "reference" : "ServiceRequest/ucgh241p17-1"
      },
      "name" : "ucgh241p17-1",
      "exampleCanonical" : "https://www.ehealth.fgov.be/standards/fhir/referral/StructureDefinition/be-referralprescription-nursing"
    },
    {
      "extension" : [{
        "url" : "http://hl7.org/fhir/tools/StructureDefinition/resource-information",
        "valueString" : "PractitionerRole"
      }],
      "reference" : {
        "reference" : "PractitionerRole/ucgh241p17-1-1"
      },
      "name" : "ucgh241p17-1-1",
      "exampleBoolean" : true
    },
    {
      "extension" : [{
        "url" : "http://hl7.org/fhir/tools/StructureDefinition/resource-information",
        "valueString" : "ServiceRequest"
      }],
      "reference" : {
        "reference" : "ServiceRequest/ucgh241p18-1"
      },
      "name" : "ucgh241p18-1",
      "exampleCanonical" : "https://www.ehealth.fgov.be/standards/fhir/referral/StructureDefinition/be-referralprescription-nursing"
    },
    {
      "extension" : [{
        "url" : "http://hl7.org/fhir/tools/StructureDefinition/resource-information",
        "valueString" : "PractitionerRole"
      }],
      "reference" : {
        "reference" : "PractitionerRole/ucgh241p18-1-1"
      },
      "name" : "ucgh241p18-1-1",
      "exampleBoolean" : true
    },
    {
      "extension" : [{
        "url" : "http://hl7.org/fhir/tools/StructureDefinition/resource-information",
        "valueString" : "ServiceRequest"
      }],
      "reference" : {
        "reference" : "ServiceRequest/ucgh241p19-1"
      },
      "name" : "ucgh241p19-1",
      "exampleCanonical" : "https://www.ehealth.fgov.be/standards/fhir/referral/StructureDefinition/be-referralprescription-nursing"
    },
    {
      "extension" : [{
        "url" : "http://hl7.org/fhir/tools/StructureDefinition/resource-information",
        "valueString" : "PractitionerRole"
      }],
      "reference" : {
        "reference" : "PractitionerRole/ucgh241p19-1-1"
      },
      "name" : "ucgh241p19-1-1",
      "exampleBoolean" : true
    },
    {
      "extension" : [{
        "url" : "http://hl7.org/fhir/tools/StructureDefinition/resource-information",
        "valueString" : "StructureMap"
      }],
      "reference" : {
        "reference" : "StructureMap/be-map-model-referral-prescription"
      }
    }],
    "page" : {
      "extension" : [{
        "url" : "http://hl7.org/fhir/tools/StructureDefinition/ig-page-name",
        "valueUrl" : "toc.html"
      }],
      "nameUrl" : "toc.html",
      "title" : "Table of Contents",
      "generation" : "html",
      "page" : [{
        "extension" : [{
          "url" : "http://hl7.org/fhir/tools/StructureDefinition/ig-page-name",
          "valueUrl" : "index.html"
        }],
        "nameUrl" : "index.html",
        "title" : "Home",
        "generation" : "html"
      },
      {
        "extension" : [{
          "url" : "http://hl7.org/fhir/tools/StructureDefinition/ig-page-name",
          "valueUrl" : "guidance.html"
        }],
        "nameUrl" : "guidance.html",
        "title" : "Guidance",
        "generation" : "markdown"
      },
      {
        "extension" : [{
          "url" : "http://hl7.org/fhir/tools/StructureDefinition/ig-page-name",
          "valueUrl" : "changes.html"
        }],
        "nameUrl" : "changes.html",
        "title" : "Changes",
        "generation" : "markdown"
      },
      {
        "extension" : [{
          "url" : "http://hl7.org/fhir/tools/StructureDefinition/ig-page-name",
          "valueUrl" : "downloads.html"
        }],
        "nameUrl" : "downloads.html",
        "title" : "Downloads",
        "generation" : "html"
      },
      {
        "extension" : [{
          "url" : "http://hl7.org/fhir/tools/StructureDefinition/ig-page-name",
          "valueUrl" : "mapping.html"
        }],
        "nameUrl" : "mapping.html",
        "title" : "Mapping",
        "generation" : "markdown"
      }]
    },
    "parameter" : [{
      "code" : "path-resource",
      "value" : "input/capabilities"
    },
    {
      "code" : "path-resource",
      "value" : "input/examples"
    },
    {
      "code" : "path-resource",
      "value" : "input/extensions"
    },
    {
      "code" : "path-resource",
      "value" : "input/models"
    },
    {
      "code" : "path-resource",
      "value" : "input/operations"
    },
    {
      "code" : "path-resource",
      "value" : "input/profiles"
    },
    {
      "code" : "path-resource",
      "value" : "input/resources"
    },
    {
      "code" : "path-resource",
      "value" : "input/vocabulary"
    },
    {
      "code" : "path-resource",
      "value" : "input/maps"
    },
    {
      "code" : "path-resource",
      "value" : "input/testing"
    },
    {
      "code" : "path-resource",
      "value" : "input/history"
    },
    {
      "code" : "path-resource",
      "value" : "fsh-generated/resources"
    },
    {
      "code" : "path-pages",
      "value" : "template/config"
    },
    {
      "code" : "path-pages",
      "value" : "input/images"
    },
    {
      "code" : "path-tx-cache",
      "value" : "input-cache/txcache"
    }]
  }
}