{
  "resourceType": "MedicationRequest",
  "id": "example01-care03-referralprescription-nursing-medication",
  "meta": {
    "profile": [
      "https://www.ehealth.fgov.be/standards/fhir/referral/StructureDefinition/be-referralprescription-nursing-medication"
    ]
  },
  "text": {
    "status": "extensions",
    "div": "<div xmlns=\"http://www.w3.org/1999/xhtml\"><p><b>Generated Narrative: MedicationRequest</b><a name=\"example01-care03-referralprescription-nursing-medication\"> </a></p><div style=\"display: inline-block; background-color: #d9e0e7; padding: 6px; margin: 4px; border: 1px solid #8da1b4; border-radius: 5px; line-height: 60%\"><p style=\"margin-bottom: 0px\">Resource MedicationRequest \"example01-care03-referralprescription-nursing-medication\" </p><p style=\"margin-bottom: 0px\">Profile: <a href=\"StructureDefinition-be-referralprescription-nursing-medication.html\">BeReferralPrescriptionNursingMedication</a></p></div><p><b>BeValidityPeriod</b>: 2022-10-12 --&gt; (ongoing)</p><p><b>BePerformerTaskReference</b>: <a href=\"Task-performer-task.html\">Task/performer-task</a></p><p><b>BeFeedbackToPrescriber</b>: true</p><p><b>status</b>: active</p><p><b>statusReason</b>: In progress <span style=\"background: LightGoldenRodYellow; margin: 4px; border: 1px solid khaki\"> (<a href=\"CodeSystem-be-prescription-status-reason.html\">BePrescriptionStatusReason</a>#inProgress)</span></p><p><b>intent</b>: order</p><p><b>category</b>: Subcutaan <span style=\"background: LightGoldenRodYellow; margin: 4px; border: 1px solid khaki\"> (be-nursing-medication-injection#SC)</span></p><p><b>priority</b>: routine</p><p><b>medication</b>: Midazolam Mylan inj./inf./instill. oploss. i.m./i.v./rect. [amp.] 10 x 5 mg / 5 ml <span style=\"background: LightGoldenRodYellow; margin: 4px; border: 1px solid khaki\"> (be-ns-cnk-codes#2661098)</span></p><p><b>subject</b>: <a name=\"patient1\"> </a></p><blockquote><p></p><p><a name=\"patient1\"> </a></p><p><b>identifier</b>: id: 9999999999(use: OFFICIAL)</p><p><b>name</b>: Jane Doe </p><p><b>gender</b>: female</p><p><b>birthDate</b>: 1956-05-27</p></blockquote><p><b>requester</b>: <a name=\"Requester1\"> </a></p><blockquote><p></p><p><a name=\"Requester1\"> </a></p><p><b>identifier</b>: id: 8888888888(use: OFFICIAL)</p><p><b>name</b>: Leonard McCoy (OFFICIAL), Bones (NICKNAME)</p></blockquote><h3>DosageInstructions</h3><table class=\"grid\"><tr><td>-</td><td><b>Text</b></td><td><b>Timing</b></td></tr><tr><td>*</td><td>opzet hier: éénmalige sondage en lavement uitvoeren, maar persoon op voorhand verdoven met 5mg Midzaolan via subcutane inspuiting</td><td>Do Once per 1 days</td></tr></table></div>"
  },
  "contained": [
    {
      "resourceType": "Patient",
      "id": "patient1",
      "meta": {
        "profile": [
          "https://www.ehealth.fgov.be/standards/fhir/core/StructureDefinition/be-patient"
        ]
      },
      "identifier": [
        {
          "use": "official",
          "system": "https://www.ehealth.fgov.be/standards/fhir/core/NamingSystem/ssin",
          "value": "9999999999"
        }
      ],
      "name": [
        {
          "family": "Doe",
          "given": [
            "Jane"
          ]
        }
      ],
      "gender": "female",
      "birthDate": "1956-05-27"
    },
    {
      "resourceType": "Practitioner",
      "id": "Requester1",
      "meta": {
        "profile": [
          "https://www.ehealth.fgov.be/standards/fhir/core/StructureDefinition/be-practitioner"
        ]
      },
      "identifier": [
        {
          "use": "official",
          "system": "https://www.ehealth.fgov.be/standards/fhir/core/NamingSystem/nihdi",
          "value": "8888888888"
        }
      ],
      "name": [
        {
          "use": "official",
          "family": "McCoy",
          "given": [
            "Leonard"
          ]
        },
        {
          "use": "nickname",
          "given": [
            "Bones"
          ]
        }
      ]
    }
  ],
  "extension": [
    {
      "url": "https://www.ehealth.fgov.be/standards/fhir/referral/StructureDefinition/be-ext-validity-period",
      "valuePeriod": {
        "start": "2022-10-12"
      }
    },
    {
      "url": "https://www.ehealth.fgov.be/standards/fhir/referral/StructureDefinition/be-ext-performer-task-reference",
      "valueReference": {
        "reference": "Task/performer-task"
      }
    },
    {
      "url": "https://www.ehealth.fgov.be/standards/fhir/referral/StructureDefinition/be-ext-feedback-to-prescriber",
      "valueBoolean": true
    }
  ],
  "status": "active",
  "statusReason": {
    "coding": [
      {
        "system": "https://www.ehealth.fgov.be/standards/fhir/referral/CodeSystem/be-prescription-status-reason",
        "code": "inProgress",
        "display": "In progress"
      }
    ]
  },
  "intent": "order",
  "category": [
    {
      "coding": [
        {
          "system": "https://www.ehealth.fgov.be/standards/fhir/referral/CodeSystem/be-nursing-medication-injection",
          "code": "SC"
        }
      ],
      "text": "Subcutaan"
    }
  ],
  "priority": "routine",
  "medicationCodeableConcept": {
    "coding": [
      {
        "system": "https://www.ehealth.fgov.be/standards/fhir/medication/NamingSystem/be-ns-cnk-codes",
        "code": "2661098",
        "display": "Midazolam Mylan inj./inf./instill. oploss. i.m./i.v./rect. [amp.] 10 x 5 mg / 5 ml"
      }
    ]
  },
  "subject": {
    "reference": "#patient1"
  },
  "requester": {
    "reference": "#Requester1"
  },
  "dosageInstruction": [
    {
      "text": "opzet hier: éénmalige sondage en lavement uitvoeren, maar persoon op voorhand verdoven met 5mg Midzaolan via subcutane inspuiting",
      "timing": {
        "repeat": {
          "frequency": 1,
          "period": 1,
          "periodUnit": "d"
        }
      }
    }
  ]
}