{
  "resourceType": "MedicationRequest",
  "id": "example23-referralprescription-nursing-medication",
  "meta": {
    "profile": [
      "https://www.ehealth.fgov.be/standards/fhir/referral/StructureDefinition/be-referralprescription-nursing-gen-medication"
    ]
  },
  "text": {
    "status": "extensions",
    "div": "<div xmlns=\"http://www.w3.org/1999/xhtml\"><p><b>Generated Narrative: MedicationRequest</b><a name=\"example23-referralprescription-nursing-medication\"> </a></p><div style=\"display: inline-block; background-color: #d9e0e7; padding: 6px; margin: 4px; border: 1px solid #8da1b4; border-radius: 5px; line-height: 60%\"><p style=\"margin-bottom: 0px\">Resource MedicationRequest \"example23-referralprescription-nursing-medication\" </p><p style=\"margin-bottom: 0px\">Profile: <a href=\"StructureDefinition-be-referralprescription-nursing-gen-medication.html\">BeReferralPrescriptionNursingGenMedication</a></p></div><p><b>BeValidityPeriod</b>: 2022-10-12 --&gt; (ongoing)</p><p><b>BePerformerReference</b>: <a href=\"PractitionerRole-practitionerrole1.html\">PractitionerRole/practitionerrole1</a></p><p><b>identifier</b>: id: UHMEPVALUE</p><p><b>status</b>: active</p><p><b>statusReason</b>: In Progress <span style=\"background: LightGoldenRodYellow; margin: 4px; border: 1px solid khaki\"> (<a href=\"CodeSystem-be-prescriptionstatus-reason.html\">BePrescriptionStatusReason</a>#inprogress)</span></p><p><b>intent</b>: order</p><p><b>category</b>: Auricular <span style=\"background: LightGoldenRodYellow; margin: 4px; border: 1px solid khaki\"> (be-nursing-medication-category#auricular)</span></p><p><b>priority</b>: routine</p><p><b>medication</b>: Cerulyx auric. druppels oploss. 10 ml 455 mg / 10 ml <span style=\"background: LightGoldenRodYellow; margin: 4px; border: 1px solid khaki\"> (be-ns-cnk-codes#0105965)</span></p><p><b>subject</b>: <a href=\"Patient-patient1.html\">Patient/patient1</a> \" DOE\"</p><p><b>requester</b>: <a href=\"Practitioner-practitioner1.html\">Practitioner/practitioner1</a> \" MCCOY\"</p><p><b>note</b>: in beide oren, daarna 10 minuten op zij blijven liggen</p><h3>DosageInstructions</h3><table class=\"grid\"><tr><td>-</td><td><b>Text</b></td><td><b>PatientInstruction</b></td><td><b>Timing</b></td><td><b>Site</b></td></tr><tr><td>*</td><td>frequency: 3 druppels 3x/dag gedurende 5 dagen</td><td>daarna 10 minuten op zij blijven liggen</td><td>Do 3 per 1 days</td><td>Both ears <span style=\"background: LightGoldenRodYellow; margin: 4px; border: 1px solid khaki\"> (<a href=\"https://browser.ihtsdotools.org/\">SNOMED CT</a>#34338003)</span></td></tr></table></div>"
  },
  "extension": [
    {
      "url": "https://www.ehealth.fgov.be/standards/fhir/referral/StructureDefinition/be-ext-validity-period",
      "valuePeriod": {
        "start": "2022-10-12"
      }
    },
    {
      "url": "https://www.ehealth.fgov.be/standards/fhir/referral/StructureDefinition/be-ext-performer-reference",
      "valueReference": {
        "reference": "PractitionerRole/practitionerrole1"
      }
    }
  ],
  "identifier": [
    {
      "system": "https://www.ehealth.fgov.be/standards/fhir/referral/NamingSystem/uhmep",
      "value": "UHMEPVALUE"
    }
  ],
  "status": "active",
  "statusReason": {
    "coding": [
      {
        "system": "https://www.ehealth.fgov.be/standards/fhir/referral/CodeSystem/be-prescription-status-reason",
        "code": "inprogress",
        "display": "In Progress"
      }
    ]
  },
  "intent": "order",
  "category": [
    {
      "coding": [
        {
          "system": "https://www.ehealth.fgov.be/standards/fhir/referral/CodeSystem/be-nursing-medication-category",
          "code": "auricular"
        }
      ],
      "text": "Auricular"
    }
  ],
  "priority": "routine",
  "medicationCodeableConcept": {
    "coding": [
      {
        "system": "https://www.ehealth.fgov.be/standards/fhir/medication/NamingSystem/be-ns-cnk-codes",
        "code": "0105965",
        "display": "Cerulyx auric. druppels oploss. 10 ml 455 mg / 10 ml"
      }
    ]
  },
  "subject": {
    "reference": "Patient/patient1"
  },
  "requester": {
    "reference": "Practitioner/practitioner1"
  },
  "note": [
    {
      "text": "in beide oren, daarna 10 minuten op zij blijven liggen"
    }
  ],
  "dosageInstruction": [
    {
      "text": "frequency: 3 druppels 3x/dag gedurende 5 dagen",
      "patientInstruction": "daarna 10 minuten op zij blijven liggen",
      "timing": {
        "repeat": {
          "boundsDuration": {
            "value": 5,
            "unit": "d",
            "system": "http://hl7.org/fhir/ValueSet/ucum-units"
          },
          "frequency": 3,
          "period": 1,
          "periodUnit": "d"
        }
      },
      "site": {
        "coding": [
          {
            "system": "http://snomed.info/sct",
            "code": "34338003"
          }
        ]
      }
    }
  ]
}