{
  "resourceType": "MedicationRequest",
  "id": "example20-referralprescription-nursing-medication",
  "meta": {
    "profile": [
      "https://www.ehealth.fgov.be/standards/fhir/referral/StructureDefinition/be-referralprescription-nursing-medication"
    ]
  },
  "text": {
    "status": "extensions",
    "div": "<div xmlns=\"http://www.w3.org/1999/xhtml\"><p><b>Generated Narrative: MedicationRequest</b><a name=\"example20-referralprescription-nursing-medication\"> </a></p><div style=\"display: inline-block; background-color: #d9e0e7; padding: 6px; margin: 4px; border: 1px solid #8da1b4; border-radius: 5px; line-height: 60%\"><p style=\"margin-bottom: 0px\">Resource MedicationRequest &quot;example20-referralprescription-nursing-medication&quot; </p><p style=\"margin-bottom: 0px\">Profile: <a href=\"StructureDefinition-be-referralprescription-nursing-medication.html\">BeReferralPrescriptionNursingMedication</a></p></div><p><b>BeValidityPeriod</b>: 2022-10-12 --&gt; (ongoing)</p><p><b>BePerformerTaskReference</b>: <a href=\"Task-performer-task.html\">Task/performer-task</a></p><p><b>BeFeedbackToPrescriber</b>: true</p><p><b>identifier</b>: id: UHMEPVALUE</p><p><b>status</b>: active</p><p><b>statusReason</b>: In Progress <span style=\"background: LightGoldenRodYellow; margin: 4px; border: 1px solid khaki\"> (<a href=\"CodeSystem-be-prescription-status-reason.html\">BePrescriptionStatusReason</a>#inProgress)</span></p><p><b>intent</b>: order</p><p><b>category</b>: Subcutaan <span style=\"background: LightGoldenRodYellow; margin: 4px; border: 1px solid khaki\"> (be-nursing-medication-injection#SC)</span></p><p><b>priority</b>: routine</p><p><b>medication</b>: Voltaren Emulgel (PIP) transderm. lok. gel 50 g 10 mg / 1 g <span style=\"background: LightGoldenRodYellow; margin: 4px; border: 1px solid khaki\"> (be-ns-cnk-codes#2638591)</span></p><p><b>subject</b>: <a name=\"patient1\"> </a></p><blockquote><p/><p><a name=\"patient1\"> </a></p><p><b>identifier</b>: id: 9999999999 (use: OFFICIAL)</p><p><b>name</b>: Jane Doe </p><p><b>gender</b>: female</p><p><b>birthDate</b>: 1956-05-27</p></blockquote><p><b>authoredOn</b>: 2022-10-31</p><p><b>requester</b>: <a name=\"practitioner1\"> </a></p><blockquote><p/><p><a name=\"practitioner1\"> </a></p><p><b>identifier</b>: id: 8888888888 (use: OFFICIAL)</p><p><b>name</b>: Leonard McCoy (OFFICIAL), Bones (NICKNAME)</p></blockquote><p><b>note</b>: thv m.trapezius en rechterelleboog</p><h3>DosageInstructions</h3><table class=\"grid\"><tr><td>-</td><td><b>Text</b></td><td><b>Timing</b></td><td><b>AsNeeded[x]</b></td><td><b>Site</b></td></tr><tr><td>*</td><td>frequency: 1x/dag aanbrengen tot klachten verbeteren, maximum gedurende 2 weken (08/08/2021 tem 21/8/2021)</td><td>Starting 2021-08-08, Do Once per 1 days, Until 2021-08-21</td><td>true</td><td>Trapezius muscle <span style=\"background: LightGoldenRodYellow; margin: 4px; border: 1px solid khaki\"> (<a href=\"https://browser.ihtsdotools.org/\">SNOMED CT</a>#31764008)</span></td></tr></table><hr/><blockquote><p style=\"border: 1px #661aff solid; background-color: #e6e6ff; padding: 10px;\"><b>Jane Doe </b> female, DoB: 1956-05-27 ( id: 9999999999 (use: OFFICIAL))</p><hr/></blockquote><hr/><blockquote><p><b>Generated Narrative: Practitioner #practitioner1</b><a name=\"practitioner1\"> </a></p><p><b>identifier</b>: id: 8888888888 (use: OFFICIAL)</p><p><b>name</b>: Leonard McCoy (OFFICIAL), Bones (NICKNAME)</p></blockquote></div>"
  },
  "contained": [
    {
      "resourceType": "Patient",
      "id": "patient1",
      "meta": {
        "profile": [
          "https://www.ehealth.fgov.be/standards/fhir/core/StructureDefinition/be-patient"
        ]
      },
      "identifier": [
        {
          "use": "official",
          "system": "https://www.ehealth.fgov.be/standards/fhir/core/NamingSystem/ssin",
          "value": "9999999999"
        }
      ],
      "name": [
        {
          "family": "Doe",
          "given": [
            "Jane"
          ]
        }
      ],
      "gender": "female",
      "birthDate": "1956-05-27"
    },
    {
      "resourceType": "Practitioner",
      "id": "practitioner1",
      "meta": {
        "profile": [
          "https://www.ehealth.fgov.be/standards/fhir/core/StructureDefinition/be-practitioner"
        ]
      },
      "identifier": [
        {
          "use": "official",
          "system": "https://www.ehealth.fgov.be/standards/fhir/core/NamingSystem/nihdi",
          "value": "8888888888"
        }
      ],
      "name": [
        {
          "use": "official",
          "family": "McCoy",
          "given": [
            "Leonard"
          ]
        },
        {
          "use": "nickname",
          "given": [
            "Bones"
          ]
        }
      ]
    }
  ],
  "extension": [
    {
      "url": "https://www.ehealth.fgov.be/standards/fhir/referral/StructureDefinition/be-ext-validity-period",
      "valuePeriod": {
        "start": "2022-10-12"
      }
    },
    {
      "url": "https://www.ehealth.fgov.be/standards/fhir/referral/StructureDefinition/be-ext-performer-task-reference",
      "valueReference": {
        "reference": "Task/performer-task"
      }
    },
    {
      "url": "https://www.ehealth.fgov.be/standards/fhir/referral/StructureDefinition/be-ext-feedback-to-prescriber",
      "valueBoolean": true
    }
  ],
  "identifier": [
    {
      "system": "https://www.ehealth.fgov.be/standards/fhir/referral/NamingSystem/uhmep",
      "value": "UHMEPVALUE"
    }
  ],
  "status": "active",
  "statusReason": {
    "coding": [
      {
        "system": "https://www.ehealth.fgov.be/standards/fhir/referral/CodeSystem/be-prescription-status-reason",
        "code": "inProgress",
        "display": "In Progress"
      }
    ]
  },
  "intent": "order",
  "category": [
    {
      "coding": [
        {
          "system": "https://www.ehealth.fgov.be/standards/fhir/referral/CodeSystem/be-nursing-medication-injection",
          "code": "SC"
        }
      ],
      "text": "Subcutaan"
    }
  ],
  "priority": "routine",
  "medicationCodeableConcept": {
    "coding": [
      {
        "system": "https://www.ehealth.fgov.be/standards/fhir/medication/NamingSystem/be-ns-cnk-codes",
        "code": "2638591",
        "display": "Voltaren Emulgel (PIP) transderm. lok. gel 50 g 10 mg / 1 g"
      }
    ]
  },
  "subject": {
    "reference": "#patient1"
  },
  "authoredOn": "2022-10-31",
  "requester": {
    "reference": "#practitioner1"
  },
  "note": [
    {
      "text": "thv m.trapezius en rechterelleboog"
    }
  ],
  "dosageInstruction": [
    {
      "text": "frequency: 1x/dag aanbrengen tot klachten verbeteren, maximum gedurende 2 weken (08/08/2021 tem 21/8/2021)",
      "timing": {
        "repeat": {
          "boundsPeriod": {
            "start": "2021-08-08",
            "end": "2021-08-21"
          },
          "frequency": 1,
          "period": 1,
          "periodUnit": "d"
        }
      },
      "asNeededBoolean": true,
      "site": {
        "coding": [
          {
            "system": "http://snomed.info/sct",
            "code": "31764008"
          }
        ]
      }
    }
  ]
}