{
  "resourceType": "MedicationRequest",
  "id": "example22-referralprescription-nursing-medication",
  "meta": {
    "profile": [
      "https://www.ehealth.fgov.be/standards/fhir/StructureDefinition/be-referralprescription-nursing-gen-medication"
    ]
  },
  "text": {
    "status": "generated",
    "div": "<div xmlns=\"http://www.w3.org/1999/xhtml\"><p><b>Generated Narrative</b></p><div style=\"display: inline-block; background-color: #d9e0e7; padding: 6px; margin: 4px; border: 1px solid #8da1b4; border-radius: 5px; line-height: 60%\"><p style=\"margin-bottom: 0px\">Resource \"example22-referralprescription-nursing-medication\" </p><p style=\"margin-bottom: 0px\">Profile: <a href=\"StructureDefinition-be-referralprescription-nursing-gen-medication.html\">BeReferralPrescriptionNursingGenMedication</a></p></div><p><b>identifier</b>: id: UHMEPVALUE</p><p><b>status</b>: active</p><p><b>statusReason</b>: Refused <span style=\"background: LightGoldenRodYellow; margin: 4px; border: 1px solid khaki\"> (<a href=\"CodeSystem-be-status-reason.html\">BeStatusReason</a>#refused)</span></p><p><b>intent</b>: order</p><p><b>category</b>: Oral <span style=\"background: LightGoldenRodYellow; margin: 4px; border: 1px solid khaki\"> (<a href=\"CodeSystem-be-nursing-medication-category.html\">BeNursingMedicationCategory</a>#oral)</span></p><p><b>priority</b>: routine</p><p><b>medication</b>: Metoject inj. oploss. s.c. [voorgev. spuit] 12 x 15 mg / 0,3 ml <span style=\"background: LightGoldenRodYellow; margin: 4px; border: 1px solid khaki\"> (cnk-codes#2727196)</span></p><p><b>subject</b>: <a href=\"Patient-patient1.html\">Patient/patient1</a> \" DOE\"</p><p><b>requester</b>: <a href=\"Practitioner-practitioner1.html\">Practitioner/practitioner1</a> \" MCCOY\"</p><p><b>performer</b>: <a href=\"Practitioner-practitioner2.html\">Practitioner/practitioner2</a> \" CHAPEL\"</p><p><b>performerType</b>: Nurse <span style=\"background: LightGoldenRodYellow; margin: 4px; border: 1px solid khaki\"> (<a href=\"https://browser.ihtsdotools.org/\">SNOMED CT</a>#106292003)</span></p><p><b>note</b>: medrol per os in afbouwschema, gedurende 4 dagen 2 tabl in 1 inname/dag, daarna gedurende 4 dagen 1 tabl/dag, daarna gedurende 4 dagen 0.5 tabl/dag</p></div>"
  },
  "identifier": [
    {
      "system": "https://www.ehealth.fgov.be/standards/fhir/NamingSystem/uhmep",
      "value": "UHMEPVALUE"
    }
  ],
  "status": "active",
  "statusReason": {
    "coding": [
      {
        "system": "https://www.ehealth.fgov.be/standards/fhir/CodeSystem/be-status-reason",
        "code": "refused",
        "display": "Refused"
      }
    ]
  },
  "intent": "order",
  "category": [
    {
      "coding": [
        {
          "system": "https://www.ehealth.fgov.be/standards/fhir/CodeSystem/be-nursing-medication-category",
          "code": "oral"
        }
      ],
      "text": "Oral"
    }
  ],
  "priority": "routine",
  "medicationCodeableConcept": {
    "coding": [
      {
        "system": "https://www.ehealth.fgov.be/standards/fhir/NamingSystem/cnk-codes",
        "code": "2727196",
        "display": "Metoject inj. oploss. s.c. [voorgev. spuit] 12 x 15 mg / 0,3 ml"
      }
    ]
  },
  "subject": {
    "reference": "Patient/patient1"
  },
  "requester": {
    "reference": "Practitioner/practitioner1"
  },
  "performer": {
    "reference": "Practitioner/practitioner2"
  },
  "performerType": {
    "coding": [
      {
        "system": "http://snomed.info/sct",
        "code": "106292003",
        "display": "Nurse"
      }
    ]
  },
  "note": [
    {
      "text": "medrol per os in afbouwschema, gedurende 4 dagen 2 tabl in 1 inname/dag, daarna gedurende 4 dagen 1 tabl/dag, daarna gedurende 4 dagen 0.5 tabl/dag"
    }
  ],
  "dosageInstruction": [
    {
      "text": "gedurende 4 dagen 2 tabl in 1 inname/dag",
      "timing": {
        "repeat": {
          "boundsDuration": {
            "value": 4,
            "unit": "d",
            "system": "http://hl7.org/fhir/ValueSet/ucum-units"
          },
          "frequency": 1,
          "period": 1,
          "periodUnit": "d"
        }
      }
    },
    {
      "text": "daarna gedurende 4 dagen 1 tabl/dag",
      "timing": {
        "repeat": {
          "boundsDuration": {
            "value": 4,
            "unit": "d",
            "system": "http://hl7.org/fhir/ValueSet/ucum-units"
          },
          "frequency": 1,
          "period": 1,
          "periodUnit": "d"
        }
      }
    },
    {
      "text": "daarna gedurende 4 dagen 0.5 tabl/dag",
      "timing": {
        "repeat": {
          "boundsDuration": {
            "value": 4,
            "unit": "d",
            "system": "http://hl7.org/fhir/ValueSet/ucum-units"
          },
          "frequency": 1,
          "period": 1,
          "periodUnit": "d"
        }
      }
    }
  ]
}