{
  "resourceType" : "ServiceRequest",
  "id" : "example02-referralprescription-nursing-digestive-system-care",
  "meta" : {
    "profile" : ["https://www.ehealth.fgov.be/standards/fhir/referral/StructureDefinition/be-referralprescription-nursing"]
  },
  "text" : {
    "status" : "extensions",
    "div" : "<div xmlns=\"http://www.w3.org/1999/xhtml\"><p><b>Generated Narrative: ServiceRequest</b><a name=\"example02-referralprescription-nursing-digestive-system-care\"> </a></p><div style=\"display: inline-block; background-color: #d9e0e7; padding: 6px; margin: 4px; border: 1px solid #8da1b4; border-radius: 5px; line-height: 60%\"><p style=\"margin-bottom: 0px\">Resource ServiceRequest &quot;example02-referralprescription-nursing-digestive-system-care&quot; </p><p style=\"margin-bottom: 0px\">Profile: <a href=\"StructureDefinition-be-referralprescription-nursing.html\">BeReferralPrescriptionNursing</a></p></div><p><b>BeFeedbackToPrescriber</b>: true</p><p><b>BeValidityPeriod</b>: 2022-04-19 --&gt; 2023-04-19</p><p><b>Reason for current status</b>: In Progress <span style=\"background: LightGoldenRodYellow; margin: 4px; border: 1px solid khaki\"> (<a href=\"CodeSystem-be-prescription-status-reason.html\">BePrescriptionStatusReason</a>#inProgress)</span></p><p><b>status</b>: active</p><p><b>intent</b>: order</p><p><b>category</b>: Nursing procedure <span style=\"background: LightGoldenRodYellow; margin: 4px; border: 1px solid khaki\"> (<a href=\"https://browser.ihtsdotools.org/\">SNOMED CT[BE]</a>#9632001)</span></p><p><b>priority</b>: routine</p><p><b>code</b>: Attention to nasogastric tube <span style=\"background: LightGoldenRodYellow; margin: 4px; border: 1px solid khaki\"> (<a href=\"https://browser.ihtsdotools.org/\">SNOMED CT[BE]</a>#762238003)</span></p><p><b>subject</b>: <span/></p><p><b>occurrence</b>: Starting 2022-04-19, 2 per 1 days, Until 2023-04-19</p><p><b>authoredOn</b>: 2022-10-31</p><p><b>requester</b>: <a name=\"practitioner1\"> </a></p><blockquote><p/><p><a name=\"practitioner1\"> </a></p><p><b>identifier</b>: id: 8888888888 (use: OFFICIAL)</p><p><b>name</b>: Leonard McCoy (OFFICIAL), Bones (NICKNAME)</p></blockquote><p><b>performer</b>: <a name=\"practitionerrole1\"> </a></p><blockquote><p/><p><a name=\"practitionerrole1\"> </a></p><p><b>identifier</b>: id: 23</p><p><b>active</b>: true</p><p><b>period</b>: 2019-08-01 00:00:00+0000 --&gt; 2019-12-01 00:00:00+0000</p><p><b>practitioner</b>: <a href=\"Practitioner-Performer1.html\">Practitioner/Performer1: Dr Katherine Pulaski</a> &quot; LISA&quot;</p><p><b>code</b>: physician <span style=\"background: LightGoldenRodYellow; margin: 4px; border: 1px solid khaki\"> (<a href=\"https://www.ehealth.fgov.be/standards/fhir/core/2.0.0/CodeSystem-cd-hcparty.html\">HCParty</a>#persphysician)</span></p><p><b>specialty</b>: Family practice <span style=\"background: LightGoldenRodYellow; margin: 4px; border: 1px solid khaki\"> (<a href=\"https://browser.ihtsdotools.org/\">SNOMED CT[BE]</a>#419772000)</span></p><blockquote><p><b>availableTime</b></p><p><b>daysOfWeek</b>: mon, tue, wed</p><p><b>availableStartTime</b>: 09:00:00</p><p><b>availableEndTime</b>: 16:30:00</p></blockquote><blockquote><p><b>availableTime</b></p><p><b>daysOfWeek</b>: thu, fri</p><p><b>availableStartTime</b>: 09:00:00</p><p><b>availableEndTime</b>: 12:00:00</p></blockquote><h3>NotAvailables</h3><table class=\"grid\"><tr><td>-</td><td><b>Description</b></td><td><b>During</b></td></tr><tr><td>*</td><td>Katherine will be on extended leave during August 2020</td><td>2020-08-01 00:00:00+0000 --&gt; 2020-08-20 00:00:00+0000</td></tr></table><p><b>availabilityExceptions</b>: Katherine is generally unavailable on public holidays and during the Christmas/New Year break</p></blockquote><p><b>reasonCode</b>: Cold foot <span style=\"background: LightGoldenRodYellow; margin: 4px; border: 1px solid khaki\"> (<a href=\"https://browser.ihtsdotools.org/\">SNOMED CT[BE]</a>#309256001)</span></p><p><b>note</b>: patient can not move (niet verplaatsen)</p><hr/><blockquote><p><b>Generated Narrative: Practitioner #practitioner1</b><a name=\"practitioner1\"> </a></p><p><b>identifier</b>: id: 8888888888 (use: OFFICIAL)</p><p><b>name</b>: Leonard McCoy (OFFICIAL), Bones (NICKNAME)</p></blockquote><hr/><blockquote><p><b>Generated Narrative: PractitionerRole #practitionerrole1</b><a name=\"practitionerrole1\"> </a></p><p><b>identifier</b>: id: 23</p><p><b>active</b>: true</p><p><b>period</b>: 2019-08-01 00:00:00+0000 --&gt; 2019-12-01 00:00:00+0000</p><p><b>practitioner</b>: <a href=\"Practitioner-Performer1.html\">Practitioner/Performer1: Dr Katherine Pulaski</a> &quot; LISA&quot;</p><p><b>code</b>: physician <span style=\"background: LightGoldenRodYellow; margin: 4px; border: 1px solid khaki\"> (<a href=\"https://www.ehealth.fgov.be/standards/fhir/core/2.0.0/CodeSystem-cd-hcparty.html\">HCParty</a>#persphysician)</span></p><p><b>specialty</b>: Family practice <span style=\"background: LightGoldenRodYellow; margin: 4px; border: 1px solid khaki\"> (<a href=\"https://browser.ihtsdotools.org/\">SNOMED CT[BE]</a>#419772000)</span></p><blockquote><p><b>availableTime</b></p><p><b>daysOfWeek</b>: mon, tue, wed</p><p><b>availableStartTime</b>: 09:00:00</p><p><b>availableEndTime</b>: 16:30:00</p></blockquote><blockquote><p><b>availableTime</b></p><p><b>daysOfWeek</b>: thu, fri</p><p><b>availableStartTime</b>: 09:00:00</p><p><b>availableEndTime</b>: 12:00:00</p></blockquote><h3>NotAvailables</h3><table class=\"grid\"><tr><td>-</td><td><b>Description</b></td><td><b>During</b></td></tr><tr><td>*</td><td>Katherine will be on extended leave during August 2020</td><td>2020-08-01 00:00:00+0000 --&gt; 2020-08-20 00:00:00+0000</td></tr></table><p><b>availabilityExceptions</b>: Katherine is generally unavailable on public holidays and during the Christmas/New Year break</p></blockquote></div>"
  },
  "contained" : [{
    "resourceType" : "Practitioner",
    "id" : "practitioner1",
    "meta" : {
      "profile" : ["https://www.ehealth.fgov.be/standards/fhir/core/StructureDefinition/be-practitioner"]
    },
    "identifier" : [{
      "use" : "official",
      "system" : "https://www.ehealth.fgov.be/standards/fhir/core/NamingSystem/nihdi",
      "value" : "8888888888"
    }],
    "name" : [{
      "use" : "official",
      "family" : "McCoy",
      "given" : ["Leonard"]
    },
    {
      "use" : "nickname",
      "given" : ["Bones"]
    }]
  },
  {
    "resourceType" : "PractitionerRole",
    "id" : "practitionerrole1",
    "meta" : {
      "profile" : ["https://www.ehealth.fgov.be/standards/fhir/core/StructureDefinition/be-practitionerrole"]
    },
    "identifier" : [{
      "system" : "http://www.acme.org/practitioners",
      "value" : "23"
    }],
    "active" : true,
    "period" : {
      "start" : "2019-08-01T00:00:00.000Z",
      "end" : "2019-12-01T00:00:00.000Z"
    },
    "practitioner" : {
      "reference" : "Practitioner/Performer1",
      "display" : "Dr Katherine Pulaski"
    },
    "code" : [{
      "coding" : [{
        "system" : "https://www.ehealth.fgov.be/standards/fhir/core/CodeSystem/cd-hcparty",
        "code" : "persphysician",
        "display" : "physician"
      }]
    }],
    "specialty" : [{
      "coding" : [{
        "system" : "http://snomed.info/sct",
        "version" : "http://snomed.info/sct/11000172109",
        "code" : "419772000",
        "display" : "Family practice"
      }]
    }],
    "availableTime" : [{
      "daysOfWeek" : ["mon",
      "tue",
      "wed"],
      "availableStartTime" : "09:00:00",
      "availableEndTime" : "16:30:00"
    },
    {
      "daysOfWeek" : ["thu",
      "fri"],
      "availableStartTime" : "09:00:00",
      "availableEndTime" : "12:00:00"
    }],
    "notAvailable" : [{
      "description" : "Katherine will be on extended leave during August 2020",
      "during" : {
        "start" : "2020-08-01T00:00:00.000Z",
        "end" : "2020-08-20T00:00:00.000Z"
      }
    }],
    "availabilityExceptions" : "Katherine is generally unavailable on public holidays and during the Christmas/New Year break"
  }],
  "extension" : [{
    "url" : "https://www.ehealth.fgov.be/standards/fhir/referral/StructureDefinition/be-ext-feedback-to-prescriber",
    "valueBoolean" : true
  },
  {
    "url" : "https://www.ehealth.fgov.be/standards/fhir/referral/StructureDefinition/be-ext-validity-period",
    "valuePeriod" : {
      "start" : "2022-04-19",
      "end" : "2023-04-19"
    }
  },
  {
    "url" : "http://hl7.org/fhir/StructureDefinition/request-statusReason",
    "valueCodeableConcept" : {
      "coding" : [{
        "system" : "https://www.ehealth.fgov.be/standards/fhir/referral/CodeSystem/be-prescription-status-reason",
        "code" : "inProgress",
        "display" : "In Progress"
      }]
    }
  }],
  "status" : "active",
  "intent" : "order",
  "category" : [{
    "coding" : [{
      "system" : "http://snomed.info/sct",
      "version" : "http://snomed.info/sct/11000172109",
      "code" : "9632001"
    }],
    "text" : "Nursing procedure"
  }],
  "priority" : "routine",
  "code" : {
    "coding" : [{
      "system" : "http://snomed.info/sct",
      "version" : "http://snomed.info/sct/11000172109",
      "code" : "762238003"
    }]
  },
  "subject" : {
    "identifier" : {
      "system" : "https://www.ehealth.fgov.be/standards/fhir/core/NamingSystem/ssin",
      "value" : "9999999999"
    }
  },
  "occurrenceTiming" : {
    "repeat" : {
      "boundsPeriod" : {
        "start" : "2022-04-19",
        "end" : "2023-04-19"
      },
      "frequency" : 2,
      "period" : 1,
      "periodUnit" : "d"
    }
  },
  "authoredOn" : "2022-10-31",
  "requester" : {
    "reference" : "#practitioner1"
  },
  "performer" : [{
    "reference" : "#practitionerrole1"
  }],
  "reasonCode" : [{
    "coding" : [{
      "system" : "http://snomed.info/sct",
      "version" : "http://snomed.info/sct/11000172109",
      "code" : "309256001"
    }]
  }],
  "note" : [{
    "text" : "patient can not move (niet verplaatsen)"
  }]
}