{
  "resourceType": "ServiceRequest",
  "id": "laboratory-order-example1",
  "meta": {
    "profile": [
      "https://www.ehealth.fgov.be/standards/fhir/referral/StructureDefinition/be-lab-prescription"
    ]
  },
  "text": {
    "status": "extensions",
    "div": "<div xmlns=\"http://www.w3.org/1999/xhtml\"><p><b>Generated Narrative</b></p><div style=\"display: inline-block; background-color: #d9e0e7; padding: 6px; margin: 4px; border: 1px solid #8da1b4; border-radius: 5px; line-height: 60%\"><p style=\"margin-bottom: 0px\">Resource \"laboratory-order-example1\" </p><p style=\"margin-bottom: 0px\">Profile: <a href=\"StructureDefinition-be-lab-prescription.html\">BeLabPrescription</a></p></div><p><b>Reason for current status</b>: Other <span style=\"background: LightGoldenRodYellow; margin: 4px; border: 1px solid khaki\"> (<a href=\"CodeSystem-be-status-reason.html\">BeStatusReason</a>#other)</span></p><p><b>BeValidityPeriod</b>: 2021-10-10 --&gt; (ongoing)</p><blockquote><p><b>BeUrgentCommunication</b></p><p><b>value</b>: <a name=\"Requester1\"> </a></p><blockquote><div style=\"display: inline-block; background-color: #d9e0e7; padding: 6px; margin: 4px; border: 1px solid #8da1b4; border-radius: 5px; line-height: 60%\"><p style=\"margin-bottom: 0px\">Resource \"Requester1\" </p><p style=\"margin-bottom: 0px\">Profile: <a href=\"https://www.ehealth.fgov.be/standards/fhir/core/2.0.0/StructureDefinition-be-practitioner.html\">Practitioner core BE profile</a></p></div><p><b>identifier</b>: id: 8888888888 (OFFICIAL)</p><p><b>name</b>: Henry Seven (OFFICIAL)</p><p><b>telecom</b>: ph: 322882299(HOME)</p><p><b>address</b>: Werkstraat 26, 1000 Brussel(WORK)</p></blockquote><p><b>value</b>: Send the requester an email, when the test is done.</p></blockquote><p><b>identifier</b>: id: XXXXXX</p><p><b>status</b>: active</p><p><b>intent</b>: original-order</p><p><b>category</b>: Laboratory test <span style=\"background: LightGoldenRodYellow; margin: 4px; border: 1px solid khaki\"> (<a href=\"https://browser.ihtsdotools.org/\">SNOMED CT</a>#15220000)</span></p><p><b>priority</b>: stat</p><p><b>code</b>: Hematology studies (set) <span style=\"background: LightGoldenRodYellow; margin: 4px; border: 1px solid khaki\"> (<a href=\"https://loinc.org/\">LOINC</a>#18723-7)</span></p><p><b>orderDetail</b>: Erythrocyte sedimentation rate <span style=\"background: LightGoldenRodYellow; margin: 4px; border: 1px solid khaki\"> (<a href=\"https://loinc.org/\">LOINC</a>#30341-2)</span>, Erythrocytes [#/volume] in Blood by Automated count <span style=\"background: LightGoldenRodYellow; margin: 4px; border: 1px solid khaki\"> (<a href=\"https://loinc.org/\">LOINC</a>#789-8)</span>, Carboxyhemoglobin/Hemoglobin.total in Blood <span style=\"background: LightGoldenRodYellow; margin: 4px; border: 1px solid khaki\"> (<a href=\"https://loinc.org/\">LOINC</a>#20563-3)</span>, Test described in text only <span style=\"background: LightGoldenRodYellow; margin: 4px; border: 1px solid khaki\"> ()</span></p><p><b>subject</b>: <a name=\"patient1\"> </a></p><blockquote><div style=\"display: inline-block; background-color: #d9e0e7; padding: 6px; margin: 4px; border: 1px solid #8da1b4; border-radius: 5px; line-height: 60%\"><p style=\"margin-bottom: 0px\">Resource \"patient1\" </p><p style=\"margin-bottom: 0px\">Profile: <a href=\"https://www.ehealth.fgov.be/standards/fhir/core/2.0.0/StructureDefinition-be-patient.html\">Patient core BE profile</a></p></div><p><b>identifier</b>: id: 9999999999 (OFFICIAL)</p><p><b>name</b>: Jane Doe </p><p><b>telecom</b>: ph: 322672299(HOME)</p><p><b>gender</b>: female</p><p><b>birthDate</b>: 1956-05-27</p><p><b>address</b>: Labradorstraat 26, 1000 Brussel(HOME)</p></blockquote><p><b>authoredOn</b>: 2015-11-01 02:41:00+0100</p><p><b>requester</b>: <a name=\"Requester1\"> </a></p><blockquote><div style=\"display: inline-block; background-color: #d9e0e7; padding: 6px; margin: 4px; border: 1px solid #8da1b4; border-radius: 5px; line-height: 60%\"><p style=\"margin-bottom: 0px\">Resource \"Requester1\" </p><p style=\"margin-bottom: 0px\">Profile: <a href=\"https://www.ehealth.fgov.be/standards/fhir/core/2.0.0/StructureDefinition-be-practitioner.html\">Practitioner core BE profile</a></p></div><p><b>identifier</b>: id: 8888888888 (OFFICIAL)</p><p><b>name</b>: Henry Seven (OFFICIAL)</p><p><b>telecom</b>: ph: 322882299(HOME)</p><p><b>address</b>: Werkstraat 26, 1000 Brussel(WORK)</p></blockquote><p><b>performer</b>: <a href=\"PractitionerRole-practitionerrole1.html\">PractitionerRole/practitionerrole1</a></p><p><b>reasonCode</b>: TheJustification <span style=\"background: LightGoldenRodYellow; margin: 4px; border: 1px solid khaki\"> (#123)</span></p><p><b>supportingInfo</b>: </p><ul><li><a name=\"observation1\"> </a></li><li><a name=\"condition1\"> </a></li><li><a name=\"media1\"> </a></li></ul><blockquote><div style=\"display: inline-block; background-color: #d9e0e7; padding: 6px; margin: 4px; border: 1px solid #8da1b4; border-radius: 5px; line-height: 60%\"><p style=\"margin-bottom: 0px\">Resource \"observation1\" </p></div><p><b>status</b>: final</p><p><b>category</b>: Vital Signs <span style=\"background: LightGoldenRodYellow; margin: 4px; border: 1px solid khaki\"> (<a href=\"http://terminology.hl7.org/3.1.0/CodeSystem-observation-category.html\">Observation Category Codes</a>#vital-signs)</span></p><p><b>code</b>: Heart rate <span style=\"background: LightGoldenRodYellow; margin: 4px; border: 1px solid khaki\"> (<a href=\"https://loinc.org/\">LOINC</a>#8867-4; <a href=\"https://browser.ihtsdotools.org/\">SNOMED CT</a>#364075005 \"Heart rate (observable entity)\")</span></p><p><b>subject</b>: <a href=\"#patient1\">#patient1</a></p><p><b>effective</b>: 1999-07-02</p><p><b>performer</b>: <a href=\"#Requester1\">#Requester1</a></p><p><b>value</b>: 51 beats/minute<span style=\"background: LightGoldenRodYellow\"> (Details: UCUM code /min = '/min')</span></p></blockquote><blockquote><div style=\"display: inline-block; background-color: #d9e0e7; padding: 6px; margin: 4px; border: 1px solid #8da1b4; border-radius: 5px; line-height: 60%\"><p style=\"margin-bottom: 0px\">Resource \"condition1\" </p></div><p><b>clinicalStatus</b>: Active <span style=\"background: LightGoldenRodYellow; margin: 4px; border: 1px solid khaki\"> (<a href=\"http://terminology.hl7.org/3.1.0/CodeSystem-condition-clinical.html\">Condition Clinical Status Codes</a>#active)</span></p><p><b>verificationStatus</b>: Provisional <span style=\"background: LightGoldenRodYellow; margin: 4px; border: 1px solid khaki\"> (<a href=\"http://terminology.hl7.org/3.1.0/CodeSystem-condition-ver-status.html\">ConditionVerificationStatus</a>#provisional)</span></p><p><b>code</b>: bradycardie <span style=\"background: LightGoldenRodYellow; margin: 4px; border: 1px solid khaki\"> ()</span></p><p><b>subject</b>: <a href=\"#patient1\">#patient1</a></p><p><b>note</b>: This is a suspicion</p></blockquote><blockquote><div style=\"display: inline-block; background-color: #d9e0e7; padding: 6px; margin: 4px; border: 1px solid #8da1b4; border-radius: 5px; line-height: 60%\"><p style=\"margin-bottom: 0px\">Resource \"media1\" </p></div><p><b>status</b>: current</p><blockquote><p><b>content</b></p></blockquote></blockquote><p><b>specimen</b>: <a name=\"specimen1\"> </a></p><blockquote><div style=\"display: inline-block; background-color: #d9e0e7; padding: 6px; margin: 4px; border: 1px solid #8da1b4; border-radius: 5px; line-height: 60%\"><p style=\"margin-bottom: 0px\">Resource \"specimen1\" </p></div><p><b>identifier</b>: id: 1</p><p><b>type</b>: A string can be added to nuance or explain. <span style=\"background: LightGoldenRodYellow; margin: 4px; border: 1px solid khaki\"> (<a href=\"https://browser.ihtsdotools.org/\">SNOMED CT</a>#119297000 \"Blood specimen\")</span></p><h3>Collections</h3><table class=\"grid\"><tr><td>-</td><td><b>Collected[x]</b></td><td><b>Method</b></td><td><b>BodySite</b></td></tr><tr><td>*</td><td>2015-11-03</td><td>Venipuncture for blood test (procedure) <span style=\"background: LightGoldenRodYellow; margin: 4px; border: 1px solid khaki\"> (<a href=\"https://browser.ihtsdotools.org/\">SNOMED CT</a>#28520004)</span></td><td>Left upper arm structure (body structure) <span style=\"background: LightGoldenRodYellow; margin: 4px; border: 1px solid khaki\"> (<a href=\"https://browser.ihtsdotools.org/\">SNOMED CT</a>#368208006)</span></td></tr></table><p><b>note</b>: Some extra relevant information concerning the specimen</p></blockquote><p><b>note</b>: Some free text explaining about these tests that are ordered.</p></div>"
  },
  "contained": [
    {
      "resourceType": "Patient",
      "id": "patient1",
      "meta": {
        "profile": [
          "https://www.ehealth.fgov.be/standards/fhir/core/StructureDefinition/be-patient"
        ]
      },
      "identifier": [
        {
          "use": "official",
          "system": "https://www.ehealth.fgov.be/standards/fhir/core/NamingSystem/ssin",
          "value": "9999999999"
        }
      ],
      "name": [
        {
          "family": "Doe",
          "given": [
            "Jane"
          ]
        }
      ],
      "telecom": [
        {
          "system": "phone",
          "value": "322672299",
          "use": "home"
        }
      ],
      "gender": "female",
      "birthDate": "1956-05-27",
      "address": [
        {
          "use": "home",
          "type": "both",
          "text": "Labradorstraat 26, 1000 Brussel",
          "line": [
            "Labradorstraat 26"
          ],
          "city": "Brussel",
          "postalCode": "1000",
          "country": "BE"
        }
      ]
    },
    {
      "resourceType": "Observation",
      "id": "observation1",
      "status": "final",
      "category": [
        {
          "coding": [
            {
              "system": "http://terminology.hl7.org/CodeSystem/observation-category",
              "code": "vital-signs",
              "display": "Vital Signs"
            }
          ],
          "text": "Vital Signs"
        }
      ],
      "code": {
        "coding": [
          {
            "system": "http://loinc.org",
            "code": "8867-4",
            "display": "Heart rate"
          },
          {
            "system": "http://snomed.info/sct",
            "code": "364075005",
            "display": "Heart rate (observable entity)"
          }
        ],
        "text": "Heart rate"
      },
      "subject": {
        "reference": "#patient1"
      },
      "effectiveDateTime": "1999-07-02",
      "performer": [
        {
          "reference": "#Requester1"
        }
      ],
      "valueQuantity": {
        "value": 51,
        "unit": "beats/minute",
        "system": "http://unitsofmeasure.org",
        "code": "/min"
      }
    },
    {
      "resourceType": "Condition",
      "id": "condition1",
      "clinicalStatus": {
        "coding": [
          {
            "system": "http://terminology.hl7.org/CodeSystem/condition-clinical",
            "code": "active"
          }
        ]
      },
      "verificationStatus": {
        "coding": [
          {
            "system": "http://terminology.hl7.org/CodeSystem/condition-ver-status",
            "code": "provisional"
          }
        ]
      },
      "code": {
        "text": "bradycardie"
      },
      "subject": {
        "reference": "#patient1"
      },
      "note": [
        {
          "text": "This is a suspicion"
        }
      ]
    },
    {
      "resourceType": "DocumentReference",
      "id": "media1",
      "status": "current",
      "content": [
        {
          "attachment": {
            "contentType": "image/gif",
            "data": "iVBORw0KGgoAAAANSUhEUgAAA+MAAACnCAYAAAB6pY03AAAAAXNSR0IArs4c6QAAAARnQU1BAACx jwv8YQUAAAAJcEhZcwAAEnMAABJzAYwiuQcAADBZSURBVHhe7d09rty218fxrOFfZj/ZQHZgwEiZ gg=="
          }
        }
      ]
    },
    {
      "resourceType": "Practitioner",
      "id": "Requester1",
      "meta": {
        "profile": [
          "https://www.ehealth.fgov.be/standards/fhir/core/StructureDefinition/be-practitioner"
        ]
      },
      "identifier": [
        {
          "use": "official",
          "system": "https://www.ehealth.fgov.be/standards/fhir/core/NamingSystem/nihdi",
          "value": "8888888888"
        }
      ],
      "name": [
        {
          "use": "official",
          "family": "Seven",
          "given": [
            "Henry"
          ]
        }
      ],
      "telecom": [
        {
          "system": "phone",
          "value": "322882299",
          "use": "home"
        }
      ],
      "address": [
        {
          "use": "work",
          "type": "both",
          "text": "Werkstraat 26, 1000 Brussel",
          "line": [
            "Werkstraat 26"
          ],
          "city": "Brussel",
          "postalCode": "1000",
          "country": "BE"
        }
      ]
    },
    {
      "resourceType": "Organization",
      "id": "Performer1",
      "meta": {
        "profile": [
          "https://www.ehealth.fgov.be/standards/fhir/core/StructureDefinition/be-organization"
        ]
      },
      "identifier": [
        {
          "use": "official",
          "system": "https://www.ehealth.fgov.be/standards/fhir/core/NamingSystem/nihdi",
          "value": "9876543210"
        }
      ],
      "name": "Labstraatlabo",
      "telecom": [
        {
          "system": "phone",
          "value": "322884499",
          "use": "work"
        }
      ],
      "address": [
        {
          "use": "work",
          "type": "both",
          "text": "Labstraat 101, 1000 Brussel",
          "line": [
            "Labstraat 101"
          ],
          "city": "Brussel",
          "postalCode": "1000",
          "country": "BE"
        }
      ]
    },
    {
      "resourceType": "Specimen",
      "id": "specimen1",
      "identifier": [
        {
          "system": "https://www.GTL-LABO.be/",
          "value": "1"
        }
      ],
      "type": {
        "coding": [
          {
            "system": "http://snomed.info/sct",
            "code": "119297000",
            "display": "Blood specimen"
          }
        ],
        "text": "A string can be added to nuance or explain."
      },
      "collection": {
        "collectedDateTime": "2015-11-03",
        "method": {
          "coding": [
            {
              "system": "http://snomed.info/sct",
              "code": "28520004",
              "display": "Venipuncture for blood test (procedure)"
            }
          ]
        },
        "bodySite": {
          "coding": [
            {
              "system": "http://snomed.info/sct",
              "code": "368208006",
              "display": "Left upper arm structure (body structure)"
            }
          ]
        }
      },
      "note": [
        {
          "text": "Some extra relevant information concerning the specimen"
        }
      ]
    }
  ],
  "extension": [
    {
      "url": "http://hl7.org/fhir/StructureDefinition/request-statusReason",
      "valueCodeableConcept": {
        "coding": [
          {
            "system": "https://www.ehealth.fgov.be/standards/fhir/referral/CodeSystem/be-status-reason",
            "code": "other",
            "display": "Other"
          }
        ]
      }
    },
    {
      "url": "https://www.ehealth.fgov.be/standards/fhir/referral/StructureDefinition/be-ext-validity-period",
      "valuePeriod": {
        "start": "2021-10-10"
      }
    },
    {
      "extension": [
        {
          "url": "party",
          "valueReference": {
            "reference": "#Requester1"
          }
        },
        {
          "url": "instructions",
          "valueString": "Send the requester an email, when the test is done."
        },
        {
          "extension": [
            {
              "url": "contactSystem",
              "valueCodeableConcept": {
                "coding": [
                  {
                    "system": "http://hl7.org/fhir/contact-point-system",
                    "code": "email",
                    "display": "email"
                  }
                ]
              }
            },
            {
              "url": "contactSystemValue",
              "valueString": "doctor@mycabinet.be"
            }
          ],
          "url": "contactway"
        }
      ],
      "url": "https://www.ehealth.fgov.be/standards/fhir/referral/StructureDefinition/be-ext-urgent-communication"
    }
  ],
  "identifier": [
    {
      "system": "https://www.ehealth.fgov.be/standards/fhir/referral/NamingSystem/uhmep",
      "value": "XXXXXX"
    }
  ],
  "status": "active",
  "intent": "original-order",
  "category": [
    {
      "coding": [
        {
          "system": "http://snomed.info/sct",
          "code": "15220000",
          "display": "Laboratory test"
        }
      ]
    }
  ],
  "priority": "stat",
  "code": {
    "coding": [
      {
        "system": "http://loinc.org",
        "code": "18723-7",
        "display": "Hematology studies (set)"
      }
    ]
  },
  "orderDetail": [
    {
      "coding": [
        {
          "system": "http://loinc.org",
          "code": "30341-2",
          "display": "Erythrocyte sedimentation rate"
        }
      ]
    },
    {
      "coding": [
        {
          "system": "http://loinc.org",
          "code": "789-8",
          "display": "Erythrocytes [#/volume] in Blood by Automated count"
        }
      ]
    },
    {
      "coding": [
        {
          "system": "http://loinc.org",
          "code": "20563-3",
          "display": "Carboxyhemoglobin/Hemoglobin.total in Blood"
        }
      ]
    },
    {
      "text": "Test described in text only"
    }
  ],
  "subject": {
    "reference": "#patient1"
  },
  "authoredOn": "2015-11-01T14:41:00+01:00",
  "requester": {
    "reference": "#Requester1"
  },
  "performer": [
    {
      "reference": "PractitionerRole/practitionerrole1"
    }
  ],
  "reasonCode": [
    {
      "coding": [
        {
          "system": "https://www.SOME_NOMENCLATURE_SYSTEM.be/",
          "code": "123",
          "display": "TheJustification"
        }
      ]
    }
  ],
  "supportingInfo": [
    {
      "reference": "#observation1"
    },
    {
      "reference": "#condition1"
    },
    {
      "reference": "#media1"
    }
  ],
  "specimen": [
    {
      "reference": "#specimen1"
    }
  ],
  "note": [
    {
      "text": "Some free text explaining about these tests that are ordered."
    }
  ]
}