{
  "resourceType" : "ServiceRequest",
  "id" : "ucgh241p16-1",
  "meta" : {
    "profile" : ["https://www.ehealth.fgov.be/standards/fhir/referral/StructureDefinition/be-referral-servicerequest-nursing"]
  },
  "text" : {
    "status" : "extensions",
    "div" : "<div xmlns=\"http://www.w3.org/1999/xhtml\"><p class=\"res-header-id\"><b>Generated Narrative: ServiceRequest ucgh241p16-1</b></p><a name=\"ucgh241p16-1\"> </a><a name=\"hcucgh241p16-1\"> </a><a name=\"ucgh241p16-1-en-US\"> </a><p><b>BeValidityPeriod</b>: 2022-10-03 --&gt; 2023-04-03</p><p><b>BePerformerType</b>: <span title=\"Codes:{https://www.ehealth.fgov.be/standards/fhir/core/CodeSystem/cd-hcparty persnurse}\">nurse</span></p><p><b>BePerformerType</b>: <span title=\"Codes:{https://www.ehealth.fgov.be/standards/fhir/core/CodeSystem/cd-hcparty persdiabeticeducator}\">diabetis educator</span></p><p><b>status</b>: Draft</p><p><b>intent</b>: Order</p><p><b>category</b>: <span title=\"Codes:{http://snomed.info/sct 9632001}\">Nursing procedure</span></p><p><b>code</b>: <span title=\"Codes:{http://snomed.info/sct 385805005}\">Diabetic care education</span></p><p><b>orderDetail</b>: <span title=\"Codes:{https://www.ehealth.fgov.be/standards/fhir/referral/CodeSystem/be-cs-temp-requested-service-detail tmp-with-tion-7}\">Within convention</span>, <span title=\"Codes:{https://www.ehealth.fgov.be/standards/fhir/referral/CodeSystem/be-cs-temp-requested-service-detail tmp-guid-care-5}\">Guidance if not self-care</span></p><p><b>subject</b>: Identifier: <a href=\"https://build.fhir.org/ig/hl7-be/core/NamingSystem-be-ssin.html\" title=\"NISS/INSZ\">BeSSINNamingSystem</a>/38012699993</p><p><b>authoredOn</b>: 2022-10-03 00:00:00+0100</p><p><b>requester</b>: <a href=\"PractitionerRole-DOCTOR-10829059004.html\">PractitionerRole physician</a></p><p><b>reasonCode</b>: <span title=\"Codes:\">Diabetes type 1</span></p></div>"
  },
  "extension" : [{
    "url" : "https://www.ehealth.fgov.be/standards/fhir/referral/StructureDefinition/be-ext-validity-period",
    "valuePeriod" : {
      "start" : "2022-10-03",
      "end" : "2023-04-03"
    }
  },
  {
    "url" : "https://www.ehealth.fgov.be/standards/fhir/referral/StructureDefinition/be-ext-performer-type",
    "valueCodeableConcept" : {
      "coding" : [{
        "system" : "https://www.ehealth.fgov.be/standards/fhir/core/CodeSystem/cd-hcparty",
        "code" : "persnurse"
      }]
    }
  },
  {
    "url" : "https://www.ehealth.fgov.be/standards/fhir/referral/StructureDefinition/be-ext-performer-type",
    "valueCodeableConcept" : {
      "coding" : [{
        "system" : "https://www.ehealth.fgov.be/standards/fhir/core/CodeSystem/cd-hcparty",
        "code" : "persdiabeticeducator"
      }]
    }
  }],
  "status" : "draft",
  "intent" : "order",
  "category" : [{
    "coding" : [{
      "system" : "http://snomed.info/sct",
      "version" : "http://snomed.info/sct/11000172109",
      "code" : "9632001"
    }]
  }],
  "code" : {
    "coding" : [{
      "system" : "http://snomed.info/sct",
      "version" : "http://snomed.info/sct/11000172109",
      "code" : "385805005"
    }]
  },
  "orderDetail" : [{
    "coding" : [{
      "system" : "https://www.ehealth.fgov.be/standards/fhir/referral/CodeSystem/be-cs-temp-requested-service-detail",
      "code" : "tmp-with-tion-7"
    }]
  },
  {
    "coding" : [{
      "system" : "https://www.ehealth.fgov.be/standards/fhir/referral/CodeSystem/be-cs-temp-requested-service-detail",
      "code" : "tmp-guid-care-5"
    }]
  }],
  "subject" : {
    "identifier" : {
      "system" : "https://www.ehealth.fgov.be/standards/fhir/core/NamingSystem/ssin",
      "value" : "38012699993"
    }
  },
  "authoredOn" : "2022-10-03T00:00:00+01:00",
  "requester" : {
    "reference" : "PractitionerRole/DOCTOR-10829059004"
  },
  "reasonCode" : [{
    "coding" : [{
      "display" : "Diabetes type 1"
    }]
  }]
}