{
  "resourceType": "StructureDefinition",
  "id": "be-model-nursingprescription",
  "text": {
    "status": "extensions",
    "div": "<div xmlns=\"http://www.w3.org/1999/xhtml\"><table border=\"0\" cellpadding=\"0\" cellspacing=\"0\" style=\"border: 0px #F0F0F0 solid; font-size: 11px; font-family: verdana; vertical-align: top;\"><tr style=\"border: 1px #F0F0F0 solid; font-size: 11px; font-family: verdana; vertical-align: top\"><th style=\"vertical-align: top; text-align : left; background-color: white; border: 0px #F0F0F0 solid; padding:0px 4px 0px 4px\" class=\"hierarchy\"><a href=\"http://hl7.org/fhir/R4/formats.html#table\" title=\"The logical name of the element\">Name</a></th><th style=\"vertical-align: top; text-align : left; background-color: white; border: 0px #F0F0F0 solid; padding:0px 4px 0px 4px\" class=\"hierarchy\"><a href=\"http://hl7.org/fhir/R4/formats.html#table\" title=\"Information about the use of the element\">Flags</a></th><th style=\"vertical-align: top; text-align : left; background-color: white; border: 0px #F0F0F0 solid; padding:0px 4px 0px 4px\" class=\"hierarchy\"><a href=\"http://hl7.org/fhir/R4/formats.html#table\" title=\"Minimum and Maximum # of times the the element can appear in the instance\">Card.</a></th><th style=\"width: 100px\" class=\"hierarchy\"><a href=\"http://hl7.org/fhir/R4/formats.html#table\" title=\"Reference to the type of the element\">Type</a></th><th style=\"vertical-align: top; text-align : left; background-color: white; border: 0px #F0F0F0 solid; padding:0px 4px 0px 4px\" class=\"hierarchy\"><a href=\"http://hl7.org/fhir/R4/formats.html#table\" title=\"Additional information about the element\">Description &amp; Constraints</a><span style=\"float: right\"><a href=\"http://hl7.org/fhir/R4/formats.html#table\" title=\"Legend for this format\"><img src=\"http://hl7.org/fhir/R4/help16.png\" alt=\"doco\" style=\"background-color: inherit\"/></a></span></th></tr><tr style=\"border: 0px #F0F0F0 solid; padding:0px; vertical-align: top; background-color: white\"><td style=\"vertical-align: top; text-align : left; background-color: white; border: 0px #F0F0F0 solid; padding:0px 4px 0px 4px; white-space: nowrap; background-image: url(tbl_bck1.png)\" class=\"hierarchy\"><img src=\"tbl_spacer.png\" alt=\".\" style=\"background-color: inherit\" class=\"hierarchy\"/><img src=\"icon_element.gif\" alt=\".\" style=\"background-color: white; background-color: inherit\" title=\"Element\" class=\"hierarchy\"/> <a href=\"StructureDefinition-be-model-nursingprescription-definitions.html#BeNursingPrescription\">BeNursingPrescription</a><a name=\"BeNursingPrescription\"> </a></td><td style=\"vertical-align: top; text-align : left; background-color: white; border: 0px #F0F0F0 solid; padding:0px 4px 0px 4px\" class=\"hierarchy\"/><td style=\"vertical-align: top; text-align : left; background-color: white; border: 0px #F0F0F0 solid; padding:0px 4px 0px 4px\" class=\"hierarchy\"><span style=\"opacity: 0.5\">0</span><span style=\"opacity: 0.5\">..</span><span style=\"opacity: 0.5\">*</span></td><td style=\"vertical-align: top; text-align : left; background-color: white; border: 0px #F0F0F0 solid; padding:0px 4px 0px 4px\" class=\"hierarchy\"><a href=\"StructureDefinition-be-model-referralprescription.html\">BeModelReferralPrescription</a></td><td style=\"vertical-align: top; text-align : left; background-color: white; border: 0px #F0F0F0 solid; padding:0px 4px 0px 4px\" class=\"hierarchy\"/></tr>\r\n<tr style=\"border: 0px #F0F0F0 solid; padding:0px; vertical-align: top; background-color: #F7F7F7\"><td style=\"vertical-align: top; text-align : left; background-color: #F7F7F7; border: 0px #F0F0F0 solid; padding:0px 4px 0px 4px; white-space: nowrap; background-image: url(tbl_bck11.png)\" class=\"hierarchy\"><img src=\"tbl_spacer.png\" alt=\".\" style=\"background-color: inherit\" class=\"hierarchy\"/><img src=\"tbl_vjoin.png\" alt=\".\" style=\"background-color: inherit\" class=\"hierarchy\"/><img src=\"icon_datatype.gif\" alt=\".\" style=\"background-color: #F7F7F7; background-color: inherit\" title=\"Data Type\" class=\"hierarchy\"/> <a href=\"StructureDefinition-be-model-nursingprescription-definitions.html#BeNursingPrescription.phoneAvailablityPrescriber\" title=\"test\">phoneAvailablityPrescriber</a><a name=\"BeNursingPrescription.phoneAvailablityPrescriber\"> </a></td><td style=\"vertical-align: top; text-align : left; background-color: #F7F7F7; border: 0px #F0F0F0 solid; padding:0px 4px 0px 4px\" class=\"hierarchy\"/><td style=\"vertical-align: top; text-align : left; background-color: #F7F7F7; border: 0px #F0F0F0 solid; padding:0px 4px 0px 4px\" class=\"hierarchy\">0..1</td><td style=\"vertical-align: top; text-align : left; background-color: #F7F7F7; border: 0px #F0F0F0 solid; padding:0px 4px 0px 4px\" class=\"hierarchy\"><a href=\"http://hl7.org/fhir/R4/datatypes.html#BackboneElement\">BackboneElement</a></td><td style=\"vertical-align: top; text-align : left; background-color: #F7F7F7; border: 0px #F0F0F0 solid; padding:0px 4px 0px 4px\" class=\"hierarchy\">test</td></tr>\r\n<tr style=\"border: 0px #F0F0F0 solid; padding:0px; vertical-align: top; background-color: white\"><td style=\"vertical-align: top; text-align : left; background-color: white; border: 0px #F0F0F0 solid; padding:0px 4px 0px 4px; white-space: nowrap; background-image: url(tbl_bck110.png)\" class=\"hierarchy\"><img src=\"tbl_spacer.png\" alt=\".\" style=\"background-color: inherit\" class=\"hierarchy\"/><img src=\"tbl_vline.png\" alt=\".\" style=\"background-color: inherit\" class=\"hierarchy\"/><img src=\"tbl_vjoin.png\" alt=\".\" style=\"background-color: inherit\" class=\"hierarchy\"/><img src=\"icon_datatype.gif\" alt=\".\" style=\"background-color: white; background-color: inherit\" title=\"Data Type\" class=\"hierarchy\"/> <a href=\"StructureDefinition-be-model-nursingprescription-definitions.html#BeNursingPrescription.phoneAvailablityPrescriber.contactPoint\" title=\"test\">contactPoint</a><a name=\"BeNursingPrescription.phoneAvailablityPrescriber.contactPoint\"> </a></td><td style=\"vertical-align: top; text-align : left; background-color: white; border: 0px #F0F0F0 solid; padding:0px 4px 0px 4px\" class=\"hierarchy\"/><td style=\"vertical-align: top; text-align : left; background-color: white; border: 0px #F0F0F0 solid; padding:0px 4px 0px 4px\" class=\"hierarchy\">0..*</td><td style=\"vertical-align: top; text-align : left; background-color: white; border: 0px #F0F0F0 solid; padding:0px 4px 0px 4px\" class=\"hierarchy\"><a href=\"http://hl7.org/fhir/R4/datatypes.html#ContactPoint\">ContactPoint</a></td><td style=\"vertical-align: top; text-align : left; background-color: white; border: 0px #F0F0F0 solid; padding:0px 4px 0px 4px\" class=\"hierarchy\">test<br/></td></tr>\r\n<tr style=\"border: 0px #F0F0F0 solid; padding:0px; vertical-align: top; background-color: #F7F7F7\"><td style=\"vertical-align: top; text-align : left; background-color: #F7F7F7; border: 0px #F0F0F0 solid; padding:0px 4px 0px 4px; white-space: nowrap; background-image: url(tbl_bck101.png)\" class=\"hierarchy\"><img src=\"tbl_spacer.png\" alt=\".\" style=\"background-color: inherit\" class=\"hierarchy\"/><img src=\"tbl_vline.png\" alt=\".\" style=\"background-color: inherit\" class=\"hierarchy\"/><img src=\"tbl_vjoin_end.png\" alt=\".\" style=\"background-color: inherit\" class=\"hierarchy\"/><img src=\"icon_datatype.gif\" alt=\".\" style=\"background-color: #F7F7F7; background-color: inherit\" title=\"Data Type\" class=\"hierarchy\"/> <a href=\"StructureDefinition-be-model-nursingprescription-definitions.html#BeNursingPrescription.phoneAvailablityPrescriber.availability\" title=\"test\">availability</a><a name=\"BeNursingPrescription.phoneAvailablityPrescriber.availability\"> </a></td><td style=\"vertical-align: top; text-align : left; background-color: #F7F7F7; border: 0px #F0F0F0 solid; padding:0px 4px 0px 4px\" class=\"hierarchy\"/><td style=\"vertical-align: top; text-align : left; background-color: #F7F7F7; border: 0px #F0F0F0 solid; padding:0px 4px 0px 4px\" class=\"hierarchy\">0..*</td><td style=\"vertical-align: top; text-align : left; background-color: #F7F7F7; border: 0px #F0F0F0 solid; padding:0px 4px 0px 4px\" class=\"hierarchy\"><a href=\"http://hl7.org/fhir/R4/datatypes.html#BackboneElement\">BackboneElement</a></td><td style=\"vertical-align: top; text-align : left; background-color: #F7F7F7; border: 0px #F0F0F0 solid; padding:0px 4px 0px 4px\" class=\"hierarchy\">test<br/></td></tr>\r\n<tr style=\"border: 0px #F0F0F0 solid; padding:0px; vertical-align: top; background-color: white\"><td style=\"vertical-align: top; text-align : left; background-color: white; border: 0px #F0F0F0 solid; padding:0px 4px 0px 4px; white-space: nowrap; background-image: url(tbl_bck1010.png)\" class=\"hierarchy\"><img src=\"tbl_spacer.png\" alt=\".\" style=\"background-color: inherit\" class=\"hierarchy\"/><img src=\"tbl_vline.png\" alt=\".\" style=\"background-color: inherit\" class=\"hierarchy\"/><img src=\"tbl_blank.png\" alt=\".\" style=\"background-color: inherit\" class=\"hierarchy\"/><img src=\"tbl_vjoin.png\" alt=\".\" style=\"background-color: inherit\" class=\"hierarchy\"/><img src=\"icon_datatype.gif\" alt=\".\" style=\"background-color: white; background-color: inherit\" title=\"Data Type\" class=\"hierarchy\"/> <a href=\"StructureDefinition-be-model-nursingprescription-definitions.html#BeNursingPrescription.phoneAvailablityPrescriber.availability.untilHour\" title=\"test\">untilHour</a><a name=\"BeNursingPrescription.phoneAvailablityPrescriber.availability.untilHour\"> </a></td><td style=\"vertical-align: top; text-align : left; background-color: white; border: 0px #F0F0F0 solid; padding:0px 4px 0px 4px\" class=\"hierarchy\"/><td style=\"vertical-align: top; text-align : left; background-color: white; border: 0px #F0F0F0 solid; padding:0px 4px 0px 4px\" class=\"hierarchy\">0..1</td><td style=\"vertical-align: top; text-align : left; background-color: white; border: 0px #F0F0F0 solid; padding:0px 4px 0px 4px\" class=\"hierarchy\"><a href=\"http://hl7.org/fhir/R4/datatypes.html#BackboneElement\">BackboneElement</a></td><td style=\"vertical-align: top; text-align : left; background-color: white; border: 0px #F0F0F0 solid; padding:0px 4px 0px 4px\" class=\"hierarchy\">test</td></tr>\r\n<tr style=\"border: 0px #F0F0F0 solid; padding:0px; vertical-align: top; background-color: #F7F7F7\"><td style=\"vertical-align: top; text-align : left; background-color: #F7F7F7; border: 0px #F0F0F0 solid; padding:0px 4px 0px 4px; white-space: nowrap; background-image: url(tbl_bck1010.png)\" class=\"hierarchy\"><img src=\"tbl_spacer.png\" alt=\".\" style=\"background-color: inherit\" class=\"hierarchy\"/><img src=\"tbl_vline.png\" alt=\".\" style=\"background-color: inherit\" class=\"hierarchy\"/><img src=\"tbl_blank.png\" alt=\".\" style=\"background-color: inherit\" class=\"hierarchy\"/><img src=\"tbl_vjoin.png\" alt=\".\" style=\"background-color: inherit\" class=\"hierarchy\"/><img src=\"icon_datatype.gif\" alt=\".\" style=\"background-color: #F7F7F7; background-color: inherit\" title=\"Data Type\" class=\"hierarchy\"/> <a href=\"StructureDefinition-be-model-nursingprescription-definitions.html#BeNursingPrescription.phoneAvailablityPrescriber.availability.fromHour\" title=\"test\">fromHour</a><a name=\"BeNursingPrescription.phoneAvailablityPrescriber.availability.fromHour\"> </a></td><td style=\"vertical-align: top; text-align : left; background-color: #F7F7F7; border: 0px #F0F0F0 solid; padding:0px 4px 0px 4px\" class=\"hierarchy\"/><td style=\"vertical-align: top; text-align : left; background-color: #F7F7F7; border: 0px #F0F0F0 solid; padding:0px 4px 0px 4px\" class=\"hierarchy\">0..1</td><td style=\"vertical-align: top; text-align : left; background-color: #F7F7F7; border: 0px #F0F0F0 solid; padding:0px 4px 0px 4px\" class=\"hierarchy\"><a href=\"http://hl7.org/fhir/R4/datatypes.html#BackboneElement\">BackboneElement</a></td><td style=\"vertical-align: top; text-align : left; background-color: #F7F7F7; border: 0px #F0F0F0 solid; padding:0px 4px 0px 4px\" class=\"hierarchy\">test</td></tr>\r\n<tr style=\"border: 0px #F0F0F0 solid; padding:0px; vertical-align: top; background-color: white\"><td style=\"vertical-align: top; text-align : left; background-color: white; border: 0px #F0F0F0 solid; padding:0px 4px 0px 4px; white-space: nowrap; background-image: url(tbl_bck1000.png)\" class=\"hierarchy\"><img src=\"tbl_spacer.png\" alt=\".\" style=\"background-color: inherit\" class=\"hierarchy\"/><img src=\"tbl_vline.png\" alt=\".\" style=\"background-color: inherit\" class=\"hierarchy\"/><img src=\"tbl_blank.png\" alt=\".\" style=\"background-color: inherit\" class=\"hierarchy\"/><img src=\"tbl_vjoin_end.png\" alt=\".\" style=\"background-color: inherit\" class=\"hierarchy\"/><img src=\"icon_primitive.png\" alt=\".\" style=\"background-color: white; background-color: inherit\" title=\"Primitive Data Type\" class=\"hierarchy\"/> <a href=\"StructureDefinition-be-model-nursingprescription-definitions.html#BeNursingPrescription.phoneAvailablityPrescriber.availability.weekDay\" title=\"test\">weekDay</a><a name=\"BeNursingPrescription.phoneAvailablityPrescriber.availability.weekDay\"> </a></td><td style=\"vertical-align: top; text-align : left; background-color: white; border: 0px #F0F0F0 solid; padding:0px 4px 0px 4px\" class=\"hierarchy\"/><td style=\"vertical-align: top; text-align : left; background-color: white; border: 0px #F0F0F0 solid; padding:0px 4px 0px 4px\" class=\"hierarchy\">1..1</td><td style=\"vertical-align: top; text-align : left; background-color: white; border: 0px #F0F0F0 solid; padding:0px 4px 0px 4px\" class=\"hierarchy\"><a href=\"http://hl7.org/fhir/R4/datatypes.html#string\">string</a></td><td style=\"vertical-align: top; text-align : left; background-color: white; border: 0px #F0F0F0 solid; padding:0px 4px 0px 4px\" class=\"hierarchy\">test</td></tr>\r\n<tr style=\"border: 0px #F0F0F0 solid; padding:0px; vertical-align: top; background-color: #F7F7F7\"><td style=\"vertical-align: top; text-align : left; background-color: #F7F7F7; border: 0px #F0F0F0 solid; padding:0px 4px 0px 4px; white-space: nowrap; background-image: url(tbl_bck11.png)\" class=\"hierarchy\"><img src=\"tbl_spacer.png\" alt=\".\" style=\"background-color: inherit\" class=\"hierarchy\"/><img src=\"tbl_vjoin.png\" alt=\".\" style=\"background-color: inherit\" class=\"hierarchy\"/><img src=\"icon_datatype.gif\" alt=\".\" style=\"background-color: #F7F7F7; background-color: inherit\" title=\"Data Type\" class=\"hierarchy\"/> <a href=\"StructureDefinition-be-model-nursingprescription-definitions.html#BeNursingPrescription.feedbackAsked\" title=\"test\">feedbackAsked</a><a name=\"BeNursingPrescription.feedbackAsked\"> </a></td><td style=\"vertical-align: top; text-align : left; background-color: #F7F7F7; border: 0px #F0F0F0 solid; padding:0px 4px 0px 4px\" class=\"hierarchy\"/><td style=\"vertical-align: top; text-align : left; background-color: #F7F7F7; border: 0px #F0F0F0 solid; padding:0px 4px 0px 4px\" class=\"hierarchy\">0..1</td><td style=\"vertical-align: top; text-align : left; background-color: #F7F7F7; border: 0px #F0F0F0 solid; padding:0px 4px 0px 4px\" class=\"hierarchy\"><a href=\"http://hl7.org/fhir/R4/datatypes.html#BackboneElement\">BackboneElement</a></td><td style=\"vertical-align: top; text-align : left; background-color: #F7F7F7; border: 0px #F0F0F0 solid; padding:0px 4px 0px 4px\" class=\"hierarchy\">test</td></tr>\r\n<tr style=\"border: 0px #F0F0F0 solid; padding:0px; vertical-align: top; background-color: white\"><td style=\"vertical-align: top; text-align : left; background-color: white; border: 0px #F0F0F0 solid; padding:0px 4px 0px 4px; white-space: nowrap; background-image: url(tbl_bck100.png)\" class=\"hierarchy\"><img src=\"tbl_spacer.png\" alt=\".\" style=\"background-color: inherit\" class=\"hierarchy\"/><img src=\"tbl_vline.png\" alt=\".\" style=\"background-color: inherit\" class=\"hierarchy\"/><img src=\"tbl_vjoin_end.png\" alt=\".\" style=\"background-color: inherit\" class=\"hierarchy\"/><img src=\"icon_primitive.png\" alt=\".\" style=\"background-color: white; background-color: inherit\" title=\"Primitive Data Type\" class=\"hierarchy\"/> <a href=\"StructureDefinition-be-model-nursingprescription-definitions.html#BeNursingPrescription.feedbackAsked.timingFeedback\" title=\"test\">timingFeedback</a><a name=\"BeNursingPrescription.feedbackAsked.timingFeedback\"> </a></td><td style=\"vertical-align: top; text-align : left; background-color: white; border: 0px #F0F0F0 solid; padding:0px 4px 0px 4px\" class=\"hierarchy\"/><td style=\"vertical-align: top; text-align : left; background-color: white; border: 0px #F0F0F0 solid; padding:0px 4px 0px 4px\" class=\"hierarchy\">1..1</td><td style=\"vertical-align: top; text-align : left; background-color: white; border: 0px #F0F0F0 solid; padding:0px 4px 0px 4px\" class=\"hierarchy\"><a href=\"http://hl7.org/fhir/R4/datatypes.html#code\">code</a></td><td style=\"vertical-align: top; text-align : left; background-color: white; border: 0px #F0F0F0 solid; padding:0px 4px 0px 4px\" class=\"hierarchy\">test</td></tr>\r\n<tr style=\"border: 0px #F0F0F0 solid; padding:0px; vertical-align: top; background-color: #F7F7F7\"><td style=\"vertical-align: top; text-align : left; background-color: #F7F7F7; border: 0px #F0F0F0 solid; padding:0px 4px 0px 4px; white-space: nowrap; background-image: url(tbl_bck10.png)\" class=\"hierarchy\"><img src=\"tbl_spacer.png\" alt=\".\" style=\"background-color: inherit\" class=\"hierarchy\"/><img src=\"tbl_vjoin.png\" alt=\".\" style=\"background-color: inherit\" class=\"hierarchy\"/><img src=\"icon_datatype.gif\" alt=\".\" style=\"background-color: #F7F7F7; background-color: inherit\" title=\"Data Type\" class=\"hierarchy\"/> <a href=\"StructureDefinition-be-model-nursingprescription-definitions.html#BeNursingPrescription.signature\" title=\"test\">signature</a><a name=\"BeNursingPrescription.signature\"> </a></td><td style=\"vertical-align: top; text-align : left; background-color: #F7F7F7; border: 0px #F0F0F0 solid; padding:0px 4px 0px 4px\" class=\"hierarchy\"/><td style=\"vertical-align: top; text-align : left; background-color: #F7F7F7; border: 0px #F0F0F0 solid; padding:0px 4px 0px 4px\" class=\"hierarchy\">0..1</td><td style=\"vertical-align: top; text-align : left; background-color: #F7F7F7; border: 0px #F0F0F0 solid; padding:0px 4px 0px 4px\" class=\"hierarchy\"><a href=\"http://hl7.org/fhir/R4/datatypes.html#Signature\">Signature</a></td><td style=\"vertical-align: top; text-align : left; background-color: #F7F7F7; border: 0px #F0F0F0 solid; padding:0px 4px 0px 4px\" class=\"hierarchy\">test</td></tr>\r\n<tr style=\"border: 0px #F0F0F0 solid; padding:0px; vertical-align: top; background-color: white\"><td style=\"vertical-align: top; text-align : left; background-color: white; border: 0px #F0F0F0 solid; padding:0px 4px 0px 4px; white-space: nowrap; background-image: url(tbl_bck10.png)\" class=\"hierarchy\"><img src=\"tbl_spacer.png\" alt=\".\" style=\"background-color: inherit\" class=\"hierarchy\"/><img src=\"tbl_vjoin.png\" alt=\".\" style=\"background-color: inherit\" class=\"hierarchy\"/><img src=\"icon_primitive.png\" alt=\".\" style=\"background-color: white; background-color: inherit\" title=\"Primitive Data Type\" class=\"hierarchy\"/> <a href=\"StructureDefinition-be-model-nursingprescription-definitions.html#BeNursingPrescription.stampOrIdentification\" title=\"What is this?\">stampOrIdentification</a><a name=\"BeNursingPrescription.stampOrIdentification\"> </a></td><td style=\"vertical-align: top; text-align : left; background-color: white; border: 0px #F0F0F0 solid; padding:0px 4px 0px 4px\" class=\"hierarchy\"/><td style=\"vertical-align: top; text-align : left; background-color: white; border: 0px #F0F0F0 solid; padding:0px 4px 0px 4px\" class=\"hierarchy\">0..1</td><td style=\"vertical-align: top; text-align : left; background-color: white; border: 0px #F0F0F0 solid; padding:0px 4px 0px 4px\" class=\"hierarchy\"><a href=\"http://hl7.org/fhir/R4/datatypes.html#code\">code</a></td><td style=\"vertical-align: top; text-align : left; background-color: white; border: 0px #F0F0F0 solid; padding:0px 4px 0px 4px\" class=\"hierarchy\">What is this?</td></tr>\r\n<tr style=\"border: 0px #F0F0F0 solid; padding:0px; vertical-align: top; background-color: #F7F7F7\"><td style=\"vertical-align: top; text-align : left; background-color: #F7F7F7; border: 0px #F0F0F0 solid; padding:0px 4px 0px 4px; white-space: nowrap; background-image: url(tbl_bck10.png)\" class=\"hierarchy\"><img src=\"tbl_spacer.png\" alt=\".\" style=\"background-color: inherit\" class=\"hierarchy\"/><img src=\"tbl_vjoin.png\" alt=\".\" style=\"background-color: inherit\" class=\"hierarchy\"/><img src=\"icon_datatype.gif\" alt=\".\" style=\"background-color: #F7F7F7; background-color: inherit\" title=\"Data Type\" class=\"hierarchy\"/> <a href=\"StructureDefinition-be-model-nursingprescription-definitions.html#BeNursingPrescription.mainNursingCare\" title=\"A high level code to describe the nursing care\">mainNursingCare</a><a name=\"BeNursingPrescription.mainNursingCare\"> </a></td><td style=\"vertical-align: top; text-align : left; background-color: #F7F7F7; border: 0px #F0F0F0 solid; padding:0px 4px 0px 4px\" class=\"hierarchy\"/><td style=\"vertical-align: top; text-align : left; background-color: #F7F7F7; border: 0px #F0F0F0 solid; padding:0px 4px 0px 4px\" class=\"hierarchy\">1..1</td><td style=\"vertical-align: top; text-align : left; background-color: #F7F7F7; border: 0px #F0F0F0 solid; padding:0px 4px 0px 4px\" class=\"hierarchy\"><a href=\"http://hl7.org/fhir/R4/datatypes.html#CodeableConcept\">CodeableConcept</a></td><td style=\"vertical-align: top; text-align : left; background-color: #F7F7F7; border: 0px #F0F0F0 solid; padding:0px 4px 0px 4px\" class=\"hierarchy\">e.g. woundcare, medication administartion, compression therapy,....</td></tr>\r\n<tr style=\"border: 0px #F0F0F0 solid; padding:0px; vertical-align: top; background-color: white\"><td style=\"vertical-align: top; text-align : left; background-color: white; border: 0px #F0F0F0 solid; padding:0px 4px 0px 4px; white-space: nowrap; background-image: url(tbl_bck10.png)\" class=\"hierarchy\"><img src=\"tbl_spacer.png\" alt=\".\" style=\"background-color: inherit\" class=\"hierarchy\"/><img src=\"tbl_vjoin.png\" alt=\".\" style=\"background-color: inherit\" class=\"hierarchy\"/><img src=\"icon_datatype.gif\" alt=\".\" style=\"background-color: white; background-color: inherit\" title=\"Data Type\" class=\"hierarchy\"/> <a href=\"StructureDefinition-be-model-nursingprescription-definitions.html#BeNursingPrescription.detailedCare\" title=\"Detailed code describing the nursing care demanded\">detailedCare</a><a name=\"BeNursingPrescription.detailedCare\"> </a></td><td style=\"vertical-align: top; text-align : left; background-color: white; border: 0px #F0F0F0 solid; padding:0px 4px 0px 4px\" class=\"hierarchy\"/><td style=\"vertical-align: top; text-align : left; background-color: white; border: 0px #F0F0F0 solid; padding:0px 4px 0px 4px\" class=\"hierarchy\">0..*</td><td style=\"vertical-align: top; text-align : left; background-color: white; border: 0px #F0F0F0 solid; padding:0px 4px 0px 4px\" class=\"hierarchy\"><a href=\"http://hl7.org/fhir/R4/datatypes.html#CodeableConcept\">CodeableConcept</a></td><td style=\"vertical-align: top; text-align : left; background-color: white; border: 0px #F0F0F0 solid; padding:0px 4px 0px 4px\" class=\"hierarchy\">e.g. burncare, injection of medication,...<br/></td></tr>\r\n<tr style=\"border: 0px #F0F0F0 solid; padding:0px; vertical-align: top; background-color: #F7F7F7\"><td style=\"vertical-align: top; text-align : left; background-color: #F7F7F7; border: 0px #F0F0F0 solid; padding:0px 4px 0px 4px; white-space: nowrap; background-image: url(tbl_bck00.png)\" class=\"hierarchy\"><img src=\"tbl_spacer.png\" alt=\".\" style=\"background-color: inherit\" class=\"hierarchy\"/><img src=\"tbl_vjoin_end.png\" alt=\".\" style=\"background-color: inherit\" class=\"hierarchy\"/><img src=\"icon_datatype.gif\" alt=\".\" style=\"background-color: #F7F7F7; background-color: inherit\" title=\"Data Type\" class=\"hierarchy\"/> <a href=\"StructureDefinition-be-model-nursingprescription-definitions.html#BeNursingPrescription.bodySite\" title=\"When needed bodySite SHALL be given\">bodySite</a><a name=\"BeNursingPrescription.bodySite\"> </a></td><td style=\"vertical-align: top; text-align : left; background-color: #F7F7F7; border: 0px #F0F0F0 solid; padding:0px 4px 0px 4px\" class=\"hierarchy\"/><td style=\"vertical-align: top; text-align : left; background-color: #F7F7F7; border: 0px #F0F0F0 solid; padding:0px 4px 0px 4px\" class=\"hierarchy\">0..*</td><td style=\"vertical-align: top; text-align : left; background-color: #F7F7F7; border: 0px #F0F0F0 solid; padding:0px 4px 0px 4px\" class=\"hierarchy\"><a href=\"http://hl7.org/fhir/R4/datatypes.html#CodeableConcept\">CodeableConcept</a></td><td style=\"vertical-align: top; text-align : left; background-color: #F7F7F7; border: 0px #F0F0F0 solid; padding:0px 4px 0px 4px\" class=\"hierarchy\">When needed bodySite SHALL be given<br/></td></tr>\r\n<tr><td colspan=\"5\" class=\"hierarchy\"><br/><a href=\"http://hl7.org/fhir/R4/formats.html#table\" title=\"Legend for this format\"><img src=\"http://hl7.org/fhir/R4/help16.png\" alt=\"doco\" style=\"background-color: inherit\"/> Documentation for this format</a></td></tr></table></div>"
  },
  "url": "https://www.ehealth.fgov.be/standards/fhir/StructureDefinition/be-model-nursingprescription",
  "version": "0.2.0",
  "name": "BeNursingPrescription",
  "status": "draft",
  "date": "2021-10-07T15:14:36+02:00",
  "publisher": "HL7 Belgium",
  "contact": [
    {
      "name": "HL7 Belgium",
      "telecom": [
        {
          "system": "url",
          "value": "http://hl7belgium.org"
        }
      ]
    },
    {
      "name": "Message-Structure",
      "telecom": [
        {
          "system": "email",
          "value": "message-structure@ehealth.fgov.be",
          "use": "work"
        }
      ]
    }
  ],
  "jurisdiction": [
    {
      "coding": [
        {
          "system": "http://unstats.un.org/unsd/methods/m49/m49.htm",
          "code": "056",
          "display": "Belgium"
        }
      ]
    }
  ],
  "fhirVersion": "4.0.1",
  "mapping": [
    {
      "identity": "rim",
      "uri": "http://hl7.org/v3",
      "name": "RIM Mapping"
    }
  ],
  "kind": "logical",
  "abstract": false,
  "type": "BeNursingPrescription",
  "baseDefinition": "https://www.ehealth.fgov.be/standards/fhir/StructureDefinition/be-model-referralprescription",
  "derivation": "specialization",
  "snapshot": {
    "element": [
      {
        "id": "BeNursingPrescription",
        "path": "BeNursingPrescription",
        "definition": "Logical model describing the model for the prescription referral. This draft is used in the HL7 Belgian workgroup for referral.",
        "min": 0,
        "max": "*",
        "base": {
          "path": "Base",
          "min": 0,
          "max": "*"
        },
        "isModifier": false
      },
      {
        "id": "BeNursingPrescription.recordedDate",
        "path": "BeNursingPrescription.recordedDate",
        "short": "When this prescription was created",
        "definition": "When this prescription was created",
        "min": 1,
        "max": "1",
        "base": {
          "path": "BeReferralPrescription.recordedDate",
          "min": 1,
          "max": "1"
        },
        "type": [
          {
            "code": "dateTime"
          }
        ]
      },
      {
        "id": "BeNursingPrescription.prescriber",
        "path": "BeNursingPrescription.prescriber",
        "short": "The prescribing healthcare party",
        "definition": "The prescribing healthcare party",
        "min": 1,
        "max": "1",
        "base": {
          "path": "BeReferralPrescription.prescriber",
          "min": 1,
          "max": "1"
        },
        "type": [
          {
            "code": "Reference"
          }
        ]
      },
      {
        "id": "BeNursingPrescription.co-prescriber",
        "path": "BeNursingPrescription.co-prescriber",
        "short": "Information about co prescribers",
        "definition": "Information about co prescribers",
        "min": 0,
        "max": "*",
        "base": {
          "path": "BeReferralPrescription.co-prescriber",
          "min": 0,
          "max": "*"
        },
        "type": [
          {
            "code": "BackboneElement"
          }
        ]
      },
      {
        "id": "BeNursingPrescription.co-prescriber.co-prescriber",
        "path": "BeNursingPrescription.co-prescriber.co-prescriber",
        "short": "The co-prescriber party",
        "definition": "The co-prescriber party",
        "min": 0,
        "max": "1",
        "base": {
          "path": "BeReferralPrescription.co-prescriber.co-prescriber",
          "min": 0,
          "max": "1"
        },
        "type": [
          {
            "code": "Reference"
          }
        ]
      },
      {
        "id": "BeNursingPrescription.co-prescriber.co-prescriberType",
        "path": "BeNursingPrescription.co-prescriber.co-prescriberType",
        "short": "Type of the practitioner",
        "definition": "Type of the practitioner",
        "min": 0,
        "max": "1",
        "base": {
          "path": "BeReferralPrescription.co-prescriber.co-prescriberType",
          "min": 0,
          "max": "1"
        },
        "type": [
          {
            "code": "code"
          }
        ]
      },
      {
        "id": "BeNursingPrescription.co-prescriber.status",
        "path": "BeNursingPrescription.co-prescriber.status",
        "short": "Status of co prescribing status (to sign, signed or refused)",
        "definition": "Status of co prescribing status (to sign, signed or refused)",
        "min": 0,
        "max": "1",
        "base": {
          "path": "BeReferralPrescription.co-prescriber.status",
          "min": 0,
          "max": "1"
        },
        "type": [
          {
            "code": "code"
          }
        ]
      },
      {
        "id": "BeNursingPrescription.patient",
        "path": "BeNursingPrescription.patient",
        "short": "The SSIN of the person for which the referral is prescribed.",
        "definition": "The SSIN of the person for which the referral is prescribed.",
        "min": 1,
        "max": "1",
        "base": {
          "path": "BeReferralPrescription.patient",
          "min": 1,
          "max": "1"
        },
        "type": [
          {
            "code": "Reference"
          }
        ]
      },
      {
        "id": "BeNursingPrescription.prescriptionNumber",
        "path": "BeNursingPrescription.prescriptionNumber",
        "short": "An identifier for the ReferralPrescription, e.g. the UHMEP identifier, once available",
        "definition": "An identifier for the ReferralPrescription, e.g. the UHMEP identifier, once available",
        "min": 0,
        "max": "*",
        "base": {
          "path": "BeReferralPrescription.prescriptionNumber",
          "min": 0,
          "max": "*"
        },
        "type": [
          {
            "code": "Identifier"
          }
        ]
      },
      {
        "id": "BeNursingPrescription.basedOn",
        "path": "BeNursingPrescription.basedOn",
        "short": "The original request or prescription triggered this prescription",
        "definition": "The original request or prescription that is the reason for this request - for example when a detailed request is created by a broader request.",
        "min": 0,
        "max": "1",
        "base": {
          "path": "BeReferralPrescription.basedOn",
          "min": 0,
          "max": "1"
        },
        "type": [
          {
            "code": "Reference"
          }
        ]
      },
      {
        "id": "BeNursingPrescription.validitionPeriod",
        "path": "BeNursingPrescription.validitionPeriod",
        "short": "Period of validity of prescription",
        "definition": "Period of validity of prescription",
        "min": 1,
        "max": "1",
        "base": {
          "path": "BeReferralPrescription.validitionPeriod",
          "min": 1,
          "max": "1"
        },
        "type": [
          {
            "code": "Period"
          }
        ]
      },
      {
        "id": "BeNursingPrescription.treatmentPeriod",
        "path": "BeNursingPrescription.treatmentPeriod",
        "short": "When this prescription is executed, available after start of execution",
        "definition": "When this prescription is executed, available after start of execution",
        "min": 0,
        "max": "1",
        "base": {
          "path": "BeReferralPrescription.treatmentPeriod",
          "min": 0,
          "max": "1"
        },
        "type": [
          {
            "code": "Period"
          }
        ]
      },
      {
        "id": "BeNursingPrescription.treatmentValidationEndDate",
        "path": "BeNursingPrescription.treatmentValidationEndDate",
        "short": "The latest moment to end this treatment",
        "definition": "The latest moment to end this treatment",
        "min": 0,
        "max": "1",
        "base": {
          "path": "BeReferralPrescription.treatmentValidationEndDate",
          "min": 0,
          "max": "1"
        },
        "type": [
          {
            "code": "dateTime"
          }
        ]
      },
      {
        "id": "BeNursingPrescription.intendedProvider",
        "path": "BeNursingPrescription.intendedProvider",
        "short": "The intended provider, i.e. who is expected to perform the procedure - a specific person or a speciality",
        "definition": "The intended provider, i.e. who is expected to perform the procedure - a specific person or a speciality",
        "min": 0,
        "max": "*",
        "base": {
          "path": "BeReferralPrescription.intendedProvider",
          "min": 0,
          "max": "*"
        },
        "type": [
          {
            "code": "BackboneElement"
          }
        ]
      },
      {
        "id": "BeNursingPrescription.intendedProvider.provider",
        "path": "BeNursingPrescription.intendedProvider.provider",
        "short": "A reference to the provider party (e.g. a NIHDI number for a healthcare professional, a SSIN or only a displaystring for a non professional caregiver,...)",
        "definition": "A reference to the provider party (e.g. a NIHDI number for a healthcare professional, a SSIN or only a displaystring for a non professional caregiver,...)",
        "min": 0,
        "max": "*",
        "base": {
          "path": "BeReferralPrescription.intendedProvider.provider",
          "min": 0,
          "max": "*"
        },
        "type": [
          {
            "code": "Reference"
          }
        ]
      },
      {
        "id": "BeNursingPrescription.intendedProvider.discipline",
        "path": "BeNursingPrescription.intendedProvider.discipline",
        "short": "The required discipline of the provider party",
        "definition": "The required discipline of the provider party",
        "min": 1,
        "max": "1",
        "base": {
          "path": "BeReferralPrescription.intendedProvider.discipline",
          "min": 1,
          "max": "1"
        },
        "type": [
          {
            "code": "CodeableConcept"
          }
        ]
      },
      {
        "id": "BeNursingPrescription.serviceRequested",
        "path": "BeNursingPrescription.serviceRequested",
        "short": "What is prescribed",
        "definition": "What is prescribed",
        "min": 1,
        "max": "1",
        "base": {
          "path": "BeReferralPrescription.serviceRequested",
          "min": 1,
          "max": "1"
        },
        "type": [
          {
            "code": "CodeableConcept"
          }
        ]
      },
      {
        "id": "BeNursingPrescription.problemCode",
        "path": "BeNursingPrescription.problemCode",
        "short": "The problem (code or reference) that is the main reason for this prescription",
        "definition": "The problem (code or reference) that is the main reason for this prescription",
        "min": 0,
        "max": "*",
        "base": {
          "path": "BeReferralPrescription.problemCode",
          "min": 0,
          "max": "*"
        },
        "type": [
          {
            "code": "Reference"
          }
        ]
      },
      {
        "id": "BeNursingPrescription.resultReceiver",
        "path": "BeNursingPrescription.resultReceiver",
        "short": "Parties that shall be informed of the results of the prescription other then the prescriber.",
        "definition": "Parties that shall be informed of the results of the prescription other then the prescriber.",
        "min": 0,
        "max": "*",
        "base": {
          "path": "BeReferralPrescription.resultReceiver",
          "min": 0,
          "max": "*"
        },
        "type": [
          {
            "code": "Reference"
          }
        ]
      },
      {
        "id": "BeNursingPrescription.status",
        "path": "BeNursingPrescription.status",
        "short": "Status of the requisition",
        "definition": "Status of the requisition",
        "min": 1,
        "max": "1",
        "base": {
          "path": "BeReferralPrescription.status",
          "min": 1,
          "max": "1"
        },
        "type": [
          {
            "code": "code"
          }
        ],
        "binding": {
          "strength": "required",
          "valueSet": "http://hl7.org/fhir/ValueSet/request-status"
        }
      },
      {
        "id": "BeNursingPrescription.clinicalStatus",
        "path": "BeNursingPrescription.clinicalStatus",
        "short": "Status of the execution",
        "definition": "Status of the execution",
        "min": 0,
        "max": "1",
        "base": {
          "path": "BeReferralPrescription.clinicalStatus",
          "min": 0,
          "max": "1"
        },
        "type": [
          {
            "code": "code"
          }
        ]
      },
      {
        "id": "BeNursingPrescription.statusReason",
        "path": "BeNursingPrescription.statusReason",
        "short": "Reason current status",
        "definition": "Reason current status",
        "min": 0,
        "max": "1",
        "base": {
          "path": "BeReferralPrescription.statusReason",
          "min": 0,
          "max": "1"
        },
        "type": [
          {
            "code": "CodeableConcept"
          }
        ]
      },
      {
        "id": "BeNursingPrescription.note",
        "path": "BeNursingPrescription.note",
        "short": "Additional text notes about the request.",
        "definition": "Additional text notes about the request.",
        "min": 0,
        "max": "1",
        "base": {
          "path": "BeReferralPrescription.note",
          "min": 0,
          "max": "1"
        },
        "type": [
          {
            "code": "Annotation"
          }
        ]
      },
      {
        "id": "BeNursingPrescription.intent",
        "path": "BeNursingPrescription.intent",
        "short": "Proposal, Prolongation, Prescription",
        "definition": "Proposal, Prolongation, Prescription",
        "min": 1,
        "max": "1",
        "base": {
          "path": "BeReferralPrescription.intent",
          "min": 1,
          "max": "1"
        },
        "type": [
          {
            "code": "code"
          }
        ]
      },
      {
        "id": "BeNursingPrescription.phoneAvailablityPrescriber",
        "path": "BeNursingPrescription.phoneAvailablityPrescriber",
        "short": "test",
        "definition": "test",
        "min": 0,
        "max": "1",
        "base": {
          "path": "BeNursingPrescription.phoneAvailablityPrescriber",
          "min": 0,
          "max": "1"
        },
        "type": [
          {
            "code": "BackboneElement"
          }
        ]
      },
      {
        "id": "BeNursingPrescription.phoneAvailablityPrescriber.contactPoint",
        "path": "BeNursingPrescription.phoneAvailablityPrescriber.contactPoint",
        "short": "test",
        "definition": "test",
        "min": 0,
        "max": "*",
        "base": {
          "path": "BeNursingPrescription.phoneAvailablityPrescriber.contactPoint",
          "min": 0,
          "max": "*"
        },
        "type": [
          {
            "code": "ContactPoint"
          }
        ]
      },
      {
        "id": "BeNursingPrescription.phoneAvailablityPrescriber.availability",
        "path": "BeNursingPrescription.phoneAvailablityPrescriber.availability",
        "short": "test",
        "definition": "test",
        "min": 0,
        "max": "*",
        "base": {
          "path": "BeNursingPrescription.phoneAvailablityPrescriber.availability",
          "min": 0,
          "max": "*"
        },
        "type": [
          {
            "code": "BackboneElement"
          }
        ]
      },
      {
        "id": "BeNursingPrescription.phoneAvailablityPrescriber.availability.untilHour",
        "path": "BeNursingPrescription.phoneAvailablityPrescriber.availability.untilHour",
        "short": "test",
        "definition": "test",
        "min": 0,
        "max": "1",
        "base": {
          "path": "BeNursingPrescription.phoneAvailablityPrescriber.availability.untilHour",
          "min": 0,
          "max": "1"
        },
        "type": [
          {
            "code": "BackboneElement"
          }
        ]
      },
      {
        "id": "BeNursingPrescription.phoneAvailablityPrescriber.availability.fromHour",
        "path": "BeNursingPrescription.phoneAvailablityPrescriber.availability.fromHour",
        "short": "test",
        "definition": "test",
        "min": 0,
        "max": "1",
        "base": {
          "path": "BeNursingPrescription.phoneAvailablityPrescriber.availability.fromHour",
          "min": 0,
          "max": "1"
        },
        "type": [
          {
            "code": "BackboneElement"
          }
        ]
      },
      {
        "id": "BeNursingPrescription.phoneAvailablityPrescriber.availability.weekDay",
        "path": "BeNursingPrescription.phoneAvailablityPrescriber.availability.weekDay",
        "short": "test",
        "definition": "test",
        "min": 1,
        "max": "1",
        "base": {
          "path": "BeNursingPrescription.phoneAvailablityPrescriber.availability.weekDay",
          "min": 1,
          "max": "1"
        },
        "type": [
          {
            "code": "string"
          }
        ]
      },
      {
        "id": "BeNursingPrescription.feedbackAsked",
        "path": "BeNursingPrescription.feedbackAsked",
        "short": "test",
        "definition": "test",
        "min": 0,
        "max": "1",
        "base": {
          "path": "BeNursingPrescription.feedbackAsked",
          "min": 0,
          "max": "1"
        },
        "type": [
          {
            "code": "BackboneElement"
          }
        ]
      },
      {
        "id": "BeNursingPrescription.feedbackAsked.timingFeedback",
        "path": "BeNursingPrescription.feedbackAsked.timingFeedback",
        "short": "test",
        "definition": "test",
        "min": 1,
        "max": "1",
        "base": {
          "path": "BeNursingPrescription.feedbackAsked.timingFeedback",
          "min": 1,
          "max": "1"
        },
        "type": [
          {
            "code": "code"
          }
        ]
      },
      {
        "id": "BeNursingPrescription.signature",
        "path": "BeNursingPrescription.signature",
        "short": "test",
        "definition": "test",
        "min": 0,
        "max": "1",
        "base": {
          "path": "BeNursingPrescription.signature",
          "min": 0,
          "max": "1"
        },
        "type": [
          {
            "code": "Signature"
          }
        ]
      },
      {
        "id": "BeNursingPrescription.stampOrIdentification",
        "path": "BeNursingPrescription.stampOrIdentification",
        "short": "What is this?",
        "definition": "What is this?",
        "min": 0,
        "max": "1",
        "base": {
          "path": "BeNursingPrescription.stampOrIdentification",
          "min": 0,
          "max": "1"
        },
        "type": [
          {
            "code": "code"
          }
        ]
      },
      {
        "id": "BeNursingPrescription.mainNursingCare",
        "path": "BeNursingPrescription.mainNursingCare",
        "short": "e.g. woundcare, medication administartion, compression therapy,....",
        "definition": "A high level code to describe the nursing care",
        "min": 1,
        "max": "1",
        "base": {
          "path": "BeNursingPrescription.mainNursingCare",
          "min": 1,
          "max": "1"
        },
        "type": [
          {
            "code": "CodeableConcept"
          }
        ]
      },
      {
        "id": "BeNursingPrescription.detailedCare",
        "path": "BeNursingPrescription.detailedCare",
        "short": "e.g. burncare, injection of medication,...",
        "definition": "Detailed code describing the nursing care demanded",
        "min": 0,
        "max": "*",
        "base": {
          "path": "BeNursingPrescription.detailedCare",
          "min": 0,
          "max": "*"
        },
        "type": [
          {
            "code": "CodeableConcept"
          }
        ]
      },
      {
        "id": "BeNursingPrescription.bodySite",
        "path": "BeNursingPrescription.bodySite",
        "short": "When needed bodySite SHALL be given",
        "definition": "When needed bodySite SHALL be given",
        "min": 0,
        "max": "*",
        "base": {
          "path": "BeNursingPrescription.bodySite",
          "min": 0,
          "max": "*"
        },
        "type": [
          {
            "code": "CodeableConcept"
          }
        ]
      }
    ]
  },
  "differential": {
    "element": [
      {
        "id": "BeNursingPrescription",
        "path": "BeNursingPrescription"
      },
      {
        "id": "BeNursingPrescription.phoneAvailablityPrescriber",
        "path": "BeNursingPrescription.phoneAvailablityPrescriber",
        "short": "test",
        "definition": "test",
        "min": 0,
        "max": "1",
        "type": [
          {
            "code": "BackboneElement"
          }
        ]
      },
      {
        "id": "BeNursingPrescription.phoneAvailablityPrescriber.contactPoint",
        "path": "BeNursingPrescription.phoneAvailablityPrescriber.contactPoint",
        "short": "test",
        "definition": "test",
        "min": 0,
        "max": "*",
        "type": [
          {
            "code": "ContactPoint"
          }
        ]
      },
      {
        "id": "BeNursingPrescription.phoneAvailablityPrescriber.availability",
        "path": "BeNursingPrescription.phoneAvailablityPrescriber.availability",
        "short": "test",
        "definition": "test",
        "min": 0,
        "max": "*",
        "type": [
          {
            "code": "BackboneElement"
          }
        ]
      },
      {
        "id": "BeNursingPrescription.phoneAvailablityPrescriber.availability.untilHour",
        "path": "BeNursingPrescription.phoneAvailablityPrescriber.availability.untilHour",
        "short": "test",
        "definition": "test",
        "min": 0,
        "max": "1",
        "type": [
          {
            "code": "BackboneElement"
          }
        ]
      },
      {
        "id": "BeNursingPrescription.phoneAvailablityPrescriber.availability.fromHour",
        "path": "BeNursingPrescription.phoneAvailablityPrescriber.availability.fromHour",
        "short": "test",
        "definition": "test",
        "min": 0,
        "max": "1",
        "type": [
          {
            "code": "BackboneElement"
          }
        ]
      },
      {
        "id": "BeNursingPrescription.phoneAvailablityPrescriber.availability.weekDay",
        "path": "BeNursingPrescription.phoneAvailablityPrescriber.availability.weekDay",
        "short": "test",
        "definition": "test",
        "min": 1,
        "max": "1",
        "type": [
          {
            "code": "string"
          }
        ]
      },
      {
        "id": "BeNursingPrescription.feedbackAsked",
        "path": "BeNursingPrescription.feedbackAsked",
        "short": "test",
        "definition": "test",
        "min": 0,
        "max": "1",
        "type": [
          {
            "code": "BackboneElement"
          }
        ]
      },
      {
        "id": "BeNursingPrescription.feedbackAsked.timingFeedback",
        "path": "BeNursingPrescription.feedbackAsked.timingFeedback",
        "short": "test",
        "definition": "test",
        "min": 1,
        "max": "1",
        "type": [
          {
            "code": "code"
          }
        ]
      },
      {
        "id": "BeNursingPrescription.signature",
        "path": "BeNursingPrescription.signature",
        "short": "test",
        "definition": "test",
        "min": 0,
        "max": "1",
        "type": [
          {
            "code": "Signature"
          }
        ]
      },
      {
        "id": "BeNursingPrescription.stampOrIdentification",
        "path": "BeNursingPrescription.stampOrIdentification",
        "short": "What is this?",
        "definition": "What is this?",
        "min": 0,
        "max": "1",
        "type": [
          {
            "code": "code"
          }
        ]
      },
      {
        "id": "BeNursingPrescription.mainNursingCare",
        "path": "BeNursingPrescription.mainNursingCare",
        "short": "e.g. woundcare, medication administartion, compression therapy,....",
        "definition": "A high level code to describe the nursing care",
        "min": 1,
        "max": "1",
        "type": [
          {
            "code": "CodeableConcept"
          }
        ]
      },
      {
        "id": "BeNursingPrescription.detailedCare",
        "path": "BeNursingPrescription.detailedCare",
        "short": "e.g. burncare, injection of medication,...",
        "definition": "Detailed code describing the nursing care demanded",
        "min": 0,
        "max": "*",
        "type": [
          {
            "code": "CodeableConcept"
          }
        ]
      },
      {
        "id": "BeNursingPrescription.bodySite",
        "path": "BeNursingPrescription.bodySite",
        "short": "When needed bodySite SHALL be given",
        "definition": "When needed bodySite SHALL be given",
        "min": 0,
        "max": "*",
        "type": [
          {
            "code": "CodeableConcept"
          }
        ]
      }
    ]
  }
}