{
  "resourceType": "StructureDefinition",
  "id": "be-model-nursingprescription",
  "text": {
    "status": "extensions",
    "div": "<div xmlns=\"http://www.w3.org/1999/xhtml\"><table border=\"0\" cellpadding=\"0\" cellspacing=\"0\" style=\"border: 0px #F0F0F0 solid; font-size: 11px; font-family: verdana; vertical-align: top;\"><tr style=\"border: 1px #F0F0F0 solid; font-size: 11px; font-family: verdana; vertical-align: top\"><th style=\"vertical-align: top; text-align : left; background-color: white; border: 0px #F0F0F0 solid; padding:0px 4px 0px 4px\" class=\"hierarchy\"><a href=\"http://hl7.org/fhir/R4/formats.html#table\" title=\"The logical name of the element\">Name</a></th><th style=\"vertical-align: top; text-align : left; background-color: white; border: 0px #F0F0F0 solid; padding:0px 4px 0px 4px\" class=\"hierarchy\"><a href=\"http://hl7.org/fhir/R4/formats.html#table\" title=\"Information about the use of the element\">Flags</a></th><th style=\"vertical-align: top; text-align : left; background-color: white; border: 0px #F0F0F0 solid; padding:0px 4px 0px 4px\" class=\"hierarchy\"><a href=\"http://hl7.org/fhir/R4/formats.html#table\" title=\"Minimum and Maximum # of times the the element can appear in the instance\">Card.</a></th><th style=\"width: 100px\" class=\"hierarchy\"><a href=\"http://hl7.org/fhir/R4/formats.html#table\" title=\"Reference to the type of the element\">Type</a></th><th style=\"vertical-align: top; text-align : left; background-color: white; border: 0px #F0F0F0 solid; padding:0px 4px 0px 4px\" class=\"hierarchy\"><a href=\"http://hl7.org/fhir/R4/formats.html#table\" title=\"Additional information about the element\">Description &amp; Constraints</a><span style=\"float: right\"><a href=\"http://hl7.org/fhir/R4/formats.html#table\" title=\"Legend for this format\"><img src=\"http://hl7.org/fhir/R4/help16.png\" alt=\"doco\" style=\"background-color: inherit\"/></a></span></th></tr><tr style=\"border: 0px #F0F0F0 solid; padding:0px; vertical-align: top; background-color: white\"><td style=\"vertical-align: top; text-align : left; background-color: white; border: 0px #F0F0F0 solid; padding:0px 4px 0px 4px; white-space: nowrap; background-image: url(tbl_bck1.png)\" class=\"hierarchy\"><img src=\"tbl_spacer.png\" alt=\".\" style=\"background-color: inherit\" class=\"hierarchy\"/><img src=\"icon_element.gif\" alt=\".\" style=\"background-color: white; background-color: inherit\" title=\"Element\" class=\"hierarchy\"/> <a href=\"StructureDefinition-be-model-nursingprescription-definitions.html#BeNursingPrescription\">BeNursingPrescription</a><a name=\"BeNursingPrescription\"> </a></td><td style=\"vertical-align: top; text-align : left; background-color: white; border: 0px #F0F0F0 solid; padding:0px 4px 0px 4px\" class=\"hierarchy\"/><td style=\"vertical-align: top; text-align : left; background-color: white; border: 0px #F0F0F0 solid; padding:0px 4px 0px 4px\" class=\"hierarchy\">0..*</td><td style=\"vertical-align: top; text-align : left; background-color: white; border: 0px #F0F0F0 solid; padding:0px 4px 0px 4px\" class=\"hierarchy\"/><td style=\"vertical-align: top; text-align : left; background-color: white; border: 0px #F0F0F0 solid; padding:0px 4px 0px 4px\" class=\"hierarchy\"/></tr>\r\n<tr style=\"border: 0px #F0F0F0 solid; padding:0px; vertical-align: top; background-color: #F7F7F7\"><td style=\"vertical-align: top; text-align : left; background-color: #F7F7F7; border: 0px #F0F0F0 solid; padding:0px 4px 0px 4px; white-space: nowrap; background-image: url(tbl_bck10.png)\" class=\"hierarchy\"><img src=\"tbl_spacer.png\" alt=\".\" style=\"background-color: inherit\" class=\"hierarchy\"/><img src=\"tbl_vjoin.png\" alt=\".\" style=\"background-color: inherit\" class=\"hierarchy\"/><img src=\"icon_resource.png\" alt=\".\" style=\"background-color: #F7F7F7; background-color: inherit\" title=\"Resource\" class=\"hierarchy\"/> <a href=\"StructureDefinition-be-model-nursingprescription-definitions.html#BeNursingPrescription.BeReferralPrescription\">BeReferralPrescription</a><a name=\"BeNursingPrescription.BeReferralPrescription\"> </a></td><td style=\"vertical-align: top; text-align : left; background-color: #F7F7F7; border: 0px #F0F0F0 solid; padding:0px 4px 0px 4px\" class=\"hierarchy\"/><td style=\"vertical-align: top; text-align : left; background-color: #F7F7F7; border: 0px #F0F0F0 solid; padding:0px 4px 0px 4px\" class=\"hierarchy\">1..1</td><td style=\"vertical-align: top; text-align : left; background-color: #F7F7F7; border: 0px #F0F0F0 solid; padding:0px 4px 0px 4px\" class=\"hierarchy\"><a href=\"StructureDefinition-be-model-referralprescription.html\">BeReferralPrescription</a></td><td style=\"vertical-align: top; text-align : left; background-color: #F7F7F7; border: 0px #F0F0F0 solid; padding:0px 4px 0px 4px\" class=\"hierarchy\"/></tr>\r\n<tr style=\"border: 0px #F0F0F0 solid; padding:0px; vertical-align: top; background-color: white\"><td style=\"vertical-align: top; text-align : left; background-color: white; border: 0px #F0F0F0 solid; padding:0px 4px 0px 4px; white-space: nowrap; background-image: url(tbl_bck11.png)\" class=\"hierarchy\"><img src=\"tbl_spacer.png\" alt=\".\" style=\"background-color: inherit\" class=\"hierarchy\"/><img src=\"tbl_vjoin.png\" alt=\".\" style=\"background-color: inherit\" class=\"hierarchy\"/><img src=\"icon_datatype.gif\" alt=\".\" style=\"background-color: white; background-color: inherit\" title=\"Data Type\" class=\"hierarchy\"/> <a href=\"StructureDefinition-be-model-nursingprescription-definitions.html#BeNursingPrescription.phoneAvailablityPrescriber\">phoneAvailablityPrescriber</a><a name=\"BeNursingPrescription.phoneAvailablityPrescriber\"> </a></td><td style=\"vertical-align: top; text-align : left; background-color: white; border: 0px #F0F0F0 solid; padding:0px 4px 0px 4px\" class=\"hierarchy\"/><td style=\"vertical-align: top; text-align : left; background-color: white; border: 0px #F0F0F0 solid; padding:0px 4px 0px 4px\" class=\"hierarchy\">0..1</td><td style=\"vertical-align: top; text-align : left; background-color: white; border: 0px #F0F0F0 solid; padding:0px 4px 0px 4px\" class=\"hierarchy\"><a href=\"http://hl7.org/fhir/R4/datatypes.html#BackboneElement\">BackboneElement</a></td><td style=\"vertical-align: top; text-align : left; background-color: white; border: 0px #F0F0F0 solid; padding:0px 4px 0px 4px\" class=\"hierarchy\"/></tr>\r\n<tr style=\"border: 0px #F0F0F0 solid; padding:0px; vertical-align: top; background-color: #F7F7F7\"><td style=\"vertical-align: top; text-align : left; background-color: #F7F7F7; border: 0px #F0F0F0 solid; padding:0px 4px 0px 4px; white-space: nowrap; background-image: url(tbl_bck110.png)\" class=\"hierarchy\"><img src=\"tbl_spacer.png\" alt=\".\" style=\"background-color: inherit\" class=\"hierarchy\"/><img src=\"tbl_vline.png\" alt=\".\" style=\"background-color: inherit\" class=\"hierarchy\"/><img src=\"tbl_vjoin.png\" alt=\".\" style=\"background-color: inherit\" class=\"hierarchy\"/><img src=\"icon_datatype.gif\" alt=\".\" style=\"background-color: #F7F7F7; background-color: inherit\" title=\"Data Type\" class=\"hierarchy\"/> <a href=\"StructureDefinition-be-model-nursingprescription-definitions.html#BeNursingPrescription.phoneAvailablityPrescriber.contactPoint\">contactPoint</a><a name=\"BeNursingPrescription.phoneAvailablityPrescriber.contactPoint\"> </a></td><td style=\"vertical-align: top; text-align : left; background-color: #F7F7F7; border: 0px #F0F0F0 solid; padding:0px 4px 0px 4px\" class=\"hierarchy\"/><td style=\"vertical-align: top; text-align : left; background-color: #F7F7F7; border: 0px #F0F0F0 solid; padding:0px 4px 0px 4px\" class=\"hierarchy\">0..*</td><td style=\"vertical-align: top; text-align : left; background-color: #F7F7F7; border: 0px #F0F0F0 solid; padding:0px 4px 0px 4px\" class=\"hierarchy\"><a href=\"http://hl7.org/fhir/R4/datatypes.html#ContactPoint\" title=\"ContactPoint\">ContactPoint</a></td><td style=\"vertical-align: top; text-align : left; background-color: #F7F7F7; border: 0px #F0F0F0 solid; padding:0px 4px 0px 4px\" class=\"hierarchy\"/></tr>\r\n<tr style=\"border: 0px #F0F0F0 solid; padding:0px; vertical-align: top; background-color: white\"><td style=\"vertical-align: top; text-align : left; background-color: white; border: 0px #F0F0F0 solid; padding:0px 4px 0px 4px; white-space: nowrap; background-image: url(tbl_bck101.png)\" class=\"hierarchy\"><img src=\"tbl_spacer.png\" alt=\".\" style=\"background-color: inherit\" class=\"hierarchy\"/><img src=\"tbl_vline.png\" alt=\".\" style=\"background-color: inherit\" class=\"hierarchy\"/><img src=\"tbl_vjoin_end.png\" alt=\".\" style=\"background-color: inherit\" class=\"hierarchy\"/><img src=\"icon_datatype.gif\" alt=\".\" style=\"background-color: white; background-color: inherit\" title=\"Data Type\" class=\"hierarchy\"/> <a href=\"StructureDefinition-be-model-nursingprescription-definitions.html#BeNursingPrescription.phoneAvailablityPrescriber.availability\">availability</a><a name=\"BeNursingPrescription.phoneAvailablityPrescriber.availability\"> </a></td><td style=\"vertical-align: top; text-align : left; background-color: white; border: 0px #F0F0F0 solid; padding:0px 4px 0px 4px\" class=\"hierarchy\"/><td style=\"vertical-align: top; text-align : left; background-color: white; border: 0px #F0F0F0 solid; padding:0px 4px 0px 4px\" class=\"hierarchy\">0..*</td><td style=\"vertical-align: top; text-align : left; background-color: white; border: 0px #F0F0F0 solid; padding:0px 4px 0px 4px\" class=\"hierarchy\"><a href=\"http://hl7.org/fhir/R4/datatypes.html#BackboneElement\">BackboneElement</a></td><td style=\"vertical-align: top; text-align : left; background-color: white; border: 0px #F0F0F0 solid; padding:0px 4px 0px 4px\" class=\"hierarchy\"/></tr>\r\n<tr style=\"border: 0px #F0F0F0 solid; padding:0px; vertical-align: top; background-color: #F7F7F7\"><td style=\"vertical-align: top; text-align : left; background-color: #F7F7F7; border: 0px #F0F0F0 solid; padding:0px 4px 0px 4px; white-space: nowrap; background-image: url(tbl_bck1010.png)\" class=\"hierarchy\"><img src=\"tbl_spacer.png\" alt=\".\" style=\"background-color: inherit\" class=\"hierarchy\"/><img src=\"tbl_vline.png\" alt=\".\" style=\"background-color: inherit\" class=\"hierarchy\"/><img src=\"tbl_blank.png\" alt=\".\" style=\"background-color: inherit\" class=\"hierarchy\"/><img src=\"tbl_vjoin.png\" alt=\".\" style=\"background-color: inherit\" class=\"hierarchy\"/><img src=\"icon_element.gif\" alt=\".\" style=\"background-color: #F7F7F7; background-color: inherit\" title=\"Element\" class=\"hierarchy\"/> <a href=\"StructureDefinition-be-model-nursingprescription-definitions.html#BeNursingPrescription.phoneAvailablityPrescriber.availability.untilHour\">untilHour</a><a name=\"BeNursingPrescription.phoneAvailablityPrescriber.availability.untilHour\"> </a></td><td style=\"vertical-align: top; text-align : left; background-color: #F7F7F7; border: 0px #F0F0F0 solid; padding:0px 4px 0px 4px\" class=\"hierarchy\"/><td style=\"vertical-align: top; text-align : left; background-color: #F7F7F7; border: 0px #F0F0F0 solid; padding:0px 4px 0px 4px\" class=\"hierarchy\">0..1</td><td style=\"vertical-align: top; text-align : left; background-color: #F7F7F7; border: 0px #F0F0F0 solid; padding:0px 4px 0px 4px\" class=\"hierarchy\"/><td style=\"vertical-align: top; text-align : left; background-color: #F7F7F7; border: 0px #F0F0F0 solid; padding:0px 4px 0px 4px\" class=\"hierarchy\"/></tr>\r\n<tr style=\"border: 0px #F0F0F0 solid; padding:0px; vertical-align: top; background-color: white\"><td style=\"vertical-align: top; text-align : left; background-color: white; border: 0px #F0F0F0 solid; padding:0px 4px 0px 4px; white-space: nowrap; background-image: url(tbl_bck1010.png)\" class=\"hierarchy\"><img src=\"tbl_spacer.png\" alt=\".\" style=\"background-color: inherit\" class=\"hierarchy\"/><img src=\"tbl_vline.png\" alt=\".\" style=\"background-color: inherit\" class=\"hierarchy\"/><img src=\"tbl_blank.png\" alt=\".\" style=\"background-color: inherit\" class=\"hierarchy\"/><img src=\"tbl_vjoin.png\" alt=\".\" style=\"background-color: inherit\" class=\"hierarchy\"/><img src=\"icon_element.gif\" alt=\".\" style=\"background-color: white; background-color: inherit\" title=\"Element\" class=\"hierarchy\"/> <a href=\"StructureDefinition-be-model-nursingprescription-definitions.html#BeNursingPrescription.phoneAvailablityPrescriber.availability.fromHour\">fromHour</a><a name=\"BeNursingPrescription.phoneAvailablityPrescriber.availability.fromHour\"> </a></td><td style=\"vertical-align: top; text-align : left; background-color: white; border: 0px #F0F0F0 solid; padding:0px 4px 0px 4px\" class=\"hierarchy\"/><td style=\"vertical-align: top; text-align : left; background-color: white; border: 0px #F0F0F0 solid; padding:0px 4px 0px 4px\" class=\"hierarchy\">0..1</td><td style=\"vertical-align: top; text-align : left; background-color: white; border: 0px #F0F0F0 solid; padding:0px 4px 0px 4px\" class=\"hierarchy\"/><td style=\"vertical-align: top; text-align : left; background-color: white; border: 0px #F0F0F0 solid; padding:0px 4px 0px 4px\" class=\"hierarchy\"/></tr>\r\n<tr style=\"border: 0px #F0F0F0 solid; padding:0px; vertical-align: top; background-color: #F7F7F7\"><td style=\"vertical-align: top; text-align : left; background-color: #F7F7F7; border: 0px #F0F0F0 solid; padding:0px 4px 0px 4px; white-space: nowrap; background-image: url(tbl_bck1000.png)\" class=\"hierarchy\"><img src=\"tbl_spacer.png\" alt=\".\" style=\"background-color: inherit\" class=\"hierarchy\"/><img src=\"tbl_vline.png\" alt=\".\" style=\"background-color: inherit\" class=\"hierarchy\"/><img src=\"tbl_blank.png\" alt=\".\" style=\"background-color: inherit\" class=\"hierarchy\"/><img src=\"tbl_vjoin_end.png\" alt=\".\" style=\"background-color: inherit\" class=\"hierarchy\"/><img src=\"icon_primitive.png\" alt=\".\" style=\"background-color: #F7F7F7; background-color: inherit\" title=\"Primitive Data Type\" class=\"hierarchy\"/> <a href=\"StructureDefinition-be-model-nursingprescription-definitions.html#BeNursingPrescription.phoneAvailablityPrescriber.availability.weekDay\">weekDay</a><a name=\"BeNursingPrescription.phoneAvailablityPrescriber.availability.weekDay\"> </a></td><td style=\"vertical-align: top; text-align : left; background-color: #F7F7F7; border: 0px #F0F0F0 solid; padding:0px 4px 0px 4px\" class=\"hierarchy\"/><td style=\"vertical-align: top; text-align : left; background-color: #F7F7F7; border: 0px #F0F0F0 solid; padding:0px 4px 0px 4px\" class=\"hierarchy\">1..1</td><td style=\"vertical-align: top; text-align : left; background-color: #F7F7F7; border: 0px #F0F0F0 solid; padding:0px 4px 0px 4px\" class=\"hierarchy\"><a href=\"http://hl7.org/fhir/R4/datatypes.html#string\" title=\"string\">string</a></td><td style=\"vertical-align: top; text-align : left; background-color: #F7F7F7; border: 0px #F0F0F0 solid; padding:0px 4px 0px 4px\" class=\"hierarchy\"/></tr>\r\n<tr style=\"border: 0px #F0F0F0 solid; padding:0px; vertical-align: top; background-color: white\"><td style=\"vertical-align: top; text-align : left; background-color: white; border: 0px #F0F0F0 solid; padding:0px 4px 0px 4px; white-space: nowrap; background-image: url(tbl_bck11.png)\" class=\"hierarchy\"><img src=\"tbl_spacer.png\" alt=\".\" style=\"background-color: inherit\" class=\"hierarchy\"/><img src=\"tbl_vjoin.png\" alt=\".\" style=\"background-color: inherit\" class=\"hierarchy\"/><img src=\"icon_datatype.gif\" alt=\".\" style=\"background-color: white; background-color: inherit\" title=\"Data Type\" class=\"hierarchy\"/> <a href=\"StructureDefinition-be-model-nursingprescription-definitions.html#BeNursingPrescription.feedbackAsked\">feedbackAsked</a><a name=\"BeNursingPrescription.feedbackAsked\"> </a></td><td style=\"vertical-align: top; text-align : left; background-color: white; border: 0px #F0F0F0 solid; padding:0px 4px 0px 4px\" class=\"hierarchy\"/><td style=\"vertical-align: top; text-align : left; background-color: white; border: 0px #F0F0F0 solid; padding:0px 4px 0px 4px\" class=\"hierarchy\">0..1</td><td style=\"vertical-align: top; text-align : left; background-color: white; border: 0px #F0F0F0 solid; padding:0px 4px 0px 4px\" class=\"hierarchy\"><a href=\"http://hl7.org/fhir/R4/datatypes.html#BackboneElement\">BackboneElement</a></td><td style=\"vertical-align: top; text-align : left; background-color: white; border: 0px #F0F0F0 solid; padding:0px 4px 0px 4px\" class=\"hierarchy\"/></tr>\r\n<tr style=\"border: 0px #F0F0F0 solid; padding:0px; vertical-align: top; background-color: #F7F7F7\"><td style=\"vertical-align: top; text-align : left; background-color: #F7F7F7; border: 0px #F0F0F0 solid; padding:0px 4px 0px 4px; white-space: nowrap; background-image: url(tbl_bck100.png)\" class=\"hierarchy\"><img src=\"tbl_spacer.png\" alt=\".\" style=\"background-color: inherit\" class=\"hierarchy\"/><img src=\"tbl_vline.png\" alt=\".\" style=\"background-color: inherit\" class=\"hierarchy\"/><img src=\"tbl_vjoin_end.png\" alt=\".\" style=\"background-color: inherit\" class=\"hierarchy\"/><img src=\"icon_primitive.png\" alt=\".\" style=\"background-color: #F7F7F7; background-color: inherit\" title=\"Primitive Data Type\" class=\"hierarchy\"/> <a href=\"StructureDefinition-be-model-nursingprescription-definitions.html#BeNursingPrescription.feedbackAsked.timingFeedback\">timingFeedback</a><a name=\"BeNursingPrescription.feedbackAsked.timingFeedback\"> </a></td><td style=\"vertical-align: top; text-align : left; background-color: #F7F7F7; border: 0px #F0F0F0 solid; padding:0px 4px 0px 4px\" class=\"hierarchy\"/><td style=\"vertical-align: top; text-align : left; background-color: #F7F7F7; border: 0px #F0F0F0 solid; padding:0px 4px 0px 4px\" class=\"hierarchy\">1..1</td><td style=\"vertical-align: top; text-align : left; background-color: #F7F7F7; border: 0px #F0F0F0 solid; padding:0px 4px 0px 4px\" class=\"hierarchy\"><a href=\"http://hl7.org/fhir/R4/datatypes.html#code\" title=\"code\">code</a></td><td style=\"vertical-align: top; text-align : left; background-color: #F7F7F7; border: 0px #F0F0F0 solid; padding:0px 4px 0px 4px\" class=\"hierarchy\"><span style=\"font-weight:bold\">Fixed Value: </span><span style=\"color: darkgreen\">during|end</span></td></tr>\r\n<tr style=\"border: 0px #F0F0F0 solid; padding:0px; vertical-align: top; background-color: white\"><td style=\"vertical-align: top; text-align : left; background-color: white; border: 0px #F0F0F0 solid; padding:0px 4px 0px 4px; white-space: nowrap; background-image: url(tbl_bck10.png)\" class=\"hierarchy\"><img src=\"tbl_spacer.png\" alt=\".\" style=\"background-color: inherit\" class=\"hierarchy\"/><img src=\"tbl_vjoin.png\" alt=\".\" style=\"background-color: inherit\" class=\"hierarchy\"/><img src=\"icon_datatype.gif\" alt=\".\" style=\"background-color: white; background-color: inherit\" title=\"Data Type\" class=\"hierarchy\"/> <a href=\"StructureDefinition-be-model-nursingprescription-definitions.html#BeNursingPrescription.signature\">signature</a><a name=\"BeNursingPrescription.signature\"> </a></td><td style=\"vertical-align: top; text-align : left; background-color: white; border: 0px #F0F0F0 solid; padding:0px 4px 0px 4px\" class=\"hierarchy\"/><td style=\"vertical-align: top; text-align : left; background-color: white; border: 0px #F0F0F0 solid; padding:0px 4px 0px 4px\" class=\"hierarchy\">0..1</td><td style=\"vertical-align: top; text-align : left; background-color: white; border: 0px #F0F0F0 solid; padding:0px 4px 0px 4px\" class=\"hierarchy\"><a href=\"http://hl7.org/fhir/R4/datatypes.html#Signature\" title=\"Signature\">Signature</a></td><td style=\"vertical-align: top; text-align : left; background-color: white; border: 0px #F0F0F0 solid; padding:0px 4px 0px 4px\" class=\"hierarchy\"/></tr>\r\n<tr style=\"border: 0px #F0F0F0 solid; padding:0px; vertical-align: top; background-color: #F7F7F7\"><td style=\"vertical-align: top; text-align : left; background-color: #F7F7F7; border: 0px #F0F0F0 solid; padding:0px 4px 0px 4px; white-space: nowrap; background-image: url(tbl_bck10.png)\" class=\"hierarchy\"><img src=\"tbl_spacer.png\" alt=\".\" style=\"background-color: inherit\" class=\"hierarchy\"/><img src=\"tbl_vjoin.png\" alt=\".\" style=\"background-color: inherit\" class=\"hierarchy\"/><img src=\"icon_primitive.png\" alt=\".\" style=\"background-color: #F7F7F7; background-color: inherit\" title=\"Primitive Data Type\" class=\"hierarchy\"/> <a href=\"StructureDefinition-be-model-nursingprescription-definitions.html#BeNursingPrescription.stampOrIdentification\">stampOrIdentification</a><a name=\"BeNursingPrescription.stampOrIdentification\"> </a></td><td style=\"vertical-align: top; text-align : left; background-color: #F7F7F7; border: 0px #F0F0F0 solid; padding:0px 4px 0px 4px\" class=\"hierarchy\"/><td style=\"vertical-align: top; text-align : left; background-color: #F7F7F7; border: 0px #F0F0F0 solid; padding:0px 4px 0px 4px\" class=\"hierarchy\">0..1</td><td style=\"vertical-align: top; text-align : left; background-color: #F7F7F7; border: 0px #F0F0F0 solid; padding:0px 4px 0px 4px\" class=\"hierarchy\"><a href=\"http://hl7.org/fhir/R4/datatypes.html#code\" title=\"code\">code</a></td><td style=\"vertical-align: top; text-align : left; background-color: #F7F7F7; border: 0px #F0F0F0 solid; padding:0px 4px 0px 4px\" class=\"hierarchy\">What is this?<br/><span style=\"font-weight:bold\">Fixed Value: </span><span style=\"color: darkgreen\">stamp|identification</span></td></tr>\r\n<tr style=\"border: 0px #F0F0F0 solid; padding:0px; vertical-align: top; background-color: white\"><td style=\"vertical-align: top; text-align : left; background-color: white; border: 0px #F0F0F0 solid; padding:0px 4px 0px 4px; white-space: nowrap; background-image: url(tbl_bck10.png)\" class=\"hierarchy\"><img src=\"tbl_spacer.png\" alt=\".\" style=\"background-color: inherit\" class=\"hierarchy\"/><img src=\"tbl_vjoin.png\" alt=\".\" style=\"background-color: inherit\" class=\"hierarchy\"/><img src=\"icon_datatype.gif\" alt=\".\" style=\"background-color: white; background-color: inherit\" title=\"Data Type\" class=\"hierarchy\"/> <a href=\"StructureDefinition-be-model-nursingprescription-definitions.html#BeNursingPrescription.mainNursingCare\" title=\"A high level code to describe the nursing care\">mainNursingCare</a><a name=\"BeNursingPrescription.mainNursingCare\"> </a></td><td style=\"vertical-align: top; text-align : left; background-color: white; border: 0px #F0F0F0 solid; padding:0px 4px 0px 4px\" class=\"hierarchy\"/><td style=\"vertical-align: top; text-align : left; background-color: white; border: 0px #F0F0F0 solid; padding:0px 4px 0px 4px\" class=\"hierarchy\">1..1</td><td style=\"vertical-align: top; text-align : left; background-color: white; border: 0px #F0F0F0 solid; padding:0px 4px 0px 4px\" class=\"hierarchy\"><a href=\"http://hl7.org/fhir/R4/datatypes.html#CodeableConcept\" title=\"CodeableConcept\">CodeableConcept</a></td><td style=\"vertical-align: top; text-align : left; background-color: white; border: 0px #F0F0F0 solid; padding:0px 4px 0px 4px\" class=\"hierarchy\">e.g. woundcare, medication administartion, compression therapy,....</td></tr>\r\n<tr style=\"border: 0px #F0F0F0 solid; padding:0px; vertical-align: top; background-color: #F7F7F7\"><td style=\"vertical-align: top; text-align : left; background-color: #F7F7F7; border: 0px #F0F0F0 solid; padding:0px 4px 0px 4px; white-space: nowrap; background-image: url(tbl_bck10.png)\" class=\"hierarchy\"><img src=\"tbl_spacer.png\" alt=\".\" style=\"background-color: inherit\" class=\"hierarchy\"/><img src=\"tbl_vjoin.png\" alt=\".\" style=\"background-color: inherit\" class=\"hierarchy\"/><img src=\"icon_datatype.gif\" alt=\".\" style=\"background-color: #F7F7F7; background-color: inherit\" title=\"Data Type\" class=\"hierarchy\"/> <a href=\"StructureDefinition-be-model-nursingprescription-definitions.html#BeNursingPrescription.detailedCare\" title=\"Detailed code describing the nursing care demanded\">detailedCare</a><a name=\"BeNursingPrescription.detailedCare\"> </a></td><td style=\"vertical-align: top; text-align : left; background-color: #F7F7F7; border: 0px #F0F0F0 solid; padding:0px 4px 0px 4px\" class=\"hierarchy\"/><td style=\"vertical-align: top; text-align : left; background-color: #F7F7F7; border: 0px #F0F0F0 solid; padding:0px 4px 0px 4px\" class=\"hierarchy\">0..*</td><td style=\"vertical-align: top; text-align : left; background-color: #F7F7F7; border: 0px #F0F0F0 solid; padding:0px 4px 0px 4px\" class=\"hierarchy\"><a href=\"http://hl7.org/fhir/R4/datatypes.html#CodeableConcept\" title=\"CodeableConcept\">CodeableConcept</a></td><td style=\"vertical-align: top; text-align : left; background-color: #F7F7F7; border: 0px #F0F0F0 solid; padding:0px 4px 0px 4px\" class=\"hierarchy\">e.g. burncare, injection of medication,...<br/></td></tr>\r\n<tr style=\"border: 0px #F0F0F0 solid; padding:0px; vertical-align: top; background-color: white\"><td style=\"vertical-align: top; text-align : left; background-color: white; border: 0px #F0F0F0 solid; padding:0px 4px 0px 4px; white-space: nowrap; background-image: url(tbl_bck00.png)\" class=\"hierarchy\"><img src=\"tbl_spacer.png\" alt=\".\" style=\"background-color: inherit\" class=\"hierarchy\"/><img src=\"tbl_vjoin_end.png\" alt=\".\" style=\"background-color: inherit\" class=\"hierarchy\"/><img src=\"icon_datatype.gif\" alt=\".\" style=\"background-color: white; background-color: inherit\" title=\"Data Type\" class=\"hierarchy\"/> <a href=\"StructureDefinition-be-model-nursingprescription-definitions.html#BeNursingPrescription.bodySite\">bodySite</a><a name=\"BeNursingPrescription.bodySite\"> </a></td><td style=\"vertical-align: top; text-align : left; background-color: white; border: 0px #F0F0F0 solid; padding:0px 4px 0px 4px\" class=\"hierarchy\"/><td style=\"vertical-align: top; text-align : left; background-color: white; border: 0px #F0F0F0 solid; padding:0px 4px 0px 4px\" class=\"hierarchy\">0..*</td><td style=\"vertical-align: top; text-align : left; background-color: white; border: 0px #F0F0F0 solid; padding:0px 4px 0px 4px\" class=\"hierarchy\"><a href=\"http://hl7.org/fhir/R4/datatypes.html#CodeableConcept\" title=\"CodeableConcept\">CodeableConcept</a></td><td style=\"vertical-align: top; text-align : left; background-color: white; border: 0px #F0F0F0 solid; padding:0px 4px 0px 4px\" class=\"hierarchy\">When needed bodySite SHALL be given<br/></td></tr>\r\n<tr><td colspan=\"5\" class=\"hierarchy\"><br/><a href=\"http://hl7.org/fhir/R4/formats.html#table\" title=\"Legend for this format\"><img src=\"http://hl7.org/fhir/R4/help16.png\" alt=\"doco\" style=\"background-color: inherit\"/> Documentation for this format</a></td></tr></table></div>"
  },
  "url": "https://www.ehealth.fgov.be/standards/fhir/StructureDefinition/be-model-nursingprescription",
  "version": "0.2.0",
  "name": "BeNursingPrescription",
  "status": "draft",
  "date": "2021-07-14T14:55:51+00:00",
  "publisher": "HL7 Belgium",
  "contact": [
    {
      "telecom": [
        {
          "system": "url",
          "value": "http://hl7belgium.org"
        }
      ]
    }
  ],
  "jurisdiction": [
    {
      "coding": [
        {
          "system": "http://unstats.un.org/unsd/methods/m49/m49.htm",
          "code": "001"
        }
      ]
    }
  ],
  "fhirVersion": "4.0.1",
  "kind": "logical",
  "abstract": false,
  "type": "BeNursingPrescription",
  "baseDefinition": "http://hl7.org/fhir/StructureDefinition/Base",
  "derivation": "specialization",
  "snapshot": {
    "element": [
      {
        "id": "BeNursingPrescription",
        "path": "BeNursingPrescription",
        "min": 0,
        "max": "*",
        "base": {
          "path": "Base",
          "min": 0,
          "max": "*"
        },
        "isModifier": false
      },
      {
        "id": "BeNursingPrescription.BeReferralPrescription",
        "path": "BeNursingPrescription.BeReferralPrescription",
        "min": 1,
        "max": "1",
        "base": {
          "path": "BeNursingPrescription.BeReferralPrescription",
          "min": 1,
          "max": "1"
        },
        "type": [
          {
            "code": "https://www.ehealth.fgov.be/standards/fhir/StructureDefinition/be-model-referralprescription"
          }
        ]
      },
      {
        "id": "BeNursingPrescription.phoneAvailablityPrescriber",
        "path": "BeNursingPrescription.phoneAvailablityPrescriber",
        "min": 0,
        "max": "1",
        "base": {
          "path": "BeNursingPrescription.phoneAvailablityPrescriber",
          "min": 0,
          "max": "1"
        },
        "type": [
          {
            "code": "BackboneElement"
          }
        ]
      },
      {
        "id": "BeNursingPrescription.phoneAvailablityPrescriber.contactPoint",
        "path": "BeNursingPrescription.phoneAvailablityPrescriber.contactPoint",
        "min": 0,
        "max": "*",
        "base": {
          "path": "BeNursingPrescription.phoneAvailablityPrescriber.contactPoint",
          "min": 0,
          "max": "*"
        },
        "type": [
          {
            "code": "ContactPoint",
            "profile": [
              "http://hl7.org/fhir/StructureDefinition/ContactPoint"
            ]
          }
        ]
      },
      {
        "id": "BeNursingPrescription.phoneAvailablityPrescriber.availability",
        "path": "BeNursingPrescription.phoneAvailablityPrescriber.availability",
        "min": 0,
        "max": "*",
        "base": {
          "path": "BeNursingPrescription.phoneAvailablityPrescriber.availability",
          "min": 0,
          "max": "*"
        },
        "type": [
          {
            "code": "BackboneElement"
          }
        ]
      },
      {
        "id": "BeNursingPrescription.phoneAvailablityPrescriber.availability.untilHour",
        "path": "BeNursingPrescription.phoneAvailablityPrescriber.availability.untilHour",
        "min": 0,
        "max": "1",
        "base": {
          "path": "BeNursingPrescription.phoneAvailablityPrescriber.availability.untilHour",
          "min": 0,
          "max": "1"
        }
      },
      {
        "id": "BeNursingPrescription.phoneAvailablityPrescriber.availability.fromHour",
        "path": "BeNursingPrescription.phoneAvailablityPrescriber.availability.fromHour",
        "min": 0,
        "max": "1",
        "base": {
          "path": "BeNursingPrescription.phoneAvailablityPrescriber.availability.fromHour",
          "min": 0,
          "max": "1"
        }
      },
      {
        "id": "BeNursingPrescription.phoneAvailablityPrescriber.availability.weekDay",
        "path": "BeNursingPrescription.phoneAvailablityPrescriber.availability.weekDay",
        "min": 1,
        "max": "1",
        "base": {
          "path": "BeNursingPrescription.phoneAvailablityPrescriber.availability.weekDay",
          "min": 1,
          "max": "1"
        },
        "type": [
          {
            "code": "string",
            "profile": [
              "http://hl7.org/fhir/StructureDefinition/string"
            ]
          }
        ]
      },
      {
        "id": "BeNursingPrescription.feedbackAsked",
        "path": "BeNursingPrescription.feedbackAsked",
        "min": 0,
        "max": "1",
        "base": {
          "path": "BeNursingPrescription.feedbackAsked",
          "min": 0,
          "max": "1"
        },
        "type": [
          {
            "code": "BackboneElement"
          }
        ]
      },
      {
        "id": "BeNursingPrescription.feedbackAsked.timingFeedback",
        "path": "BeNursingPrescription.feedbackAsked.timingFeedback",
        "min": 1,
        "max": "1",
        "base": {
          "path": "BeNursingPrescription.feedbackAsked.timingFeedback",
          "min": 1,
          "max": "1"
        },
        "type": [
          {
            "code": "code",
            "profile": [
              "http://hl7.org/fhir/StructureDefinition/code"
            ]
          }
        ],
        "fixedCode": "during|end"
      },
      {
        "id": "BeNursingPrescription.signature",
        "path": "BeNursingPrescription.signature",
        "min": 0,
        "max": "1",
        "base": {
          "path": "BeNursingPrescription.signature",
          "min": 0,
          "max": "1"
        },
        "type": [
          {
            "code": "Signature",
            "profile": [
              "http://hl7.org/fhir/StructureDefinition/Signature"
            ]
          }
        ]
      },
      {
        "id": "BeNursingPrescription.stampOrIdentification",
        "path": "BeNursingPrescription.stampOrIdentification",
        "short": "What is this?",
        "min": 0,
        "max": "1",
        "base": {
          "path": "BeNursingPrescription.stampOrIdentification",
          "min": 0,
          "max": "1"
        },
        "type": [
          {
            "code": "code",
            "profile": [
              "http://hl7.org/fhir/StructureDefinition/code"
            ]
          }
        ],
        "fixedCode": "stamp|identification"
      },
      {
        "id": "BeNursingPrescription.mainNursingCare",
        "path": "BeNursingPrescription.mainNursingCare",
        "short": "e.g. woundcare, medication administartion, compression therapy,....",
        "definition": "A high level code to describe the nursing care",
        "min": 1,
        "max": "1",
        "base": {
          "path": "BeNursingPrescription.mainNursingCare",
          "min": 1,
          "max": "1"
        },
        "type": [
          {
            "code": "CodeableConcept",
            "profile": [
              "http://hl7.org/fhir/StructureDefinition/CodeableConcept"
            ]
          }
        ]
      },
      {
        "id": "BeNursingPrescription.detailedCare",
        "path": "BeNursingPrescription.detailedCare",
        "short": "e.g. burncare, injection of medication,...",
        "definition": "Detailed code describing the nursing care demanded",
        "min": 0,
        "max": "*",
        "base": {
          "path": "BeNursingPrescription.detailedCare",
          "min": 0,
          "max": "*"
        },
        "type": [
          {
            "code": "CodeableConcept",
            "profile": [
              "http://hl7.org/fhir/StructureDefinition/CodeableConcept"
            ]
          }
        ]
      },
      {
        "id": "BeNursingPrescription.bodySite",
        "path": "BeNursingPrescription.bodySite",
        "short": "When needed bodySite SHALL be given",
        "min": 0,
        "max": "*",
        "base": {
          "path": "BeNursingPrescription.bodySite",
          "min": 0,
          "max": "*"
        },
        "type": [
          {
            "code": "CodeableConcept",
            "profile": [
              "http://hl7.org/fhir/StructureDefinition/CodeableConcept"
            ]
          }
        ]
      }
    ]
  },
  "differential": {
    "element": [
      {
        "id": "BeNursingPrescription",
        "path": "BeNursingPrescription",
        "min": 0,
        "max": "*"
      },
      {
        "id": "BeNursingPrescription.BeReferralPrescription",
        "path": "BeNursingPrescription.BeReferralPrescription",
        "min": 1,
        "max": "1",
        "type": [
          {
            "code": "https://www.ehealth.fgov.be/standards/fhir/StructureDefinition/be-model-referralprescription"
          }
        ]
      },
      {
        "id": "BeNursingPrescription.phoneAvailablityPrescriber",
        "path": "BeNursingPrescription.phoneAvailablityPrescriber",
        "min": 0,
        "max": "1",
        "type": [
          {
            "code": "BackboneElement"
          }
        ]
      },
      {
        "id": "BeNursingPrescription.phoneAvailablityPrescriber.contactPoint",
        "path": "BeNursingPrescription.phoneAvailablityPrescriber.contactPoint",
        "min": 0,
        "max": "*",
        "type": [
          {
            "code": "ContactPoint",
            "profile": [
              "http://hl7.org/fhir/StructureDefinition/ContactPoint"
            ]
          }
        ]
      },
      {
        "id": "BeNursingPrescription.phoneAvailablityPrescriber.availability",
        "path": "BeNursingPrescription.phoneAvailablityPrescriber.availability",
        "min": 0,
        "max": "*",
        "type": [
          {
            "code": "BackboneElement"
          }
        ]
      },
      {
        "id": "BeNursingPrescription.phoneAvailablityPrescriber.availability.untilHour",
        "path": "BeNursingPrescription.phoneAvailablityPrescriber.availability.untilHour",
        "min": 0,
        "max": "1"
      },
      {
        "id": "BeNursingPrescription.phoneAvailablityPrescriber.availability.fromHour",
        "path": "BeNursingPrescription.phoneAvailablityPrescriber.availability.fromHour",
        "min": 0,
        "max": "1"
      },
      {
        "id": "BeNursingPrescription.phoneAvailablityPrescriber.availability.weekDay",
        "path": "BeNursingPrescription.phoneAvailablityPrescriber.availability.weekDay",
        "min": 1,
        "max": "1",
        "type": [
          {
            "code": "string",
            "profile": [
              "http://hl7.org/fhir/StructureDefinition/string"
            ]
          }
        ]
      },
      {
        "id": "BeNursingPrescription.feedbackAsked",
        "path": "BeNursingPrescription.feedbackAsked",
        "min": 0,
        "max": "1",
        "type": [
          {
            "code": "BackboneElement"
          }
        ]
      },
      {
        "id": "BeNursingPrescription.feedbackAsked.timingFeedback",
        "path": "BeNursingPrescription.feedbackAsked.timingFeedback",
        "min": 1,
        "max": "1",
        "type": [
          {
            "code": "code",
            "profile": [
              "http://hl7.org/fhir/StructureDefinition/code"
            ]
          }
        ],
        "fixedCode": "during|end"
      },
      {
        "id": "BeNursingPrescription.signature",
        "path": "BeNursingPrescription.signature",
        "min": 0,
        "max": "1",
        "type": [
          {
            "code": "Signature",
            "profile": [
              "http://hl7.org/fhir/StructureDefinition/Signature"
            ]
          }
        ]
      },
      {
        "id": "BeNursingPrescription.stampOrIdentification",
        "path": "BeNursingPrescription.stampOrIdentification",
        "short": "What is this?",
        "min": 0,
        "max": "1",
        "type": [
          {
            "code": "code",
            "profile": [
              "http://hl7.org/fhir/StructureDefinition/code"
            ]
          }
        ],
        "fixedCode": "stamp|identification"
      },
      {
        "id": "BeNursingPrescription.mainNursingCare",
        "path": "BeNursingPrescription.mainNursingCare",
        "short": "e.g. woundcare, medication administartion, compression therapy,....",
        "definition": "A high level code to describe the nursing care",
        "min": 1,
        "max": "1",
        "type": [
          {
            "code": "CodeableConcept",
            "profile": [
              "http://hl7.org/fhir/StructureDefinition/CodeableConcept"
            ]
          }
        ]
      },
      {
        "id": "BeNursingPrescription.detailedCare",
        "path": "BeNursingPrescription.detailedCare",
        "short": "e.g. burncare, injection of medication,...",
        "definition": "Detailed code describing the nursing care demanded",
        "min": 0,
        "max": "*",
        "type": [
          {
            "code": "CodeableConcept",
            "profile": [
              "http://hl7.org/fhir/StructureDefinition/CodeableConcept"
            ]
          }
        ]
      },
      {
        "id": "BeNursingPrescription.bodySite",
        "path": "BeNursingPrescription.bodySite",
        "short": "When needed bodySite SHALL be given",
        "min": 0,
        "max": "*",
        "type": [
          {
            "code": "CodeableConcept",
            "profile": [
              "http://hl7.org/fhir/StructureDefinition/CodeableConcept"
            ]
          }
        ]
      }
    ]
  }
}