{
  "resourceType" : "StructureDefinition",
  "id" : "be-model-physiotherapyprescription",
  "text" : {
    "status" : "extensions",
    "div" : "<div xmlns=\"http://www.w3.org/1999/xhtml\"><table border=\"0\" cellpadding=\"0\" cellspacing=\"0\" style=\"border: 0px #F0F0F0 solid; font-size: 11px; font-family: verdana; vertical-align: top;\"><tr style=\"border: 1px #F0F0F0 solid; font-size: 11px; font-family: verdana; vertical-align: top\"><th style=\"vertical-align: top; text-align : left; background-color: white; border: 0px #F0F0F0 solid; padding:0px 4px 0px 4px\" class=\"hierarchy\"><a href=\"https://build.fhir.org/ig/FHIR/ig-guidance/readingIgs.html#table-views\" title=\"The logical name of the element\">Name</a></th><th style=\"vertical-align: top; text-align : left; background-color: white; border: 0px #F0F0F0 solid; padding:0px 4px 0px 4px\" class=\"hierarchy\"><a href=\"https://build.fhir.org/ig/FHIR/ig-guidance/readingIgs.html#table-views\" title=\"Information about the use of the element\">Flags</a></th><th style=\"vertical-align: top; text-align : left; background-color: white; border: 0px #F0F0F0 solid; padding:0px 4px 0px 4px\" class=\"hierarchy\"><a href=\"https://build.fhir.org/ig/FHIR/ig-guidance/readingIgs.html#table-views\" title=\"Minimum and Maximum # of times the the element can appear in the instance\">Card.</a></th><th style=\"width: 100px\" class=\"hierarchy\"><a href=\"https://build.fhir.org/ig/FHIR/ig-guidance/readingIgs.html#table-views\" title=\"Reference to the type of the element\">Type</a></th><th style=\"vertical-align: top; text-align : left; background-color: white; border: 0px #F0F0F0 solid; padding:0px 4px 0px 4px\" class=\"hierarchy\"><a href=\"https://build.fhir.org/ig/FHIR/ig-guidance/readingIgs.html#table-views\" title=\"Additional information about the element\">Description &amp; Constraints</a><span style=\"float: right\"><a href=\"https://build.fhir.org/ig/FHIR/ig-guidance/readingIgs.html#table-views\" title=\"Legend for this format\"><img src=\"http://hl7.org/fhir/R4/help16.png\" alt=\"doco\" style=\"background-color: inherit\"/></a></span></th></tr><tr style=\"border: 0px #F0F0F0 solid; padding:0px; vertical-align: top; background-color: white\"><td style=\"vertical-align: top; text-align : left; background-color: white; border: 0px #F0F0F0 solid; padding:0px 4px 0px 4px; white-space: nowrap; background-image: url(tbl_bck1.png)\" class=\"hierarchy\"><img src=\"tbl_spacer.png\" alt=\".\" style=\"background-color: inherit\" class=\"hierarchy\"/><img src=\"icon_element.gif\" alt=\".\" style=\"background-color: white; background-color: inherit\" title=\"Element\" class=\"hierarchy\"/> <a href=\"StructureDefinition-be-model-physiotherapyprescription-definitions.html#BePhysiotherapyPrescription\">BePhysiotherapyPrescription</a><a name=\"BePhysiotherapyPrescription\"> </a></td><td style=\"vertical-align: top; text-align : left; background-color: white; border: 0px #F0F0F0 solid; padding:0px 4px 0px 4px\" class=\"hierarchy\"/><td style=\"vertical-align: top; text-align : left; background-color: white; border: 0px #F0F0F0 solid; padding:0px 4px 0px 4px\" class=\"hierarchy\"><span style=\"opacity: 0.5\">0</span><span style=\"opacity: 0.5\">..</span><span style=\"opacity: 0.5\">*</span></td><td style=\"vertical-align: top; text-align : left; background-color: white; border: 0px #F0F0F0 solid; padding:0px 4px 0px 4px\" class=\"hierarchy\"><a href=\"StructureDefinition-be-model-referralprescription.html\">BeModelReferralPrescription</a></td><td style=\"vertical-align: top; text-align : left; background-color: white; border: 0px #F0F0F0 solid; padding:0px 4px 0px 4px\" class=\"hierarchy\"/></tr>\r\n<tr style=\"border: 0px #F0F0F0 solid; padding:0px; vertical-align: top; background-color: #F7F7F7\"><td style=\"vertical-align: top; text-align : left; background-color: #F7F7F7; border: 0px #F0F0F0 solid; padding:0px 4px 0px 4px; white-space: nowrap; background-image: url(tbl_bck00.png)\" class=\"hierarchy\"><img src=\"tbl_spacer.png\" alt=\".\" style=\"background-color: inherit\" class=\"hierarchy\"/><img src=\"tbl_vjoin_end.png\" alt=\".\" style=\"background-color: inherit\" class=\"hierarchy\"/><img src=\"icon_primitive.png\" alt=\".\" style=\"background-color: #F7F7F7; background-color: inherit\" title=\"Primitive Data Type\" class=\"hierarchy\"/> <a href=\"StructureDefinition-be-model-physiotherapyprescription-definitions.html#BePhysiotherapyPrescription.numberOfSessions\" title=\"Number of pt sessions that are prescribed\">numberOfSessions</a><a name=\"BePhysiotherapyPrescription.numberOfSessions\"> </a></td><td style=\"vertical-align: top; text-align : left; background-color: #F7F7F7; border: 0px #F0F0F0 solid; padding:0px 4px 0px 4px\" class=\"hierarchy\"/><td style=\"vertical-align: top; text-align : left; background-color: #F7F7F7; border: 0px #F0F0F0 solid; padding:0px 4px 0px 4px\" class=\"hierarchy\">0..1</td><td style=\"vertical-align: top; text-align : left; background-color: #F7F7F7; border: 0px #F0F0F0 solid; padding:0px 4px 0px 4px\" class=\"hierarchy\"><a href=\"http://hl7.org/fhir/R4/datatypes.html#integer\">integer</a></td><td style=\"vertical-align: top; text-align : left; background-color: #F7F7F7; border: 0px #F0F0F0 solid; padding:0px 4px 0px 4px\" class=\"hierarchy\">Number of pt sessions that are prescribed</td></tr>\r\n<tr><td colspan=\"5\" class=\"hierarchy\"><br/><a href=\"https://build.fhir.org/ig/FHIR/ig-guidance/readingIgs.html#table-views\" title=\"Legend for this format\"><img src=\"http://hl7.org/fhir/R4/help16.png\" alt=\"doco\" style=\"background-color: inherit\"/> Documentation for this format</a></td></tr></table></div>"
  },
  "url" : "https://www.ehealth.fgov.be/standards/fhir/referral/StructureDefinition/be-model-physiotherapyprescription",
  "version" : "0.2.0",
  "name" : "BePhysiotherapyPrescription",
  "status" : "draft",
  "date" : "2021-10-07T15:14:36+02:00",
  "publisher" : "HL7 Belgium",
  "contact" : [{
    "name" : "HL7 Belgium",
    "telecom" : [{
      "system" : "url",
      "value" : "http://hl7belgium.org"
    }]
  },
  {
    "name" : "Message-Structure",
    "telecom" : [{
      "system" : "email",
      "value" : "message-structure@ehealth.fgov.be",
      "use" : "work"
    }]
  }],
  "jurisdiction" : [{
    "coding" : [{
      "system" : "urn:iso:std:iso:3166",
      "code" : "BE",
      "display" : "Belgium"
    }]
  }],
  "fhirVersion" : "4.0.1",
  "mapping" : [{
    "identity" : "rim",
    "uri" : "http://hl7.org/v3",
    "name" : "RIM Mapping"
  }],
  "kind" : "logical",
  "abstract" : false,
  "type" : "BePhysiotherapyPrescription",
  "baseDefinition" : "https://www.ehealth.fgov.be/standards/fhir/referral/StructureDefinition/be-model-referralprescription",
  "derivation" : "specialization",
  "snapshot" : {
    "element" : [{
      "id" : "BePhysiotherapyPrescription",
      "path" : "BePhysiotherapyPrescription",
      "definition" : "Logical model describing the model for the prescription referral. This draft is used in the HL7 Belgian workgroup for referral.",
      "min" : 0,
      "max" : "*",
      "base" : {
        "path" : "Base",
        "min" : 0,
        "max" : "*"
      },
      "isModifier" : false
    },
    {
      "id" : "BePhysiotherapyPrescription.recordedDate",
      "path" : "BePhysiotherapyPrescription.recordedDate",
      "short" : "When this prescription was created",
      "definition" : "When this prescription was created",
      "min" : 1,
      "max" : "1",
      "base" : {
        "path" : "BeReferralPrescription.recordedDate",
        "min" : 1,
        "max" : "1"
      },
      "type" : [{
        "code" : "dateTime"
      }]
    },
    {
      "id" : "BePhysiotherapyPrescription.prescriber",
      "path" : "BePhysiotherapyPrescription.prescriber",
      "short" : "The prescribing healthcare party",
      "definition" : "The prescribing healthcare party",
      "min" : 1,
      "max" : "1",
      "base" : {
        "path" : "BeReferralPrescription.prescriber",
        "min" : 1,
        "max" : "1"
      },
      "type" : [{
        "code" : "Reference"
      }]
    },
    {
      "id" : "BePhysiotherapyPrescription.co-prescriber",
      "path" : "BePhysiotherapyPrescription.co-prescriber",
      "short" : "Information about co prescribers",
      "definition" : "Information about co prescribers",
      "min" : 0,
      "max" : "*",
      "base" : {
        "path" : "BeReferralPrescription.co-prescriber",
        "min" : 0,
        "max" : "*"
      },
      "type" : [{
        "code" : "BackboneElement"
      }],
      "constraint" : [{
        "key" : "ele-1",
        "severity" : "error",
        "human" : "All FHIR elements must have a @value or children",
        "expression" : "hasValue() or (children().count() > id.count())",
        "xpath" : "@value|f:*|h:div",
        "source" : "http://hl7.org/fhir/StructureDefinition/Element"
      }]
    },
    {
      "id" : "BePhysiotherapyPrescription.co-prescriber.id",
      "path" : "BePhysiotherapyPrescription.co-prescriber.id",
      "representation" : ["xmlAttr"],
      "short" : "Unique id for inter-element referencing",
      "definition" : "Unique id for the element within a resource (for internal references). This may be any string value that does not contain spaces.",
      "min" : 0,
      "max" : "1",
      "base" : {
        "path" : "Element.id",
        "min" : 0,
        "max" : "1"
      },
      "type" : [{
        "extension" : [{
          "url" : "http://hl7.org/fhir/StructureDefinition/structuredefinition-fhir-type",
          "valueUrl" : "string"
        }],
        "code" : "http://hl7.org/fhirpath/System.String"
      }],
      "isModifier" : false,
      "isSummary" : false,
      "mapping" : [{
        "identity" : "rim",
        "map" : "n/a"
      }]
    },
    {
      "id" : "BePhysiotherapyPrescription.co-prescriber.extension",
      "path" : "BePhysiotherapyPrescription.co-prescriber.extension",
      "slicing" : {
        "discriminator" : [{
          "type" : "value",
          "path" : "url"
        }],
        "description" : "Extensions are always sliced by (at least) url",
        "rules" : "open"
      },
      "short" : "Additional content defined by implementations",
      "definition" : "May be used to represent additional information that is not part of the basic definition of the element. To make the use of extensions safe and manageable, there is a strict set of governance  applied to the definition and use of extensions. Though any implementer can define an extension, there is a set of requirements that SHALL be met as part of the definition of the extension.",
      "comment" : "There can be no stigma associated with the use of extensions by any application, project, or standard - regardless of the institution or jurisdiction that uses or defines the extensions.  The use of extensions is what allows the FHIR specification to retain a core level of simplicity for everyone.",
      "alias" : ["extensions",
      "user content"],
      "min" : 0,
      "max" : "*",
      "base" : {
        "path" : "Element.extension",
        "min" : 0,
        "max" : "*"
      },
      "type" : [{
        "code" : "Extension"
      }],
      "constraint" : [{
        "key" : "ele-1",
        "severity" : "error",
        "human" : "All FHIR elements must have a @value or children",
        "expression" : "hasValue() or (children().count() > id.count())",
        "xpath" : "@value|f:*|h:div",
        "source" : "http://hl7.org/fhir/StructureDefinition/Element"
      },
      {
        "key" : "ext-1",
        "severity" : "error",
        "human" : "Must have either extensions or value[x], not both",
        "expression" : "extension.exists() != value.exists()",
        "xpath" : "exists(f:extension)!=exists(f:*[starts-with(local-name(.), \"value\")])",
        "source" : "http://hl7.org/fhir/StructureDefinition/Extension"
      }],
      "isModifier" : false,
      "isSummary" : false,
      "mapping" : [{
        "identity" : "rim",
        "map" : "n/a"
      }]
    },
    {
      "id" : "BePhysiotherapyPrescription.co-prescriber.modifierExtension",
      "path" : "BePhysiotherapyPrescription.co-prescriber.modifierExtension",
      "short" : "Extensions that cannot be ignored even if unrecognized",
      "definition" : "May be used to represent additional information that is not part of the basic definition of the element and that modifies the understanding of the element in which it is contained and/or the understanding of the containing element's descendants. Usually modifier elements provide negation or qualification. To make the use of extensions safe and manageable, there is a strict set of governance applied to the definition and use of extensions. Though any implementer can define an extension, there is a set of requirements that SHALL be met as part of the definition of the extension. Applications processing a resource are required to check for modifier extensions.\n\nModifier extensions SHALL NOT change the meaning of any elements on Resource or DomainResource (including cannot change the meaning of modifierExtension itself).",
      "comment" : "There can be no stigma associated with the use of extensions by any application, project, or standard - regardless of the institution or jurisdiction that uses or defines the extensions.  The use of extensions is what allows the FHIR specification to retain a core level of simplicity for everyone.",
      "requirements" : "Modifier extensions allow for extensions that *cannot* be safely ignored to be clearly distinguished from the vast majority of extensions which can be safely ignored.  This promotes interoperability by eliminating the need for implementers to prohibit the presence of extensions. For further information, see the [definition of modifier extensions](http://hl7.org/fhir/R4/extensibility.html#modifierExtension).",
      "alias" : ["extensions",
      "user content",
      "modifiers"],
      "min" : 0,
      "max" : "*",
      "base" : {
        "path" : "BackboneElement.modifierExtension",
        "min" : 0,
        "max" : "*"
      },
      "type" : [{
        "code" : "Extension"
      }],
      "constraint" : [{
        "key" : "ele-1",
        "severity" : "error",
        "human" : "All FHIR elements must have a @value or children",
        "expression" : "hasValue() or (children().count() > id.count())",
        "xpath" : "@value|f:*|h:div",
        "source" : "http://hl7.org/fhir/StructureDefinition/Element"
      },
      {
        "key" : "ext-1",
        "severity" : "error",
        "human" : "Must have either extensions or value[x], not both",
        "expression" : "extension.exists() != value.exists()",
        "xpath" : "exists(f:extension)!=exists(f:*[starts-with(local-name(.), \"value\")])",
        "source" : "http://hl7.org/fhir/StructureDefinition/Extension"
      }],
      "isModifier" : true,
      "isModifierReason" : "Modifier extensions are expected to modify the meaning or interpretation of the element that contains them",
      "isSummary" : true,
      "mapping" : [{
        "identity" : "rim",
        "map" : "N/A"
      }]
    },
    {
      "id" : "BePhysiotherapyPrescription.co-prescriber.co-prescriber",
      "path" : "BePhysiotherapyPrescription.co-prescriber.co-prescriber",
      "short" : "The co-prescriber party",
      "definition" : "The co-prescriber party",
      "min" : 0,
      "max" : "1",
      "base" : {
        "path" : "BeReferralPrescription.co-prescriber.co-prescriber",
        "min" : 0,
        "max" : "1"
      },
      "type" : [{
        "code" : "Reference"
      }]
    },
    {
      "id" : "BePhysiotherapyPrescription.co-prescriber.co-prescriberType",
      "path" : "BePhysiotherapyPrescription.co-prescriber.co-prescriberType",
      "short" : "Type of the practitioner",
      "definition" : "Type of the practitioner",
      "min" : 0,
      "max" : "1",
      "base" : {
        "path" : "BeReferralPrescription.co-prescriber.co-prescriberType",
        "min" : 0,
        "max" : "1"
      },
      "type" : [{
        "code" : "code"
      }]
    },
    {
      "id" : "BePhysiotherapyPrescription.co-prescriber.status",
      "path" : "BePhysiotherapyPrescription.co-prescriber.status",
      "short" : "Status of co prescribing status (to sign, signed or refused)",
      "definition" : "Status of co prescribing status (to sign, signed or refused)",
      "min" : 0,
      "max" : "1",
      "base" : {
        "path" : "BeReferralPrescription.co-prescriber.status",
        "min" : 0,
        "max" : "1"
      },
      "type" : [{
        "code" : "code"
      }]
    },
    {
      "id" : "BePhysiotherapyPrescription.patient",
      "path" : "BePhysiotherapyPrescription.patient",
      "short" : "The SSIN of the person for which the referral is prescribed.",
      "definition" : "The SSIN of the person for which the referral is prescribed.",
      "min" : 1,
      "max" : "1",
      "base" : {
        "path" : "BeReferralPrescription.patient",
        "min" : 1,
        "max" : "1"
      },
      "type" : [{
        "code" : "Reference"
      }]
    },
    {
      "id" : "BePhysiotherapyPrescription.prescriptionNumber",
      "path" : "BePhysiotherapyPrescription.prescriptionNumber",
      "short" : "An identifier for the ReferralPrescription, e.g. the UHMEP identifier, once available",
      "definition" : "An identifier for the ReferralPrescription, e.g. the UHMEP identifier, once available",
      "min" : 0,
      "max" : "1",
      "base" : {
        "path" : "BeReferralPrescription.prescriptionNumber",
        "min" : 0,
        "max" : "1"
      },
      "type" : [{
        "code" : "Identifier"
      }]
    },
    {
      "id" : "BePhysiotherapyPrescription.basedOn",
      "path" : "BePhysiotherapyPrescription.basedOn",
      "short" : "The original request or prescription triggered this prescription",
      "definition" : "The original request or prescription that is the reason for this request - for example when a detailed request is created by a broader request.",
      "min" : 0,
      "max" : "*",
      "base" : {
        "path" : "BeReferralPrescription.basedOn",
        "min" : 0,
        "max" : "*"
      },
      "type" : [{
        "code" : "Reference"
      }]
    },
    {
      "id" : "BePhysiotherapyPrescription.validitionPeriod",
      "path" : "BePhysiotherapyPrescription.validitionPeriod",
      "short" : "Period of validity of prescription",
      "definition" : "Period of validity of prescription",
      "min" : 1,
      "max" : "1",
      "base" : {
        "path" : "BeReferralPrescription.validitionPeriod",
        "min" : 1,
        "max" : "1"
      },
      "type" : [{
        "code" : "Period"
      }]
    },
    {
      "id" : "BePhysiotherapyPrescription.treatmentPeriod",
      "path" : "BePhysiotherapyPrescription.treatmentPeriod",
      "short" : "When this prescription is executed, available after start of execution",
      "definition" : "When this prescription is executed, available after start of execution",
      "min" : 0,
      "max" : "1",
      "base" : {
        "path" : "BeReferralPrescription.treatmentPeriod",
        "min" : 0,
        "max" : "1"
      },
      "type" : [{
        "code" : "Period"
      }]
    },
    {
      "id" : "BePhysiotherapyPrescription.treatmentValidationEndDate",
      "path" : "BePhysiotherapyPrescription.treatmentValidationEndDate",
      "short" : "The latest moment to end this treatment",
      "definition" : "The latest moment to end this treatment",
      "min" : 0,
      "max" : "1",
      "base" : {
        "path" : "BeReferralPrescription.treatmentValidationEndDate",
        "min" : 0,
        "max" : "1"
      },
      "type" : [{
        "code" : "dateTime"
      }]
    },
    {
      "id" : "BePhysiotherapyPrescription.intendedProvider",
      "path" : "BePhysiotherapyPrescription.intendedProvider",
      "short" : "The intended provider, i.e. who is expected to perform the procedure - a specific person or a speciality",
      "definition" : "The intended provider, i.e. who is expected to perform the procedure - a specific person or a speciality",
      "min" : 0,
      "max" : "*",
      "base" : {
        "path" : "BeReferralPrescription.intendedProvider",
        "min" : 0,
        "max" : "*"
      },
      "type" : [{
        "code" : "BackboneElement"
      }],
      "constraint" : [{
        "key" : "ele-1",
        "severity" : "error",
        "human" : "All FHIR elements must have a @value or children",
        "expression" : "hasValue() or (children().count() > id.count())",
        "xpath" : "@value|f:*|h:div",
        "source" : "http://hl7.org/fhir/StructureDefinition/Element"
      }]
    },
    {
      "id" : "BePhysiotherapyPrescription.intendedProvider.id",
      "path" : "BePhysiotherapyPrescription.intendedProvider.id",
      "representation" : ["xmlAttr"],
      "short" : "Unique id for inter-element referencing",
      "definition" : "Unique id for the element within a resource (for internal references). This may be any string value that does not contain spaces.",
      "min" : 0,
      "max" : "1",
      "base" : {
        "path" : "Element.id",
        "min" : 0,
        "max" : "1"
      },
      "type" : [{
        "extension" : [{
          "url" : "http://hl7.org/fhir/StructureDefinition/structuredefinition-fhir-type",
          "valueUrl" : "string"
        }],
        "code" : "http://hl7.org/fhirpath/System.String"
      }],
      "isModifier" : false,
      "isSummary" : false,
      "mapping" : [{
        "identity" : "rim",
        "map" : "n/a"
      }]
    },
    {
      "id" : "BePhysiotherapyPrescription.intendedProvider.extension",
      "path" : "BePhysiotherapyPrescription.intendedProvider.extension",
      "slicing" : {
        "discriminator" : [{
          "type" : "value",
          "path" : "url"
        }],
        "description" : "Extensions are always sliced by (at least) url",
        "rules" : "open"
      },
      "short" : "Additional content defined by implementations",
      "definition" : "May be used to represent additional information that is not part of the basic definition of the element. To make the use of extensions safe and manageable, there is a strict set of governance  applied to the definition and use of extensions. Though any implementer can define an extension, there is a set of requirements that SHALL be met as part of the definition of the extension.",
      "comment" : "There can be no stigma associated with the use of extensions by any application, project, or standard - regardless of the institution or jurisdiction that uses or defines the extensions.  The use of extensions is what allows the FHIR specification to retain a core level of simplicity for everyone.",
      "alias" : ["extensions",
      "user content"],
      "min" : 0,
      "max" : "*",
      "base" : {
        "path" : "Element.extension",
        "min" : 0,
        "max" : "*"
      },
      "type" : [{
        "code" : "Extension"
      }],
      "constraint" : [{
        "key" : "ele-1",
        "severity" : "error",
        "human" : "All FHIR elements must have a @value or children",
        "expression" : "hasValue() or (children().count() > id.count())",
        "xpath" : "@value|f:*|h:div",
        "source" : "http://hl7.org/fhir/StructureDefinition/Element"
      },
      {
        "key" : "ext-1",
        "severity" : "error",
        "human" : "Must have either extensions or value[x], not both",
        "expression" : "extension.exists() != value.exists()",
        "xpath" : "exists(f:extension)!=exists(f:*[starts-with(local-name(.), \"value\")])",
        "source" : "http://hl7.org/fhir/StructureDefinition/Extension"
      }],
      "isModifier" : false,
      "isSummary" : false,
      "mapping" : [{
        "identity" : "rim",
        "map" : "n/a"
      }]
    },
    {
      "id" : "BePhysiotherapyPrescription.intendedProvider.modifierExtension",
      "path" : "BePhysiotherapyPrescription.intendedProvider.modifierExtension",
      "short" : "Extensions that cannot be ignored even if unrecognized",
      "definition" : "May be used to represent additional information that is not part of the basic definition of the element and that modifies the understanding of the element in which it is contained and/or the understanding of the containing element's descendants. Usually modifier elements provide negation or qualification. To make the use of extensions safe and manageable, there is a strict set of governance applied to the definition and use of extensions. Though any implementer can define an extension, there is a set of requirements that SHALL be met as part of the definition of the extension. Applications processing a resource are required to check for modifier extensions.\n\nModifier extensions SHALL NOT change the meaning of any elements on Resource or DomainResource (including cannot change the meaning of modifierExtension itself).",
      "comment" : "There can be no stigma associated with the use of extensions by any application, project, or standard - regardless of the institution or jurisdiction that uses or defines the extensions.  The use of extensions is what allows the FHIR specification to retain a core level of simplicity for everyone.",
      "requirements" : "Modifier extensions allow for extensions that *cannot* be safely ignored to be clearly distinguished from the vast majority of extensions which can be safely ignored.  This promotes interoperability by eliminating the need for implementers to prohibit the presence of extensions. For further information, see the [definition of modifier extensions](http://hl7.org/fhir/R4/extensibility.html#modifierExtension).",
      "alias" : ["extensions",
      "user content",
      "modifiers"],
      "min" : 0,
      "max" : "*",
      "base" : {
        "path" : "BackboneElement.modifierExtension",
        "min" : 0,
        "max" : "*"
      },
      "type" : [{
        "code" : "Extension"
      }],
      "constraint" : [{
        "key" : "ele-1",
        "severity" : "error",
        "human" : "All FHIR elements must have a @value or children",
        "expression" : "hasValue() or (children().count() > id.count())",
        "xpath" : "@value|f:*|h:div",
        "source" : "http://hl7.org/fhir/StructureDefinition/Element"
      },
      {
        "key" : "ext-1",
        "severity" : "error",
        "human" : "Must have either extensions or value[x], not both",
        "expression" : "extension.exists() != value.exists()",
        "xpath" : "exists(f:extension)!=exists(f:*[starts-with(local-name(.), \"value\")])",
        "source" : "http://hl7.org/fhir/StructureDefinition/Extension"
      }],
      "isModifier" : true,
      "isModifierReason" : "Modifier extensions are expected to modify the meaning or interpretation of the element that contains them",
      "isSummary" : true,
      "mapping" : [{
        "identity" : "rim",
        "map" : "N/A"
      }]
    },
    {
      "id" : "BePhysiotherapyPrescription.intendedProvider.provider",
      "path" : "BePhysiotherapyPrescription.intendedProvider.provider",
      "short" : "A reference to the provider party (e.g. a NIHDI number for a healthcare professional, a SSIN or only a displaystring for a non professional caregiver,...)",
      "definition" : "A reference to the provider party (e.g. a NIHDI number for a healthcare professional, a SSIN or only a displaystring for a non professional caregiver,...)",
      "min" : 0,
      "max" : "*",
      "base" : {
        "path" : "BeReferralPrescription.intendedProvider.provider",
        "min" : 0,
        "max" : "*"
      },
      "type" : [{
        "code" : "Reference"
      }]
    },
    {
      "id" : "BePhysiotherapyPrescription.intendedProvider.discipline",
      "path" : "BePhysiotherapyPrescription.intendedProvider.discipline",
      "short" : "The required discipline of the provider party",
      "definition" : "The required discipline of the provider party",
      "min" : 1,
      "max" : "1",
      "base" : {
        "path" : "BeReferralPrescription.intendedProvider.discipline",
        "min" : 1,
        "max" : "1"
      },
      "type" : [{
        "code" : "CodeableConcept"
      }]
    },
    {
      "id" : "BePhysiotherapyPrescription.serviceRequested",
      "path" : "BePhysiotherapyPrescription.serviceRequested",
      "short" : "What is prescribed",
      "definition" : "What is prescribed",
      "min" : 1,
      "max" : "1",
      "base" : {
        "path" : "BeReferralPrescription.serviceRequested",
        "min" : 1,
        "max" : "1"
      },
      "type" : [{
        "code" : "CodeableConcept"
      }]
    },
    {
      "id" : "BePhysiotherapyPrescription.problemCode",
      "path" : "BePhysiotherapyPrescription.problemCode",
      "short" : "The problem (code or reference) that is the main reason for this prescription",
      "definition" : "The problem (code or reference) that is the main reason for this prescription",
      "min" : 1,
      "max" : "1",
      "base" : {
        "path" : "BeReferralPrescription.problemCode",
        "min" : 1,
        "max" : "1"
      },
      "type" : [{
        "code" : "Reference"
      }]
    },
    {
      "id" : "BePhysiotherapyPrescription.supportingInfo",
      "path" : "BePhysiotherapyPrescription.supportingInfo",
      "short" : "Care Set Problem",
      "definition" : "Care Set Problem",
      "min" : 0,
      "max" : "1",
      "base" : {
        "path" : "BeReferralPrescription.supportingInfo",
        "min" : 0,
        "max" : "1"
      },
      "type" : [{
        "code" : "Reference"
      }]
    },
    {
      "id" : "BePhysiotherapyPrescription.resultReceiver",
      "path" : "BePhysiotherapyPrescription.resultReceiver",
      "short" : "True if the prescriber wants feedback. Other caregivers can be mentioned in the note",
      "definition" : "True if the prescriber wants feedback. Other caregivers can be mentioned in the note",
      "min" : 0,
      "max" : "1",
      "base" : {
        "path" : "BeReferralPrescription.resultReceiver",
        "min" : 0,
        "max" : "1"
      },
      "type" : [{
        "code" : "boolean"
      }]
    },
    {
      "id" : "BePhysiotherapyPrescription.status",
      "path" : "BePhysiotherapyPrescription.status",
      "short" : "Current status",
      "definition" : "Current status",
      "min" : 0,
      "max" : "1",
      "base" : {
        "path" : "BeReferralPrescription.status",
        "min" : 0,
        "max" : "1"
      },
      "type" : [{
        "code" : "code"
      }],
      "binding" : {
        "strength" : "required",
        "valueSet" : "http://hl7.org/fhir/ValueSet/request-status"
      }
    },
    {
      "id" : "BePhysiotherapyPrescription.statusReason",
      "path" : "BePhysiotherapyPrescription.statusReason",
      "short" : "Reason current status",
      "definition" : "Reason current status",
      "min" : 0,
      "max" : "1",
      "base" : {
        "path" : "BeReferralPrescription.statusReason",
        "min" : 0,
        "max" : "1"
      },
      "type" : [{
        "code" : "CodeableConcept"
      }]
    },
    {
      "id" : "BePhysiotherapyPrescription.bodySite",
      "path" : "BePhysiotherapyPrescription.bodySite",
      "short" : "Anatomical place where the treatment should be executed",
      "definition" : "Anatomical place where the treatment should be executed",
      "min" : 0,
      "max" : "*",
      "base" : {
        "path" : "BeReferralPrescription.bodySite",
        "min" : 0,
        "max" : "*"
      },
      "type" : [{
        "code" : "CodeableConcept"
      }]
    },
    {
      "id" : "BePhysiotherapyPrescription.note",
      "path" : "BePhysiotherapyPrescription.note",
      "short" : "Additional text notes about the request.",
      "definition" : "Additional text notes about the request.",
      "min" : 0,
      "max" : "*",
      "base" : {
        "path" : "BeReferralPrescription.note",
        "min" : 0,
        "max" : "*"
      },
      "type" : [{
        "code" : "Annotation"
      }]
    },
    {
      "id" : "BePhysiotherapyPrescription.intent",
      "path" : "BePhysiotherapyPrescription.intent",
      "short" : "Proposal, Prolongation, Prescription",
      "definition" : "Proposal, Prolongation, Prescription",
      "min" : 1,
      "max" : "1",
      "base" : {
        "path" : "BeReferralPrescription.intent",
        "min" : 1,
        "max" : "1"
      },
      "type" : [{
        "code" : "code"
      }]
    },
    {
      "id" : "BePhysiotherapyPrescription.numberOfSessions",
      "path" : "BePhysiotherapyPrescription.numberOfSessions",
      "short" : "Number of pt sessions that are prescribed",
      "definition" : "Number of pt sessions that are prescribed",
      "min" : 0,
      "max" : "1",
      "base" : {
        "path" : "BePhysiotherapyPrescription.numberOfSessions",
        "min" : 0,
        "max" : "1"
      },
      "type" : [{
        "code" : "integer"
      }]
    }]
  },
  "differential" : {
    "element" : [{
      "id" : "BePhysiotherapyPrescription",
      "path" : "BePhysiotherapyPrescription"
    },
    {
      "id" : "BePhysiotherapyPrescription.numberOfSessions",
      "path" : "BePhysiotherapyPrescription.numberOfSessions",
      "short" : "Number of pt sessions that are prescribed",
      "definition" : "Number of pt sessions that are prescribed",
      "min" : 0,
      "max" : "1",
      "type" : [{
        "code" : "integer"
      }]
    }]
  }
}