{
  "resourceType" : "ValueSet",
  "id" : "be-vs-requested-services-nurse",
  "text" : {
    "status" : "generated",
    "div" : "<div xmlns=\"http://www.w3.org/1999/xhtml\"><ul><li>Include all codes defined in <a href=\"CodeSystem-be-cs-temp-requested-service.html\"><code>https://www.ehealth.fgov.be/standards/fhir/referral/CodeSystem/be-cs-temp-requested-service</code></a></li></ul></div>"
  },
  "url" : "https://www.ehealth.fgov.be/standards/fhir/referral/ValueSet/be-vs-requested-services-nurse",
  "version" : "1.0.0",
  "name" : "BeVSRequestedServicesNurse",
  "title" : "BeVSRequestedServicesNurse",
  "status" : "active",
  "experimental" : false,
  "date" : "2023-02-02T07:53:11+00:00",
  "description" : "Codes indicating the requests that can be asked from a nurse.",
  "jurisdiction" : [{
    "coding" : [{
      "system" : "urn:iso:std:iso:3166",
      "code" : "BE",
      "display" : "Belgium"
    }]
  }],
  "compose" : {
    "include" : [{
      "system" : "https://www.ehealth.fgov.be/standards/fhir/referral/CodeSystem/be-cs-temp-requested-service"
    }]
  }
}