{
  "resourceType" : "ValueSet",
  "id" : "be-vs-requested-services-nurse-detail",
  "text" : {
    "status" : "generated",
    "div" : "<div xmlns=\"http://www.w3.org/1999/xhtml\"><ul><li>Include all codes defined in <a href=\"CodeSystem-be-cs-temp-requested-service-detail.html\"><code>https://www.ehealth.fgov.be/standards/fhir/referral/CodeSystem/be-cs-temp-requested-service-detail</code></a></li></ul></div>"
  },
  "url" : "https://www.ehealth.fgov.be/standards/fhir/referral/ValueSet/be-vs-requested-services-nurse-detail",
  "version" : "1.0.0",
  "name" : "BeVSRequestedServicesNurseDetail",
  "title" : "BeVSRequestedServicesNurseDetail",
  "status" : "active",
  "experimental" : false,
  "date" : "2023-02-21T10:12:27+00:00",
  "description" : "Codes indicating the request details that can be asked from a nurse.",
  "jurisdiction" : [{
    "coding" : [{
      "system" : "urn:iso:std:iso:3166",
      "code" : "BE",
      "display" : "Belgium"
    }]
  }],
  "compose" : {
    "include" : [{
      "system" : "https://www.ehealth.fgov.be/standards/fhir/referral/CodeSystem/be-cs-temp-requested-service-detail"
    }]
  }
}