{
  "resourceType" : "ValueSet",
  "id" : "be-vs-referral-category",
  "text" : {
    "status" : "generated",
    "div" : "<div xmlns=\"http://www.w3.org/1999/xhtml\"><ul><li>Include these codes as defined in <a href=\"http://www.snomed.org/\"><code>http://snomed.info/sct</code></a><table class=\"none\"><tr><td style=\"white-space:nowrap\"><b>Code</b></td><td><b>Display</b></td><td><b>Fully specified name</b></td><td><b>English (English, en)</b></td><td><b>Nederlands (België) (Dutch (Belgium), nl)</b></td><td><b>French (Belgium) (fr)</b></td></tr><tr><td><a href=\"http://snomed.info/id/363679005\">363679005</a></td><td>Imaging</td><td>Imaging (procedure)</td><td>Imaging</td><td>medische beeldvorming</td><td>imagerie médicale</td></tr><tr><td><a href=\"http://snomed.info/id/91251008\">91251008</a></td><td>Physical therapy procedure</td><td>Physical therapy procedure (regime/therapy)</td><td>Physical therapy</td><td>kinesitherapie</td><td>kinésithérapie</td></tr><tr><td><a href=\"http://snomed.info/id/9632001\">9632001</a></td><td>Nursing procedure</td><td>Nursing procedure (procedure)</td><td>Nursing procedure</td><td>verpleegkundige procedure</td><td>procédure infirmière</td></tr><tr><td><a href=\"http://snomed.info/id/15220000\">15220000</a></td><td>Laboratory test</td><td>Laboratory test (procedure)</td><td>Laboratory test</td><td>laboratorium test</td><td>test de laboratoire</td></tr><tr><td><a href=\"http://snomed.info/id/312856000\">312856000</a></td><td>Referral to diabetes nurse</td><td>Referral to diabetes nurse (procedure)</td><td>Referral to diabetes nurse</td><td>Diabetes verwijzing</td><td>Renvoi diabétique</td></tr><tr><td><a href=\"http://snomed.info/id/183545006\">183545006</a></td><td>Orthopedic referral</td><td>Orthopedic referral (procedure)</td><td>Orthopedic referral</td><td>Orthopedische verwijzing</td><td>Renvoi orthopédique</td></tr><tr><td><a href=\"http://snomed.info/id/69377005\">69377005</a></td><td>Patient referral for rehabilitation, psychological (procedure)</td><td>Patient referral for rehabilitation, psychological (procedure)</td><td>Patient referral for rehabilitation, psychological</td><td>Psychologische of orthopedagogische verwijzing</td><td>Renvoi psychologique ou orthopédagogique</td></tr></table></li></ul></div>"
  },
  "url" : "https://www.ehealth.fgov.be/standards/fhir/referral/ValueSet/be-vs-referral-category",
  "version" : "1.0.0",
  "name" : "BeReferralCategory",
  "title" : "BeReferralCategory",
  "status" : "draft",
  "experimental" : false,
  "date" : "2021-10-07T15:14:36+02:00",
  "publisher" : "HL7 Belgium",
  "contact" : [{
    "name" : "HL7 Belgium",
    "telecom" : [{
      "system" : "url",
      "value" : "http://hl7belgium.org"
    }]
  },
  {
    "name" : "Message-Structure",
    "telecom" : [{
      "system" : "email",
      "value" : "message-structure@ehealth.fgov.be",
      "use" : "work"
    }]
  }],
  "description" : "Codes to define the high level category for a referral prescription. SNOMED-CT codes in this valueset are just a draft proposal to give a general idea - pending an official valueset.",
  "jurisdiction" : [{
    "coding" : [{
      "system" : "urn:iso:std:iso:3166",
      "code" : "BE",
      "display" : "Belgium"
    }]
  }],
  "compose" : {
    "include" : [{
      "system" : "http://snomed.info/sct",
      "concept" : [{
        "code" : "363679005",
        "display" : "Imaging",
        "designation" : [{
          "use" : {
            "system" : "http://snomed.info/sct",
            "code" : "900000000000003001",
            "display" : "Fully specified name"
          },
          "value" : "Imaging (procedure)"
        },
        {
          "language" : "en",
          "value" : "Imaging"
        },
        {
          "language" : "nl-BE",
          "value" : "medische beeldvorming"
        },
        {
          "language" : "fr-BE",
          "value" : "imagerie médicale"
        }]
      },
      {
        "code" : "91251008",
        "display" : "Physical therapy procedure",
        "designation" : [{
          "use" : {
            "system" : "http://snomed.info/sct",
            "code" : "900000000000003001",
            "display" : "Fully specified name"
          },
          "value" : "Physical therapy procedure (regime/therapy)"
        },
        {
          "language" : "en",
          "value" : "Physical therapy"
        },
        {
          "language" : "nl-BE",
          "value" : "kinesitherapie"
        },
        {
          "language" : "fr-BE",
          "value" : "kinésithérapie"
        }]
      },
      {
        "code" : "9632001",
        "display" : "Nursing procedure",
        "designation" : [{
          "use" : {
            "system" : "http://snomed.info/sct",
            "code" : "900000000000003001",
            "display" : "Fully specified name"
          },
          "value" : "Nursing procedure (procedure)"
        },
        {
          "language" : "en",
          "value" : "Nursing procedure"
        },
        {
          "language" : "nl-BE",
          "value" : "verpleegkundige procedure"
        },
        {
          "language" : "fr-BE",
          "value" : "procédure infirmière"
        }]
      },
      {
        "code" : "15220000",
        "display" : "Laboratory test",
        "designation" : [{
          "use" : {
            "system" : "http://snomed.info/sct",
            "code" : "900000000000003001",
            "display" : "Fully specified name"
          },
          "value" : "Laboratory test (procedure)"
        },
        {
          "language" : "en",
          "value" : "Laboratory test"
        },
        {
          "language" : "nl-BE",
          "value" : "laboratorium test"
        },
        {
          "language" : "fr-BE",
          "value" : "test de laboratoire"
        }]
      },
      {
        "code" : "312856000",
        "display" : "Referral to diabetes nurse",
        "designation" : [{
          "use" : {
            "system" : "http://snomed.info/sct",
            "code" : "900000000000003001",
            "display" : "Fully specified name"
          },
          "value" : "Referral to diabetes nurse (procedure)"
        },
        {
          "language" : "en",
          "value" : "Referral to diabetes nurse"
        },
        {
          "language" : "nl-BE",
          "value" : "Diabetes verwijzing"
        },
        {
          "language" : "fr-BE",
          "value" : "Renvoi diabétique"
        }]
      },
      {
        "code" : "183545006",
        "display" : "Orthopedic referral",
        "designation" : [{
          "use" : {
            "system" : "http://snomed.info/sct",
            "code" : "900000000000003001",
            "display" : "Fully specified name"
          },
          "value" : "Orthopedic referral (procedure)"
        },
        {
          "language" : "en",
          "value" : "Orthopedic referral"
        },
        {
          "language" : "nl-BE",
          "value" : "Orthopedische verwijzing"
        },
        {
          "language" : "fr-BE",
          "value" : "Renvoi orthopédique"
        }]
      },
      {
        "code" : "69377005",
        "display" : "Patient referral for rehabilitation, psychological (procedure)",
        "designation" : [{
          "use" : {
            "system" : "http://snomed.info/sct",
            "code" : "900000000000003001",
            "display" : "Fully specified name"
          },
          "value" : "Patient referral for rehabilitation, psychological (procedure)"
        },
        {
          "language" : "en",
          "value" : "Patient referral for rehabilitation, psychological"
        },
        {
          "language" : "nl-BE",
          "value" : "Psychologische of orthopedagogische verwijzing"
        },
        {
          "language" : "fr-BE",
          "value" : "Renvoi psychologique ou orthopédagogique"
        }]
      }]
    }]
  }
}