Source File	Size	loadResources	load	generateSnapshots	load-configure	scan	loadDepInfo	loadInfo	checkR4R4B	generateNarratives	validate	loadLists	checkConformanceResources	checkConformanceResources2	checkConformanceResources3	generateLogicalMaps	validateExpressions	scanForUsageStats	checkURLsUnique	processProvenanceDetails	generate1	generate2	generateLogicals	makeDependencies	generateExampleZip	generateValidationPack	scanProfilesForR5	scanExamplesForR5
/fsh-generated/resources/ImplementationGuide-hl7.fhir.be.drp.json	39132	-	0	0	0	0	0	0	16	80	0	0	0	0	0	0	0	1	0	0	164	186	0	0	0	11	0	5
fsh-generated/resources/CodeSystem-be-cs-annex81-status-reason.json	586	3	0	0	2	0	0	0	0	5	0	0	0	0	0	0	0	0	0	0	12	65	0	0	0	1	0	0
fsh-generated/resources/CodeSystem-be-cs-temp-requested-service-detail.json	10896	2	0	0	0	0	0	0	3	10	0	0	0	0	0	0	0	0	0	0	33	109	0	0	0	2	0	0
fsh-generated/resources/CodeSystem-be-cs-temp-requested-service.json	9104	1	0	0	0	0	0	0	1	7	0	0	1	0	0	0	0	0	0	0	31	86	0	0	0	1	0	0
fsh-generated/resources/CodeSystem-be-prescription-status-reason.json	688	1	0	0	0	0	0	0	1	2	0	0	0	0	0	0	0	0	0	0	6	41	0	0	0	0	0	0
fsh-generated/resources/CodeSystem-be-treatment-status-reason.json	800	1	0	0	0	0	0	0	0	2	0	0	0	0	0	0	0	0	0	0	6	43	0	0	0	1	0	0
fsh-generated/resources/NamingSystem-be-ns-uhmep-short.json	421	0	11	0	0	0	0	0	0	5	400	0	0	0	0	0	0	0	0	0	6	9	0	0	0	0	0	0
fsh-generated/resources/NamingSystem-be-ns-uhmep.json	986	1	3	0	0	0	0	0	0	2	12	0	0	0	0	0	0	0	0	0	6	9	0	0	0	0	0	0
fsh-generated/resources/Parameters-terminology-expansion.json	166	1	0	0	0	0	0	0	0	0	0	0	0	0	0	0	0	0	0	0	3	4	0	0	0	0	0	0
fsh-generated/resources/Practitioner-Requester1.json	567	1	0	0	0	0	0	0	0	477	0	0	0	0	0	0	0	0	0	0	5	9	0	0	1	0	0	0
fsh-generated/resources/Practitioner-practitioner2.json	578	0	0	0	0	0	0	0	0	1	0	0	0	0	0	0	0	0	0	0	4	4	0	0	0	0	0	0
fsh-generated/resources/PractitionerRole-DOCTOR-10829059004.json	511	1	0	0	0	0	0	0	1	3	0	0	0	0	0	0	0	0	0	0	4	7	0	0	0	0	0	0
fsh-generated/resources/PractitionerRole-DOCTOR-12009390800.json	514	0	0	0	0	0	0	0	0	1	0	0	0	0	0	0	0	0	0	0	6	7	0	0	0	0	0	0
fsh-generated/resources/PractitionerRole-NURSE-45094508408.json	505	1	0	0	0	0	0	0	0	1	0	0	0	0	0	0	0	0	0	0	5	8	0	0	0	0	0	0
fsh-generated/resources/SearchParameter-be-sp-serviceRequest-statusReason.json	610	0	0	0	0	0	0	0	0	11	0	0	0	0	0	0	0	0	0	0	6	9	0	0	0	1	0	0
fsh-generated/resources/ServiceRequest-example01-care02-colon-cleansing.json	1910	2	0	0	0	0	0	0	0	2089	0	0	0	0	0	0	0	1	0	0	8	27	0	0	0	0	0	1
fsh-generated/resources/ServiceRequest-example02-referralprescription-nursing-digestive-system-care.json	2273	1	0	0	0	0	0	0	1	1278	0	0	0	0	0	0	0	0	0	0	11	14	0	0	0	0	0	0
fsh-generated/resources/ServiceRequest-example03-referralprescription-nursing-compressiontherapy.json	2571	1	0	0	0	0	0	0	0	620	0	0	0	0	0	0	0	0	0	0	12	13	0	0	0	0	0	0
fsh-generated/resources/ServiceRequest-example04-referralprescription-nursing-bladder-care.json	2193	1	0	0	0	0	0	0	0	2	0	0	0	0	0	0	0	0	0	0	11	12	0	0	0	0	0	0
fsh-generated/resources/ServiceRequest-example05-referralprescription-nursing-digestive-system-care.json	2474	1	0	0	0	0	0	0	1	680	0	0	0	0	0	0	0	0	0	0	9	13	0	0	0	0	0	0
fsh-generated/resources/ServiceRequest-example06-referralprescription-nursing-compression-therapy.json	2186	2	0	0	0	0	0	0	0	667	0	0	0	0	0	0	0	0	0	0	8	12	0	0	0	0	0	0
fsh-generated/resources/ServiceRequest-example09-referralprescription-nursing-woundcare.json	2570	1	0	0	1	0	0	0	1	650	0	0	0	0	0	0	0	0	0	0	8	13	0	0	0	0	0	0
fsh-generated/resources/ServiceRequest-example12-referralprescription-nursing-annex81.json	1674	1	0	0	0	0	0	0	0	690	0	0	0	0	0	0	0	0	0	0	7	11	0	0	0	0	0	0
fsh-generated/resources/ServiceRequest-example16-referralprescription-nursing-bladder-care.json	2192	1	0	0	0	0	0	0	0	3	0	0	0	0	0	0	0	0	0	0	8	11	0	0	0	0	0	0
fsh-generated/resources/ServiceRequest-example24-referralprescription-nursing-non-reimbursable.json	2297	1	0	0	0	0	0	0	1	625	0	0	0	0	0	0	0	0	0	0	8	12	0	0	0	0	0	0
fsh-generated/resources/ServiceRequest-example26-referralprescription-nursing-other.json	2134	1	0	0	0	0	0	0	0	3	0	0	0	0	0	0	0	0	0	0	9	11	0	0	0	0	0	0
fsh-generated/resources/ServiceRequest-example32-referralprescription-nursing-chronical-psychiatric.json	2187	1	0	0	0	0	0	0	0	659	0	0	0	0	0	0	0	0	0	0	9	12	0	0	0	0	0	0
fsh-generated/resources/ServiceRequest-referralprescription-nursing-example2-digestive-system-care.json	2065	1	0	0	0	0	0	0	1	3	0	0	0	0	0	0	0	0	0	0	9	12	0	0	0	0	0	0
fsh-generated/resources/ServiceRequest-referralprescription-nursing-example3-compression-therapy.json	2195	1	0	0	0	0	0	0	0	2	0	0	0	0	0	0	0	0	0	0	9	14	0	0	0	0	0	0
fsh-generated/resources/ServiceRequest-referralprescription-nursing-example5-digestive-system-care.json	2029	1	0	0	0	0	0	0	0	3	0	0	0	0	0	0	0	0	0	0	8	10	0	0	0	0	0	0
fsh-generated/resources/ServiceRequest-referralprescription-nursing-example6-compression-therapy.json	2027	1	0	0	0	0	0	0	1	2	0	0	0	0	0	0	0	0	0	0	8	12	0	0	0	0	0	0
fsh-generated/resources/ServiceRequest-uc5a-1.json	2486	1	0	0	0	0	0	0	0	2630	0	0	0	0	0	0	0	0	0	0	8	9	0	0	0	0	0	0
fsh-generated/resources/ServiceRequest-ucgh222p12-1.json	2012	1	0	0	0	0	0	0	0	699	0	0	0	0	0	0	0	0	0	0	7	11	0	0	0	0	0	0
fsh-generated/resources/ServiceRequest-ucgh222p12-2.json	2000	1	0	0	0	0	0	0	1	642	0	0	0	0	0	0	0	0	0	0	8	11	0	0	0	0	0	0
fsh-generated/resources/ServiceRequest-ucgh222p12-3.json	2133	0	0	0	0	0	0	0	0	2	0	0	0	0	0	0	0	0	0	0	8	11	0	0	0	0	0	0
fsh-generated/resources/ServiceRequest-ucgh241p110-1.json	1728	1	0	0	0	0	0	0	0	612	0	0	0	0	0	0	0	0	0	0	7	10	0	0	0	0	0	0
fsh-generated/resources/ServiceRequest-ucgh241p111-1.json	1723	2	0	0	0	0	0	0	0	657	0	0	0	0	0	0	0	0	0	0	7	10	0	0	0	0	0	0
fsh-generated/resources/ServiceRequest-ucgh241p15-1.json	2296	2	0	0	0	0	0	0	1	2	0	0	0	0	0	0	0	0	0	0	8	11	0	0	0	0	0	0
fsh-generated/resources/ServiceRequest-ucgh241p16-1.json	2520	1	0	0	0	0	0	0	0	604	0	0	0	0	0	0	0	0	0	0	8	10	0	0	0	0	0	0
fsh-generated/resources/ServiceRequest-ucgh241p17-1.json	2649	2	0	0	1	0	0	0	0	2	0	0	0	0	0	0	0	0	0	0	13	12	0	0	0	0	0	0
fsh-generated/resources/ServiceRequest-ucgh241p18-1.json	2452	2	0	0	0	0	0	0	1	644	0	0	0	0	0	0	0	0	0	0	11	12	0	0	0	0	0	0
fsh-generated/resources/ServiceRequest-ucgh241p19-1.json	2369	2	0	0	0	0	0	0	0	2	0	0	0	0	0	0	0	0	0	0	10	10	0	0	0	0	0	0
fsh-generated/resources/StructureDefinition-BeModelAnnex81.json	8446	2	0	11	0	0	0	0	0	49	0	0	0	0	0	0	0	0	0	0	84	585	0	0	0	3	0	0
fsh-generated/resources/StructureDefinition-BeModelAssignment.json	7056	1	0	15	0	0	0	0	0	15	0	0	0	0	0	0	0	1	0	0	83	160	0	0	0	3	0	0
fsh-generated/resources/StructureDefinition-BeModelNursingPrescription.json	3477	1	0	21	0	0	0	0	0	11	0	0	0	0	0	0	0	0	0	0	57	130	0	0	0	1	0	1
fsh-generated/resources/StructureDefinition-BeModelOrganisationClaim.json	3690	1	0	6	0	0	0	0	0	6	0	0	0	0	0	0	0	0	0	0	44	84	0	0	0	2	0	0
fsh-generated/resources/StructureDefinition-BeModelRadiologyPrescription.json	5212	1	0	13	0	0	0	0	0	11	0	0	0	0	0	0	0	0	0	0	69	183	0	0	0	2	0	0
fsh-generated/resources/StructureDefinition-BeModelReferralPrescription.json	9612	2	0	1	0	0	0	0	0	15	0	0	0	0	0	0	0	0	0	0	94	129	0	0	0	2	0	0
fsh-generated/resources/StructureDefinition-BeModelTreatmentStatus.json	3627	1	0	6	0	0	0	0	0	5	0	0	0	0	0	0	0	0	0	0	52	83	0	0	0	1	0	0
fsh-generated/resources/StructureDefinition-be-annex-81.json	10726	4	0	88	0	0	0	0	1	76	0	0	1	0	0	0	0	2	0	0	379	639	0	0	0	18	1	1
fsh-generated/resources/StructureDefinition-be-ext-feedback-to-prescriber.json	2092	2	0	12	0	0	0	0	0	10	0	0	0	0	0	0	0	0	0	0	38	84	0	0	0	1	0	0
fsh-generated/resources/StructureDefinition-be-ext-latest-end-date.json	1449	1	0	5	0	0	0	0	0	5	0	0	0	0	0	0	0	0	0	0	30	72	0	0	0	2	0	0
fsh-generated/resources/StructureDefinition-be-ext-performer-type.json	1499	1	0	7	0	0	0	0	0	6	0	0	0	0	0	0	0	0	0	0	33	78	0	0	0	1	0	0
fsh-generated/resources/StructureDefinition-be-ext-pss-info.json	1463	1	0	5	0	0	0	0	0	5	0	0	0	0	0	0	0	0	0	0	31	76	0	0	0	2	0	1
fsh-generated/resources/StructureDefinition-be-ext-recorded-date.json	1413	1	0	6	0	0	0	0	0	5	0	0	0	0	0	0	0	0	0	0	30	69	0	0	0	1	0	0
fsh-generated/resources/StructureDefinition-be-ext-relevant-info.json	3406	31	0	15	0	0	0	0	0	16	0	0	0	0	0	0	0	0	0	0	97	130	0	0	0	4	0	0
fsh-generated/resources/StructureDefinition-be-ext-request-device.json	2735	3	0	11	0	0	0	0	0	11	0	0	0	0	0	0	0	0	0	0	73	98	0	0	0	4	0	0
fsh-generated/resources/StructureDefinition-be-ext-request-priority-reason.json	1364	1	0	5	0	0	0	0	0	6	0	0	0	0	0	0	0	0	0	0	31	70	0	0	0	1	0	0
fsh-generated/resources/StructureDefinition-be-ext-validity-period.json	1484	1	0	3	0	0	0	0	0	5	0	0	0	0	0	0	0	0	0	0	29	68	0	0	0	1	0	0
fsh-generated/resources/StructureDefinition-be-organization-task.json	3699	2	0	63	0	0	0	0	0	22	0	0	0	0	0	0	0	1	0	0	187	445	0	0	0	10	0	1
fsh-generated/resources/StructureDefinition-be-performer-task.json	4764	2	0	33	1	0	0	0	0	23	0	0	0	0	0	0	0	1	0	0	190	419	0	0	0	11	0	1
fsh-generated/resources/StructureDefinition-be-referral-servicerequest-diagnosticimaging.json	5524	3	0	139	0	0	0	0	0	282	0	0	1	0	0	0	0	1	0	0	303	531	0	1	0	31	1	1
fsh-generated/resources/StructureDefinition-be-referral-servicerequest-nursing.json	8095	2	0	49	0	0	0	0	1	44	0	0	0	0	0	0	0	1	0	0	375	717	0	0	0	21	0	2
fsh-generated/resources/StructureDefinition-be-referral-servicerequest.json	11400	4	0	2	0	0	0	0	0	77	0	0	0	0	0	0	0	0	0	0	311	296	0	0	0	14	0	1
fsh-generated/resources/StructureDefinition-be-referral-task.json	3280	2	0	29	0	0	0	0	0	23	0	0	0	0	0	0	0	1	0	0	172	212	0	0	0	10	0	1
fsh-generated/resources/Task-example01-care02-colon-cleansing-performer-task.json	526	1	0	0	0	0	0	0	0	2	0	0	0	0	0	0	0	0	0	0	5	10	0	0	0	0	0	0
fsh-generated/resources/Task-example01-care02-colon-cleansing-referral-task.json	346	0	0	0	0	0	0	0	0	1	0	0	0	0	0	0	0	0	0	0	7	3	0	0	0	0	0	0
fsh-generated/resources/Task-performer-task-1-uc5a-1.json	603	1	0	0	0	0	0	0	0	2	0	0	0	0	0	0	0	0	0	0	5	4	0	0	0	0	0	0
fsh-generated/resources/Task-referral-task-uc5a-1.json	377	0	0	0	0	0	0	0	0	1	0	0	0	0	0	0	0	0	0	0	5	2	0	0	0	0	0	0
fsh-generated/resources/Task-referral-task.json	313	1	0	0	0	0	0	0	0	1	0	0	0	0	0	0	0	0	0	0	4	2	0	0	0	0	0	0
fsh-generated/resources/Task-ucgh222p12-1-2-1.json	576	0	0	0	0	0	0	0	0	1	0	0	0	0	0	0	0	0	0	0	5	3	0	0	0	0	0	0
fsh-generated/resources/Task-ucgh222p12-1-2.json	297	1	0	0	0	0	0	0	0	1	0	0	0	0	0	0	0	0	0	0	4	3	0	0	0	0	0	0
fsh-generated/resources/Task-ucgh222p12-2-2-1.json	576	1	0	0	0	0	0	0	0	1	0	0	0	0	0	0	0	0	0	0	5	3	0	0	0	0	0	0
fsh-generated/resources/Task-ucgh222p12-2-2-2.json	564	0	0	0	0	0	0	0	0	2	0	0	0	0	0	0	0	0	0	0	5	4	0	0	0	0	0	0
fsh-generated/resources/Task-ucgh222p12-2-2.json	297	1	0	0	0	0	0	0	1	1	0	0	0	0	0	0	0	0	0	0	4	3	0	0	0	0	0	0
fsh-generated/resources/ValueSet-be-vs-annex-81-reason-code.json	2576	1	0	0	0	0	0	0	0	1814	0	0	0	0	0	0	0	0	0	0	10	1517	0	0	0	1	0	0
fsh-generated/resources/ValueSet-be-vs-annex81-status-reason.json	528	1	0	0	0	0	0	0	0	2	0	0	0	0	0	0	0	0	0	0	5	48	0	0	0	0	0	0
fsh-generated/resources/ValueSet-be-vs-bodysite-nursing.json	4293	1	0	0	0	0	0	0	1	1327	0	0	0	0	0	0	0	0	0	0	15	1400	0	0	0	1	0	0
fsh-generated/resources/ValueSet-be-vs-performer-task-status-reason.json	1081	1	0	0	0	0	0	0	0	3	0	0	0	0	0	0	0	0	0	0	8	43	0	0	0	1	0	0
fsh-generated/resources/ValueSet-be-vs-prescription-status-reason.json	563	1	0	0	0	0	0	0	0	0	0	0	0	0	0	0	0	0	0	0	5	33	0	0	0	0	0	0
fsh-generated/resources/ValueSet-be-vs-referral-category.json	8038	1	0	0	0	0	0	0	1	150	0	0	0	0	0	0	0	0	0	0	15	195	0	0	0	3	0	0
fsh-generated/resources/ValueSet-be-vs-request-intent.json	627	1	0	0	0	0	0	0	0	3	0	0	0	0	0	0	0	0	0	0	6	32	0	0	0	0	0	0
fsh-generated/resources/ValueSet-be-vs-request-note-type.json	2265	1	0	0	0	0	0	0	0	1358	0	0	0	0	0	0	0	0	0	0	8	1313	0	0	0	1	0	0
fsh-generated/resources/ValueSet-be-vs-request-track.json	345	0	0	0	0	0	0	0	0	1	0	0	0	0	0	0	0	0	0	0	4	26	0	0	0	0	0	0
fsh-generated/resources/ValueSet-be-vs-requested-services-nurse-detail.json	5633	2	0	0	1	0	0	0	1	1331	0	0	0	0	0	0	0	0	0	0	20	1001	0	0	0	18	0	0
fsh-generated/resources/ValueSet-be-vs-requested-services-nurse.json	4467	2	0	0	0	0	0	0	1	1246	0	0	0	0	0	0	0	0	0	0	16	901	0	0	0	6	0	0
fsh-generated/resources/ValueSet-be-vs-task-intent.json	638	0	0	0	0	0	0	0	0	1	0	0	0	0	0	0	0	0	0	0	9	27	0	0	0	1	0	0
fsh-generated/resources/ValueSet-be-vs-treatment-status-reason.json	577	1	0	0	0	0	0	0	0	1	0	0	0	0	0	0	0	0	0	0	5	20	0	0	0	0	0	0
/fsh-generated/includes/menu.xml	2134	-	-	-	0	0	0	0	0	0	0	0	0	0	0	0	0	0	0	0	0	0	0	0	0	0	0	0
/fsh-generated/includes/fsh-link-references.md	6691	-	-	-	0	0	0	0	0	0	0	0	0	0	0	0	0	0	0	0	0	1	0	0	0	0	0	0
/input/pagecontent/downloads.xml	1793	-	-	-	0	0	0	0	0	0	0	0	0	0	0	0	0	0	0	0	0	34	0	0	0	0	0	0
/input/pagecontent/changes.md	252	-	-	-	0	0	0	0	0	0	0	0	0	0	0	0	0	0	0	0	0	0	0	0	0	0	0	0
/input/pagecontent/index.md	4004	-	-	-	0	0	0	0	0	0	0	0	0	0	0	0	0	0	0	0	0	0	0	0	0	0	0	0
/input/pagecontent/guidance.md	11687	-	-	-	0	0	0	0	0	0	0	0	0	0	0	0	0	0	0	0	0	0	0	0	0	0	0	0
/template/config	0	-	-	-	0	0	0	0	0	0	0	0	0	0	0	0	0	0	0	0	0	1	0	0	0	0	0	0
/template/config/_config.yml	46	-	-	-	0	0	0	0	0	0	0	0	0	0	0	0	0	0	0	0	0	0	0	0	0	0	0	0
/input/images	0	-	-	-	0	0	0	0	0	0	0	0	0	0	0	0	0	0	0	0	0	0	0	0	0	0	0	0
/input/images/readme.md	39	-	-	-	0	0	0	0	0	0	0	0	0	0	0	0	0	0	0	0	0	0	0	0	0	0	0	0
/temp/pages/_includes/artifacts.xml	47758	-	-	-	-	-	-	-	-	-	-	-	-	-	-	-	-	-	-	-	-	2	0	0	0	0	0	0
