<?xml version="1.0" encoding="UTF-8"?>

<CodeSystem xmlns="http://hl7.org/fhir">
  <id value="be-nursing-medication-injection"/>
  <text>
    <status value="generated"/><div xmlns="http://www.w3.org/1999/xhtml"><p>This code system https://www.ehealth.fgov.be/standards/fhir/CodeSystem/be-nursing-medication-injection defines the following codes:</p><table class="codes"><tr><td style="white-space:nowrap"><b>Code</b></td><td><b>Display</b></td></tr><tr><td style="white-space:nowrap">IM<a name="be-nursing-medication-injection-IM"> </a></td><td>IM</td></tr><tr><td style="white-space:nowrap">SC<a name="be-nursing-medication-injection-SC"> </a></td><td>SC</td></tr><tr><td style="white-space:nowrap">ID<a name="be-nursing-medication-injection-ID"> </a></td><td>ID</td></tr><tr><td style="white-space:nowrap">IV<a name="be-nursing-medication-injection-IV"> </a></td><td>IV</td></tr></table><p><b>Additional Language Displays</b></p><table class="codes"><tr><td><b>Code</b></td><td><b>English (English, en)</b></td></tr><tr><td>IM</td><td>IM.</td></tr><tr><td>SC</td><td>SC.</td></tr><tr><td>ID</td><td>ID.</td></tr><tr><td>IV</td><td>IV.</td></tr></table></div>
  </text>
  <url value="https://www.ehealth.fgov.be/standards/fhir/CodeSystem/be-nursing-medication-injection"/>
  <version value="0.2.0"/>
  <name value="BeNursingMedicationInjection"/>
  <title value="BeNursingMedicationInjection"/>
  <status value="draft"/>
  <experimental value="false"/>
  <date value="2021-07-12T14:00:14+00:00"/>
  <publisher value="HL7 Belgium"/>
  <contact>
    <telecom>
      <system value="url"/>
      <value value="http://hl7belgium.org"/>
    </telecom>
  </contact>
  <description value="Different types of nursing medication injection."/>
  <jurisdiction>
    <coding>
      <system value="http://unstats.un.org/unsd/methods/m49/m49.htm"/>
      <code value="001"/>
    </coding>
  </jurisdiction>
  <caseSensitive value="false"/>
  <content value="complete"/>
  <concept>
    <code value="IM"/>
    <display value="IM"/>
    <designation>
      <language value="en"/>
      <value value="IM."/>
    </designation>
  </concept>
  <concept>
    <code value="SC"/>
    <display value="SC"/>
    <designation>
      <language value="en"/>
      <value value="SC."/>
    </designation>
  </concept>
  <concept>
    <code value="ID"/>
    <display value="ID"/>
    <designation>
      <language value="en"/>
      <value value="ID."/>
    </designation>
  </concept>
  <concept>
    <code value="IV"/>
    <display value="IV"/>
    <designation>
      <language value="en"/>
      <value value="IV."/>
    </designation>
  </concept>
</CodeSystem>