<?xml version="1.0" encoding="UTF-8"?>

<CodeSystem xmlns="http://hl7.org/fhir">
  <id value="be-cs-digestive-system-care"/>
  <text>
    <status value="generated"/><div xmlns="http://www.w3.org/1999/xhtml"><p>This code system <code>https://www.ehealth.fgov.be/standards/fhir/referral/CodeSystem/be-cs-digestive-system-care</code> defines the following codes:</p><table class="codes"><tr><td style="white-space:nowrap"><b>Code</b></td><td><b>Display</b></td></tr><tr><td style="white-space:nowrap">enteral-feeding-stomach-probe<a name="be-cs-digestive-system-care-enteral-feeding-stomach-probe"> </a></td><td>Enteral feeding stomach probe</td></tr><tr><td style="white-space:nowrap">enteral-feeding-gastrostomy-probe<a name="be-cs-digestive-system-care-enteral-feeding-gastrostomy-probe"> </a></td><td>Enteral feeding gastrostomy probe</td></tr><tr><td style="white-space:nowrap">enteral-feeding-enterostomy-probe<a name="be-cs-digestive-system-care-enteral-feeding-enterostomy-probe"> </a></td><td>Enteral feeding enterostomy probe</td></tr><tr><td style="white-space:nowrap">enteral-feeding-enterostomy-probe-jejunostomy<a name="be-cs-digestive-system-care-enteral-feeding-enterostomy-probe-jejunostomy"> </a></td><td>Enteral feeding enterostomy probe jejunostomy</td></tr><tr><td style="white-space:nowrap">enteral-feeding-enterostomy-probe-ileostomy<a name="be-cs-digestive-system-care-enteral-feeding-enterostomy-probe-ileostomy"> </a></td><td>Enteral feeding enterostomy probe ileostomy</td></tr><tr><td style="white-space:nowrap">colonic-cleansing<a name="be-cs-digestive-system-care-colonic-cleansing"> </a></td><td>colonic-cleansing</td></tr><tr><td style="white-space:nowrap">gastrointestinal-tubing-and-drainage<a name="be-cs-digestive-system-care-gastrointestinal-tubing-and-drainage"> </a></td><td>gastrointestinal-tubing-and-drainage</td></tr><tr><td style="white-space:nowrap">manual-removal-of-faecal-omen<a name="be-cs-digestive-system-care-manual-removal-of-faecal-omen"> </a></td><td>Manual removal of faecal omen</td></tr><tr><td style="white-space:nowrap">clyster<a name="be-cs-digestive-system-care-clyster"> </a></td><td>Clyster</td></tr></table><p><b>Additional Language Displays</b></p><table class="codes"><tr><td><b>Code</b></td><td><b>French (fr)</b></td><td><b>Nederlands (Dutch, nl)</b></td></tr><tr><td>enteral-feeding-stomach-probe</td><td>Nutrition entérale sonde gastrique</td><td>Enterale voeding maagsonde</td></tr><tr><td>enteral-feeding-gastrostomy-probe</td><td>Nutrition entérale sonde gastrostomie</td><td>Enterale voeding gastrostomie sonde</td></tr><tr><td>enteral-feeding-enterostomy-probe</td><td>Nutrition entérale sonde entérostomie</td><td>Enterale voeding enterostomie sonde</td></tr><tr><td>enteral-feeding-enterostomy-probe-jejunostomy</td><td>Nutrition entérale sonde entérostomie jéjunostomie</td><td>Enterale voeding enterostomie sonde jejunostomie</td></tr><tr><td>enteral-feeding-enterostomy-probe-ileostomy</td><td>Nutrition entérale sonde entérostomie iléostomie</td><td>Enterale voeding enterostomie sonde ileostomie</td></tr><tr><td>colonic-cleansing</td><td>Lavage intestinal</td><td>Darmspoeling</td></tr><tr><td>gastrointestinal-tubing-and-drainage</td><td>Tubage et drainage gastro-intestinal</td><td>Gastro-intestinale tubage en drainage</td></tr><tr><td>manual-removal-of-faecal-omen</td><td>Evacuation manuelle de fécalome</td><td>Manueel verwijderen van faecalomen</td></tr><tr><td>clyster</td><td>Lavement</td><td>Lavement</td></tr></table></div>
  </text>
  <url value="https://www.ehealth.fgov.be/standards/fhir/referral/CodeSystem/be-cs-digestive-system-care"/>
  <version value="0.2.0"/>
  <name value="BeDigestiveSystemCare"/>
  <title value="BeDigestiveSystemCare"/>
  <status value="draft"/>
  <experimental value="false"/>
  <date value="2022-05-03T10:04:16+02:00"/>
  <publisher value="HL7 Belgium"/>
  <contact>
    <name value="HL7 Belgium"/>
    <telecom>
      <system value="url"/>
      <value value="http://hl7belgium.org"/>
    </telecom>
  </contact>
  <contact>
    <name value="Message-Structure"/>
    <telecom>
      <system value="email"/>
      <value value="message-structure@ehealth.fgov.be"/>
      <use value="work"/>
    </telecom>
  </contact>
  <description value="Nursing codes in Belgium. To define details in nursing activities for the digestive system care category. Initially defined as supporting CodeSystem for the referral prescription."/>
  <jurisdiction>
    <coding>
      <system value="urn:iso:std:iso:3166"/>
      <code value="BE"/>
      <display value="Belgium"/>
    </coding>
  </jurisdiction>
  <caseSensitive value="false"/>
  <content value="complete"/>
  <count value="9"/>
  <concept>
    <code value="enteral-feeding-stomach-probe"/>
    <display value="Enteral feeding stomach probe"/>
    <designation>
      <language value="nl"/>
      <value value="Enterale voeding maagsonde"/>
    </designation>
    <designation>
      <language value="fr"/>
      <value value="Nutrition entérale sonde gastrique"/>
    </designation>
  </concept>
  <concept>
    <code value="enteral-feeding-gastrostomy-probe"/>
    <display value="Enteral feeding gastrostomy probe"/>
    <designation>
      <language value="nl"/>
      <value value="Enterale voeding gastrostomie sonde"/>
    </designation>
    <designation>
      <language value="fr"/>
      <value value="Nutrition entérale sonde gastrostomie"/>
    </designation>
  </concept>
  <concept>
    <code value="enteral-feeding-enterostomy-probe"/>
    <display value="Enteral feeding enterostomy probe"/>
    <designation>
      <language value="nl"/>
      <value value="Enterale voeding enterostomie sonde"/>
    </designation>
    <designation>
      <language value="fr"/>
      <value value="Nutrition entérale sonde entérostomie"/>
    </designation>
  </concept>
  <concept>
    <code value="enteral-feeding-enterostomy-probe-jejunostomy"/>
    <display value="Enteral feeding enterostomy probe jejunostomy"/>
    <designation>
      <language value="nl"/>
      <value value="Enterale voeding enterostomie sonde jejunostomie"/>
    </designation>
    <designation>
      <language value="fr"/>
      <value value="Nutrition entérale sonde entérostomie jéjunostomie"/>
    </designation>
  </concept>
  <concept>
    <code value="enteral-feeding-enterostomy-probe-ileostomy"/>
    <display value="Enteral feeding enterostomy probe ileostomy"/>
    <designation>
      <language value="nl"/>
      <value value="Enterale voeding enterostomie sonde ileostomie"/>
    </designation>
    <designation>
      <language value="fr"/>
      <value value="Nutrition entérale sonde entérostomie iléostomie"/>
    </designation>
  </concept>
  <concept>
    <code value="colonic-cleansing"/>
    <display value="colonic-cleansing"/>
    <designation>
      <language value="nl"/>
      <value value="Darmspoeling"/>
    </designation>
    <designation>
      <language value="fr"/>
      <value value="Lavage intestinal"/>
    </designation>
  </concept>
  <concept>
    <code value="gastrointestinal-tubing-and-drainage"/>
    <display value="gastrointestinal-tubing-and-drainage"/>
    <designation>
      <language value="nl"/>
      <value value="Gastro-intestinale tubage en drainage"/>
    </designation>
    <designation>
      <language value="fr"/>
      <value value="Tubage et drainage gastro-intestinal"/>
    </designation>
  </concept>
  <concept>
    <code value="manual-removal-of-faecal-omen"/>
    <display value="Manual removal of faecal omen"/>
    <designation>
      <language value="nl"/>
      <value value="Manueel verwijderen van faecalomen"/>
    </designation>
    <designation>
      <language value="fr"/>
      <value value="Evacuation manuelle de fécalome"/>
    </designation>
  </concept>
  <concept>
    <code value="clyster"/>
    <display value="Clyster"/>
    <designation>
      <language value="nl"/>
      <value value="Lavement"/>
    </designation>
    <designation>
      <language value="fr"/>
      <value value="Lavement"/>
    </designation>
  </concept>
</CodeSystem>