<?xml version="1.0" encoding="UTF-8"?>

<CodeSystem xmlns="http://hl7.org/fhir">
  <id value="codesystem-be-digestive-system-care"/>
  <text>
    <status value="generated"/><div xmlns="http://www.w3.org/1999/xhtml"><p>This code system https://www.ehealth.fgov.be/standards/fhir/CodeSystem/be-cs-digestive-system-care defines the following codes:</p><table class="codes"><tr><td style="white-space:nowrap"><b>Code</b></td><td><b>Display</b></td></tr><tr><td style="white-space:nowrap">enteral-feeding-stomach-probe<a name="codesystem-be-digestive-system-care-enteral-feeding-stomach-probe"> </a></td><td>Enteral feeding stomach probe</td></tr><tr><td style="white-space:nowrap">enteral-feeding-gastrostomy-probe<a name="codesystem-be-digestive-system-care-enteral-feeding-gastrostomy-probe"> </a></td><td>Enteral feeding gastrostomy probe</td></tr><tr><td style="white-space:nowrap">enteral-feeding-enterostomy-probe<a name="codesystem-be-digestive-system-care-enteral-feeding-enterostomy-probe"> </a></td><td>Enteral feeding enterostomy probe</td></tr><tr><td style="white-space:nowrap">enteral-feeding-enterostomy-probe-jejunostomy<a name="codesystem-be-digestive-system-care-enteral-feeding-enterostomy-probe-jejunostomy"> </a></td><td>Enteral feeding enterostomy probe jejunostomy</td></tr><tr><td style="white-space:nowrap">enteral-feeding-enterostomy-probe-ileostomy<a name="codesystem-be-digestive-system-care-enteral-feeding-enterostomy-probe-ileostomy"> </a></td><td>Enteral feeding enterostomy probe ileostomy</td></tr><tr><td style="white-space:nowrap">colonic-cleansing<a name="codesystem-be-digestive-system-care-colonic-cleansing"> </a></td><td>colonic-cleansing</td></tr><tr><td style="white-space:nowrap">gastrointestinal-tubing-and-drainage<a name="codesystem-be-digestive-system-care-gastrointestinal-tubing-and-drainage"> </a></td><td>gastrointestinal-tubing-and-drainage</td></tr><tr><td style="white-space:nowrap">manual-removal-of-faecal-omen<a name="codesystem-be-digestive-system-care-manual-removal-of-faecal-omen"> </a></td><td>Manual removal of faecal omen</td></tr><tr><td style="white-space:nowrap">clyster<a name="codesystem-be-digestive-system-care-clyster"> </a></td><td>Clyster</td></tr></table><p><b>Additional Language Displays</b></p><table class="codes"><tr><td><b>Code</b></td><td><b>French (fr)</b></td><td><b>Nederlands (Dutch, nl)</b></td></tr><tr><td>enteral-feeding-stomach-probe</td><td>Nutrition entérale sonde gastrique</td><td>Enterale voeding maagsonde</td></tr><tr><td>enteral-feeding-gastrostomy-probe</td><td>Nutrition entérale sonde gastrostomie</td><td>Enterale voeding gastrostomie sonde</td></tr><tr><td>enteral-feeding-enterostomy-probe</td><td>Nutrition entérale sonde entérostomie</td><td>Enterale voeding enterostomie sonde</td></tr><tr><td>enteral-feeding-enterostomy-probe-jejunostomy</td><td>Nutrition entérale sonde entérostomie jéjunostomie</td><td>Enterale voeding enterostomie sonde jejunostomie</td></tr><tr><td>enteral-feeding-enterostomy-probe-ileostomy</td><td>Nutrition entérale sonde entérostomie iléostomie</td><td>Enterale voeding enterostomie sonde ileostomie</td></tr><tr><td>colonic-cleansing</td><td>Lavage intestinal</td><td>Darmspoeling</td></tr><tr><td>gastrointestinal-tubing-and-drainage</td><td>Tubage et drainage gastro-intestinal</td><td>Gastro-intestinale tubage en drainage</td></tr><tr><td>manual-removal-of-faecal-omen</td><td>Evacuation manuelle de fécalome</td><td>Manueel verwijderen van faecalomen</td></tr><tr><td>clyster</td><td>Lavement</td><td>Lavement</td></tr></table></div>
  </text>
  <url value="https://www.ehealth.fgov.be/standards/fhir/CodeSystem/be-cs-digestive-system-care"/>
  <version value="0.2.0"/>
  <name value="BeDigestiveSystemCare"/>
  <title value="BeDigestiveSystemCare"/>
  <status value="draft"/>
  <experimental value="false"/>
  <date value="2021-07-08T13:36:58+00:00"/>
  <publisher value="HL7 Belgium"/>
  <contact>
    <telecom>
      <system value="url"/>
      <value value="http://hl7belgium.org"/>
    </telecom>
  </contact>
  <description value="Digestive system care"/>
  <jurisdiction>
    <coding>
      <system value="http://unstats.un.org/unsd/methods/m49/m49.htm"/>
      <code value="001"/>
    </coding>
  </jurisdiction>
  <caseSensitive value="false"/>
  <content value="complete"/>
  <concept>
    <code value="enteral-feeding-stomach-probe"/>
    <display value="Enteral feeding stomach probe"/>
    <designation>
      <language value="nl"/>
      <value value="Enterale voeding maagsonde"/>
    </designation>
    <designation>
      <language value="fr"/>
      <value value="Nutrition ent&#xE9;rale sonde gastrique"/>
    </designation>
  </concept>
  <concept>
    <code value="enteral-feeding-gastrostomy-probe"/>
    <display value="Enteral feeding gastrostomy probe"/>
    <designation>
      <language value="nl"/>
      <value value="Enterale voeding gastrostomie sonde"/>
    </designation>
    <designation>
      <language value="fr"/>
      <value value="Nutrition ent&#xE9;rale sonde gastrostomie"/>
    </designation>
  </concept>
  <concept>
    <code value="enteral-feeding-enterostomy-probe"/>
    <display value="Enteral feeding enterostomy probe"/>
    <designation>
      <language value="nl"/>
      <value value="Enterale voeding enterostomie sonde"/>
    </designation>
    <designation>
      <language value="fr"/>
      <value value="Nutrition ent&#xE9;rale sonde ent&#xE9;rostomie"/>
    </designation>
  </concept>
  <concept>
    <code value="enteral-feeding-enterostomy-probe-jejunostomy"/>
    <display value="Enteral feeding enterostomy probe jejunostomy"/>
    <designation>
      <language value="nl"/>
      <value value="Enterale voeding enterostomie sonde jejunostomie"/>
    </designation>
    <designation>
      <language value="fr"/>
      <value value="Nutrition ent&#xE9;rale sonde ent&#xE9;rostomie j&#xE9;junostomie"/>
    </designation>
  </concept>
  <concept>
    <code value="enteral-feeding-enterostomy-probe-ileostomy"/>
    <display value="Enteral feeding enterostomy probe ileostomy"/>
    <designation>
      <language value="nl"/>
      <value value="Enterale voeding enterostomie sonde ileostomie"/>
    </designation>
    <designation>
      <language value="fr"/>
      <value value="Nutrition ent&#xE9;rale sonde ent&#xE9;rostomie il&#xE9;ostomie"/>
    </designation>
  </concept>
  <concept>
    <code value="colonic-cleansing"/>
    <display value="colonic-cleansing"/>
    <designation>
      <language value="nl"/>
      <value value="Darmspoeling"/>
    </designation>
    <designation>
      <language value="fr"/>
      <value value="Lavage intestinal"/>
    </designation>
  </concept>
  <concept>
    <code value="gastrointestinal-tubing-and-drainage"/>
    <display value="gastrointestinal-tubing-and-drainage"/>
    <designation>
      <language value="nl"/>
      <value value="Gastro-intestinale tubage en drainage"/>
    </designation>
    <designation>
      <language value="fr"/>
      <value value="Tubage et drainage gastro-intestinal"/>
    </designation>
  </concept>
  <concept>
    <code value="manual-removal-of-faecal-omen"/>
    <display value="Manual removal of faecal omen"/>
    <designation>
      <language value="nl"/>
      <value value="Manueel verwijderen van faecalomen"/>
    </designation>
    <designation>
      <language value="fr"/>
      <value value="Evacuation manuelle de f&#xE9;calome"/>
    </designation>
  </concept>
  <concept>
    <code value="clyster"/>
    <display value="Clyster"/>
    <designation>
      <language value="nl"/>
      <value value="Lavement"/>
    </designation>
    <designation>
      <language value="fr"/>
      <value value="Lavement"/>
    </designation>
  </concept>
</CodeSystem>