<?xml version="1.0" encoding="UTF-8"?>

<CodeSystem xmlns="http://hl7.org/fhir">
  <id value="be-status-reason"/>
  <text>
    <status value="generated"/><div xmlns="http://www.w3.org/1999/xhtml"><p>This code system https://www.ehealth.fgov.be/standards/fhir/CodeSystem/be-status-reason defines many codes, of which the following are a subset:</p><table class="codes"><tr><td style="white-space:nowrap"><b>Code</b></td><td><b>Display</b></td></tr><tr><td style="white-space:nowrap">created<a name="be-status-reason-created"> </a></td><td>created</td></tr><tr><td style="white-space:nowrap">not-used-by-patient<a name="be-status-reason-not-used-by-patient"> </a></td><td>not-used-by-patient</td></tr></table><p><b>Additional Language Displays</b></p><table class="codes"><tr><td><b>Code</b></td><td><b>English (English, en)</b></td></tr><tr><td>created</td><td>Request was created.</td></tr><tr><td>not-used-by-patient</td><td>Patient does not use it.</td></tr></table></div>
  </text>
  <url value="https://www.ehealth.fgov.be/standards/fhir/CodeSystem/be-status-reason"/>
  <version value="0.2.0"/>
  <name value="BeStatusReason"/>
  <title value="BeStatusReason"/>
  <status value="draft"/>
  <experimental value="false"/>
  <date value="2021-07-12T14:00:14+00:00"/>
  <publisher value="HL7 Belgium"/>
  <contact>
    <telecom>
      <system value="url"/>
      <value value="http://hl7belgium.org"/>
    </telecom>
  </contact>
  <description value="Status reason in Belgium. Initially defined as supporting CodeSystem for the referral prescription."/>
  <jurisdiction>
    <coding>
      <system value="http://unstats.un.org/unsd/methods/m49/m49.htm"/>
      <code value="001"/>
    </coding>
  </jurisdiction>
  <caseSensitive value="false"/>
  <content value="fragment"/>
  <concept>
    <code value="created"/>
    <display value="created"/>
    <designation>
      <language value="en"/>
      <value value="Request was created."/>
    </designation>
  </concept>
  <concept>
    <code value="not-used-by-patient"/>
    <display value="not-used-by-patient"/>
    <designation>
      <language value="en"/>
      <value value="Patient does not use it."/>
    </designation>
  </concept>
</CodeSystem>