<?xml version="1.0" encoding="UTF-8"?>

<CodeSystem xmlns="http://hl7.org/fhir">
  <id value="be-cs-temp-requested-service"/>
  <text>
    <status value="generated"/><div xmlns="http://www.w3.org/1999/xhtml"><p>This code system <code>https://www.ehealth.fgov.be/standards/fhir/referral/CodeSystem/be-cs-temp-requested-service</code> defines the following codes:</p><table class="codes"><tr><td style="white-space:nowrap"><b>Code</b></td><td><b>Display</b></td></tr><tr><td style="white-space:nowrap">tmp-prep-rsed-5<a name="be-cs-temp-requested-service-tmp-prep-rsed-5"> </a></td><td>Preparing medication_not reimbursed</td></tr><tr><td style="white-space:nowrap">tmp-inte-tion-6<a name="be-cs-temp-requested-service-tmp-inte-tion-6"> </a></td><td>intermittent bladder catheterization</td></tr><tr><td style="white-space:nowrap">tmp-remo-tube-9<a name="be-cs-temp-requested-service-tmp-remo-tube-9"> </a></td><td>remove bladder tube</td></tr><tr><td style="white-space:nowrap">tmp-repl-tube-0<a name="be-cs-temp-requested-service-tmp-repl-tube-0"> </a></td><td>replace bladder tube</td></tr><tr><td style="white-space:nowrap">tmp-inse-tube-9<a name="be-cs-temp-requested-service-tmp-inse-tube-9"> </a></td><td>insert bladder tube</td></tr><tr><td style="white-space:nowrap">tmp-blad-sion-4<a name="be-cs-temp-requested-service-tmp-blad-sion-4"> </a></td><td>bladder tube supervision</td></tr><tr><td style="white-space:nowrap">tmp-blad-ance-2<a name="be-cs-temp-requested-service-tmp-blad-ance-2"> </a></td><td>bladder instillation performance</td></tr><tr><td style="white-space:nowrap">tmp-blad-ring-1<a name="be-cs-temp-requested-service-tmp-blad-ring-1"> </a></td><td>bladder instillation monitoring</td></tr><tr><td style="white-space:nowrap">tmp-supr-ring-9<a name="be-cs-temp-requested-service-tmp-supr-ring-9"> </a></td><td>suprapubic bladder monitoring</td></tr><tr><td style="white-space:nowrap">tmp-moni-eter-9<a name="be-cs-temp-requested-service-tmp-moni-eter-9"> </a></td><td>Monitoring catheter</td></tr><tr><td style="white-space:nowrap">tmp-dres-eter-4<a name="be-cs-temp-requested-service-tmp-dres-eter-4"> </a></td><td>Dressing change catheter</td></tr></table><p><b>Additional Language Displays</b></p><table class="codes"><tr><td><b>Code</b></td><td><b>English (English, en)</b></td><td><b>French (Belgium) (fr)</b></td><td><b>Nederlands (België) (Dutch (Belgium), nl)</b></td></tr><tr><td>tmp-prep-rsed-5</td><td>Preparing medication_not reimbursed</td><td>Préparation des médicaments_non remboursée</td><td>Medicatie klaarzetten_niet terugbetaald</td></tr><tr><td>tmp-inte-tion-6</td><td>intermittent bladder catheterization</td><td>Sondage vésical intermittent</td><td>intermittente blaassondage</td></tr><tr><td>tmp-remo-tube-9</td><td>remove bladder tube</td><td>Retrait de la sonde vésicale</td><td>blaassondage verwijderen</td></tr><tr><td>tmp-repl-tube-0</td><td>replace bladder tube</td><td>Remplacement de la sonde vésicale</td><td>blaassondage vervangen</td></tr><tr><td>tmp-inse-tube-9</td><td>insert bladder tube</td><td>Placement de la sonde vésicale</td><td>blaassondage plaatsen</td></tr><tr><td>tmp-blad-sion-4</td><td>bladder tube supervision</td><td>Supervision de la sonde vésicale</td><td>blaassondage toezicht</td></tr><tr><td>tmp-blad-ance-2</td><td>bladder instillation performance</td><td>Mise en oeuvre de l’instillation vésicale</td><td>blaasinstillatie uitvoering</td></tr><tr><td>tmp-blad-ring-1</td><td>bladder instillation monitoring</td><td>Supervision de l’instillation vésicale</td><td>blaasinstillatie toezicht</td></tr><tr><td>tmp-supr-ring-9</td><td>suprapubic bladder monitoring</td><td>Supervision de la sonde vésicale sus-pubienne</td><td>suprapubische blaassonde toezicht</td></tr><tr><td>tmp-moni-eter-9</td><td>Monitoring catheter</td><td>Supervision d’un cathéter</td><td>Toezicht katheter</td></tr><tr><td>tmp-dres-eter-4</td><td>Dressing change catheter</td><td>Changement d’un pansement de cathéter</td><td>Verbandwissel katheter</td></tr></table></div>
  </text>
  <url value="https://www.ehealth.fgov.be/standards/fhir/referral/CodeSystem/be-cs-temp-requested-service"/>
  <version value="1.0.0"/>
  <name value="BeTempRequestedService"/>
  <title value="BeTempRequestedService"/>
  <status value="draft"/>
  <experimental value="false"/>
  <date value="2023-03-17T13:11:04+00:00"/>
  <description value="Temporary codes for indicating services that can be requested from a Nurse"/>
  <jurisdiction>
    <coding>
      <system value="urn:iso:std:iso:3166"/>
      <code value="BE"/>
      <display value="Belgium"/>
    </coding>
  </jurisdiction>
  <caseSensitive value="true"/>
  <content value="complete"/>
  <count value="11"/>
  <concept>
    <code value="tmp-prep-rsed-5"/>
    <display value="Preparing medication_not reimbursed"/>
    <designation>
      <language value="fr-BE"/>
      <value value="Préparation des médicaments_non remboursée"/>
    </designation>
    <designation>
      <language value="nl-BE"/>
      <value value="Medicatie klaarzetten_niet terugbetaald"/>
    </designation>
    <designation>
      <language value="en"/>
      <value value="Preparing medication_not reimbursed"/>
    </designation>
  </concept>
  <concept>
    <code value="tmp-inte-tion-6"/>
    <display value="intermittent bladder catheterization"/>
    <designation>
      <language value="fr-BE"/>
      <value value="Sondage vésical intermittent"/>
    </designation>
    <designation>
      <language value="nl-BE"/>
      <value value="intermittente blaassondage"/>
    </designation>
    <designation>
      <language value="en"/>
      <value value="intermittent bladder catheterization"/>
    </designation>
  </concept>
  <concept>
    <code value="tmp-remo-tube-9"/>
    <display value="remove bladder tube"/>
    <designation>
      <language value="fr-BE"/>
      <value value="Retrait de la sonde vésicale"/>
    </designation>
    <designation>
      <language value="nl-BE"/>
      <value value="blaassondage verwijderen"/>
    </designation>
    <designation>
      <language value="en"/>
      <value value="remove bladder tube"/>
    </designation>
  </concept>
  <concept>
    <code value="tmp-repl-tube-0"/>
    <display value="replace bladder tube"/>
    <designation>
      <language value="fr-BE"/>
      <value value="Remplacement de la sonde vésicale"/>
    </designation>
    <designation>
      <language value="nl-BE"/>
      <value value="blaassondage vervangen"/>
    </designation>
    <designation>
      <language value="en"/>
      <value value="replace bladder tube"/>
    </designation>
  </concept>
  <concept>
    <code value="tmp-inse-tube-9"/>
    <display value="insert bladder tube"/>
    <designation>
      <language value="fr-BE"/>
      <value value="Placement de la sonde vésicale"/>
    </designation>
    <designation>
      <language value="nl-BE"/>
      <value value="blaassondage plaatsen"/>
    </designation>
    <designation>
      <language value="en"/>
      <value value="insert bladder tube"/>
    </designation>
  </concept>
  <concept>
    <code value="tmp-blad-sion-4"/>
    <display value="bladder tube supervision"/>
    <designation>
      <language value="fr-BE"/>
      <value value="Supervision de la sonde vésicale"/>
    </designation>
    <designation>
      <language value="nl-BE"/>
      <value value="blaassondage toezicht"/>
    </designation>
    <designation>
      <language value="en"/>
      <value value="bladder tube supervision"/>
    </designation>
  </concept>
  <concept>
    <code value="tmp-blad-ance-2"/>
    <display value="bladder instillation performance"/>
    <designation>
      <language value="fr-BE"/>
      <value value="Mise en oeuvre de l’instillation vésicale"/>
    </designation>
    <designation>
      <language value="nl-BE"/>
      <value value="blaasinstillatie uitvoering"/>
    </designation>
    <designation>
      <language value="en"/>
      <value value="bladder instillation performance"/>
    </designation>
  </concept>
  <concept>
    <code value="tmp-blad-ring-1"/>
    <display value="bladder instillation monitoring"/>
    <designation>
      <language value="fr-BE"/>
      <value value="Supervision de l’instillation vésicale"/>
    </designation>
    <designation>
      <language value="nl-BE"/>
      <value value="blaasinstillatie toezicht"/>
    </designation>
    <designation>
      <language value="en"/>
      <value value="bladder instillation monitoring"/>
    </designation>
  </concept>
  <concept>
    <code value="tmp-supr-ring-9"/>
    <display value="suprapubic bladder monitoring"/>
    <designation>
      <language value="fr-BE"/>
      <value value="Supervision de la sonde vésicale sus-pubienne"/>
    </designation>
    <designation>
      <language value="nl-BE"/>
      <value value="suprapubische blaassonde toezicht"/>
    </designation>
    <designation>
      <language value="en"/>
      <value value="suprapubic bladder monitoring"/>
    </designation>
  </concept>
  <concept>
    <code value="tmp-moni-eter-9"/>
    <display value="Monitoring catheter"/>
    <designation>
      <language value="fr-BE"/>
      <value value="Supervision d’un cathéter"/>
    </designation>
    <designation>
      <language value="nl-BE"/>
      <value value="Toezicht katheter"/>
    </designation>
    <designation>
      <language value="en"/>
      <value value="Monitoring catheter"/>
    </designation>
  </concept>
  <concept>
    <code value="tmp-dres-eter-4"/>
    <display value="Dressing change catheter"/>
    <designation>
      <language value="fr-BE"/>
      <value value="Changement d’un pansement de cathéter"/>
    </designation>
    <designation>
      <language value="nl-BE"/>
      <value value="Verbandwissel katheter"/>
    </designation>
    <designation>
      <language value="en"/>
      <value value="Dressing change catheter"/>
    </designation>
  </concept>
</CodeSystem>