<?xml version="1.0" encoding="UTF-8"?>

<MedicationRequest xmlns="http://hl7.org/fhir">
  <id value="example31-referralprescription-nursing-medication"/>
  <meta>
    <profile value="https://www.ehealth.fgov.be/standards/fhir/StructureDefinition/be-referralprescription-nursing-medication"/>
  </meta>
  <text>
    <status value="generated"/><div xmlns="http://www.w3.org/1999/xhtml"><p><b>Generated Narrative</b></p><p><b>identifier</b>: id: UHMEPVALUE</p><p><b>status</b>: active</p><p><b>statusReason</b>: <span title="Codes: {https://www.ehealth.fgov.be/standards/fhir/CodeSystem/be-status-reason created}">Created</span></p><p><b>intent</b>: order</p><p><b>category</b>: <span title="Codes: {https://www.ehealth.fgov.be/standards/fhir/CodeSystem/be-nursing-medication-percutaneous ointment-or-medicinal-product}">Ointment or medicinal product</span></p><p><b>priority</b>: routine</p><p><b>medication</b>: <span title="Codes: {https://cnk.apb.be/codings/cnk_product_codes 3499415}">Clamoxyl inj./inf. oploss. (pdr. + solv.) i.m./i.v. [flac. + amp.] 10 x 1 g</span></p><p><b>subject</b>: <a href="Patient-patient1.html">Generated Summary: id: 9999999999 (OFFICIAL); Jane Doe ; gender: female; birthDate: 1956-05-27</a></p><p><b>requester</b>: <a href="Practitioner-practitioner1.html">Generated Summary: id: 8888888888 (OFFICIAL); Leonard McCoy (OFFICIAL), Bones (NICKNAME)</a></p><p><b>performer</b>: <a href="Practitioner-practitioner2.html">Generated Summary: id: 8888888888 (OFFICIAL); Christopher Chapel (OFFICIAL), Mr.Nurse (NICKNAME)</a></p><p><b>performerType</b>: <span title="Codes: {http://snomed.info/sct 106292003}">Nurse</span></p><p><b>reasonCode</b>: <span title="Codes: {http://snomed.info/sct 195450002}">Infected varicose ulcer</span></p><p><b>note</b>: 1 X per dag aanbrengen op de wonde - ulcer variqueux infecté - MI droit Amoxicilline (antibiotique)</p></div>
  </text>
  <identifier>
    <system value="https://www.ehealth.fgov.be/standards/fhir/NamingSystem/uhmep"/>
    <value value="UHMEPVALUE"/>
  </identifier>
  <status value="active"/>
  <statusReason>
    <coding>
      <system value="https://www.ehealth.fgov.be/standards/fhir/CodeSystem/be-status-reason"/>
      <code value="created"/>
      <display value="Created"/>
    </coding>
  </statusReason>
  <intent value="order"/>
  <category>
    <coding>
      <system value="https://www.ehealth.fgov.be/standards/fhir/CodeSystem/be-nursing-medication-percutaneous"/>
      <code value="ointment-or-medicinal-product"/>
    </coding>
    <text value="Ointment or medicinal product"/>
  </category>
  <priority value="routine"/>
  <medicationCodeableConcept>
    <coding>
      <system value="https://cnk.apb.be/codings/cnk_product_codes"/>
      <code value="3499415"/>
      <display value="Clamoxyl inj./inf. oploss. (pdr. + solv.) i.m./i.v. [flac. + amp.] 10 x 1 g"/>
    </coding>
  </medicationCodeableConcept>
  <subject>
    <reference value="Patient/patient1"/>
  </subject>
  <requester>
    <reference value="Practitioner/practitioner1"/>
  </requester>
  <performer>
    <reference value="Practitioner/practitioner2"/>
  </performer>
  <performerType>
    <coding>
      <system value="http://snomed.info/sct"/>
      <code value="106292003"/>
      <display value="Nurse"/>
    </coding>
  </performerType>
  <reasonCode>
    <coding>
      <system value="http://snomed.info/sct"/>
      <code value="195450002"/>
    </coding>
  </reasonCode>
  <note>
    <text value="1 X per dag aanbrengen op de wonde - ulcer variqueux infecté - MI droit Amoxicilline (antibiotique)"/>
  </note>
  <dosageInstruction>
    <text value="1 X per dag"/>
    <timing>
      <repeat>
        <frequency value="1"/>
        <period value="1"/>
        <periodUnit value="d"/>
      </repeat>
    </timing>
    <site>
      <coding>
        <system value="http://snomed.info/sct"/>
        <code value="771354004"/>
      </coding>
    </site>
  </dosageInstruction>
</MedicationRequest>