<?xml version="1.0" encoding="UTF-8"?>

<MedicationRequest xmlns="http://hl7.org/fhir">
  <id value="example08-referralprescription-nursing-medication"/>
  <meta>
    <profile value="https://www.ehealth.fgov.be/standards/fhir/StructureDefinition/be-referralprescription-nursing-gen-medication"/>
  </meta>
  <text>
    <status value="generated"/><div xmlns="http://www.w3.org/1999/xhtml"><p><b>Generated Narrative</b></p><div style="display: inline-block; background-color: #d9e0e7; padding: 6px; margin: 4px; border: 1px solid #8da1b4; border-radius: 5px; line-height: 60%"><p style="margin-bottom: 0px">Resource "example08-referralprescription-nursing-medication" </p><p style="margin-bottom: 0px">Profile: <a href="StructureDefinition-be-referralprescription-nursing-gen-medication.html">BeReferralPrescriptionNursingGenMedication</a></p></div><p><b>identifier</b>: id: UHMEPVALUE</p><p><b>status</b>: active</p><p><b>statusReason</b>: Refused <span style="background: LightGoldenRodYellow; margin: 4px; border: 1px solid khaki"> (<a href="CodeSystem-be-status-reason.html">BeStatusReason</a>#refused)</span></p><p><b>intent</b>: order</p><p><b>category</b>: Intramuscular injection <span style="background: LightGoldenRodYellow; margin: 4px; border: 1px solid khaki"> (<a href="https://browser.ihtsdotools.org/">SNOMED CT</a>#76601001)</span></p><p><b>priority</b>: routine</p><p><b>medication</b>: Hydroxocobalamine Acetate Sterop inj./drinkb. oploss. i.m./i.v./or. [amp.] 3 x 10 mg / 2 ml <span style="background: LightGoldenRodYellow; margin: 4px; border: 1px solid khaki"> (cnk-codes#0048454)</span></p><p><b>subject</b>: <a href="Patient-patient1.html">Patient/patient1</a> " DOE"</p><p><b>requester</b>: <a href="Practitioner-practitioner1.html">Practitioner/practitioner1</a> " MCCOY"</p><p><b>performer</b>: <a href="Practitioner-practitioner2.html">Practitioner/practitioner2</a> " CHAPEL"</p><p><b>performerType</b>: Nurse <span style="background: LightGoldenRodYellow; margin: 4px; border: 1px solid khaki"> (<a href="https://browser.ihtsdotools.org/">SNOMED CT</a>#106292003)</span></p><p><b>note</b>: Vitamine B12</p></div>
  </text>
  <identifier>
    <system value="https://www.ehealth.fgov.be/standards/fhir/NamingSystem/uhmep"/>
    <value value="UHMEPVALUE"/>
  </identifier>
  <status value="active"/>
  <statusReason>
    <coding>
      <system value="https://www.ehealth.fgov.be/standards/fhir/CodeSystem/be-status-reason"/>
      <code value="refused"/>
      <display value="Refused"/>
    </coding>
  </statusReason>
  <intent value="order"/>
  <category>
    <coding>
      <system value="http://snomed.info/sct"/>
      <code value="76601001"/>
    </coding>
  </category>
  <priority value="routine"/>
  <medicationCodeableConcept>
    <coding>
      <system value="https://www.ehealth.fgov.be/standards/fhir/NamingSystem/cnk-codes"/>
      <code value="0048454"/>
      <display value="Hydroxocobalamine Acetate Sterop inj./drinkb. oploss. i.m./i.v./or. [amp.] 3 x 10 mg / 2 ml"/>
    </coding>
  </medicationCodeableConcept>
  <subject>
    <reference value="Patient/patient1"/>
  </subject>
  <requester>
    <reference value="Practitioner/practitioner1"/>
  </requester>
  <performer>
    <reference value="Practitioner/practitioner2"/>
  </performer>
  <performerType>
    <coding>
      <system value="http://snomed.info/sct"/>
      <code value="106292003"/>
      <display value="Nurse"/>
    </coding>
  </performerType>
  <note>
    <text value="Vitamine B12"/>
  </note>
  <dosageInstruction>
    <text value="Frequency: 6 months - 1 X every 3 weeks"/>
    <timing>
      <repeat>
        <boundsDuration>
          <value value="6"/>
          <unit value="mo"/>
          <system value="http://hl7.org/fhir/ValueSet/ucum-units"/>
        </boundsDuration>
        <frequency value="1"/>
        <period value="3"/>
        <periodUnit value="wk"/>
      </repeat>
    </timing>
  </dosageInstruction>
</MedicationRequest>