<?xml version="1.0" encoding="UTF-8"?>

<MedicationRequest xmlns="http://hl7.org/fhir">
  <id value="example22-referralprescription-nursing-medication"/>
  <meta>
    <profile value="https://www.ehealth.fgov.be/standards/fhir/referral/StructureDefinition/be-referralprescription-nursing-medication"/>
  </meta>
  <text>
    <status value="extensions"/><div xmlns="http://www.w3.org/1999/xhtml"><p><b>Generated Narrative: MedicationRequest</b><a name="example22-referralprescription-nursing-medication"> </a></p><div style="display: inline-block; background-color: #d9e0e7; padding: 6px; margin: 4px; border: 1px solid #8da1b4; border-radius: 5px; line-height: 60%"><p style="margin-bottom: 0px">Resource MedicationRequest &quot;example22-referralprescription-nursing-medication&quot; </p><p style="margin-bottom: 0px">Profile: <a href="StructureDefinition-be-referralprescription-nursing-medication.html">BeReferralPrescriptionNursingMedication</a></p></div><p><b>BeValidityPeriod</b>: 2022-10-12 --&gt; (ongoing)</p><p><b>BePerformerTaskReference</b>: <a href="Task-performer-task.html">Task/performer-task</a></p><p><b>BeFeedbackToPrescriber</b>: true</p><p><b>identifier</b>: id: UHMEPVALUE</p><p><b>status</b>: active</p><p><b>statusReason</b>: In Progress <span style="background: LightGoldenRodYellow; margin: 4px; border: 1px solid khaki"> (<a href="CodeSystem-be-prescription-status-reason.html">BePrescriptionStatusReason</a>#inProgress)</span></p><p><b>intent</b>: order</p><p><b>category</b>: Oral <span style="background: LightGoldenRodYellow; margin: 4px; border: 1px solid khaki"> (be-nursing-medication-category#oral)</span></p><p><b>priority</b>: routine</p><p><b>medication</b>: Metoject inj. oploss. s.c. [voorgev. spuit] 12 x 15 mg / 0,3 ml <span style="background: LightGoldenRodYellow; margin: 4px; border: 1px solid khaki"> (be-ns-cnk-codes#2727196)</span></p><p><b>subject</b>: <a name="patient1"> </a></p><blockquote><p/><p><a name="patient1"> </a></p><p><b>identifier</b>: id: 9999999999 (use: OFFICIAL)</p><p><b>name</b>: Jane Doe </p><p><b>gender</b>: female</p><p><b>birthDate</b>: 1956-05-27</p></blockquote><p><b>authoredOn</b>: 2022-10-31</p><p><b>requester</b>: <a name="practitioner1"> </a></p><blockquote><p/><p><a name="practitioner1"> </a></p><p><b>identifier</b>: id: 8888888888 (use: OFFICIAL)</p><p><b>name</b>: Leonard McCoy (OFFICIAL), Bones (NICKNAME)</p></blockquote><p><b>note</b>: medrol per os in afbouwschema, gedurende 4 dagen 2 tabl in 1 inname/dag, daarna gedurende 4 dagen 1 tabl/dag, daarna gedurende 4 dagen 0.5 tabl/dag</p><h3>DosageInstructions</h3><table class="grid"><tr><td>-</td><td><b>Text</b></td><td><b>Timing</b></td></tr><tr><td>*</td><td>gedurende 4 dagen 2 tabl in 1 inname/dag</td><td>Once per 1 days</td></tr><tr><td>*</td><td>daarna gedurende 4 dagen 1 tabl/dag</td><td>Once per 1 days</td></tr><tr><td>*</td><td>daarna gedurende 4 dagen 0.5 tabl/dag</td><td>Once per 1 days</td></tr></table><hr/><blockquote><p style="border: 1px #661aff solid; background-color: #e6e6ff; padding: 10px;"><b>Jane Doe </b> female, DoB: 1956-05-27 ( id: 9999999999 (use: OFFICIAL))</p><hr/></blockquote><hr/><blockquote><p><b>Generated Narrative: Practitioner #practitioner1</b><a name="practitioner1"> </a></p><p><b>identifier</b>: id: 8888888888 (use: OFFICIAL)</p><p><b>name</b>: Leonard McCoy (OFFICIAL), Bones (NICKNAME)</p></blockquote></div>
  </text>
  <contained>
    <Patient>
      <id value="patient1"/>
      <meta>
        <profile value="https://www.ehealth.fgov.be/standards/fhir/core/StructureDefinition/be-patient"/>
      </meta>
      <identifier>
        <use value="official"/>
        <system value="https://www.ehealth.fgov.be/standards/fhir/core/NamingSystem/ssin"/>
        <value value="9999999999"/>
      </identifier>
      <name>
        <family value="Doe"/>
        <given value="Jane"/>
      </name>
      <gender value="female"/>
      <birthDate value="1956-05-27"/>
    </Patient>
  </contained>
  <contained>
    <Practitioner>
      <id value="practitioner1"/>
      <meta>
        <profile value="https://www.ehealth.fgov.be/standards/fhir/core/StructureDefinition/be-practitioner"/>
      </meta>
      <identifier>
        <use value="official"/>
        <system value="https://www.ehealth.fgov.be/standards/fhir/core/NamingSystem/nihdi"/>
        <value value="8888888888"/>
      </identifier>
      <name>
        <use value="official"/>
        <family value="McCoy"/>
        <given value="Leonard"/>
      </name>
      <name>
        <use value="nickname"/>
        <given value="Bones"/>
      </name>
    </Practitioner>
  </contained>
  <extension url="https://www.ehealth.fgov.be/standards/fhir/referral/StructureDefinition/be-ext-validity-period">
    <valuePeriod>
      <start value="2022-10-12"/>
    </valuePeriod>
  </extension>
  <extension url="https://www.ehealth.fgov.be/standards/fhir/referral/StructureDefinition/be-ext-performer-task-reference">
    <valueReference>
      <reference value="Task/performer-task"/>
    </valueReference>
  </extension>
  <extension url="https://www.ehealth.fgov.be/standards/fhir/referral/StructureDefinition/be-ext-feedback-to-prescriber">
    <valueBoolean value="true"/>
  </extension>
  <identifier>
    <system value="https://www.ehealth.fgov.be/standards/fhir/referral/NamingSystem/uhmep"/>
    <value value="UHMEPVALUE"/>
  </identifier>
  <status value="active"/>
  <statusReason>
    <coding>
      <system value="https://www.ehealth.fgov.be/standards/fhir/referral/CodeSystem/be-prescription-status-reason"/>
      <code value="inProgress"/>
      <display value="In Progress"/>
    </coding>
  </statusReason>
  <intent value="order"/>
  <category>
    <coding>
      <system value="https://www.ehealth.fgov.be/standards/fhir/referral/CodeSystem/be-nursing-medication-category"/>
      <code value="oral"/>
    </coding>
    <text value="Oral"/>
  </category>
  <priority value="routine"/>
  <medicationCodeableConcept>
    <coding>
      <system value="https://www.ehealth.fgov.be/standards/fhir/medication/NamingSystem/be-ns-cnk-codes"/>
      <code value="2727196"/>
      <display value="Metoject inj. oploss. s.c. [voorgev. spuit] 12 x 15 mg / 0,3 ml"/>
    </coding>
  </medicationCodeableConcept>
  <subject>
    <reference value="#patient1"/>
  </subject>
  <authoredOn value="2022-10-31"/>
  <requester>
    <reference value="#practitioner1"/>
  </requester>
  <note>
    <text value="medrol per os in afbouwschema, gedurende 4 dagen 2 tabl in 1 inname/dag, daarna gedurende 4 dagen 1 tabl/dag, daarna gedurende 4 dagen 0.5 tabl/dag"/>
  </note>
  <dosageInstruction>
    <text value="gedurende 4 dagen 2 tabl in 1 inname/dag"/>
    <timing>
      <repeat>
        <boundsDuration>
          <value value="4"/>
          <unit value="d"/>
          <system value="http://hl7.org/fhir/ValueSet/ucum-units"/>
        </boundsDuration>
        <frequency value="1"/>
        <period value="1"/>
        <periodUnit value="d"/>
      </repeat>
    </timing>
  </dosageInstruction>
  <dosageInstruction>
    <text value="daarna gedurende 4 dagen 1 tabl/dag"/>
    <timing>
      <repeat>
        <boundsDuration>
          <value value="4"/>
          <unit value="d"/>
          <system value="http://hl7.org/fhir/ValueSet/ucum-units"/>
        </boundsDuration>
        <frequency value="1"/>
        <period value="1"/>
        <periodUnit value="d"/>
      </repeat>
    </timing>
  </dosageInstruction>
  <dosageInstruction>
    <text value="daarna gedurende 4 dagen 0.5 tabl/dag"/>
    <timing>
      <repeat>
        <boundsDuration>
          <value value="4"/>
          <unit value="d"/>
          <system value="http://hl7.org/fhir/ValueSet/ucum-units"/>
        </boundsDuration>
        <frequency value="1"/>
        <period value="1"/>
        <periodUnit value="d"/>
      </repeat>
    </timing>
  </dosageInstruction>
</MedicationRequest>