<?xml version="1.0" encoding="UTF-8"?>

<MedicationRequest xmlns="http://hl7.org/fhir">
  <id value="example08-referralprescription-nursing-medication"/>
  <meta>
    <profile value="https://www.ehealth.fgov.be/standards/fhir/referral/StructureDefinition/be-referralprescription-nursing-gen-medication"/>
  </meta>
  <text>
    <status value="extensions"/><div xmlns="http://www.w3.org/1999/xhtml"><p><b>Generated Narrative: MedicationRequest</b><a name="example08-referralprescription-nursing-medication"> </a></p><div style="display: inline-block; background-color: #d9e0e7; padding: 6px; margin: 4px; border: 1px solid #8da1b4; border-radius: 5px; line-height: 60%"><p style="margin-bottom: 0px">Resource MedicationRequest "example08-referralprescription-nursing-medication" </p><p style="margin-bottom: 0px">Profile: <a href="StructureDefinition-be-referralprescription-nursing-gen-medication.html">BeReferralPrescriptionNursingGenMedication</a></p></div><p><b>BeValidityPeriod</b>: 2022-10-12 --&gt; (ongoing)</p><p><b>BePerformerReference</b>: <a href="PractitionerRole-practitionerrole1.html">PractitionerRole/practitionerrole1</a></p><p><b>identifier</b>: id: UHMEPVALUE</p><p><b>status</b>: active</p><p><b>statusReason</b>: In Progress <span style="background: LightGoldenRodYellow; margin: 4px; border: 1px solid khaki"> (<a href="CodeSystem-be-prescriptionstatus-reason.html">BePrescriptionStatusReason</a>#inprogress)</span></p><p><b>intent</b>: order</p><p><b>category</b>: Intramuscular injection <span style="background: LightGoldenRodYellow; margin: 4px; border: 1px solid khaki"> (<a href="https://browser.ihtsdotools.org/">SNOMED CT</a>#76601001)</span></p><p><b>priority</b>: routine</p><p><b>medication</b>: Hydroxocobalamine Acetate Sterop inj./drinkb. oploss. i.m./i.v./or. [amp.] 3 x 10 mg / 2 ml <span style="background: LightGoldenRodYellow; margin: 4px; border: 1px solid khaki"> (be-ns-cnk-codes#0048454)</span></p><p><b>subject</b>: <a href="Patient-patient1.html">Patient/patient1</a> " DOE"</p><p><b>requester</b>: <a href="Practitioner-practitioner1.html">Practitioner/practitioner1</a> " MCCOY"</p><p><b>note</b>: Vitamine B12</p><h3>DosageInstructions</h3><table class="grid"><tr><td>-</td><td><b>Text</b></td><td><b>Timing</b></td></tr><tr><td>*</td><td>Frequency: 6 months - 1 X every 3 weeks</td><td>Do Once per 3 weeks</td></tr></table></div>
  </text>
  <extension url="https://www.ehealth.fgov.be/standards/fhir/referral/StructureDefinition/be-ext-validity-period">
    <valuePeriod>
      <start value="2022-10-12"/>
    </valuePeriod>
  </extension>
  <extension url="https://www.ehealth.fgov.be/standards/fhir/referral/StructureDefinition/be-ext-performer-reference">
    <valueReference>
      <reference value="PractitionerRole/practitionerrole1"/>
    </valueReference>
  </extension>
  <identifier>
    <system value="https://www.ehealth.fgov.be/standards/fhir/referral/NamingSystem/uhmep"/>
    <value value="UHMEPVALUE"/>
  </identifier>
  <status value="active"/>
  <statusReason>
    <coding>
      <system value="https://www.ehealth.fgov.be/standards/fhir/referral/CodeSystem/be-prescription-status-reason"/>
      <code value="inprogress"/>
      <display value="In Progress"/>
    </coding>
  </statusReason>
  <intent value="order"/>
  <category>
    <coding>
      <system value="http://snomed.info/sct"/>
      <code value="76601001"/>
    </coding>
  </category>
  <priority value="routine"/>
  <medicationCodeableConcept>
    <coding>
      <system value="https://www.ehealth.fgov.be/standards/fhir/medication/NamingSystem/be-ns-cnk-codes"/>
      <code value="0048454"/>
      <display value="Hydroxocobalamine Acetate Sterop inj./drinkb. oploss. i.m./i.v./or. [amp.] 3 x 10 mg / 2 ml"/>
    </coding>
  </medicationCodeableConcept>
  <subject>
    <reference value="Patient/patient1"/>
  </subject>
  <requester>
    <reference value="Practitioner/practitioner1"/>
  </requester>
  <note>
    <text value="Vitamine B12"/>
  </note>
  <dosageInstruction>
    <text value="Frequency: 6 months - 1 X every 3 weeks"/>
    <timing>
      <repeat>
        <boundsDuration>
          <value value="6"/>
          <unit value="mo"/>
          <system value="http://hl7.org/fhir/ValueSet/ucum-units"/>
        </boundsDuration>
        <frequency value="1"/>
        <period value="3"/>
        <periodUnit value="wk"/>
      </repeat>
    </timing>
  </dosageInstruction>
</MedicationRequest>