<?xml version="1.0" encoding="UTF-8"?>

<PractitionerRole xmlns="http://hl7.org/fhir">
  <id value="requesterrole1"/>
  <meta>
    <profile value="https://www.ehealth.fgov.be/standards/fhir/core/StructureDefinition/be-practitionerrole"/>
  </meta>
  <text>
    <status value="generated"/><div xmlns="http://www.w3.org/1999/xhtml"><p><b>Generated Narrative: PractitionerRole</b><a name="requesterrole1"> </a></p><div style="display: inline-block; background-color: #d9e0e7; padding: 6px; margin: 4px; border: 1px solid #8da1b4; border-radius: 5px; line-height: 60%"><p style="margin-bottom: 0px">Resource PractitionerRole &quot;requesterrole1&quot; </p><p style="margin-bottom: 0px">Profile: <a href="https://build.fhir.org/ig/hl7-be/core//StructureDefinition-be-practitionerrole.html">BePractitionerRole</a></p></div><p><b>practitioner</b>: <a href="Practitioner-Requester1.html">Practitioner/Requester1</a> &quot; MCCOY&quot;</p><p><b>code</b>: physician <span style="background: LightGoldenRodYellow; margin: 4px; border: 1px solid khaki"> (<a href="https://build.fhir.org/ig/hl7-be/core//CodeSystem-cd-hcparty.html">BeCdHcParty</a>#persphysician)</span></p></div>
  </text>
  <practitioner>
    <reference value="Practitioner/Requester1"/>
  </practitioner>
  <code>
    <coding>
      <system value="https://www.ehealth.fgov.be/standards/fhir/core/CodeSystem/cd-hcparty"/>
      <code value="persphysician"/>
      <display value="physician"/>
    </coding>
  </code>
</PractitionerRole>