<?xml version="1.0" encoding="UTF-8"?>

<ServiceRequest xmlns="http://hl7.org/fhir">
  <id value="referralprescription-nursing-example1"/>
  <meta>
    <profile value="https://www.ehealth.fgov.be/standards/fhir/StructureDefinition/be-referralprescription-nursing-digestive-system-care"/>
  </meta>
  <text>
    <status value="extensions"/><div xmlns="http://www.w3.org/1999/xhtml"><p><b>Generated Narrative</b></p><p><b>Reason for current status</b>: <span title="Codes: {https://www.ehealth.fgov.be/standards/fhir/CodeSystem/be-status-reason created}">Created</span></p><p><b>status</b>: active</p><p><b>intent</b>: order</p><p><b>category</b>: <span title="Codes: {http://snomed.info/sct 9632001}">Nursing procedure</span></p><p><b>priority</b>: routine</p><p><b>code</b>: <span title="Codes: {https://www.ehealth.fgov.be/standards/fhir/CodeSystem/be-cs-nursing-code digestive-system-care}">Digestive system care</span></p><p><b>orderDetail</b>: <span title="Codes: {https://www.ehealth.fgov.be/standards/fhir/CodeSystem/be-cs-digestive-system-care enteral-feeding-stomach-probe}">Enteral feeding stomach probe</span></p><p><b>subject</b>: <a href="Patient-patient1.html">Generated Summary: id: 9999999999 (OFFICIAL); Jane Doe ; gender: female; birthDate: 1956-05-27</a></p><p><b>occurrence</b>: Starting 2021-07-08, Do 2 per 1 days, Until 2022-07-07</p><p><b>requester</b>: <a href="Practitioner-practitioner1.html">Generated Summary: id: 8888888888 (OFFICIAL); Leonard McCoy (OFFICIAL), Bones (NICKNAME)</a></p><p><b>performerType</b>: <span title="Codes: {http://snomed.info/sct 106292003}">Nurse</span></p><p><b>performer</b>: <a href="Practitioner-practitioner2.html">Generated Summary: id: 8888888888 (OFFICIAL); Christopher Chapel (OFFICIAL), Mr.Nurse (NICKNAME)</a></p><p><b>note</b>: Patient cannot move</p></div>
  </text>
  <extension url="http://hl7.org/fhir/StructureDefinition/request-statusReason">
    <valueCodeableConcept>
      <coding>
        <system value="https://www.ehealth.fgov.be/standards/fhir/CodeSystem/be-status-reason"/>
        <code value="created"/>
        <display value="Created"/>
      </coding>
    </valueCodeableConcept>
  </extension>
  <status value="active"/>
  <intent value="order"/>
  <category>
    <coding>
      <system value="http://snomed.info/sct"/>
      <code value="9632001"/>
    </coding>
    <text value="Nursing procedure"/>
  </category>
  <priority value="routine"/>
  <code>
    <coding>
      <system value="https://www.ehealth.fgov.be/standards/fhir/CodeSystem/be-cs-nursing-code"/>
      <code value="digestive-system-care"/>
    </coding>
  </code>
  <orderDetail>
    <coding>
      <system value="https://www.ehealth.fgov.be/standards/fhir/CodeSystem/be-cs-digestive-system-care"/>
      <code value="enteral-feeding-stomach-probe"/>
    </coding>
  </orderDetail>
  <subject>
    <reference value="Patient/patient1"/>
  </subject>
  <occurrenceTiming>
    <repeat>
      <boundsPeriod>
        <start value="2021-07-08"/>
        <end value="2022-07-07"/>
      </boundsPeriod>
      <frequency value="2"/>
      <period value="1"/>
      <periodUnit value="d"/>
    </repeat>
  </occurrenceTiming>
  <requester>
    <reference value="Practitioner/practitioner1"/>
  </requester>
  <performerType>
    <coding>
      <system value="http://snomed.info/sct"/>
      <code value="106292003"/>
      <display value="Nurse"/>
    </coding>
  </performerType>
  <performer>
    <reference value="Practitioner/practitioner2"/>
  </performer>
  <note>
    <text value="Patient cannot move"/>
  </note>
</ServiceRequest>