<?xml version="1.0" encoding="UTF-8"?>

<ServiceRequest xmlns="http://hl7.org/fhir">
  <id value="referralprescription-nursing-example5-digestive-system-care"/>
  <meta>
    <profile value="https://www.ehealth.fgov.be/standards/fhir/referral/StructureDefinition/be-referralprescription-nursing"/>
    <profile value="https://www.ehealth.fgov.be/standards/fhir/referral/StructureDefinition/be-referralprescription-nursing-digestive-system-care"/>
  </meta>
  <text>
    <status value="extensions"/><div xmlns="http://www.w3.org/1999/xhtml"><p><b>Generated Narrative: ServiceRequest</b><a name="referralprescription-nursing-example5-digestive-system-care"> </a></p><div style="display: inline-block; background-color: #d9e0e7; padding: 6px; margin: 4px; border: 1px solid #8da1b4; border-radius: 5px; line-height: 60%"><p style="margin-bottom: 0px">Resource ServiceRequest &quot;referralprescription-nursing-example5-digestive-system-care&quot; </p><p style="margin-bottom: 0px">Profiles: <a href="StructureDefinition-be-referralprescription-nursing.html">BeReferralPrescriptionNursing</a>, <a href="StructureDefinition-be-referralprescription-nursing-digestive-system-care.html">BeReferralPrescriptionNursingDigestiveSystemCare</a></p></div><p><b>Reason for current status</b>: Other <span style="background: LightGoldenRodYellow; margin: 4px; border: 1px solid khaki"> (<a href="CodeSystem-be-status-reason.html">BeStatusReason</a>#other)</span></p><p><b>BeValidityPeriod</b>: 2020-01-01 --&gt; 2021-01-01</p><blockquote><p><b>BeIntendedPerformer</b></p><p><b>value</b>: Nurse <span style="background: LightGoldenRodYellow; margin: 4px; border: 1px solid khaki"> (<a href="https://browser.ihtsdotools.org/">SNOMED CT</a>#106292003)</span></p><p><b>value</b>: <a href="Practitioner-practitioner2.html">Practitioner/practitioner2</a> &quot; CHAPEL&quot;</p></blockquote><p><b>status</b>: active</p><p><b>intent</b>: order</p><p><b>category</b>: Nursing procedure <span style="background: LightGoldenRodYellow; margin: 4px; border: 1px solid khaki"> (<a href="https://browser.ihtsdotools.org/">SNOMED CT</a>#9632001)</span></p><p><b>priority</b>: routine</p><p><b>code</b>: Digestive system care <span style="background: LightGoldenRodYellow; margin: 4px; border: 1px solid khaki"> (<a href="CodeSystem-be-cs-nursing-code.html">BeNursingCode</a>#digestive-system-care)</span></p><p><b>orderDetail</b>: Manual removal of faecal omen <span style="background: LightGoldenRodYellow; margin: 4px; border: 1px solid khaki"> (<a href="CodeSystem-be-cs-digestive-system-care.html">BeDigestiveSystemCare</a>#manual-removal-of-faecal-omen)</span></p><p><b>subject</b>: <a href="Patient-patient1.html">Patient/patient1</a> &quot; DOE&quot;</p><p><b>occurrence</b>: Starting 2021-04-23, Once per 1 days, Until 2022-04-22</p><p><b>authoredOn</b>: 2022-01-01</p><p><b>requester</b>: <a href="Practitioner-practitioner1.html">Practitioner/practitioner1</a> &quot; MCCOY&quot;</p><p><b>reasonCode</b>: reason <span style="background: LightGoldenRodYellow; margin: 4px; border: 1px solid khaki"> ()</span></p></div>
  </text>
  <extension url="http://hl7.org/fhir/StructureDefinition/request-statusReason">
    <valueCodeableConcept>
      <coding>
        <system value="https://www.ehealth.fgov.be/standards/fhir/referral/CodeSystem/be-status-reason"/>
        <code value="other"/>
        <display value="Other"/>
      </coding>
    </valueCodeableConcept>
  </extension>
  <extension url="https://www.ehealth.fgov.be/standards/fhir/referral/StructureDefinition/be-ext-validity-period">
    <valuePeriod>
      <start value="2020-01-01"/>
      <end value="2021-01-01"/>
    </valuePeriod>
  </extension>
  <extension url="https://www.ehealth.fgov.be/standards/fhir/referral/StructureDefinition/be-intended-performer">
    <extension url="role">
      <valueCodeableConcept>
        <coding>
          <system value="http://snomed.info/sct"/>
          <code value="106292003"/>
          <display value="Nurse"/>
        </coding>
      </valueCodeableConcept>
    </extension>
    <extension url="actor">
      <valueReference>
        <reference value="Practitioner/practitioner2"/>
      </valueReference>
    </extension>
  </extension>
  <status value="active"/>
  <intent value="order"/>
  <category>
    <coding>
      <system value="http://snomed.info/sct"/>
      <code value="9632001"/>
    </coding>
    <text value="Nursing procedure"/>
  </category>
  <priority value="routine"/>
  <code>
    <coding>
      <system value="https://www.ehealth.fgov.be/standards/fhir/referral/CodeSystem/be-cs-nursing-code"/>
      <code value="digestive-system-care"/>
    </coding>
  </code>
  <orderDetail>
    <coding>
      <system value="https://www.ehealth.fgov.be/standards/fhir/referral/CodeSystem/be-cs-digestive-system-care"/>
      <code value="manual-removal-of-faecal-omen"/>
    </coding>
  </orderDetail>
  <subject>
    <reference value="Patient/patient1"/>
  </subject>
  <occurrenceTiming>
    <repeat>
      <boundsPeriod>
        <start value="2021-04-23"/>
        <end value="2022-04-22"/>
      </boundsPeriod>
      <frequency value="1"/>
      <period value="1"/>
      <periodUnit value="d"/>
    </repeat>
  </occurrenceTiming>
  <authoredOn value="2022-01-01"/>
  <requester>
    <reference value="Practitioner/practitioner1"/>
  </requester>
  <reasonCode>
    <text value="reason"/>
  </reasonCode>
</ServiceRequest>