<?xml version="1.0" encoding="UTF-8"?>

<ServiceRequest xmlns="http://hl7.org/fhir">
  <id value="referralprescription-nursing-example6-compression-therapy"/>
  <meta>
    <profile value="https://www.ehealth.fgov.be/standards/fhir/referral/StructureDefinition/be-referralprescription-nursing"/>
    <profile value="https://www.ehealth.fgov.be/standards/fhir/referral/StructureDefinition/be-referralprescription-nursing-compressiontherapy"/>
  </meta>
  <text>
    <status value="extensions"/><div xmlns="http://www.w3.org/1999/xhtml"><p><b>Generated Narrative: ServiceRequest</b><a name="referralprescription-nursing-example6-compression-therapy"> </a></p><div style="display: inline-block; background-color: #d9e0e7; padding: 6px; margin: 4px; border: 1px solid #8da1b4; border-radius: 5px; line-height: 60%"><p style="margin-bottom: 0px">Resource ServiceRequest "referralprescription-nursing-example6-compression-therapy" </p><p style="margin-bottom: 0px">Profiles: <a href="StructureDefinition-be-referralprescription-nursing.html">BeReferralPrescriptionNursing</a>, <code>https://www.ehealth.fgov.be/standards/fhir/referral/StructureDefinition/be-referralprescription-nursing-compressiontherapy</code></p></div><p><b>BeValidityPeriod</b>: 2020-01-01 --&gt; 2021-01-01</p><p><b>Reason for current status</b>: Other <span style="background: LightGoldenRodYellow; margin: 4px; border: 1px solid khaki"> (<a href="CodeSystem-be-prescription-status-reason.html">BePrescriptionStatusReason</a>#inProgress)</span></p><p><b>status</b>: active</p><p><b>intent</b>: order</p><p><b>category</b>: Nursing procedure <span style="background: LightGoldenRodYellow; margin: 4px; border: 1px solid khaki"> (<a href="https://browser.ihtsdotools.org/">SNOMED CT</a>#9632001)</span></p><p><b>priority</b>: routine</p><p><b>code</b>: Compression therapy <span style="background: LightGoldenRodYellow; margin: 4px; border: 1px solid khaki"> (<a href="CodeSystem-be-cs-nursing-code.html">BeNursingCode</a>#compression-therapy)</span></p><p><b>orderDetail</b>: Stockings <span style="background: LightGoldenRodYellow; margin: 4px; border: 1px solid khaki"> (<a href="CodeSystem-be-cs-nursing-code-compressiontherapy.html">BeNursingCodeCompressiontherapy</a>#compression-stockings)</span></p><p><b>subject</b>: <a href="Patient-patient1.html">Patient/patient1</a> " DOE"</p><p><b>occurrence</b>: Starting 2022-04-19, Do Once per 1 days, Until 2023-04-19</p><p><b>authoredOn</b>: 2022-01-01</p><p><b>requester</b>: <a href="Practitioner-practitioner1.html">Practitioner/practitioner1</a> " MCCOY"</p><p><b>performer</b>: <a href="PractitionerRole-practitionerrole1.html">PractitionerRole/practitionerrole1</a></p><p><b>reasonCode</b>: reason <span style="background: LightGoldenRodYellow; margin: 4px; border: 1px solid khaki"> ()</span></p></div>
  </text>
  <extension url="https://www.ehealth.fgov.be/standards/fhir/referral/StructureDefinition/be-ext-validity-period">
    <valuePeriod>
      <start value="2020-01-01"/>
      <end value="2021-01-01"/>
    </valuePeriod>
  </extension>
  <extension url="http://hl7.org/fhir/StructureDefinition/request-statusReason">
    <valueCodeableConcept>
      <coding>
        <system value="https://www.ehealth.fgov.be/standards/fhir/referral/CodeSystem/be-prescription-status-reason"/>
        <code value="inProgress"/>
        <display value="Other"/>
      </coding>
    </valueCodeableConcept>
  </extension>
  <status value="active"/>
  <intent value="order"/>
  <category>
    <coding>
      <system value="http://snomed.info/sct"/>
      <code value="9632001"/>
    </coding>
    <text value="Nursing procedure"/>
  </category>
  <priority value="routine"/>
  <code>
    <coding>
      <system value="https://www.ehealth.fgov.be/standards/fhir/referral/CodeSystem/be-cs-nursing-code"/>
      <code value="compression-therapy"/>
    </coding>
  </code>
  <orderDetail>
    <coding>
      <system value="https://www.ehealth.fgov.be/standards/fhir/referral/CodeSystem/be-cs-nursing-code-compressiontherapy"/>
      <code value="compression-stockings"/>
    </coding>
  </orderDetail>
  <subject>
    <reference value="Patient/patient1"/>
  </subject>
  <occurrenceTiming>
    <repeat>
      <boundsPeriod>
        <start value="2022-04-19"/>
        <end value="2023-04-19"/>
      </boundsPeriod>
      <frequency value="1"/>
      <period value="1"/>
      <periodUnit value="d"/>
    </repeat>
  </occurrenceTiming>
  <authoredOn value="2022-01-01"/>
  <requester>
    <reference value="Practitioner/practitioner1"/>
  </requester>
  <performer>
    <reference value="PractitionerRole/practitionerrole1"/>
  </performer>
  <reasonCode>
    <text value="reason"/>
  </reasonCode>
</ServiceRequest>