<?xml version="1.0" encoding="UTF-8"?>

<ServiceRequest xmlns="http://hl7.org/fhir">
  <id value="diagnostic-imaging-basic-example-useOfModality"/>
  <meta>
    <profile value="https://www.ehealth.fgov.be/standards/fhir/referral/StructureDefinition/be-referralprescription-diagnosticimaging"/>
  </meta>
  <text>
    <status value="extensions"/><div xmlns="http://www.w3.org/1999/xhtml"><p><b>Generated Narrative: ServiceRequest</b><a name="diagnostic-imaging-basic-example-useOfModality"> </a></p><div style="display: inline-block; background-color: #d9e0e7; padding: 6px; margin: 4px; border: 1px solid #8da1b4; border-radius: 5px; line-height: 60%"><p style="margin-bottom: 0px">Resource ServiceRequest "diagnostic-imaging-basic-example-useOfModality" </p><p style="margin-bottom: 0px">Profile: <a href="StructureDefinition-be-referralprescription-diagnosticimaging.html">BeReferralPrescriptionDiagnosticImaging</a></p></div><p><b>BeFeedbackToPrescriber</b>: true</p><p><b>BeValidityPeriod</b>: 2020-01-01 --&gt; 2021-01-01</p><p><b>Reason for current status</b>: In progress <span style="background: LightGoldenRodYellow; margin: 4px; border: 1px solid khaki"> (<a href="CodeSystem-be-prescription-status-reason.html">BePrescriptionStatusReason</a>#inProgress)</span></p><p><b>status</b>: active</p><p><b>intent</b>: order</p><p><b>category</b>: Clinical imaging <span style="background: LightGoldenRodYellow; margin: 4px; border: 1px solid khaki"> (<a href="https://browser.ihtsdotools.org/">SNOMED CT</a>#363679005)</span></p><p><b>priority</b>: routine</p><p><b>code</b>: Rx + echo rechtervoet <span style="background: LightGoldenRodYellow; margin: 4px; border: 1px solid khaki"> ()</span></p><p><b>orderDetail</b>: Digital Radiography <span style="background: LightGoldenRodYellow; margin: 4px; border: 1px solid khaki"> (<a href="http://hl7.org/fhir/R4/codesystem-dicom-dcim.html">DICOM</a>#DX)</span>, Ultrasound <span style="background: LightGoldenRodYellow; margin: 4px; border: 1px solid khaki"> (<a href="http://hl7.org/fhir/R4/codesystem-dicom-dcim.html">DICOM</a>#US)</span></p><p><b>subject</b>: <a name="patient1"> </a></p><blockquote><p></p><p><a name="patient1"> </a></p><p><b>identifier</b>: id: 9999999999(use: OFFICIAL)</p><p><b>name</b>: Jane Doe </p><p><b>gender</b>: female</p><p><b>birthDate</b>: 1956-05-27</p></blockquote><p><b>authoredOn</b>: 2022-01-01</p><p><b>requester</b>: <a name="practitioner1"> </a></p><blockquote><p></p><p><a name="practitioner1"> </a></p><p><b>identifier</b>: id: 8888888888(use: OFFICIAL)</p><p><b>name</b>: Leonard McCoy (OFFICIAL), Bones (NICKNAME)</p></blockquote><p><b>reasonCode</b>: Fractuur? Ligamentair letsel? <span style="background: LightGoldenRodYellow; margin: 4px; border: 1px solid khaki"> ()</span></p><p><b>supportingInfo</b>: <a href="Condition-condition1.html">Condition/condition1</a></p><p><b>bodySite</b>: The right foot <span style="background: LightGoldenRodYellow; margin: 4px; border: 1px solid khaki"> (<a href="https://browser.ihtsdotools.org/">SNOMED CT</a>#7769000 "Structure of right foot (body structure)")</span></p><hr/><blockquote><p style="border: 1px #661aff solid; background-color: #e6e6ff; padding: 10px;"><b>Jane Doe </b> female, DoB: 1956-05-27 ( id: 9999999999(use: OFFICIAL))</p><hr/></blockquote><hr/><blockquote><p><b>Generated Narrative: Practitioner #practitioner1</b><a name="practitioner1"> </a></p><p><b>identifier</b>: id: 8888888888(use: OFFICIAL)</p><p><b>name</b>: Leonard McCoy (OFFICIAL), Bones (NICKNAME)</p></blockquote></div>
  </text>
  <contained>
    <Patient>
      <id value="patient1"/>
      <meta>
        <profile value="https://www.ehealth.fgov.be/standards/fhir/core/StructureDefinition/be-patient"/>
      </meta>
      <identifier>
        <use value="official"/>
        <system value="https://www.ehealth.fgov.be/standards/fhir/core/NamingSystem/ssin"/>
        <value value="9999999999"/>
      </identifier>
      <name>
        <family value="Doe"/>
        <given value="Jane"/>
      </name>
      <gender value="female"/>
      <birthDate value="1956-05-27"/>
    </Patient>
  </contained>
  <contained>
    <Practitioner>
      <id value="practitioner1"/>
      <meta>
        <profile value="https://www.ehealth.fgov.be/standards/fhir/core/StructureDefinition/be-practitioner"/>
      </meta>
      <identifier>
        <use value="official"/>
        <system value="https://www.ehealth.fgov.be/standards/fhir/core/NamingSystem/nihdi"/>
        <value value="8888888888"/>
      </identifier>
      <name>
        <use value="official"/>
        <family value="McCoy"/>
        <given value="Leonard"/>
      </name>
      <name>
        <use value="nickname"/>
        <given value="Bones"/>
      </name>
    </Practitioner>
  </contained>
  <extension url="https://www.ehealth.fgov.be/standards/fhir/referral/StructureDefinition/be-ext-feedback-to-prescriber">
    <valueBoolean value="true"/>
  </extension>
  <extension url="https://www.ehealth.fgov.be/standards/fhir/referral/StructureDefinition/be-ext-validity-period">
    <valuePeriod>
      <start value="2020-01-01"/>
      <end value="2021-01-01"/>
    </valuePeriod>
  </extension>
  <extension url="http://hl7.org/fhir/StructureDefinition/request-statusReason">
    <valueCodeableConcept>
      <coding>
        <system value="https://www.ehealth.fgov.be/standards/fhir/referral/CodeSystem/be-prescription-status-reason"/>
        <code value="inProgress"/>
        <display value="In progress"/>
      </coding>
    </valueCodeableConcept>
  </extension>
  <modifierExtension url="https://www.ehealth.fgov.be/standards/fhir/referral/StructureDefinition/be-ext-contraindication">
    <valueCodeableConcept>
      <coding>
        <system value="http://terminology.hl7.org/CodeSystem/v3-NullFlavor"/>
        <code value="ASKU"/>
        <display value="asked but unknown"/>
      </coding>
    </valueCodeableConcept>
  </modifierExtension>
  <modifierExtension url="https://www.ehealth.fgov.be/standards/fhir/referral/StructureDefinition/be-ext-contrastfluiduse">
    <valueCode value="if-necessary"/>
  </modifierExtension>
  <status value="active"/>
  <intent value="order"/>
  <category>
    <coding>
      <system value="http://snomed.info/sct"/>
      <code value="363679005"/>
      <display value="Clinical imaging"/>
    </coding>
  </category>
  <priority value="routine"/>
  <code>
    <text value="Rx + echo rechtervoet"/>
  </code>
  <orderDetail>
    <coding>
      <system value="http://dicom.nema.org/resources/ontology/DCM"/>
      <code value="DX"/>
    </coding>
  </orderDetail>
  <orderDetail>
    <coding>
      <system value="http://dicom.nema.org/resources/ontology/DCM"/>
      <code value="US"/>
      <display value="Ultrasound"/>
    </coding>
  </orderDetail>
  <subject>
    <reference value="#patient1"/>
  </subject>
  <authoredOn value="2022-01-01"/>
  <requester>
    <reference value="#practitioner1"/>
  </requester>
  <reasonCode>
    <text value="Fractuur? Ligamentair letsel?"/>
  </reasonCode>
  <supportingInfo>
    <reference value="Condition/condition1"/>
  </supportingInfo>
  <bodySite>
    <coding>
      <system value="http://snomed.info/sct"/>
      <code value="7769000"/>
      <display value="Structure of right foot (body structure)"/>
    </coding>
    <text value="The right foot"/>
  </bodySite>
</ServiceRequest>