<?xml version="1.0" encoding="UTF-8"?>

<ServiceRequest xmlns="http://hl7.org/fhir">
  <id value="ucgh211-1"/>
  <meta>
    <profile value="https://www.ehealth.fgov.be/standards/fhir/referral/StructureDefinition/be-referralprescription-nursing"/>
  </meta>
  <text>
    <status value="extensions"/><div xmlns="http://www.w3.org/1999/xhtml"><p><b>Generated Narrative: ServiceRequest</b><a name="ucgh211-1"> </a><a name="hcucgh211-1"> </a></p><div style="display: inline-block; background-color: #d9e0e7; padding: 6px; margin: 4px; border: 1px solid #8da1b4; border-radius: 5px; line-height: 60%"><p style="margin-bottom: 0px">Resource ServiceRequest &quot;ucgh211-1&quot; </p><p style="margin-bottom: 0px">Profile: <a href="StructureDefinition-be-referralprescription-nursing.html">BeReferralPrescriptionNursing</a></p></div><p><b>BeFeedbackToPrescriber</b>: true</p><p><b>BeValidityPeriod</b>: 2022-10-03 --&gt; 2023-04-03</p><p><b>Reason for current status</b>: In progress <span style="background: LightGoldenRodYellow; margin: 4px; border: 1px solid khaki"> (<a href="CodeSystem-be-prescription-status-reason.html">BePrescriptionStatusReason</a>#inProgress)</span></p><p><b>BePerformerType</b>: orthotist <span style="background: LightGoldenRodYellow; margin: 4px; border: 1px solid khaki"> (<a href="https://build.fhir.org/ig/hl7-be/core//CodeSystem-cd-hcparty.html">BeCdHcParty</a>#persorthotist)</span></p><blockquote><p><b>BeCoPrescriberInfo</b></p><blockquote><p><b>url</b></p><code>coprescriberNumber</code></blockquote><p><b>value</b>: 2</p><blockquote><p><b>url</b></p><a href="StructureDefinition-be-co-prescriber.html">BeCoPrescriber</a></blockquote><blockquote><p><b>url</b></p><a href="StructureDefinition-be-co-prescriber.html">BeCoPrescriber</a></blockquote><blockquote><p><b>url</b></p><a href="StructureDefinition-be-co-prescriber.html">BeCoPrescriber</a></blockquote><blockquote><p><b>url</b></p><a href="StructureDefinition-be-co-prescriber.html">BeCoPrescriber</a></blockquote></blockquote><p><b>status</b>: active</p><p><b>intent</b>: order</p><p><b>category</b>: Nursing procedure <span style="background: LightGoldenRodYellow; margin: 4px; border: 1px solid khaki"> (<a href="https://browser.ihtsdotools.org/">SNOMED CT[BE]</a>#9632001)</span></p><p><b>priority</b>: routine</p><p><b>code</b>: Provision of specialist static seating <span style="background: LightGoldenRodYellow; margin: 4px; border: 1px solid khaki"> (<a href="https://browser.ihtsdotools.org/">SNOMED CT[BE]</a>#761894009)</span></p><p><b>subject</b>: <span>BeSSINNamingSystem/38012699993</span></p><p><b>authoredOn</b>: 2022-10-03 00:00:00+0100</p><p><b>requester</b>: <span>BeNIHDINamingSystem/10829059004</span></p><p><b>reasonCode</b>: Scoliosis deformity of spine <span style="background: LightGoldenRodYellow; margin: 4px; border: 1px solid khaki"> (<a href="https://browser.ihtsdotools.org/">SNOMED CT[BE]</a>#298382003)</span></p><hr/><blockquote><p><b>Generated Narrative: PractitionerRole #ucgh211-1-1</b><a name="ucgh211-1-1"> </a><a name="hcucgh211-1-1"> </a></p><p><b>active</b>: true</p><p><b>practitioner</b>: <span>BeNIHDINamingSystem/52104044521</span></p><p><b>code</b>: physiotherapist <span style="background: LightGoldenRodYellow; margin: 4px; border: 1px solid khaki"> (<a href="https://build.fhir.org/ig/hl7-be/core//CodeSystem-cd-hcparty.html">BeCdHcParty</a>#persphysiotherapist)</span></p></blockquote><hr/><blockquote><p><b>Generated Narrative: PractitionerRole #ucgh211-1-2</b><a name="ucgh211-1-2"> </a><a name="hcucgh211-1-2"> </a></p><p><b>active</b>: true</p><p><b>practitioner</b>: <span>BeNIHDINamingSystem/65258234650</span></p><p><b>code</b>: occupational therapist <span style="background: LightGoldenRodYellow; margin: 4px; border: 1px solid khaki"> (<a href="https://build.fhir.org/ig/hl7-be/core//CodeSystem-cd-hcparty.html">BeCdHcParty</a>#persoccupationaltherapist)</span></p></blockquote><hr/><blockquote><p><b>Generated Narrative: PractitionerRole #ucgh211-1-3</b><a name="ucgh211-1-3"> </a><a name="hcucgh211-1-3"> </a></p><p><b>active</b>: true</p><p><b>code</b>: nurse <span style="background: LightGoldenRodYellow; margin: 4px; border: 1px solid khaki"> (<a href="https://build.fhir.org/ig/hl7-be/core//CodeSystem-cd-hcparty.html">BeCdHcParty</a>#persnurse)</span></p></blockquote><hr/><blockquote><p><b>Generated Narrative: PractitionerRole #ucgh211-1-4</b><a name="ucgh211-1-4"> </a><a name="hcucgh211-1-4"> </a></p><p><b>active</b>: true</p><p><b>code</b>: general practitioner <span style="background: LightGoldenRodYellow; margin: 4px; border: 1px solid khaki"> (<a href="https://build.fhir.org/ig/hl7-be/core//CodeSystem-cd-hcparty.html">BeCdHcParty</a>#persgeneralphysician)</span></p></blockquote></div>
  </text>
  <contained>
    <PractitionerRole>
      <id value="ucgh211-1-1"/>
      <meta>
        <profile value="https://www.ehealth.fgov.be/standards/fhir/core/StructureDefinition/be-practitionerrole"/>
      </meta>
      <active value="true"/>
      <practitioner>
        <identifier>
          <system value="https://www.ehealth.fgov.be/standards/fhir/core/NamingSystem/nihdi"/>
          <value value="52104044521"/>
        </identifier>
      </practitioner>
      <code>
        <coding>
          <system value="https://www.ehealth.fgov.be/standards/fhir/core/CodeSystem/cd-hcparty"/>
          <code value="persphysiotherapist"/>
        </coding>
      </code>
    </PractitionerRole>
  </contained>
  <contained>
    <PractitionerRole>
      <id value="ucgh211-1-2"/>
      <meta>
        <profile value="https://www.ehealth.fgov.be/standards/fhir/core/StructureDefinition/be-practitionerrole"/>
      </meta>
      <active value="true"/>
      <practitioner>
        <identifier>
          <system value="https://www.ehealth.fgov.be/standards/fhir/core/NamingSystem/nihdi"/>
          <value value="65258234650"/>
        </identifier>
      </practitioner>
      <code>
        <coding>
          <system value="https://www.ehealth.fgov.be/standards/fhir/core/CodeSystem/cd-hcparty"/>
          <code value="persoccupationaltherapist"/>
        </coding>
      </code>
    </PractitionerRole>
  </contained>
  <contained>
    <PractitionerRole>
      <id value="ucgh211-1-3"/>
      <meta>
        <profile value="https://www.ehealth.fgov.be/standards/fhir/core/StructureDefinition/be-practitionerrole"/>
      </meta>
      <active value="true"/>
      <code>
        <coding>
          <system value="https://www.ehealth.fgov.be/standards/fhir/core/CodeSystem/cd-hcparty"/>
          <code value="persnurse"/>
        </coding>
      </code>
    </PractitionerRole>
  </contained>
  <contained>
    <PractitionerRole>
      <id value="ucgh211-1-4"/>
      <meta>
        <profile value="https://www.ehealth.fgov.be/standards/fhir/core/StructureDefinition/be-practitionerrole"/>
      </meta>
      <active value="true"/>
      <code>
        <coding>
          <system value="https://www.ehealth.fgov.be/standards/fhir/core/CodeSystem/cd-hcparty"/>
          <code value="persgeneralphysician"/>
        </coding>
      </code>
    </PractitionerRole>
  </contained>
  <extension url="https://www.ehealth.fgov.be/standards/fhir/referral/StructureDefinition/be-ext-feedback-to-prescriber">
    <valueBoolean value="true"/>
  </extension>
  <extension url="https://www.ehealth.fgov.be/standards/fhir/referral/StructureDefinition/be-ext-validity-period">
    <valuePeriod>
      <start value="2022-10-03"/>
      <end value="2023-04-03"/>
    </valuePeriod>
  </extension>
  <extension url="http://hl7.org/fhir/StructureDefinition/request-statusReason">
    <valueCodeableConcept>
      <coding>
        <system value="https://www.ehealth.fgov.be/standards/fhir/referral/CodeSystem/be-prescription-status-reason"/>
        <code value="inProgress"/>
        <display value="In progress"/>
      </coding>
    </valueCodeableConcept>
  </extension>
  <extension url="https://www.ehealth.fgov.be/standards/fhir/referral/StructureDefinition/be-ext-performer-type">
    <valueCodeableConcept>
      <coding>
        <system value="https://www.ehealth.fgov.be/standards/fhir/core/CodeSystem/cd-hcparty"/>
        <code value="persorthotist"/>
      </coding>
    </valueCodeableConcept>
  </extension>
  <extension url="https://www.ehealth.fgov.be/standards/fhir/referral/StructureDefinition/be-co-prescriber-info">
    <extension url="coprescriberNumber">
      <valuePositiveInt value="2"/>
    </extension>
    <extension url="https://www.ehealth.fgov.be/standards/fhir/referral/StructureDefinition/be-co-prescriber">
      <extension url="coprescriber">
        <valueReference>
          <reference value="#ucgh211-1-1"/>
        </valueReference>
      </extension>
      <extension url="coprescriptionStatus">
        <valueCodeableConcept>
          <coding>
            <system value="http://hl7.org/fhir/task-status"/>
            <code value="requested"/>
          </coding>
        </valueCodeableConcept>
      </extension>
      <extension url="required">
        <valueCodeableConcept>
          <coding>
            <system value="https://www.ehealth.fgov.be/standards/fhir/referral/CodeSystem/be-cs-co-prescriber-choice"/>
            <code value="one-of-mandatory"/>
          </coding>
        </valueCodeableConcept>
      </extension>
    </extension>
    <extension url="https://www.ehealth.fgov.be/standards/fhir/referral/StructureDefinition/be-co-prescriber">
      <extension url="coprescriber">
        <valueReference>
          <reference value="#ucgh211-1-2"/>
        </valueReference>
      </extension>
      <extension url="coprescriptionStatus">
        <valueCodeableConcept>
          <coding>
            <system value="http://hl7.org/fhir/task-status"/>
            <code value="requested"/>
          </coding>
        </valueCodeableConcept>
      </extension>
      <extension url="required">
        <valueCodeableConcept>
          <coding>
            <system value="https://www.ehealth.fgov.be/standards/fhir/referral/CodeSystem/be-cs-co-prescriber-choice"/>
            <code value="one-of-mandatory"/>
          </coding>
        </valueCodeableConcept>
      </extension>
    </extension>
    <extension url="https://www.ehealth.fgov.be/standards/fhir/referral/StructureDefinition/be-co-prescriber">
      <extension url="coprescriber">
        <valueReference>
          <reference value="#ucgh211-1-3"/>
        </valueReference>
      </extension>
      <extension url="coprescriptionStatus">
        <valueCodeableConcept>
          <coding>
            <system value="http://hl7.org/fhir/task-status"/>
            <code value="requested"/>
          </coding>
        </valueCodeableConcept>
      </extension>
      <extension url="required">
        <valueCodeableConcept>
          <coding>
            <system value="https://www.ehealth.fgov.be/standards/fhir/referral/CodeSystem/be-cs-co-prescriber-choice"/>
            <code value="one-of-mandatory"/>
          </coding>
        </valueCodeableConcept>
      </extension>
    </extension>
    <extension url="https://www.ehealth.fgov.be/standards/fhir/referral/StructureDefinition/be-co-prescriber">
      <extension url="coprescriber">
        <valueReference>
          <reference value="#ucgh211-1-4"/>
        </valueReference>
      </extension>
      <extension url="coprescriptionStatus">
        <valueCodeableConcept>
          <coding>
            <system value="http://hl7.org/fhir/task-status"/>
            <code value="requested"/>
          </coding>
        </valueCodeableConcept>
      </extension>
      <extension url="required">
        <valueCodeableConcept>
          <coding>
            <system value="https://www.ehealth.fgov.be/standards/fhir/referral/CodeSystem/be-cs-co-prescriber-choice"/>
            <code value="one-of-mandatory"/>
          </coding>
        </valueCodeableConcept>
      </extension>
    </extension>
  </extension>
  <status value="active"/>
  <intent value="order"/>
  <category>
    <coding>
      <system value="http://snomed.info/sct"/>
      <version value="http://snomed.info/sct/11000172109"/>
      <code value="9632001"/>
    </coding>
  </category>
  <priority value="routine"/>
  <code>
    <coding>
      <system value="http://snomed.info/sct"/>
      <version value="http://snomed.info/sct/11000172109"/>
      <code value="761894009"/>
    </coding>
  </code>
  <subject>
    <identifier>
      <system value="https://www.ehealth.fgov.be/standards/fhir/core/NamingSystem/ssin"/>
      <value value="38012699993"/>
    </identifier>
  </subject>
  <authoredOn value="2022-10-03T00:00:00+01:00"/>
  <requester>
    <identifier>
      <system value="https://www.ehealth.fgov.be/standards/fhir/core/NamingSystem/nihdi"/>
      <value value="10829059004"/>
    </identifier>
  </requester>
  <reasonCode>
    <coding>
      <system value="http://snomed.info/sct"/>
      <version value="http://snomed.info/sct/11000172109"/>
      <code value="298382003"/>
    </coding>
  </reasonCode>
</ServiceRequest>