<?xml version="1.0" encoding="UTF-8"?>

<ServiceRequest xmlns="http://hl7.org/fhir">
  <id value="diagnostic-imaging-basic-example-everything-contained"/>
  <meta>
    <profile value="https://www.ehealth.fgov.be/standards/fhir/referral/StructureDefinition/be-referralprescription-diagnosticimaging"/>
  </meta>
  <text>
    <status value="extensions"/><div xmlns="http://www.w3.org/1999/xhtml"><p><b>Generated Narrative: ServiceRequest</b><a name="diagnostic-imaging-basic-example-everything-contained"> </a></p><div style="display: inline-block; background-color: #d9e0e7; padding: 6px; margin: 4px; border: 1px solid #8da1b4; border-radius: 5px; line-height: 60%"><p style="margin-bottom: 0px">Resource ServiceRequest "diagnostic-imaging-basic-example-everything-contained" </p><p style="margin-bottom: 0px">Profile: <a href="StructureDefinition-be-referralprescription-diagnosticimaging.html">BeReferralPrescriptionDiagnosticImaging</a></p></div><p><b>BeValidityPeriod</b>: 2020-01-01 --&gt; 2021-01-01</p><p><b>Reason for current status</b>: Other <span style="background: LightGoldenRodYellow; margin: 4px; border: 1px solid khaki"> (<a href="CodeSystem-be-prescription-status-reason.html">BePrescriptionStatusReason</a>#inProgress)</span></p><p><b>BeSupportingInfo</b>: Some relevant supporting information</p><p><b>status</b>: active</p><p><b>intent</b>: order</p><p><b>category</b>: Clinical imaging <span style="background: LightGoldenRodYellow; margin: 4px; border: 1px solid khaki"> (<a href="https://browser.ihtsdotools.org/">SNOMED CT</a>#363679005)</span></p><p><b>priority</b>: routine</p><p><b>code</b>: Some suggestion of what to do (this could also be expressed in a coding system) <span style="background: LightGoldenRodYellow; margin: 4px; border: 1px solid khaki"> ()</span></p><p><b>subject</b>: <a name="patient1"> </a></p><blockquote><p></p><p><a name="patient1"> </a></p><p><b>identifier</b>: id: 9999999999 (OFFICIAL)</p><p><b>name</b>: Jane Doe </p><p><b>gender</b>: female</p><p><b>birthDate</b>: 1956-05-27</p></blockquote><p><b>authoredOn</b>: 2020-01-01</p><p><b>requester</b>: <a name="Requester1"> </a></p><blockquote><p></p><p><a name="Requester1"> </a></p><p><b>identifier</b>: id: 8888888888 (OFFICIAL)</p><p><b>name</b>: Henry Seven (OFFICIAL)</p></blockquote><p><b>performer</b>: </p><ul><li><a href="PractitionerRole-practitionerrole1.html">PractitionerRole/practitionerrole1</a></li><li><a href="PractitionerRole-practitionerrole1.html">PractitionerRole/practitionerrole1</a></li></ul><p><b>reasonCode</b>: Patient mobility problems. Possibly arthritis of knee <span style="background: LightGoldenRodYellow; margin: 4px; border: 1px solid khaki"> (<a href="https://browser.ihtsdotools.org/">SNOMED CT</a>#371081002 "Arthritis of knee")</span></p></div>
  </text>
  <contained>
    <Patient>
      <id value="patient1"/>
      <meta>
        <profile value="https://www.ehealth.fgov.be/standards/fhir/core/StructureDefinition/be-patient"/>
      </meta>
      <identifier>
        <use value="official"/>
        <system value="https://www.ehealth.fgov.be/standards/fhir/core/NamingSystem/ssin"/>
        <value value="9999999999"/>
      </identifier>
      <name>
        <family value="Doe"/>
        <given value="Jane"/>
      </name>
      <gender value="female"/>
      <birthDate value="1956-05-27"/>
    </Patient>
  </contained>
  <contained>
    <Practitioner>
      <id value="Requester1"/>
      <meta>
        <profile value="https://www.ehealth.fgov.be/standards/fhir/core/StructureDefinition/be-practitioner"/>
      </meta>
      <identifier>
        <use value="official"/>
        <system value="https://www.ehealth.fgov.be/standards/fhir/core/NamingSystem/nihdi"/>
        <value value="8888888888"/>
      </identifier>
      <name>
        <use value="official"/>
        <family value="Seven"/>
        <given value="Henry"/>
      </name>
    </Practitioner>
  </contained>
  <contained>
    <Practitioner>
      <id value="Performer1"/>
      <meta>
        <profile value="https://www.ehealth.fgov.be/standards/fhir/core/StructureDefinition/be-practitioner"/>
      </meta>
      <identifier>
        <use value="official"/>
        <system value="https://www.ehealth.fgov.be/standards/fhir/core/NamingSystem/nihdi"/>
        <value value="9876543210"/>
      </identifier>
      <name>
        <use value="official"/>
        <family value="Lisa"/>
        <given value="Hermans"/>
      </name>
    </Practitioner>
  </contained>
  <extension url="https://www.ehealth.fgov.be/standards/fhir/referral/StructureDefinition/be-ext-validity-period">
    <valuePeriod>
      <start value="2020-01-01"/>
      <end value="2021-01-01"/>
    </valuePeriod>
  </extension>
  <extension url="http://hl7.org/fhir/StructureDefinition/request-statusReason">
    <valueCodeableConcept>
      <coding>
        <system value="https://www.ehealth.fgov.be/standards/fhir/referral/CodeSystem/be-prescription-status-reason"/>
        <code value="inProgress"/>
        <display value="Other"/>
      </coding>
    </valueCodeableConcept>
  </extension>
  <extension url="https://www.ehealth.fgov.be/standards/fhir/referral/StructureDefinition/be-ext-supporting-info">
    <valueAnnotation>
      <text value="Some relevant supporting information"/>
    </valueAnnotation>
  </extension>
  <modifierExtension url="https://www.ehealth.fgov.be/standards/fhir/referral/StructureDefinition/be-ext-contraindication">
    <valueAnnotation>
      <text value="Patient has serious kidney problems."/>
    </valueAnnotation>
  </modifierExtension>
  <status value="active"/>
  <intent value="order"/>
  <category>
    <coding>
      <system value="http://snomed.info/sct"/>
      <code value="363679005"/>
      <display value="Clinical imaging"/>
    </coding>
  </category>
  <priority value="routine"/>
  <code>
    <text value="Some suggestion of what to do (this could also be expressed in a coding system)"/>
  </code>
  <subject>
    <reference value="#patient1"/>
  </subject>
  <authoredOn value="2020-01-01"/>
  <requester>
    <reference value="#Requester1"/>
  </requester>
  <performer>
    <reference value="PractitionerRole/practitionerrole1"/>
  </performer>
  <performer>
    <reference value="PractitionerRole/practitionerrole1"/>
  </performer>
  <reasonCode>
    <coding>
      <system value="http://snomed.info/sct"/>
      <code value="371081002"/>
      <display value="Arthritis of knee"/>
    </coding>
    <text value="Patient mobility problems. Possibly arthritis of knee"/>
  </reasonCode>
</ServiceRequest>