<?xml version="1.0" encoding="UTF-8"?>

<ServiceRequest xmlns="http://hl7.org/fhir">
  <id value="example01-care02-colon-cleansing"/>
  <meta>
    <profile value="https://www.ehealth.fgov.be/standards/fhir/referral/StructureDefinition/be-referralprescription-nursing"/>
  </meta>
  <text>
    <status value="extensions"/><div xmlns="http://www.w3.org/1999/xhtml"><p><b>Generated Narrative: ServiceRequest</b><a name="example01-care02-colon-cleansing"> </a></p><div style="display: inline-block; background-color: #d9e0e7; padding: 6px; margin: 4px; border: 1px solid #8da1b4; border-radius: 5px; line-height: 60%"><p style="margin-bottom: 0px">Resource ServiceRequest "example01-care02-colon-cleansing" </p><p style="margin-bottom: 0px">Profile: <a href="StructureDefinition-be-referralprescription-nursing.html">BeReferralPrescriptionNursing</a></p></div><p><b>BeFeedbackToPrescriber</b>: true</p><p><b>BeValidityPeriod</b>: 2020-01-01 --&gt; 2021-01-01</p><p><b>Reason for current status</b>: In progress <span style="background: LightGoldenRodYellow; margin: 4px; border: 1px solid khaki"> (<a href="CodeSystem-be-prescription-status-reason.html">BePrescriptionStatusReason</a>#inProgress)</span></p><p><b>BeTaskReference</b>: <a name="referral-task"> </a></p><blockquote><p></p><p><a name="referral-task"> </a></p><p><b>status</b>: draft</p><p><b>intent</b>: order</p><h3>Inputs</h3><table class="grid"><tr><td>-</td><td><b>Type</b></td><td><b>Value[x]</b></td></tr><tr><td>*</td><td>After <span style="background: LightGoldenRodYellow; margin: 4px; border: 1px solid khaki"> (<a href="https://browser.ihtsdotools.org/">SNOMED CT</a>#255234002)</span></td><td><a href="MedicationRequest-example01-care03-referralprescription-nursing-medication.html">MedicationRequest/example01-care03-referralprescription-nursing-medication</a></td></tr></table></blockquote><p><b>BePerformerTaskReference</b>: <a name="performer-task"> </a></p><blockquote><p></p><p><a name="performer-task"> </a></p><p><b>partOf</b>: <a href="#referral-task">#referral-task</a></p><p><b>status</b>: draft</p><p><b>intent</b>: order</p><p><b>executionPeriod</b>: ?? --&gt; (ongoing)</p><p><b>owner</b>: <a href="#practitionerrole1">#practitionerrole1</a></p></blockquote><p><b>status</b>: active</p><p><b>intent</b>: order</p><p><b>category</b>: Nursing procedure <span style="background: LightGoldenRodYellow; margin: 4px; border: 1px solid khaki"> (<a href="https://browser.ihtsdotools.org/">SNOMED CT</a>#9632001)</span></p><p><b>priority</b>: routine</p><p><b>code</b>: Digestive system care <span style="background: LightGoldenRodYellow; margin: 4px; border: 1px solid khaki"> (<a href="CodeSystem-be-cs-nursing-code.html">BeNursingCode</a>#digestive-system-care)</span></p><p><b>orderDetail</b>: colonic-cleansing <span style="background: LightGoldenRodYellow; margin: 4px; border: 1px solid khaki"> (be-cs-digestive-system-care#colonic-cleansing)</span></p><p><b>subject</b>: <a name="patient1"> </a></p><blockquote><p></p><p><a name="patient1"> </a></p><p><b>identifier</b>: id: 9999999999(use: OFFICIAL)</p><p><b>name</b>: Jane Doe </p><p><b>gender</b>: female</p><p><b>birthDate</b>: 1956-05-27</p></blockquote><p><b>occurrence</b>: Do Once per 1 days</p><p><b>authoredOn</b>: 2020-01-01</p><p><b>requester</b>: <a name="Requester1"> </a></p><blockquote><p></p><p><a name="Requester1"> </a></p><p><b>identifier</b>: id: 8888888888(use: OFFICIAL)</p><p><b>name</b>: Leonard McCoy (OFFICIAL), Bones (NICKNAME)</p></blockquote><p><b>performer</b>: <a name="practitionerrole1"> </a></p><blockquote><p></p><p><a name="practitionerrole1"> </a></p><p><b>identifier</b>: id: 23</p><p><b>active</b>: true</p><p><b>period</b>: 2019-08-01 12:00:00+0000 --&gt; 2019-12-01 12:00:00+0000</p><p><b>practitioner</b>: <a href="#Performer1">#Performer1: Dr Katherine Pulaski</a></p><p><b>code</b>: physician <span style="background: LightGoldenRodYellow; margin: 4px; border: 1px solid khaki"> (<a href="https://www.ehealth.fgov.be/standards/fhir/core/2.0.0/CodeSystem-cd-hcparty.html">HCParty</a>#persphysician)</span></p><p><b>specialty</b>: Family practice <span style="background: LightGoldenRodYellow; margin: 4px; border: 1px solid khaki"> (<a href="https://browser.ihtsdotools.org/">SNOMED CT</a>#419772000)</span></p><blockquote><p><b>availableTime</b></p><p><b>daysOfWeek</b>: mon, tue, wed</p><p><b>availableStartTime</b>: 09:00:00</p><p><b>availableEndTime</b>: 16:30:00</p></blockquote><blockquote><p><b>availableTime</b></p><p><b>daysOfWeek</b>: thu, fri</p><p><b>availableStartTime</b>: 09:00:00</p><p><b>availableEndTime</b>: 12:00:00</p></blockquote><h3>NotAvailables</h3><table class="grid"><tr><td>-</td><td><b>Description</b></td><td><b>During</b></td></tr><tr><td>*</td><td>Katherine will be on extended leave during August 2020</td><td>2020-08-01 12:00:00+0000 --&gt; 2020-08-20 12:00:00+0000</td></tr></table><p><b>availabilityExceptions</b>: Katherine is generally unavailable on public holidays and during the Christmas/New Year break</p></blockquote><p><b>reasonCode</b>: reason <span style="background: LightGoldenRodYellow; margin: 4px; border: 1px solid khaki"> ()</span></p><hr/><blockquote><p><b>Generated Narrative: Task #referral-task</b><a name="referral-task"> </a></p><p><b>status</b>: draft</p><p><b>intent</b>: order</p><h3>Inputs</h3><table class="grid"><tr><td>-</td><td><b>Type</b></td><td><b>Value[x]</b></td></tr><tr><td>*</td><td>After <span style="background: LightGoldenRodYellow; margin: 4px; border: 1px solid khaki"> (<a href="https://browser.ihtsdotools.org/">SNOMED CT</a>#255234002)</span></td><td><a href="MedicationRequest-example01-care03-referralprescription-nursing-medication.html">MedicationRequest/example01-care03-referralprescription-nursing-medication</a></td></tr></table></blockquote><hr/><blockquote><p><b>Generated Narrative: Task #performer-task</b><a name="performer-task"> </a></p><p><b>partOf</b>: <a href="#referral-task">#referral-task</a></p><p><b>status</b>: draft</p><p><b>intent</b>: order</p><p><b>executionPeriod</b>: ?? --&gt; (ongoing)</p><p><b>owner</b>: <a href="#practitionerrole1">#practitionerrole1</a></p></blockquote><hr/><blockquote><p style="border: 1px #661aff solid; background-color: #e6e6ff; padding: 10px;"><b>Jane Doe </b> female, DoB: 1956-05-27 ( id: 9999999999(use: OFFICIAL))</p><hr/></blockquote><hr/><blockquote><p><b>Generated Narrative: Practitioner #Requester1</b><a name="Requester1"> </a></p><p><b>identifier</b>: id: 8888888888(use: OFFICIAL)</p><p><b>name</b>: Leonard McCoy (OFFICIAL), Bones (NICKNAME)</p></blockquote><hr/><blockquote><p><b>Generated Narrative: PractitionerRole #practitionerrole1</b><a name="practitionerrole1"> </a></p><p><b>identifier</b>: id: 23</p><p><b>active</b>: true</p><p><b>period</b>: 2019-08-01 12:00:00+0000 --&gt; 2019-12-01 12:00:00+0000</p><p><b>practitioner</b>: <a href="#Performer1">#Performer1: Dr Katherine Pulaski</a></p><p><b>code</b>: physician <span style="background: LightGoldenRodYellow; margin: 4px; border: 1px solid khaki"> (<a href="https://www.ehealth.fgov.be/standards/fhir/core/2.0.0/CodeSystem-cd-hcparty.html">HCParty</a>#persphysician)</span></p><p><b>specialty</b>: Family practice <span style="background: LightGoldenRodYellow; margin: 4px; border: 1px solid khaki"> (<a href="https://browser.ihtsdotools.org/">SNOMED CT</a>#419772000)</span></p><blockquote><p><b>availableTime</b></p><p><b>daysOfWeek</b>: mon, tue, wed</p><p><b>availableStartTime</b>: 09:00:00</p><p><b>availableEndTime</b>: 16:30:00</p></blockquote><blockquote><p><b>availableTime</b></p><p><b>daysOfWeek</b>: thu, fri</p><p><b>availableStartTime</b>: 09:00:00</p><p><b>availableEndTime</b>: 12:00:00</p></blockquote><h3>NotAvailables</h3><table class="grid"><tr><td>-</td><td><b>Description</b></td><td><b>During</b></td></tr><tr><td>*</td><td>Katherine will be on extended leave during August 2020</td><td>2020-08-01 12:00:00+0000 --&gt; 2020-08-20 12:00:00+0000</td></tr></table><p><b>availabilityExceptions</b>: Katherine is generally unavailable on public holidays and during the Christmas/New Year break</p></blockquote><hr/><blockquote><p><b>Generated Narrative: Practitioner #Performer1</b><a name="Performer1"> </a></p><p><b>identifier</b>: id: 9876543210(use: OFFICIAL)</p><p><b>name</b>: Hermans Lisa (OFFICIAL)</p></blockquote></div>
  </text>
  <contained>
    <Task>
      <id value="referral-task"/>
      <meta>
        <profile value="https://www.ehealth.fgov.be/standards/fhir/referral/StructureDefinition/be-referral-task"/>
      </meta>
      <status value="draft"/>
      <intent value="order"/>
      <input>
        <type>
          <coding>
            <system value="http://snomed.info/sct"/>
            <code value="255234002"/>
          </coding>
        </type>
        <valueReference>
          <reference value="MedicationRequest/example01-care03-referralprescription-nursing-medication"/>
        </valueReference>
      </input>
    </Task>
  </contained>
  <contained>
    <Task>
      <id value="performer-task"/>
      <meta>
        <profile value="https://www.ehealth.fgov.be/standards/fhir/referral/StructureDefinition/be-performer-task"/>
      </meta>
      <partOf>
        <reference value="#referral-task"/>
      </partOf>
      <status value="draft"/>
      <intent value="order"/>
      <executionPeriod id="1"/>
      <owner>
        <reference value="#practitionerrole1"/>
      </owner>
    </Task>
  </contained>
  <contained>
    <Patient>
      <id value="patient1"/>
      <meta>
        <profile value="https://www.ehealth.fgov.be/standards/fhir/core/StructureDefinition/be-patient"/>
      </meta>
      <identifier>
        <use value="official"/>
        <system value="https://www.ehealth.fgov.be/standards/fhir/core/NamingSystem/ssin"/>
        <value value="9999999999"/>
      </identifier>
      <name>
        <family value="Doe"/>
        <given value="Jane"/>
      </name>
      <gender value="female"/>
      <birthDate value="1956-05-27"/>
    </Patient>
  </contained>
  <contained>
    <Practitioner>
      <id value="Requester1"/>
      <meta>
        <profile value="https://www.ehealth.fgov.be/standards/fhir/core/StructureDefinition/be-practitioner"/>
      </meta>
      <identifier>
        <use value="official"/>
        <system value="https://www.ehealth.fgov.be/standards/fhir/core/NamingSystem/nihdi"/>
        <value value="8888888888"/>
      </identifier>
      <name>
        <use value="official"/>
        <family value="McCoy"/>
        <given value="Leonard"/>
      </name>
      <name>
        <use value="nickname"/>
        <given value="Bones"/>
      </name>
    </Practitioner>
  </contained>
  <contained>
    <PractitionerRole>
      <id value="practitionerrole1"/>
      <meta>
        <profile value="https://www.ehealth.fgov.be/standards/fhir/core/StructureDefinition/be-practitionerrole"/>
      </meta>
      <identifier>
        <system value="http://www.acme.org/practitioners"/>
        <value value="23"/>
      </identifier>
      <active value="true"/>
      <period>
        <start value="2019-08-01T00:00:00.000Z"/>
        <end value="2019-12-01T00:00:00.000Z"/>
      </period>
      <practitioner>
        <reference value="#Performer1"/>
        <display value="Dr Katherine Pulaski"/>
      </practitioner>
      <code>
        <coding>
          <system value="https://www.ehealth.fgov.be/standards/fhir/core/CodeSystem/cd-hcparty"/>
          <code value="persphysician"/>
          <display value="physician"/>
        </coding>
      </code>
      <specialty>
        <coding>
          <system value="http://snomed.info/sct"/>
          <code value="419772000"/>
          <display value="Family practice"/>
        </coding>
      </specialty>
      <availableTime>
        <daysOfWeek value="mon"/>
        <daysOfWeek value="tue"/>
        <daysOfWeek value="wed"/>
        <availableStartTime value="09:00:00"/>
        <availableEndTime value="16:30:00"/>
      </availableTime>
      <availableTime>
        <daysOfWeek value="thu"/>
        <daysOfWeek value="fri"/>
        <availableStartTime value="09:00:00"/>
        <availableEndTime value="12:00:00"/>
      </availableTime>
      <notAvailable>
        <description value="Katherine will be on extended leave during August 2020"/>
        <during>
          <start value="2020-08-01T00:00:00.000Z"/>
          <end value="2020-08-20T00:00:00.000Z"/>
        </during>
      </notAvailable>
      <availabilityExceptions value="Katherine is generally unavailable on public holidays and during the Christmas/New Year break"/>
    </PractitionerRole>
  </contained>
  <contained>
    <Practitioner>
      <id value="Performer1"/>
      <meta>
        <profile value="https://www.ehealth.fgov.be/standards/fhir/core/StructureDefinition/be-practitioner"/>
      </meta>
      <identifier>
        <use value="official"/>
        <system value="https://www.ehealth.fgov.be/standards/fhir/core/NamingSystem/nihdi"/>
        <value value="9876543210"/>
      </identifier>
      <name>
        <use value="official"/>
        <family value="Lisa"/>
        <given value="Hermans"/>
      </name>
    </Practitioner>
  </contained>
  <extension url="https://www.ehealth.fgov.be/standards/fhir/referral/StructureDefinition/be-ext-feedback-to-prescriber">
    <valueBoolean value="true"/>
  </extension>
  <extension url="https://www.ehealth.fgov.be/standards/fhir/referral/StructureDefinition/be-ext-validity-period">
    <valuePeriod>
      <start value="2020-01-01"/>
      <end value="2021-01-01"/>
    </valuePeriod>
  </extension>
  <extension url="http://hl7.org/fhir/StructureDefinition/request-statusReason">
    <valueCodeableConcept>
      <coding>
        <system value="https://www.ehealth.fgov.be/standards/fhir/referral/CodeSystem/be-prescription-status-reason"/>
        <code value="inProgress"/>
        <display value="In progress"/>
      </coding>
    </valueCodeableConcept>
  </extension>
  <extension url="https://www.ehealth.fgov.be/standards/fhir/referral/StructureDefinition/be-ext-task-reference">
    <valueReference>
      <reference value="#referral-task"/>
    </valueReference>
  </extension>
  <extension url="https://www.ehealth.fgov.be/standards/fhir/referral/StructureDefinition/be-ext-performer-task-reference">
    <valueReference>
      <reference value="#performer-task"/>
    </valueReference>
  </extension>
  <status value="active"/>
  <intent value="order"/>
  <category>
    <coding>
      <system value="http://snomed.info/sct"/>
      <code value="9632001"/>
    </coding>
    <text value="Nursing procedure"/>
  </category>
  <priority value="routine"/>
  <code>
    <coding>
      <system value="https://www.ehealth.fgov.be/standards/fhir/referral/CodeSystem/be-cs-nursing-code"/>
      <code value="digestive-system-care"/>
    </coding>
  </code>
  <orderDetail>
    <coding>
      <system value="https://www.ehealth.fgov.be/standards/fhir/referral/CodeSystem/be-cs-digestive-system-care"/>
      <code value="colonic-cleansing"/>
    </coding>
  </orderDetail>
  <subject>
    <reference value="#patient1"/>
  </subject>
  <occurrenceTiming>
    <repeat>
      <frequency value="1"/>
      <period value="1"/>
      <periodUnit value="d"/>
    </repeat>
  </occurrenceTiming>
  <authoredOn value="2020-01-01"/>
  <requester>
    <reference value="#Requester1"/>
  </requester>
  <performer>
    <reference value="#practitionerrole1"/>
  </performer>
  <reasonCode>
    <text value="reason"/>
  </reasonCode>
</ServiceRequest>