<?xml version="1.0" encoding="UTF-8"?>

<StructureDefinition xmlns="http://hl7.org/fhir">
  <id value="be-model-physiotherapyprescription"/>
  <text>
    <status value="extensions"/><div xmlns="http://www.w3.org/1999/xhtml"><table border="0" cellpadding="0" cellspacing="0" style="border: 0px #F0F0F0 solid; font-size: 11px; font-family: verdana; vertical-align: top;"><tr style="border: 1px #F0F0F0 solid; font-size: 11px; font-family: verdana; vertical-align: top"><th style="vertical-align: top; text-align : left; background-color: white; border: 0px #F0F0F0 solid; padding:0px 4px 0px 4px" class="hierarchy"><a href="http://hl7.org/fhir/R4/formats.html#table" title="The logical name of the element">Name</a></th><th style="vertical-align: top; text-align : left; background-color: white; border: 0px #F0F0F0 solid; padding:0px 4px 0px 4px" class="hierarchy"><a href="http://hl7.org/fhir/R4/formats.html#table" title="Information about the use of the element">Flags</a></th><th style="vertical-align: top; text-align : left; background-color: white; border: 0px #F0F0F0 solid; padding:0px 4px 0px 4px" class="hierarchy"><a href="http://hl7.org/fhir/R4/formats.html#table" title="Minimum and Maximum # of times the the element can appear in the instance">Card.</a></th><th style="width: 100px" class="hierarchy"><a href="http://hl7.org/fhir/R4/formats.html#table" title="Reference to the type of the element">Type</a></th><th style="vertical-align: top; text-align : left; background-color: white; border: 0px #F0F0F0 solid; padding:0px 4px 0px 4px" class="hierarchy"><a href="http://hl7.org/fhir/R4/formats.html#table" title="Additional information about the element">Description &amp; Constraints</a><span style="float: right"><a href="http://hl7.org/fhir/R4/formats.html#table" title="Legend for this format"><img src="http://hl7.org/fhir/R4/help16.png" alt="doco" style="background-color: inherit"/></a></span></th></tr><tr style="border: 0px #F0F0F0 solid; padding:0px; vertical-align: top; background-color: white"><td style="vertical-align: top; text-align : left; background-color: white; border: 0px #F0F0F0 solid; padding:0px 4px 0px 4px; white-space: nowrap; background-image: url(tbl_bck1.png)" class="hierarchy"><img src="tbl_spacer.png" alt="." style="background-color: inherit" class="hierarchy"/><img src="icon_element.gif" alt="." style="background-color: white; background-color: inherit" title="Element" class="hierarchy"/> <a href="StructureDefinition-be-model-physiotherapyprescription-definitions.html#BePhysiotherapyPrescription">BePhysiotherapyPrescription</a><a name="BePhysiotherapyPrescription"> </a></td><td style="vertical-align: top; text-align : left; background-color: white; border: 0px #F0F0F0 solid; padding:0px 4px 0px 4px" class="hierarchy"/><td style="vertical-align: top; text-align : left; background-color: white; border: 0px #F0F0F0 solid; padding:0px 4px 0px 4px" class="hierarchy"><span style="opacity: 0.5">0</span><span style="opacity: 0.5">..</span><span style="opacity: 0.5">*</span></td><td style="vertical-align: top; text-align : left; background-color: white; border: 0px #F0F0F0 solid; padding:0px 4px 0px 4px" class="hierarchy"><a href="StructureDefinition-be-model-referralprescription.html">BeModelReferralPrescription</a></td><td style="vertical-align: top; text-align : left; background-color: white; border: 0px #F0F0F0 solid; padding:0px 4px 0px 4px" class="hierarchy"/></tr>
<tr style="border: 0px #F0F0F0 solid; padding:0px; vertical-align: top; background-color: #F7F7F7"><td style="vertical-align: top; text-align : left; background-color: #F7F7F7; border: 0px #F0F0F0 solid; padding:0px 4px 0px 4px; white-space: nowrap; background-image: url(tbl_bck00.png)" class="hierarchy"><img src="tbl_spacer.png" alt="." style="background-color: inherit" class="hierarchy"/><img src="tbl_vjoin_end.png" alt="." style="background-color: inherit" class="hierarchy"/><img src="icon_primitive.png" alt="." style="background-color: #F7F7F7; background-color: inherit" title="Primitive Data Type" class="hierarchy"/> <a href="StructureDefinition-be-model-physiotherapyprescription-definitions.html#BePhysiotherapyPrescription.numberOfSessions" title="Number of pt sessions that are prescribed">numberOfSessions</a><a name="BePhysiotherapyPrescription.numberOfSessions"> </a></td><td style="vertical-align: top; text-align : left; background-color: #F7F7F7; border: 0px #F0F0F0 solid; padding:0px 4px 0px 4px" class="hierarchy"/><td style="vertical-align: top; text-align : left; background-color: #F7F7F7; border: 0px #F0F0F0 solid; padding:0px 4px 0px 4px" class="hierarchy">0..1</td><td style="vertical-align: top; text-align : left; background-color: #F7F7F7; border: 0px #F0F0F0 solid; padding:0px 4px 0px 4px" class="hierarchy"><a href="http://hl7.org/fhir/R4/datatypes.html#integer">integer</a></td><td style="vertical-align: top; text-align : left; background-color: #F7F7F7; border: 0px #F0F0F0 solid; padding:0px 4px 0px 4px" class="hierarchy">Number of pt sessions that are prescribed</td></tr>
<tr><td colspan="5" class="hierarchy"><br/><a href="http://hl7.org/fhir/R4/formats.html#table" title="Legend for this format"><img src="http://hl7.org/fhir/R4/help16.png" alt="doco" style="background-color: inherit"/> Documentation for this format</a></td></tr></table></div>
  </text>
  <url value="https://www.ehealth.fgov.be/standards/fhir/referral/StructureDefinition/be-model-physiotherapyprescription"/>
  <version value="0.2.0"/>
  <name value="BePhysiotherapyPrescription"/>
  <status value="draft"/>
  <date value="2021-10-07T15:14:36+02:00"/>
  <publisher value="HL7 Belgium"/>
  <contact>
    <name value="HL7 Belgium"/>
    <telecom>
      <system value="url"/>
      <value value="http://hl7belgium.org"/>
    </telecom>
  </contact>
  <contact>
    <name value="Message-Structure"/>
    <telecom>
      <system value="email"/>
      <value value="message-structure@ehealth.fgov.be"/>
      <use value="work"/>
    </telecom>
  </contact>
  <jurisdiction>
    <coding>
      <system value="urn:iso:std:iso:3166"/>
      <code value="BE"/>
      <display value="Belgium"/>
    </coding>
  </jurisdiction>
  <fhirVersion value="4.0.1"/>
  <mapping>
    <identity value="rim"/>
    <uri value="http://hl7.org/v3"/>
    <name value="RIM Mapping"/>
  </mapping>
  <kind value="logical"/>
  <abstract value="false"/>
  <type value="BePhysiotherapyPrescription"/>
  <baseDefinition value="https://www.ehealth.fgov.be/standards/fhir/referral/StructureDefinition/be-model-referralprescription"/>
  <derivation value="specialization"/>
  <snapshot>
    <element id="BePhysiotherapyPrescription">
      <path value="BePhysiotherapyPrescription"/>
      <definition value="Logical model describing the model for the prescription referral. This draft is used in the HL7 Belgian workgroup for referral."/>
      <min value="0"/>
      <max value="*"/>
      <base>
        <path value="Base"/>
        <min value="0"/>
        <max value="*"/>
      </base>
      <isModifier value="false"/>
    </element>
    <element id="BePhysiotherapyPrescription.recordedDate">
      <path value="BePhysiotherapyPrescription.recordedDate"/>
      <short value="When this prescription was created"/>
      <definition value="When this prescription was created"/>
      <min value="1"/>
      <max value="1"/>
      <base>
        <path value="BeReferralPrescription.recordedDate"/>
        <min value="1"/>
        <max value="1"/>
      </base>
      <type>
        <code value="dateTime"/>
      </type>
    </element>
    <element id="BePhysiotherapyPrescription.recorder">
      <path value="BePhysiotherapyPrescription.recorder"/>
      <short value="The person who is responsable for the content, not necessarily the person who entered the content. This is either the prescriber, a co-prescriber or a performer"/>
      <definition value="The person who is responsable for the content, not necessarily the person who entered the content. This is either the prescriber, a co-prescriber or a performer"/>
      <min value="1"/>
      <max value="1"/>
      <base>
        <path value="BeReferralPrescription.recorder"/>
        <min value="1"/>
        <max value="1"/>
      </base>
      <type>
        <code value="Reference"/>
      </type>
    </element>
    <element id="BePhysiotherapyPrescription.prescriber">
      <path value="BePhysiotherapyPrescription.prescriber"/>
      <short value="The prescribing healthcare party"/>
      <definition value="The prescribing healthcare party"/>
      <min value="1"/>
      <max value="1"/>
      <base>
        <path value="BeReferralPrescription.prescriber"/>
        <min value="1"/>
        <max value="1"/>
      </base>
      <type>
        <code value="Reference"/>
      </type>
    </element>
    <element id="BePhysiotherapyPrescription.co-prescriber">
      <path value="BePhysiotherapyPrescription.co-prescriber"/>
      <short value="Information about co prescribers"/>
      <definition value="Information about co prescribers"/>
      <min value="0"/>
      <max value="*"/>
      <base>
        <path value="BeReferralPrescription.co-prescriber"/>
        <min value="0"/>
        <max value="*"/>
      </base>
      <type>
        <code value="BackboneElement"/>
      </type>
    </element>
    <element id="BePhysiotherapyPrescription.co-prescriber.co-prescriber">
      <path value="BePhysiotherapyPrescription.co-prescriber.co-prescriber"/>
      <short value="The co-prescriber party"/>
      <definition value="The co-prescriber party"/>
      <min value="0"/>
      <max value="1"/>
      <base>
        <path value="BeReferralPrescription.co-prescriber.co-prescriber"/>
        <min value="0"/>
        <max value="1"/>
      </base>
      <type>
        <code value="Reference"/>
      </type>
    </element>
    <element id="BePhysiotherapyPrescription.co-prescriber.co-prescriberType">
      <path value="BePhysiotherapyPrescription.co-prescriber.co-prescriberType"/>
      <short value="Type of the practitioner"/>
      <definition value="Type of the practitioner"/>
      <min value="0"/>
      <max value="1"/>
      <base>
        <path value="BeReferralPrescription.co-prescriber.co-prescriberType"/>
        <min value="0"/>
        <max value="1"/>
      </base>
      <type>
        <code value="code"/>
      </type>
    </element>
    <element id="BePhysiotherapyPrescription.co-prescriber.status">
      <path value="BePhysiotherapyPrescription.co-prescriber.status"/>
      <short value="Status of co prescribing status (to sign, signed or refused)"/>
      <definition value="Status of co prescribing status (to sign, signed or refused)"/>
      <min value="0"/>
      <max value="1"/>
      <base>
        <path value="BeReferralPrescription.co-prescriber.status"/>
        <min value="0"/>
        <max value="1"/>
      </base>
      <type>
        <code value="code"/>
      </type>
    </element>
    <element id="BePhysiotherapyPrescription.patient">
      <path value="BePhysiotherapyPrescription.patient"/>
      <short value="The SSIN of the person for which the referral is prescribed."/>
      <definition value="The SSIN of the person for which the referral is prescribed."/>
      <min value="1"/>
      <max value="1"/>
      <base>
        <path value="BeReferralPrescription.patient"/>
        <min value="1"/>
        <max value="1"/>
      </base>
      <type>
        <code value="Reference"/>
      </type>
    </element>
    <element id="BePhysiotherapyPrescription.prescriptionNumber">
      <path value="BePhysiotherapyPrescription.prescriptionNumber"/>
      <short value="An identifier for the ReferralPrescription, e.g. the UHMEP identifier, once available"/>
      <definition value="An identifier for the ReferralPrescription, e.g. the UHMEP identifier, once available"/>
      <min value="0"/>
      <max value="1"/>
      <base>
        <path value="BeReferralPrescription.prescriptionNumber"/>
        <min value="0"/>
        <max value="1"/>
      </base>
      <type>
        <code value="Identifier"/>
      </type>
    </element>
    <element id="BePhysiotherapyPrescription.ppsNumber">
      <path value="BePhysiotherapyPrescription.ppsNumber"/>
      <short value="An identifier for the Prescription Proposal Support"/>
      <definition value="An identifier for the Prescription Proposal Support"/>
      <min value="0"/>
      <max value="1"/>
      <base>
        <path value="BeReferralPrescription.ppsNumber"/>
        <min value="0"/>
        <max value="1"/>
      </base>
      <type>
        <code value="Identifier"/>
      </type>
    </element>
    <element id="BePhysiotherapyPrescription.ppsRejectionReason">
      <path value="BePhysiotherapyPrescription.ppsRejectionReason"/>
      <short value="Reason for not following the PPS suggestion"/>
      <definition value="Reason for not following the PPS suggestion"/>
      <min value="0"/>
      <max value="1"/>
      <base>
        <path value="BeReferralPrescription.ppsRejectionReason"/>
        <min value="0"/>
        <max value="1"/>
      </base>
      <type>
        <code value="Annotation"/>
      </type>
    </element>
    <element id="BePhysiotherapyPrescription.requisition">
      <path value="BePhysiotherapyPrescription.requisition"/>
      <short value="An identifier for the bundle this prescription belongs to. The type of bundle can be indicated in the type of the identifier"/>
      <definition value="An identifier for the bundle this prescription belongs to. The type of bundle can be indicated in the type of the identifier"/>
      <min value="0"/>
      <max value="1"/>
      <base>
        <path value="BeReferralPrescription.requisition"/>
        <min value="0"/>
        <max value="1"/>
      </base>
      <type>
        <code value="Identifier"/>
      </type>
    </element>
    <element id="BePhysiotherapyPrescription.basedOn">
      <path value="BePhysiotherapyPrescription.basedOn"/>
      <short value="The original request or prescription triggered this prescription"/>
      <definition value="The original request or prescription that is the reason for this request - for example when a detailed request is created by a broader request."/>
      <min value="0"/>
      <max value="*"/>
      <base>
        <path value="BeReferralPrescription.basedOn"/>
        <min value="0"/>
        <max value="*"/>
      </base>
      <type>
        <code value="Reference"/>
      </type>
    </element>
    <element id="BePhysiotherapyPrescription.validitionPeriod">
      <path value="BePhysiotherapyPrescription.validitionPeriod"/>
      <short value="Period of validity of prescription"/>
      <definition value="Period of validity of prescription"/>
      <min value="1"/>
      <max value="1"/>
      <base>
        <path value="BeReferralPrescription.validitionPeriod"/>
        <min value="1"/>
        <max value="1"/>
      </base>
      <type>
        <code value="Period"/>
      </type>
    </element>
    <element id="BePhysiotherapyPrescription.treatmentPeriod">
      <path value="BePhysiotherapyPrescription.treatmentPeriod"/>
      <short value="When this prescription is executed, available after start of execution"/>
      <definition value="When this prescription is executed, available after start of execution"/>
      <min value="0"/>
      <max value="1"/>
      <base>
        <path value="BeReferralPrescription.treatmentPeriod"/>
        <min value="0"/>
        <max value="1"/>
      </base>
      <type>
        <code value="Period"/>
      </type>
    </element>
    <element id="BePhysiotherapyPrescription.treatmentValidationEndDate">
      <path value="BePhysiotherapyPrescription.treatmentValidationEndDate"/>
      <short value="The latest moment to end this treatment"/>
      <definition value="The latest moment to end this treatment"/>
      <min value="0"/>
      <max value="1"/>
      <base>
        <path value="BeReferralPrescription.treatmentValidationEndDate"/>
        <min value="0"/>
        <max value="1"/>
      </base>
      <type>
        <code value="dateTime"/>
      </type>
    </element>
    <element id="BePhysiotherapyPrescription.intendedPerformer">
      <path value="BePhysiotherapyPrescription.intendedPerformer"/>
      <short value="The intended provider, i.e. who is expected to perform the procedure - a specific person or a speciality"/>
      <definition value="The intended provider, i.e. who is expected to perform the procedure - a specific person or a speciality"/>
      <min value="0"/>
      <max value="*"/>
      <base>
        <path value="BeReferralPrescription.intendedPerformer"/>
        <min value="0"/>
        <max value="*"/>
      </base>
      <type>
        <code value="BackboneElement"/>
      </type>
    </element>
    <element id="BePhysiotherapyPrescription.intendedPerformer.performer">
      <path value="BePhysiotherapyPrescription.intendedPerformer.performer"/>
      <short value="A reference to the provider party (e.g. a NIHDI number for a healthcare professional, a SSIN or only a displaystring for a non professional caregiver,...)"/>
      <definition value="A reference to the provider party (e.g. a NIHDI number for a healthcare professional, a SSIN or only a displaystring for a non professional caregiver,...)"/>
      <min value="0"/>
      <max value="*"/>
      <base>
        <path value="BeReferralPrescription.intendedPerformer.performer"/>
        <min value="0"/>
        <max value="*"/>
      </base>
      <type>
        <code value="Reference"/>
      </type>
    </element>
    <element id="BePhysiotherapyPrescription.intendedPerformer.discipline">
      <path value="BePhysiotherapyPrescription.intendedPerformer.discipline"/>
      <short value="The required discipline of the provider party"/>
      <definition value="The required discipline of the provider party"/>
      <min value="1"/>
      <max value="1"/>
      <base>
        <path value="BeReferralPrescription.intendedPerformer.discipline"/>
        <min value="1"/>
        <max value="1"/>
      </base>
      <type>
        <code value="CodeableConcept"/>
      </type>
    </element>
    <element id="BePhysiotherapyPrescription.intendedPerformer.period">
      <path value="BePhysiotherapyPrescription.intendedPerformer.period"/>
      <short value="Start and enddate for the particular provider"/>
      <definition value="Start and enddate for the particular provider"/>
      <min value="1"/>
      <max value="1"/>
      <base>
        <path value="BeReferralPrescription.intendedPerformer.period"/>
        <min value="1"/>
        <max value="1"/>
      </base>
      <type>
        <code value="Period"/>
      </type>
    </element>
    <element id="BePhysiotherapyPrescription.intendedPerformer.organization">
      <path value="BePhysiotherapyPrescription.intendedPerformer.organization"/>
      <short value="Reference to an organization that will add the performer"/>
      <definition value="Reference to an organization that will add the performer"/>
      <min value="0"/>
      <max value="1"/>
      <base>
        <path value="BeReferralPrescription.intendedPerformer.organization"/>
        <min value="0"/>
        <max value="1"/>
      </base>
      <type>
        <code value="Reference"/>
      </type>
    </element>
    <element id="BePhysiotherapyPrescription.toBePerformedAfter">
      <path value="BePhysiotherapyPrescription.toBePerformedAfter"/>
      <short value="The current prescription should be performed after this one"/>
      <definition value="The current prescription should be performed after this one"/>
      <min value="0"/>
      <max value="1"/>
      <base>
        <path value="BeReferralPrescription.toBePerformedAfter"/>
        <min value="0"/>
        <max value="1"/>
      </base>
      <type>
        <code value="Reference"/>
      </type>
    </element>
    <element id="BePhysiotherapyPrescription.serviceRequested">
      <path value="BePhysiotherapyPrescription.serviceRequested"/>
      <short value="What is prescribed"/>
      <definition value="What is prescribed"/>
      <min value="1"/>
      <max value="1"/>
      <base>
        <path value="BeReferralPrescription.serviceRequested"/>
        <min value="1"/>
        <max value="1"/>
      </base>
      <type>
        <code value="CodeableConcept"/>
      </type>
    </element>
    <element id="BePhysiotherapyPrescription.problemCode">
      <path value="BePhysiotherapyPrescription.problemCode"/>
      <short value="The problem (code or reference) that is the main reason for this prescription"/>
      <definition value="The problem (code or reference) that is the main reason for this prescription"/>
      <min value="1"/>
      <max value="1"/>
      <base>
        <path value="BeReferralPrescription.problemCode"/>
        <min value="1"/>
        <max value="1"/>
      </base>
      <type>
        <code value="Reference"/>
      </type>
    </element>
    <element id="BePhysiotherapyPrescription.supportingInfo">
      <path value="BePhysiotherapyPrescription.supportingInfo"/>
      <short value="Care Set Problem"/>
      <definition value="Care Set Problem"/>
      <min value="0"/>
      <max value="1"/>
      <base>
        <path value="BeReferralPrescription.supportingInfo"/>
        <min value="0"/>
        <max value="1"/>
      </base>
      <type>
        <code value="Reference"/>
      </type>
    </element>
    <element id="BePhysiotherapyPrescription.resultReceiver">
      <path value="BePhysiotherapyPrescription.resultReceiver"/>
      <short value="True if the prescriber wants feedback. Other caregivers can be mentioned in the note"/>
      <definition value="True if the prescriber wants feedback. Other caregivers can be mentioned in the note"/>
      <min value="0"/>
      <max value="1"/>
      <base>
        <path value="BeReferralPrescription.resultReceiver"/>
        <min value="0"/>
        <max value="1"/>
      </base>
      <type>
        <code value="boolean"/>
      </type>
    </element>
    <element id="BePhysiotherapyPrescription.status">
      <path value="BePhysiotherapyPrescription.status"/>
      <short value="Current status"/>
      <definition value="Current status"/>
      <min value="0"/>
      <max value="1"/>
      <base>
        <path value="BeReferralPrescription.status"/>
        <min value="0"/>
        <max value="1"/>
      </base>
      <type>
        <code value="code"/>
      </type>
      <binding>
        <strength value="required"/>
        <valueSet value="http://hl7.org/fhir/ValueSet/request-status"/>
      </binding>
    </element>
    <element id="BePhysiotherapyPrescription.statusReason">
      <path value="BePhysiotherapyPrescription.statusReason"/>
      <short value="Reason current status"/>
      <definition value="Reason current status"/>
      <min value="0"/>
      <max value="1"/>
      <base>
        <path value="BeReferralPrescription.statusReason"/>
        <min value="0"/>
        <max value="1"/>
      </base>
      <type>
        <code value="CodeableConcept"/>
      </type>
    </element>
    <element id="BePhysiotherapyPrescription.treatmentStatus">
      <path value="BePhysiotherapyPrescription.treatmentStatus"/>
      <short value="Status of the treatment"/>
      <definition value="Status of the treatment"/>
      <min value="0"/>
      <max value="1"/>
      <base>
        <path value="BeReferralPrescription.treatmentStatus"/>
        <min value="0"/>
        <max value="1"/>
      </base>
      <type>
        <code value="CodeableConcept"/>
      </type>
    </element>
    <element id="BePhysiotherapyPrescription.treatmentStatusReason">
      <path value="BePhysiotherapyPrescription.treatmentStatusReason"/>
      <short value="Reason treatment status"/>
      <definition value="Reason treatment status"/>
      <min value="0"/>
      <max value="1"/>
      <base>
        <path value="BeReferralPrescription.treatmentStatusReason"/>
        <min value="0"/>
        <max value="1"/>
      </base>
      <type>
        <code value="CodeableConcept"/>
      </type>
    </element>
    <element id="BePhysiotherapyPrescription.bodyLocation">
      <path value="BePhysiotherapyPrescription.bodyLocation"/>
      <short value="Place where the treatment should be executed"/>
      <definition value="Place where the treatment should be executed"/>
      <min value="0"/>
      <max value="*"/>
      <base>
        <path value="BeReferralPrescription.bodyLocation"/>
        <min value="0"/>
        <max value="*"/>
      </base>
      <type>
        <code value="BackboneElement"/>
      </type>
    </element>
    <element id="BePhysiotherapyPrescription.bodyLocation.bodySite">
      <path value="BePhysiotherapyPrescription.bodyLocation.bodySite"/>
      <short value="Anatomical place where the treatment should be executed"/>
      <definition value="Anatomical place where the treatment should be executed"/>
      <min value="0"/>
      <max value="1"/>
      <base>
        <path value="BeReferralPrescription.bodyLocation.bodySite"/>
        <min value="0"/>
        <max value="1"/>
      </base>
      <type>
        <code value="CodeableConcept"/>
      </type>
    </element>
    <element id="BePhysiotherapyPrescription.bodyLocation.bodyLaterality">
      <path value="BePhysiotherapyPrescription.bodyLocation.bodyLaterality"/>
      <short value="Side of the body"/>
      <definition value="Side of the body"/>
      <min value="0"/>
      <max value="1"/>
      <base>
        <path value="BeReferralPrescription.bodyLocation.bodyLaterality"/>
        <min value="0"/>
        <max value="1"/>
      </base>
      <type>
        <code value="CodeableConcept"/>
      </type>
    </element>
    <element id="BePhysiotherapyPrescription.note">
      <path value="BePhysiotherapyPrescription.note"/>
      <short value="Additional text notes about the request."/>
      <definition value="Additional text notes about the request."/>
      <min value="0"/>
      <max value="*"/>
      <base>
        <path value="BeReferralPrescription.note"/>
        <min value="0"/>
        <max value="*"/>
      </base>
      <type>
        <code value="Annotation"/>
      </type>
    </element>
    <element id="BePhysiotherapyPrescription.intent">
      <path value="BePhysiotherapyPrescription.intent"/>
      <short value="Proposal, Prolongation, Prescription"/>
      <definition value="Proposal, Prolongation, Prescription"/>
      <min value="1"/>
      <max value="1"/>
      <base>
        <path value="BeReferralPrescription.intent"/>
        <min value="1"/>
        <max value="1"/>
      </base>
      <type>
        <code value="code"/>
      </type>
    </element>
    <element id="BePhysiotherapyPrescription.numberOfSessions">
      <path value="BePhysiotherapyPrescription.numberOfSessions"/>
      <short value="Number of pt sessions that are prescribed"/>
      <definition value="Number of pt sessions that are prescribed"/>
      <min value="0"/>
      <max value="1"/>
      <base>
        <path value="BePhysiotherapyPrescription.numberOfSessions"/>
        <min value="0"/>
        <max value="1"/>
      </base>
      <type>
        <code value="integer"/>
      </type>
    </element>
  </snapshot>
  <differential>
    <element id="BePhysiotherapyPrescription">
      <path value="BePhysiotherapyPrescription"/>
    </element>
    <element id="BePhysiotherapyPrescription.numberOfSessions">
      <path value="BePhysiotherapyPrescription.numberOfSessions"/>
      <short value="Number of pt sessions that are prescribed"/>
      <definition value="Number of pt sessions that are prescribed"/>
      <min value="0"/>
      <max value="1"/>
      <type>
        <code value="integer"/>
      </type>
    </element>
  </differential>
</StructureDefinition>