<?xml version="1.0" encoding="UTF-8"?>

<Task xmlns="http://hl7.org/fhir">
  <id value="ucgh222p12-2-2-1"/>
  <meta>
    <profile value="https://www.ehealth.fgov.be/standards/fhir/referral/StructureDefinition/be-organization-task"/>
  </meta>
  <text>
    <status value="generated"/><div xmlns="http://www.w3.org/1999/xhtml"><p><b>Generated Narrative: Task</b><a name="ucgh222p12-2-2-1"> </a><a name="hcucgh222p12-2-2-1"> </a></p><div style="display: inline-block; background-color: #d9e0e7; padding: 6px; margin: 4px; border: 1px solid #8da1b4; border-radius: 5px; line-height: 60%"><p style="margin-bottom: 0px">Resource Task &quot;ucgh222p12-2-2-1&quot; </p><p style="margin-bottom: 0px">Profile: <a href="StructureDefinition-be-organization-task.html">BeOrganizationTask</a></p></div><p><b>partOf</b>: <a href="Task-ucgh222p12-2-2.html">Task/ucgh222p12-2-2</a></p><p><b>status</b>: accepted</p><p><b>intent</b>: order</p><p><b>focus</b>: <a href="ServiceRequest-ucgh222p12-2.html">ServiceRequest/ucgh222p12-2</a></p><p><b>owner</b>: <span>BeCBENamingSystem/0465698582</span></p></div>
  </text>
  <partOf>
    <reference value="Task/ucgh222p12-2-2"/>
  </partOf>
  <status value="accepted"/>
  <intent value="order"/>
  <focus>
    <reference value="ServiceRequest/ucgh222p12-2"/>
  </focus>
  <owner>
    <identifier>
      <system value="https://www.ehealth.fgov.be/standards/fhir/core/NamingSystem/cbe"/>
      <value value="0465698582"/>
    </identifier>
  </owner>
</Task>