<?xml version="1.0" encoding="UTF-8"?>

<Task xmlns="http://hl7.org/fhir">
  <id value="performer-task"/>
  <meta>
    <profile value="https://www.ehealth.fgov.be/standards/fhir/referral/StructureDefinition/be-performer-task"/>
  </meta>
  <text>
    <status value="generated"/><div xmlns="http://www.w3.org/1999/xhtml"><p><b>Generated Narrative: Task</b><a name="performer-task"> </a></p><div style="display: inline-block; background-color: #d9e0e7; padding: 6px; margin: 4px; border: 1px solid #8da1b4; border-radius: 5px; line-height: 60%"><p style="margin-bottom: 0px">Resource Task &quot;performer-task&quot; </p><p style="margin-bottom: 0px">Profile: <a href="StructureDefinition-be-performer-task.html">BePerformerTask</a></p></div><p><b>partOf</b>: <a href="Task-referral-task.html">Task/referral-task</a></p><p><b>status</b>: draft</p><p><b>intent</b>: order</p><p><b>executionPeriod</b>: ?? --&gt; (ongoing)</p><p><b>owner</b>: <a href="PractitionerRole-practitionerrole1.html">PractitionerRole/practitionerrole1</a></p></div>
  </text>
  <partOf>
    <reference value="Task/referral-task"/>
  </partOf>
  <status value="draft"/>
  <intent value="order"/>
  <executionPeriod id="1"/>
  <owner>
    <reference value="PractitionerRole/practitionerrole1"/>
  </owner>
</Task>