<?xml version="1.0" encoding="UTF-8"?>

<ValueSet xmlns="http://hl7.org/fhir">
  <id value="be-vs-request-note-type"/>
  <text>
    <status value="generated"/><div xmlns="http://www.w3.org/1999/xhtml">Placeholder</div>
  </text>
  <url value="https://www.ehealth.fgov.be/standards/fhir/referral/ValueSet/be-vs-request-note-type"/>
  <version value="1.0.0"/>
  <name value="BeVSRequestNoteType"/>
  <title value="BeVSRequestNoteType"/>
  <status value="draft"/>
  <experimental value="false"/>
  <date value="2023-08-28T15:28:15+00:00"/>
  <description value="Types of notes used in a referral prescription"/>
  <jurisdiction>
    <coding>
      <system value="urn:iso:std:iso:3166"/>
      <code value="BE"/>
      <display value="Belgium"/>
    </coding>
  </jurisdiction>
  <compose>
    <include>
      <system value="http://snomed.info/sct"/>
      <version value="http://snomed.info/sct/11000172109"/>
      <concept>
        <code value="103306004"/>
      </concept>
      <concept>
        <code value="410666004"/>
      </concept>
    </include>
  </compose>
</ValueSet>