<?xml version="1.0" encoding="UTF-8"?>

<ValueSet xmlns="http://hl7.org/fhir">
  <id value="be-vs-treatment-status-reason"/>
  <text>
    <status value="generated"/><div xmlns="http://www.w3.org/1999/xhtml"><ul><li>Include all codes defined in <a href="CodeSystem-be-treatment-status-reason.html"><code>https://www.ehealth.fgov.be/standards/fhir/referral/CodeSystem/be-treatment-status-reason</code></a></li></ul></div>
  </text>
  <url value="https://www.ehealth.fgov.be/standards/fhir/referral/ValueSet/be-vs-treatment-status-reason"/>
  <version value="1.0.0"/>
  <name value="BeVSTreatmentStatusReason"/>
  <title value="BeVSTreatmentStatusReason"/>
  <status value="active"/>
  <experimental value="false"/>
  <date value="2023-03-17T13:11:04+00:00"/>
  <description value="Codes to explain the current status of a treatment in a referral prescription."/>
  <jurisdiction>
    <coding>
      <system value="urn:iso:std:iso:3166"/>
      <code value="BE"/>
      <display value="Belgium"/>
    </coding>
  </jurisdiction>
  <compose>
    <include>
      <system value="https://www.ehealth.fgov.be/standards/fhir/referral/CodeSystem/be-treatment-status-reason"/>
    </include>
  </compose>
</ValueSet>