<?xml version="1.0" encoding="UTF-8"?><CodeSystem xmlns="http://hl7.org/fhir"><id value="be-cs-nursing-code-non-reimbursable"/><text><status value="generated"/><div xmlns="http://www.w3.org/1999/xhtml"><p>This code system https://www.ehealth.fgov.be/standards/fhir/CodeSystem/be-cs-nursing-code-non-reimbursable defines many codes, of which the following are a subset:</p><table class="codes"><tr><td style="white-space:nowrap"><b>Code</b></td><td><b>Display</b></td></tr><tr><td style="white-space:nowrap">bloodpressure-measure<a name="be-cs-nursing-code-non-reimbursable-bloodpressure-measure"> </a></td><td>Bloodpressure measure</td></tr><tr><td style="white-space:nowrap">glycemic-measure<a name="be-cs-nursing-code-non-reimbursable-glycemic-measure"> </a></td><td>Glycemic measure</td></tr><tr><td style="white-space:nowrap">prepare-medications<a name="be-cs-nursing-code-non-reimbursable-prepare-medications"> </a></td><td>Prepare medications</td></tr></table><p><b>Additional Language Displays</b></p><table class="codes"><tr><td><b>Code</b></td><td><b>French (Belgium) (fr)</b></td><td><b>Nederlands (België) (Dutch (Belgium), nl)</b></td></tr><tr><td>bloodpressure-measure</td><td>Mesure de la pression artérielle</td><td>Bloeddrukmeting</td></tr><tr><td>glycemic-measure</td><td>mesure glycémique</td><td>Glycemie meting</td></tr><tr><td>prepare-medications</td><td>Préparer des médicaments</td><td>Voorbereiding geneesmiddelen</td></tr></table></div></text><url value="https://www.ehealth.fgov.be/standards/fhir/CodeSystem/be-cs-nursing-code-non-reimbursable"/><version value="0.2.0"/><name value="BeNursingCodeNonReimbursable"/><title value="BeNursingCodeNonReimbursable"/><status value="draft"/><experimental value="false"/><date value="2021-09-24T14:58:19+00:00"/><publisher value="HL7 Belgium"/><contact><name value="HL7 Belgium"/><telecom><system value="url"/><value value="http://hl7belgium.org"/></telecom></contact><contact><name value="Bart Decuypere"/><telecom><system value="email"/><value value="bart.decuypere@ehealth.fgov.be"/><use value="work"/></telecom></contact><description value="Nursing codes in Belgium. To define details in nursing activities for the non reimbursable category. Initially defined as supporting CodeSystem for the referral prescription."/><jurisdiction><coding><system value="http://unstats.un.org/unsd/methods/m49/m49.htm"/><code value="001"/><display value="World"/></coding></jurisdiction><caseSensitive value="false"/><content value="fragment"/><concept><code value="bloodpressure-measure"/><display value="Bloodpressure measure"/><designation><language value="nl-BE"/><value value="Bloeddrukmeting"/></designation><designation><language value="fr-BE"/><value value="Mesure de la pression artérielle"/></designation></concept><concept><code value="glycemic-measure"/><display value="Glycemic measure"/><designation><language value="nl-BE"/><value value="Glycemie meting"/></designation><designation><language value="fr-BE"/><value value="mesure glycémique"/></designation></concept><concept><code value="prepare-medications"/><display value="Prepare medications"/><designation><language value="nl-BE"/><value value="Voorbereiding geneesmiddelen"/></designation><designation><language value="fr-BE"/><value value="Préparer des médicaments"/></designation></concept></CodeSystem>