<?xml version="1.0" encoding="UTF-8"?><CodeSystem xmlns="http://hl7.org/fhir"><id value="be-nursing-medication-percutaneous"/><text><status value="generated"/><div xmlns="http://www.w3.org/1999/xhtml"><p>This code system https://www.ehealth.fgov.be/standards/fhir/CodeSystem/be-nursing-medication-percutaneous defines the following codes:</p><table class="codes"><tr><td style="white-space:nowrap"><b>Code</b></td><td><b>Display</b></td></tr><tr><td style="white-space:nowrap">ointment-or-medicinal-product<a name="be-nursing-medication-percutaneous-ointment-or-medicinal-product"> </a></td><td>Ointment or medicinal product</td></tr><tr><td style="white-space:nowrap">patch<a name="be-nursing-medication-percutaneous-patch"> </a></td><td>Patch</td></tr><tr><td style="white-space:nowrap">ointment-or-medicinal-product-sepwd<a name="be-nursing-medication-percutaneous-ointment-or-medicinal-product-sepwd"> </a></td><td>Ointment or medicinal product shingles / eczema / psoriasis / warts / dermatomycoses</td></tr></table><p><b>Additional Language Displays</b></p><table class="codes"><tr><td><b>Code</b></td><td><b>English (English, en)</b></td><td><b>French (fr)</b></td><td><b>Nederlands (Dutch, nl)</b></td></tr><tr><td>ointment-or-medicinal-product</td><td>Ointment or medicinal product</td><td>Pommade ou produit médicamenteux</td><td>Zalf of geneeskrachtig product</td></tr><tr><td>patch</td><td>Patch</td><td>Patch</td><td>Pleister</td></tr><tr><td>ointment-or-medicinal-product-sepwd</td><td>Ointment or medicinal product shingles / eczema / psoriasis / warts / dermatomycoses</td><td>Pommade ou produit médicamenteux zona / eczéma / psoriasis / verrues / dermatomycoses</td><td>Zalf of geneeskrachtig product zona / eczema / psoriasis / wratten / dermatomycoses</td></tr></table></div></text><url value="https://www.ehealth.fgov.be/standards/fhir/CodeSystem/be-nursing-medication-percutaneous"/><version value="0.2.0"/><name value="BeNursingMedicationPercutaneous"/><title value="BeNursingMedicationPercutaneous"/><status value="draft"/><experimental value="false"/><date value="2022-02-10T10:18:13+00:00"/><publisher value="HL7 Belgium"/><contact><name value="HL7 Belgium"/><telecom><system value="url"/><value value="http://hl7belgium.org"/></telecom></contact><contact><name value="Message-Structure"/><telecom><system value="email"/><value value="message-structure@ehealth.fgov.be"/><use value="work"/></telecom></contact><description value="Nursing codes in Belgium. To define details in nursing activities for the medication percutaneous category. Initially defined as supporting CodeSystem for the referral prescription."/><jurisdiction><coding><system value="http://unstats.un.org/unsd/methods/m49/m49.htm"/><code value="056"/><display value="Belgium"/></coding></jurisdiction><caseSensitive value="false"/><content value="complete"/><concept><code value="ointment-or-medicinal-product"/><display value="Ointment or medicinal product"/><designation><language value="en"/><value value="Ointment or medicinal product"/></designation><designation><language value="nl"/><value value="Zalf of geneeskrachtig product"/></designation><designation><language value="fr"/><value value="Pommade ou produit médicamenteux"/></designation></concept><concept><code value="patch"/><display value="Patch"/><designation><language value="en"/><value value="Patch"/></designation><designation><language value="nl"/><value value="Pleister"/></designation><designation><language value="fr"/><value value="Patch"/></designation></concept><concept><code value="ointment-or-medicinal-product-sepwd"/><display value="Ointment or medicinal product shingles / eczema / psoriasis / warts / dermatomycoses"/><designation><language value="en"/><value value="Ointment or medicinal product shingles / eczema / psoriasis / warts / dermatomycoses"/></designation><designation><language value="nl"/><value value="Zalf of geneeskrachtig product zona / eczema / psoriasis / wratten / dermatomycoses"/></designation><designation><language value="fr"/><value value="Pommade ou produit médicamenteux zona / eczéma / psoriasis / verrues / dermatomycoses"/></designation></concept></CodeSystem>