<?xml version="1.0" encoding="UTF-8"?><CodeSystem xmlns="http://hl7.org/fhir"><id value="codesystem-be-type-of-bladder-care"/><text><status value="generated"/><div xmlns="http://www.w3.org/1999/xhtml"><p>This code system https://www.ehealth.fgov.be/standards/fhir/CodeSystem/be-cs-type-of-bladder-care defines the following codes:</p><table class="codes"><tr><td style="white-space:nowrap"><b>Code</b></td><td><b>Display</b></td></tr><tr><td style="white-space:nowrap">bladder-probe-indwelling<a name="codesystem-be-type-of-bladder-care-bladder-probe-indwelling"> </a></td><td>bladder-probe-indwelling</td></tr><tr><td style="white-space:nowrap">bladder-probe-in-out<a name="codesystem-be-type-of-bladder-care-bladder-probe-in-out"> </a></td><td>Bladder probe in/out</td></tr><tr><td style="white-space:nowrap">bladder-instillation<a name="codesystem-be-type-of-bladder-care-bladder-instillation"> </a></td><td>bladder-instillation</td></tr><tr><td style="white-space:nowrap">bladder-flushing<a name="codesystem-be-type-of-bladder-care-bladder-flushing"> </a></td><td>bladder-flushing</td></tr><tr><td style="white-space:nowrap">suprapubic-probe<a name="codesystem-be-type-of-bladder-care-suprapubic-probe"> </a></td><td>suprapubic-probe</td></tr></table><p><b>Additional Language Displays</b></p><table class="codes"><tr><td><b>Code</b></td><td><b>French (fr)</b></td><td><b>Nederlands (Dutch, nl)</b></td></tr><tr><td>bladder-probe-indwelling</td><td>Sondage vésical - à demeure</td><td>Blaassondage - verblijf</td></tr><tr><td>bladder-probe-in-out</td><td>Sondage vésical - in/out</td><td>Blaassondage - intermittent</td></tr><tr><td>bladder-instillation</td><td>Instillation vésicale</td><td>Blaasinstillatie</td></tr><tr><td>bladder-flushing</td><td>Lavage de vessie</td><td>Blaasspoeling</td></tr><tr><td>suprapubic-probe</td><td>Sonde sus-pubienne</td><td>Suprapubische sonde</td></tr></table></div></text><url value="https://www.ehealth.fgov.be/standards/fhir/CodeSystem/be-cs-type-of-bladder-care"/><version value="0.2.0"/><name value="BeBladderCareType"/><title value="BeBladderCareType"/><status value="draft"/><experimental value="false"/><date value="2022-02-22T16:17:43+00:00"/><publisher value="HL7 Belgium"/><contact><name value="HL7 Belgium"/><telecom><system value="url"/><value value="http://hl7belgium.org"/></telecom></contact><contact><name value="Message-Structure"/><telecom><system value="email"/><value value="message-structure@ehealth.fgov.be"/><use value="work"/></telecom></contact><description value="Nursing codes in Belgium. To define details in nursing activities for the bladder care category. Initially defined as supporting CodeSystem for the referral prescription."/><jurisdiction><coding><system value="http://unstats.un.org/unsd/methods/m49/m49.htm"/><code value="056"/><display value="Belgium"/></coding></jurisdiction><caseSensitive value="false"/><content value="complete"/><concept><code value="bladder-probe-indwelling"/><display value="bladder-probe-indwelling"/><designation><language value="nl"/><value value="Blaassondage - verblijf"/></designation><designation><language value="fr"/><value value="Sondage vésical - à demeure"/></designation></concept><concept><code value="bladder-probe-in-out"/><display value="Bladder probe in/out"/><designation><language value="nl"/><value value="Blaassondage - intermittent"/></designation><designation><language value="fr"/><value value="Sondage vésical - in/out"/></designation></concept><concept><code value="bladder-instillation"/><display value="bladder-instillation"/><designation><language value="nl"/><value value="Blaasinstillatie"/></designation><designation><language value="fr"/><value value="Instillation vésicale"/></designation></concept><concept><code value="bladder-flushing"/><display value="bladder-flushing"/><designation><language value="nl"/><value value="Blaasspoeling"/></designation><designation><language value="fr"/><value value="Lavage de vessie"/></designation></concept><concept><code value="suprapubic-probe"/><display value="suprapubic-probe"/><designation><language value="nl"/><value value="Suprapubische sonde"/></designation><designation><language value="fr"/><value value="Sonde sus-pubienne"/></designation></concept></CodeSystem>