<?xml version="1.0" encoding="UTF-8"?><CodeSystem xmlns="http://hl7.org/fhir"><id value="be-nursing-medication-category"/><text><status value="generated"/><div xmlns="http://www.w3.org/1999/xhtml"><p>This code system https://www.ehealth.fgov.be/standards/fhir/CodeSystem/be-nursing-medication-category defines the following codes:</p><table class="codes"><tr><td style="white-space:nowrap"><b>Code</b></td><td><b>Display</b></td></tr><tr><td style="white-space:nowrap">eyedrops-ointment-post-oper<a name="be-nursing-medication-category-eyedrops-ointment-post-oper"> </a></td><td>eyedrops ointment post oper</td></tr><tr><td style="white-space:nowrap">eyedrops-ointment-not-post-oper<a name="be-nursing-medication-category-eyedrops-ointment-not-post-oper"> </a></td><td>eyedrops ointment not post oper</td></tr><tr><td style="white-space:nowrap">oral<a name="be-nursing-medication-category-oral"> </a></td><td>oral</td></tr><tr><td style="white-space:nowrap">rectal<a name="be-nursing-medication-category-rectal"> </a></td><td>rectal</td></tr><tr><td style="white-space:nowrap">vaginal<a name="be-nursing-medication-category-vaginal"> </a></td><td>vaginal</td></tr><tr><td style="white-space:nowrap">pulmonary<a name="be-nursing-medication-category-pulmonary"> </a></td><td>pulmonary</td></tr><tr><td style="white-space:nowrap">nasal<a name="be-nursing-medication-category-nasal"> </a></td><td>nasal</td></tr><tr><td style="white-space:nowrap">auricular<a name="be-nursing-medication-category-auricular"> </a></td><td>auricular</td></tr><tr><td style="white-space:nowrap">other<a name="be-nursing-medication-category-other"> </a></td><td>other</td></tr></table><p><b>Additional Language Displays</b></p><table class="codes"><tr><td><b>Code</b></td><td><b>English (English, en)</b></td><td><b>French (fr)</b></td><td><b>Nederlands (Dutch, nl)</b></td></tr><tr><td>eyedrops-ointment-post-oper</td><td>Eyedrops or ointment post operation</td><td>Applic gouttes ou pommade ophta phase post-op</td><td>Aanbrengen oogdruppels of oogzalf postoperatieve</td></tr><tr><td>eyedrops-ointment-not-post-oper</td><td>Eyedrops or ointment not post operation</td><td>Applic gouttes ou pommade ophta phase (non phase post-op)</td><td>Aanbrengen oogdruppels of oogzalf (niet postoperatieve)</td></tr><tr><td>oral</td><td>Oral medication</td><td>Per os</td><td>Orale medicatie</td></tr><tr><td>rectal</td><td>Rectal</td><td>Rectal</td><td>Rectaal</td></tr><tr><td>vaginal</td><td>Vaginal</td><td>Vaginal</td><td>Vaginaal</td></tr><tr><td>pulmonary</td><td>Pulmonary</td><td>Pulmonaire</td><td>Longen</td></tr><tr><td>nasal</td><td>Nasal</td><td>Nasal</td><td>Neus</td></tr><tr><td>auricular</td><td>Auricular</td><td>Auriculaire</td><td>Auriculaire</td></tr><tr><td>other</td><td>Other</td><td>Autre</td><td>Andere</td></tr></table></div></text><url value="https://www.ehealth.fgov.be/standards/fhir/CodeSystem/be-nursing-medication-category"/><version value="0.2.0"/><name value="BeNursingMedicationCategory"/><title value="BeNursingMedicationCategory"/><status value="draft"/><experimental value="false"/><date value="2022-02-10T10:17:28+00:00"/><publisher value="HL7 Belgium"/><contact><name value="HL7 Belgium"/><telecom><system value="url"/><value value="http://hl7belgium.org"/></telecom></contact><contact><name value="Message-Structure"/><telecom><system value="email"/><value value="message-structure@ehealth.fgov.be"/><use value="work"/></telecom></contact><description value="Nursing codes in Belgium. To define details in nursing activities for the medication category. Initially defined as supporting CodeSystem for the referral prescription."/><jurisdiction><coding><system value="http://unstats.un.org/unsd/methods/m49/m49.htm"/><code value="056"/><display value="Belgium"/></coding></jurisdiction><caseSensitive value="false"/><content value="complete"/><concept><code value="eyedrops-ointment-post-oper"/><display value="eyedrops ointment post oper"/><designation><language value="en"/><value value="Eyedrops or ointment post operation"/></designation><designation><language value="nl"/><value value="Aanbrengen oogdruppels of oogzalf postoperatieve"/></designation><designation><language value="fr"/><value value="Applic gouttes ou pommade ophta phase post-op"/></designation></concept><concept><code value="eyedrops-ointment-not-post-oper"/><display value="eyedrops ointment not post oper"/><designation><language value="en"/><value value="Eyedrops or ointment not post operation"/></designation><designation><language value="nl"/><value value="Aanbrengen oogdruppels of oogzalf (niet postoperatieve)"/></designation><designation><language value="fr"/><value value="Applic gouttes ou pommade ophta phase (non phase post-op)"/></designation></concept><concept><code value="oral"/><display value="oral"/><designation><language value="en"/><value value="Oral medication"/></designation><designation><language value="nl"/><value value="Orale medicatie"/></designation><designation><language value="fr"/><value value="Per os"/></designation></concept><concept><code value="rectal"/><display value="rectal"/><designation><language value="en"/><value value="Rectal"/></designation><designation><language value="nl"/><value value="Rectaal"/></designation><designation><language value="fr"/><value value="Rectal"/></designation></concept><concept><code value="vaginal"/><display value="vaginal"/><designation><language value="en"/><value value="Vaginal"/></designation><designation><language value="nl"/><value value="Vaginaal"/></designation><designation><language value="fr"/><value value="Vaginal"/></designation></concept><concept><code value="pulmonary"/><display value="pulmonary"/><designation><language value="en"/><value value="Pulmonary"/></designation><designation><language value="nl"/><value value="Longen"/></designation><designation><language value="fr"/><value value="Pulmonaire"/></designation></concept><concept><code value="nasal"/><display value="nasal"/><designation><language value="en"/><value value="Nasal"/></designation><designation><language value="nl"/><value value="Neus"/></designation><designation><language value="fr"/><value value="Nasal"/></designation></concept><concept><code value="auricular"/><display value="auricular"/><designation><language value="en"/><value value="Auricular"/></designation><designation><language value="nl"/><value value="Auriculaire"/></designation><designation><language value="fr"/><value value="Auriculaire"/></designation></concept><concept><code value="other"/><display value="other"/><designation><language value="en"/><value value="Other"/></designation><designation><language value="nl"/><value value="Andere"/></designation><designation><language value="fr"/><value value="Autre"/></designation></concept></CodeSystem>