<?xml version="1.0" encoding="UTF-8"?><CodeSystem xmlns="http://hl7.org/fhir"><id value="be-prescription-status"/><text><status value="generated"/><div xmlns="http://www.w3.org/1999/xhtml"><p>This code system https://www.ehealth.fgov.be/standards/fhir/CodeSystem/be-prescription-status defines the following codes:</p><table class="codes"><tr><td style="white-space:nowrap"><b>Code</b></td><td><b>Display</b></td></tr><tr><td style="white-space:nowrap">open<a name="be-prescription-status-open"> </a></td><td>open</td></tr><tr><td style="white-space:nowrap">stopped<a name="be-prescription-status-stopped"> </a></td><td>stopped</td></tr><tr><td style="white-space:nowrap">not-done<a name="be-prescription-status-not-done"> </a></td><td>not done</td></tr><tr><td style="white-space:nowrap">other<a name="be-prescription-status-other"> </a></td><td>other</td></tr></table><p><b>Additional Language Displays</b></p><table class="codes"><tr><td><b>Code</b></td><td><b>English (English, en)</b></td></tr><tr><td>open</td><td>The prescription is complete and ready to be processed</td></tr><tr><td>stopped</td><td>The prescription is stopped before completion</td></tr><tr><td>not-done</td><td>The prescription was not executed at all</td></tr><tr><td>other</td><td>other</td></tr></table></div></text><url value="https://www.ehealth.fgov.be/standards/fhir/CodeSystem/be-prescription-status"/><version value="0.2.0"/><name value="BePrescriptionStatus"/><title value="BePrescriptionStatus"/><status value="draft"/><experimental value="false"/><date value="2021-10-07T15:14:36+02:00"/><publisher value="HL7 Belgium"/><contact><name value="HL7 Belgium"/><telecom><system value="url"/><value value="http://hl7belgium.org"/></telecom></contact><contact><name value="Message-Structure"/><telecom><system value="email"/><value value="message-structure@ehealth.fgov.be"/><use value="work"/></telecom></contact><description value="Prescription status in Belgium. Initially defined as supporting CodeSystem for the referral prescription."/><jurisdiction><coding><system value="http://unstats.un.org/unsd/methods/m49/m49.htm"/><code value="056"/><display value="Belgium"/></coding></jurisdiction><caseSensitive value="false"/><content value="complete"/><count value="4"/><concept><code value="open"/><display value="open"/><designation><language value="en"/><value value="The prescription is complete and ready to be processed"/></designation></concept><concept><code value="stopped"/><display value="stopped"/><designation><language value="en"/><value value="The prescription is stopped before completion"/></designation></concept><concept><code value="not-done"/><display value="not done"/><designation><language value="en"/><value value="The prescription was not executed at all"/></designation></concept><concept><code value="other"/><display value="other"/><designation><language value="en"/><value value="other"/></designation></concept></CodeSystem>