<?xml version="1.0" encoding="UTF-8"?><CodeSystem xmlns="http://hl7.org/fhir"><id value="be-nursing-medication-category"/><text><status value="generated"/><div xmlns="http://www.w3.org/1999/xhtml"><p>This code system https://www.ehealth.fgov.be/standards/fhir/CodeSystem/be-nursing-medication-category defines the following codes:</p><table class="codes"><tr><td style="white-space:nowrap"><b>Code</b></td><td><b>Display</b></td></tr><tr><td style="white-space:nowrap">injection<a name="be-nursing-medication-category-injection"> </a></td><td>injection</td></tr><tr><td style="white-space:nowrap">eyedrops<a name="be-nursing-medication-category-eyedrops"> </a></td><td>eyedrops.</td></tr><tr><td style="white-space:nowrap">oral<a name="be-nursing-medication-category-oral"> </a></td><td>oral.</td></tr><tr><td style="white-space:nowrap">perfusion<a name="be-nursing-medication-category-perfusion"> </a></td><td>perfusion.</td></tr><tr><td style="white-space:nowrap">percutaneous<a name="be-nursing-medication-category-percutaneous"> </a></td><td>percutaneous.</td></tr><tr><td style="white-space:nowrap">other<a name="be-nursing-medication-category-other"> </a></td><td>other.</td></tr></table><p><b>Additional Language Displays</b></p><table class="codes"><tr><td><b>Code</b></td><td><b>English (English, en)</b></td><td><b>French (fr)</b></td><td><b>Nederlands (Dutch, nl)</b></td></tr><tr><td>injection</td><td>Injection.</td><td>Injection.</td><td>Inspuiting.</td></tr><tr><td>eyedrops</td><td>Eyedrops.</td><td>Applic. gouttes ou pommade ophta phase post-op.</td><td>Aanbrengen oogdruppels of oogzalf postoperatieve.</td></tr><tr><td>oral</td><td>Oral medication.</td><td>Per os.</td><td>Orale medicatie.</td></tr><tr><td>perfusion</td><td>Perfusion.</td><td>Perfusion.</td><td>Perfusie.</td></tr><tr><td>percutaneous</td><td>Percutaneous.</td><td>Percutané.</td><td>Percutaan.</td></tr><tr><td>other</td><td>Other.</td><td>Autre.</td><td>Andere.</td></tr></table></div></text><url value="https://www.ehealth.fgov.be/standards/fhir/CodeSystem/be-nursing-medication-category"/><version value="0.2.0"/><name value="BeNursingMedicationCategory"/><title value="BeNursingMedicationCategory"/><status value="draft"/><experimental value="false"/><date value="2021-07-06T14:23:37+00:00"/><publisher value="HL7 Belgium"/><contact><telecom><system value="url"/><value value="http://hl7belgium.org"/></telecom></contact><description value="Different types of nursing medication category."/><jurisdiction><coding><system value="http://unstats.un.org/unsd/methods/m49/m49.htm"/><code value="001"/></coding></jurisdiction><caseSensitive value="false"/><content value="complete"/><concept><code value="injection"/><display value="injection"/><designation><language value="en"/><value value="Injection."/></designation><designation><language value="nl"/><value value="Inspuiting."/></designation><designation><language value="fr"/><value value="Injection."/></designation></concept><concept><code value="eyedrops"/><display value="eyedrops."/><designation><language value="en"/><value value="Eyedrops."/></designation><designation><language value="nl"/><value value="Aanbrengen oogdruppels of oogzalf postoperatieve."/></designation><designation><language value="fr"/><value value="Applic. gouttes ou pommade ophta phase post-op."/></designation></concept><concept><code value="oral"/><display value="oral."/><designation><language value="en"/><value value="Oral medication."/></designation><designation><language value="nl"/><value value="Orale medicatie."/></designation><designation><language value="fr"/><value value="Per os."/></designation></concept><concept><code value="perfusion"/><display value="perfusion."/><designation><language value="en"/><value value="Perfusion."/></designation><designation><language value="nl"/><value value="Perfusie."/></designation><designation><language value="fr"/><value value="Perfusion."/></designation></concept><concept><code value="percutaneous"/><display value="percutaneous."/><designation><language value="en"/><value value="Percutaneous."/></designation><designation><language value="nl"/><value value="Percutaan."/></designation><designation><language value="fr"/><value value="Percutan&#xE9;."/></designation></concept><concept><code value="other"/><display value="other."/><designation><language value="en"/><value value="Other."/></designation><designation><language value="nl"/><value value="Andere."/></designation><designation><language value="fr"/><value value="Autre."/></designation></concept></CodeSystem>