<?xml version="1.0" encoding="UTF-8"?><CodeSystem xmlns="http://hl7.org/fhir"><id value="be-cs-temp-requested-service"/><text><status value="generated"/><div xmlns="http://www.w3.org/1999/xhtml"><p>This code system <code>https://www.ehealth.fgov.be/standards/fhir/referral/CodeSystem/be-cs-temp-requested-service</code> defines the following codes:</p><table class="codes"><tr><td style="white-space:nowrap"><b>Code</b></td><td><b>Display</b></td></tr><tr><td style="white-space:nowrap">tmp-prep-x081-2<a name="be-cs-temp-requested-service-tmp-prep-x081-2"> </a></td><td>Preparing medication_Appendix 81</td></tr><tr><td style="white-space:nowrap">tmp-prep-ient-8<a name="be-cs-temp-requested-service-tmp-prep-ient-8"> </a></td><td>Preparation and medication administration in the psychiatric patient</td></tr><tr><td style="white-space:nowrap">tmp-prep-rsed-5<a name="be-cs-temp-requested-service-tmp-prep-rsed-5"> </a></td><td>Preparing medication_not reimbursed</td></tr><tr><td style="white-space:nowrap">tmp-diab-tion-8<a name="be-cs-temp-requested-service-tmp-diab-tion-8"> </a></td><td>Diabetes education</td></tr><tr><td style="white-space:nowrap">tmp-samp-tion-7<a name="be-cs-temp-requested-service-tmp-samp-tion-7"> </a></td><td>Sample collection</td></tr><tr><td style="white-space:nowrap">tmp-glyc-eter-2<a name="be-cs-temp-requested-service-tmp-glyc-eter-2"> </a></td><td>Glycemic control with glucometer</td></tr><tr><td style="white-space:nowrap">tmp-bloo-ting-2<a name="be-cs-temp-requested-service-tmp-bloo-ting-2"> </a></td><td>Bloodletting</td></tr><tr><td style="white-space:nowrap">tmp-drug-tion-9<a name="be-cs-temp-requested-service-tmp-drug-tion-9"> </a></td><td>Drug administration</td></tr><tr><td style="white-space:nowrap">tmp-hygi-care-3<a name="be-cs-temp-requested-service-tmp-hygi-care-3"> </a></td><td>Hygienic care</td></tr><tr><td style="white-space:nowrap">tmp-chro-ysis-1<a name="be-cs-temp-requested-service-tmp-chro-ysis-1"> </a></td><td>Chronic home dialysis</td></tr><tr><td style="white-space:nowrap">tmp-cont-ters-8<a name="be-cs-temp-requested-service-tmp-cont-ters-8"> </a></td><td>Control parameters</td></tr><tr><td style="white-space:nowrap">tmp-aspi-ways-8<a name="be-cs-temp-requested-service-tmp-aspi-ways-8"> </a></td><td>Aspiration airways</td></tr><tr><td style="white-space:nowrap">tmp-use0-tion-9<a name="be-cs-temp-requested-service-tmp-use0-tion-9"> </a></td><td>Use and supervision of home ventilation</td></tr><tr><td style="white-space:nowrap">tmp-oxyg-tion-1<a name="be-cs-temp-requested-service-tmp-oxyg-tion-1"> </a></td><td>Oxygen administration</td></tr><tr><td style="white-space:nowrap">tmp-repl-tomy-0<a name="be-cs-temp-requested-service-tmp-repl-tomy-0"> </a></td><td>replace tracheostomy</td></tr><tr><td style="white-space:nowrap">tmp-clea-tomy-8<a name="be-cs-temp-requested-service-tmp-clea-tomy-8"> </a></td><td>clean tracheostomy</td></tr><tr><td style="white-space:nowrap">tmp-remo-omas-0<a name="be-cs-temp-requested-service-tmp-remo-omas-0"> </a></td><td>removal of fecalomas</td></tr><tr><td style="white-space:nowrap">tmp-colo-tion-8<a name="be-cs-temp-requested-service-tmp-colo-tion-8"> </a></td><td>colonic irrigation</td></tr><tr><td style="white-space:nowrap">tmp-enem-nema-5<a name="be-cs-temp-requested-service-tmp-enem-nema-5"> </a></td><td>enema</td></tr><tr><td style="white-space:nowrap">tmp-gast-ment-0<a name="be-cs-temp-requested-service-tmp-gast-ment-0"> </a></td><td>gastrointestinal tubing and drainage: gastric tube placement</td></tr><tr><td style="white-space:nowrap">tmp-gast-tube-7<a name="be-cs-temp-requested-service-tmp-gast-tube-7"> </a></td><td>gastrointestinal tubing and drainage: remove gastric tube</td></tr><tr><td style="white-space:nowrap">tmp-gast-tube-1<a name="be-cs-temp-requested-service-tmp-gast-tube-1"> </a></td><td>gastrointestinal tubing and drainage: monitoring gastric tube</td></tr><tr><td style="white-space:nowrap">tmp-gast-sing-5<a name="be-cs-temp-requested-service-tmp-gast-sing-5"> </a></td><td>gastrointestinal tubing and drainage: rinsing</td></tr><tr><td style="white-space:nowrap">tmp-perc-move-7<a name="be-cs-temp-requested-service-tmp-perc-move-7"> </a></td><td>percutaneous gastrostomy tube: remove</td></tr><tr><td style="white-space:nowrap">tmp-perc-tion-6<a name="be-cs-temp-requested-service-tmp-perc-tion-6"> </a></td><td>percutaneous gastrostomy tube: replacement after fistula formation</td></tr><tr><td style="white-space:nowrap">tmp-perc-sion-2<a name="be-cs-temp-requested-service-tmp-perc-sion-2"> </a></td><td>percutaneous gastrostomy tube: supervision</td></tr><tr><td style="white-space:nowrap">tmp-perc-inse-2<a name="be-cs-temp-requested-service-tmp-perc-inse-2"> </a></td><td>percutal gastrostomy tube: rinse</td></tr><tr><td style="white-space:nowrap">tmp-vagi-inse-3<a name="be-cs-temp-requested-service-tmp-vagi-inse-3"> </a></td><td>vaginal rinse</td></tr><tr><td style="white-space:nowrap">tmp-asep-care-9<a name="be-cs-temp-requested-service-tmp-asep-care-9"> </a></td><td>aseptic vulvar care</td></tr><tr><td style="white-space:nowrap">tmp-inte-tion-6<a name="be-cs-temp-requested-service-tmp-inte-tion-6"> </a></td><td>intermittent bladder catheterization</td></tr><tr><td style="white-space:nowrap">tmp-remo-tube-9<a name="be-cs-temp-requested-service-tmp-remo-tube-9"> </a></td><td>remove bladder tube</td></tr><tr><td style="white-space:nowrap">tmp-repl-tube-0<a name="be-cs-temp-requested-service-tmp-repl-tube-0"> </a></td><td>replace bladder tube</td></tr><tr><td style="white-space:nowrap">tmp-inse-tube-9<a name="be-cs-temp-requested-service-tmp-inse-tube-9"> </a></td><td>insert bladder tube</td></tr><tr><td style="white-space:nowrap">tmp-blad-sion-4<a name="be-cs-temp-requested-service-tmp-blad-sion-4"> </a></td><td>bladder tube supervision</td></tr><tr><td style="white-space:nowrap">tmp-blad-ance-2<a name="be-cs-temp-requested-service-tmp-blad-ance-2"> </a></td><td>bladder instillation performance</td></tr><tr><td style="white-space:nowrap">tmp-blad-ring-1<a name="be-cs-temp-requested-service-tmp-blad-ring-1"> </a></td><td>bladder instillation monitoring</td></tr><tr><td style="white-space:nowrap">tmp-supr-oint-9<a name="be-cs-temp-requested-service-tmp-supr-oint-9"> </a></td><td>suprapubic bladder care insertion point</td></tr><tr><td style="white-space:nowrap">tmp-supr-ring-9<a name="be-cs-temp-requested-service-tmp-supr-ring-9"> </a></td><td>suprapubic bladder monitoring</td></tr><tr><td style="white-space:nowrap">tmp-supr-ment-5<a name="be-cs-temp-requested-service-tmp-supr-ment-5"> </a></td><td>suprapubic bladder tube replacement</td></tr><tr><td style="white-space:nowrap">tmp-supr-oval-1<a name="be-cs-temp-requested-service-tmp-supr-oval-1"> </a></td><td>suprapubic bladder tube removal</td></tr><tr><td style="white-space:nowrap">tmp-cond-care-0<a name="be-cs-temp-requested-service-tmp-cond-care-0"> </a></td><td>condom catheter care</td></tr><tr><td style="white-space:nowrap">tmp-plac-eter-6<a name="be-cs-temp-requested-service-tmp-plac-eter-6"> </a></td><td>Placing catheter</td></tr><tr><td style="white-space:nowrap">tmp-moni-eter-9<a name="be-cs-temp-requested-service-tmp-moni-eter-9"> </a></td><td>Monitoring catheter</td></tr><tr><td style="white-space:nowrap">tmp-repl-eter-6<a name="be-cs-temp-requested-service-tmp-repl-eter-6"> </a></td><td>Replace catheter</td></tr><tr><td style="white-space:nowrap">tmp-remo-eter-5<a name="be-cs-temp-requested-service-tmp-remo-eter-5"> </a></td><td>Remove catheter</td></tr><tr><td style="white-space:nowrap">tmp-flus-eter-7<a name="be-cs-temp-requested-service-tmp-flus-eter-7"> </a></td><td>Flushing catheter</td></tr><tr><td style="white-space:nowrap">tmp-dres-eter-4<a name="be-cs-temp-requested-service-tmp-dres-eter-4"> </a></td><td>Dressing change catheter</td></tr><tr><td style="white-space:nowrap">tmp-woun-care-0<a name="be-cs-temp-requested-service-tmp-woun-care-0"> </a></td><td>wound care</td></tr><tr><td style="white-space:nowrap">tmp-comp-dage-3<a name="be-cs-temp-requested-service-tmp-comp-dage-3"> </a></td><td>compression therapy: application of bandage</td></tr><tr><td style="white-space:nowrap">tmp-comp-ings-8<a name="be-cs-temp-requested-service-tmp-comp-ings-8"> </a></td><td>compression therapy: putting on and taking off compression stockings</td></tr></table><p><b>Additional Language Displays</b></p><table class="codes"><tr><td><b>Code</b></td><td><b>English (English, en)</b></td><td><b>French (Belgium) (fr)</b></td><td><b>Nederlands (België) (Dutch (Belgium), nl)</b></td></tr><tr><td>tmp-prep-x081-2</td><td>Preparing medication_Appendix 81</td><td>Préparation des médicaments_Appendix 81</td><td>Medicatie klaarzetten_Bijlage 81</td></tr><tr><td>tmp-prep-ient-8</td><td>Preparation and medication administration in the psychiatric patient</td><td>Préparation des médicaments et administration à un patient psychiatrique</td><td>Voorbereiding en medicatietoediening bij de psychiatrische patiënt. </td></tr><tr><td>tmp-prep-rsed-5</td><td>Preparing medication_not reimbursed</td><td>Préparation des médicaments_non remboursée</td><td>Medicatie klaarzetten_niet terugbetaald</td></tr><tr><td>tmp-diab-tion-8</td><td>Diabetes education</td><td>Education sur le diabète</td><td>Diabeteseducatie</td></tr><tr><td>tmp-samp-tion-7</td><td>Sample collection</td><td>Collecte d’échantillons</td><td>Staalafname</td></tr><tr><td>tmp-glyc-eter-2</td><td>Glycemic control with glucometer</td><td>Surveillance de la glycémie avec un glucomètre</td><td>Glycemiecontrole met glucometer</td></tr><tr><td>tmp-bloo-ting-2</td><td>Bloodletting</td><td>Phlébotomie</td><td>Aderlating</td></tr><tr><td>tmp-drug-tion-9</td><td>Drug administration</td><td>Administration du médicament</td><td>Toediening geneesmiddel</td></tr><tr><td>tmp-hygi-care-3</td><td>Hygienic care</td><td>Soins hygiéniques</td><td>Hygiënische verzorging</td></tr><tr><td>tmp-chro-ysis-1</td><td>Chronic home dialysis</td><td>Dialyse chronique à domicile</td><td>Chronische thuisdialyse</td></tr><tr><td>tmp-cont-ters-8</td><td>Control parameters</td><td>Contrôle des paramètres</td><td>Controle parameters</td></tr><tr><td>tmp-aspi-ways-8</td><td>Aspiration airways</td><td>Aspiration des voies respiratoires</td><td>Aspiratie luchtwegen</td></tr><tr><td>tmp-use0-tion-9</td><td>Use and supervision of home ventilation</td><td>Utilisation et surveillance de la ventilation domestique</td><td>Gebruik en toezicht thuisbeademing</td></tr><tr><td>tmp-oxyg-tion-1</td><td>Oxygen administration</td><td>Administration d’oxygène</td><td>Zuurstoftoediening</td></tr><tr><td>tmp-repl-tomy-0</td><td>replace tracheostomy</td><td>Remplacement de la trachéotomie</td><td>vervangen tracheastomie</td></tr><tr><td>tmp-clea-tomy-8</td><td>clean tracheostomy</td><td>Nettoyage de la trachéotomie</td><td>reinigen tracheastomie</td></tr><tr><td>tmp-remo-omas-0</td><td>removal of fecalomas</td><td>Elimination des matières fécales</td><td>verwijderen van faecalomen</td></tr><tr><td>tmp-colo-tion-8</td><td>colonic irrigation</td><td>Lavage intestinal</td><td>darmspoeling</td></tr><tr><td>tmp-enem-nema-5</td><td>enema</td><td>Lavement</td><td>lavement</td></tr><tr><td>tmp-gast-ment-0</td><td>gastrointestinal tubing and drainage: gastric tube placement</td><td>Tubage et drainage grastro-intestinal : Placement d’une sonde gastrique</td><td>gastro-intestinale tubage en drainage: plaatsen maagsonde</td></tr><tr><td>tmp-gast-tube-7</td><td>gastrointestinal tubing and drainage: remove gastric tube</td><td>Tubage et drainage gastro-intestinal : retrait de la sonde gastrique</td><td>gastro-intestinale tubage en drainage: verwijderen maagsonde</td></tr><tr><td>tmp-gast-tube-1</td><td>gastrointestinal tubing and drainage: monitoring gastric tube</td><td>Tubage et drainage gastro-intestinal : supervision de la sonde gastrique</td><td>gastro-intestinale tubage en drainage: toezicht maagsonde</td></tr><tr><td>tmp-gast-sing-5</td><td>gastrointestinal tubing and drainage: rinsing</td><td>Tubage et drainage gastro-intestinal : rinçage</td><td>gastro-intestinale tubage en drainage: spoelen</td></tr><tr><td>tmp-perc-move-7</td><td>percutaneous gastrostomy tube: remove</td><td>Sonde gastrique percutanée : retrait</td><td>percutane gastrostomiesonde: verwijderen</td></tr><tr><td>tmp-perc-tion-6</td><td>percutaneous gastrostomy tube: replacement after fistula formation</td><td>Sonde gastrique percutanée : remplacement après formation de fistule</td><td>percutane gastrostomiesonde: vervanging na fistelvorming</td></tr><tr><td>tmp-perc-sion-2</td><td>percutaneous gastrostomy tube: supervision</td><td>Sonde gastronomique percutanée : supervision</td><td>percutane gastrostomiesonde: toezicht</td></tr><tr><td>tmp-perc-inse-2</td><td>percutal gastrostomy tube: rinse</td><td>Sonde gastronomique percutanée : rinçage</td><td>percutale gastrostomiesonde: spoelen</td></tr><tr><td>tmp-vagi-inse-3</td><td>vaginal rinse</td><td>Rinçage vaginal</td><td>vaginale spoeling</td></tr><tr><td>tmp-asep-care-9</td><td>aseptic vulvar care</td><td>Soins aseptiques de la vulve</td><td>aseptische vulvazorgen</td></tr><tr><td>tmp-inte-tion-6</td><td>intermittent bladder catheterization</td><td>Sondage vésical intermittent</td><td>intermittente blaassondage</td></tr><tr><td>tmp-remo-tube-9</td><td>remove bladder tube</td><td>Retrait de la sonde vésicale</td><td>blaassondage verwijderen</td></tr><tr><td>tmp-repl-tube-0</td><td>replace bladder tube</td><td>Remplacement de la sonde vésicale</td><td>blaassondage vervangen</td></tr><tr><td>tmp-inse-tube-9</td><td>insert bladder tube</td><td>Placement de la sonde vésicale</td><td>blaassondage plaatsen</td></tr><tr><td>tmp-blad-sion-4</td><td>bladder tube supervision</td><td>Supervision de la sonde vésicale</td><td>blaassondage toezicht</td></tr><tr><td>tmp-blad-ance-2</td><td>bladder instillation performance</td><td>Mise en oeuvre de l’instillation vésicale</td><td>blaasinstillatie uitvoering</td></tr><tr><td>tmp-blad-ring-1</td><td>bladder instillation monitoring</td><td>Supervision de l’instillation vésicale</td><td>blaasinstillatie toezicht</td></tr><tr><td>tmp-supr-oint-9</td><td>suprapubic bladder care insertion point</td><td>Soin du point d'insertion de la sonde vésicale sus-pubienne</td><td>suprapubische blaassonde verzorging insteekpunt</td></tr><tr><td>tmp-supr-ring-9</td><td>suprapubic bladder monitoring</td><td>Supervision de la sonde vésicale sus-pubienne</td><td>suprapubische blaassonde toezicht</td></tr><tr><td>tmp-supr-ment-5</td><td>suprapubic bladder tube replacement</td><td>Remplacement de la sonde vésicale sus-pubienne</td><td>suprapubische blaassonde vervanging </td></tr><tr><td>tmp-supr-oval-1</td><td>suprapubic bladder tube removal</td><td>Retrait de la sonde vésicale sus-pubienne</td><td>suprapubische blaassonde verwijdering</td></tr><tr><td>tmp-cond-care-0</td><td>condom catheter care</td><td>Soin d’un cathéter de préservatif</td><td>zorgen aan condoomcatheter</td></tr><tr><td>tmp-plac-eter-6</td><td>Placing catheter</td><td>Placement  d’un cathéter</td><td>Plaatsen katheter</td></tr><tr><td>tmp-moni-eter-9</td><td>Monitoring catheter</td><td>Supervision d’un cathéter</td><td>Toezicht katheter</td></tr><tr><td>tmp-repl-eter-6</td><td>Replace catheter</td><td>Remplacement d’un cathéter</td><td>Vervangen katheter</td></tr><tr><td>tmp-remo-eter-5</td><td>Remove catheter</td><td>Retrait d’un cathéter</td><td>Verwijderen katheter</td></tr><tr><td>tmp-flus-eter-7</td><td>Flushing catheter</td><td>Rinçage d’un cathéter</td><td>Spoelen katheter </td></tr><tr><td>tmp-dres-eter-4</td><td>Dressing change catheter</td><td>Changement d’un pansement de cathéter</td><td>Verbandwissel katheter</td></tr><tr><td>tmp-woun-care-0</td><td>wound care</td><td>Soin des plaies</td><td>Wondzorg</td></tr><tr><td>tmp-comp-dage-3</td><td>compression therapy: application of bandage</td><td>Thérapie de compression : application d’un bandage</td><td>compressietherapie: aanbrengen van bandage </td></tr><tr><td>tmp-comp-ings-8</td><td>compression therapy: putting on and taking off compression stockings</td><td>Thérapie de compression : Installation et retrait de bas de contention</td><td>compressietherapie: aan- en uittrekken van steunkousen</td></tr></table></div></text><url value="https://www.ehealth.fgov.be/standards/fhir/referral/CodeSystem/be-cs-temp-requested-service"/><version value="1.0.0"/><name value="BeTempRequestedService"/><title value="BeTempRequestedService"/><status value="draft"/><date value="2023-01-24T07:53:27+00:00"/><description value="Temporary codes for indicating services that can be requested from a Nurse"/><jurisdiction><coding><system value="urn:iso:std:iso:3166"/><code value="BE"/><display value="Belgium"/></coding></jurisdiction><caseSensitive value="true"/><content value="complete"/><count value="50"/><concept><code value="tmp-prep-x081-2"/><display value="Preparing medication_Appendix 81"/><designation><language value="fr-BE"/><value value="Préparation des médicaments_Appendix 81"/></designation><designation><language value="nl-BE"/><value value="Medicatie klaarzetten_Bijlage 81"/></designation><designation><language value="en"/><value value="Preparing medication_Appendix 81"/></designation></concept><concept><code value="tmp-prep-ient-8"/><display value="Preparation and medication administration in the psychiatric patient"/><designation><language value="fr-BE"/><value value="Préparation des médicaments et administration à un patient psychiatrique"/></designation><designation><language value="nl-BE"/><value value="Voorbereiding en medicatietoediening bij de psychiatrische patiënt. "/></designation><designation><language value="en"/><value value="Preparation and medication administration in the psychiatric patient"/></designation></concept><concept><code value="tmp-prep-rsed-5"/><display value="Preparing medication_not reimbursed"/><designation><language value="fr-BE"/><value value="Préparation des médicaments_non remboursée"/></designation><designation><language value="nl-BE"/><value value="Medicatie klaarzetten_niet terugbetaald"/></designation><designation><language value="en"/><value value="Preparing medication_not reimbursed"/></designation></concept><concept><code value="tmp-diab-tion-8"/><display value="Diabetes education"/><designation><language value="fr-BE"/><value value="Education sur le diabète"/></designation><designation><language value="nl-BE"/><value value="Diabeteseducatie"/></designation><designation><language value="en"/><value value="Diabetes education"/></designation></concept><concept><code value="tmp-samp-tion-7"/><display value="Sample collection"/><designation><language value="fr-BE"/><value value="Collecte d’échantillons"/></designation><designation><language value="nl-BE"/><value value="Staalafname"/></designation><designation><language value="en"/><value value="Sample collection"/></designation></concept><concept><code value="tmp-glyc-eter-2"/><display value="Glycemic control with glucometer"/><designation><language value="fr-BE"/><value value="Surveillance de la glycémie avec un glucomètre"/></designation><designation><language value="nl-BE"/><value value="Glycemiecontrole met glucometer"/></designation><designation><language value="en"/><value value="Glycemic control with glucometer"/></designation></concept><concept><code value="tmp-bloo-ting-2"/><display value="Bloodletting"/><designation><language value="fr-BE"/><value value="Phlébotomie"/></designation><designation><language value="nl-BE"/><value value="Aderlating"/></designation><designation><language value="en"/><value value="Bloodletting"/></designation></concept><concept><code value="tmp-drug-tion-9"/><display value="Drug administration"/><designation><language value="fr-BE"/><value value="Administration du médicament"/></designation><designation><language value="nl-BE"/><value value="Toediening geneesmiddel"/></designation><designation><language value="en"/><value value="Drug administration"/></designation></concept><concept><code value="tmp-hygi-care-3"/><display value="Hygienic care"/><designation><language value="fr-BE"/><value value="Soins hygiéniques"/></designation><designation><language value="nl-BE"/><value value="Hygiënische verzorging"/></designation><designation><language value="en"/><value value="Hygienic care"/></designation></concept><concept><code value="tmp-chro-ysis-1"/><display value="Chronic home dialysis"/><designation><language value="fr-BE"/><value value="Dialyse chronique à domicile"/></designation><designation><language value="nl-BE"/><value value="Chronische thuisdialyse"/></designation><designation><language value="en"/><value value="Chronic home dialysis"/></designation></concept><concept><code value="tmp-cont-ters-8"/><display value="Control parameters"/><designation><language value="fr-BE"/><value value="Contrôle des paramètres"/></designation><designation><language value="nl-BE"/><value value="Controle parameters"/></designation><designation><language value="en"/><value value="Control parameters"/></designation></concept><concept><code value="tmp-aspi-ways-8"/><display value="Aspiration airways"/><designation><language value="fr-BE"/><value value="Aspiration des voies respiratoires"/></designation><designation><language value="nl-BE"/><value value="Aspiratie luchtwegen"/></designation><designation><language value="en"/><value value="Aspiration airways"/></designation></concept><concept><code value="tmp-use0-tion-9"/><display value="Use and supervision of home ventilation"/><designation><language value="fr-BE"/><value value="Utilisation et surveillance de la ventilation domestique"/></designation><designation><language value="nl-BE"/><value value="Gebruik en toezicht thuisbeademing"/></designation><designation><language value="en"/><value value="Use and supervision of home ventilation"/></designation></concept><concept><code value="tmp-oxyg-tion-1"/><display value="Oxygen administration"/><designation><language value="fr-BE"/><value value="Administration d’oxygène"/></designation><designation><language value="nl-BE"/><value value="Zuurstoftoediening"/></designation><designation><language value="en"/><value value="Oxygen administration"/></designation></concept><concept><code value="tmp-repl-tomy-0"/><display value="replace tracheostomy"/><designation><language value="fr-BE"/><value value="Remplacement de la trachéotomie"/></designation><designation><language value="nl-BE"/><value value="vervangen tracheastomie"/></designation><designation><language value="en"/><value value="replace tracheostomy"/></designation></concept><concept><code value="tmp-clea-tomy-8"/><display value="clean tracheostomy"/><designation><language value="fr-BE"/><value value="Nettoyage de la trachéotomie"/></designation><designation><language value="nl-BE"/><value value="reinigen tracheastomie"/></designation><designation><language value="en"/><value value="clean tracheostomy"/></designation></concept><concept><code value="tmp-remo-omas-0"/><display value="removal of fecalomas"/><designation><language value="fr-BE"/><value value="Elimination des matières fécales"/></designation><designation><language value="nl-BE"/><value value="verwijderen van faecalomen"/></designation><designation><language value="en"/><value value="removal of fecalomas"/></designation></concept><concept><code value="tmp-colo-tion-8"/><display value="colonic irrigation"/><designation><language value="fr-BE"/><value value="Lavage intestinal"/></designation><designation><language value="nl-BE"/><value value="darmspoeling"/></designation><designation><language value="en"/><value value="colonic irrigation"/></designation></concept><concept><code value="tmp-enem-nema-5"/><display value="enema"/><designation><language value="fr-BE"/><value value="Lavement"/></designation><designation><language value="nl-BE"/><value value="lavement"/></designation><designation><language value="en"/><value value="enema"/></designation></concept><concept><code value="tmp-gast-ment-0"/><display value="gastrointestinal tubing and drainage: gastric tube placement"/><designation><language value="fr-BE"/><value value="Tubage et drainage grastro-intestinal : Placement d’une sonde gastrique"/></designation><designation><language value="nl-BE"/><value value="gastro-intestinale tubage en drainage: plaatsen maagsonde"/></designation><designation><language value="en"/><value value="gastrointestinal tubing and drainage: gastric tube placement"/></designation></concept><concept><code value="tmp-gast-tube-7"/><display value="gastrointestinal tubing and drainage: remove gastric tube"/><designation><language value="fr-BE"/><value value="Tubage et drainage gastro-intestinal : retrait de la sonde gastrique"/></designation><designation><language value="nl-BE"/><value value="gastro-intestinale tubage en drainage: verwijderen maagsonde"/></designation><designation><language value="en"/><value value="gastrointestinal tubing and drainage: remove gastric tube"/></designation></concept><concept><code value="tmp-gast-tube-1"/><display value="gastrointestinal tubing and drainage: monitoring gastric tube"/><designation><language value="fr-BE"/><value value="Tubage et drainage gastro-intestinal : supervision de la sonde gastrique"/></designation><designation><language value="nl-BE"/><value value="gastro-intestinale tubage en drainage: toezicht maagsonde"/></designation><designation><language value="en"/><value value="gastrointestinal tubing and drainage: monitoring gastric tube"/></designation></concept><concept><code value="tmp-gast-sing-5"/><display value="gastrointestinal tubing and drainage: rinsing"/><designation><language value="fr-BE"/><value value="Tubage et drainage gastro-intestinal : rinçage"/></designation><designation><language value="nl-BE"/><value value="gastro-intestinale tubage en drainage: spoelen"/></designation><designation><language value="en"/><value value="gastrointestinal tubing and drainage: rinsing"/></designation></concept><concept><code value="tmp-perc-move-7"/><display value="percutaneous gastrostomy tube: remove"/><designation><language value="fr-BE"/><value value="Sonde gastrique percutanée : retrait"/></designation><designation><language value="nl-BE"/><value value="percutane gastrostomiesonde: verwijderen"/></designation><designation><language value="en"/><value value="percutaneous gastrostomy tube: remove"/></designation></concept><concept><code value="tmp-perc-tion-6"/><display value="percutaneous gastrostomy tube: replacement after fistula formation"/><designation><language value="fr-BE"/><value value="Sonde gastrique percutanée : remplacement après formation de fistule"/></designation><designation><language value="nl-BE"/><value value="percutane gastrostomiesonde: vervanging na fistelvorming"/></designation><designation><language value="en"/><value value="percutaneous gastrostomy tube: replacement after fistula formation"/></designation></concept><concept><code value="tmp-perc-sion-2"/><display value="percutaneous gastrostomy tube: supervision"/><designation><language value="fr-BE"/><value value="Sonde gastronomique percutanée : supervision"/></designation><designation><language value="nl-BE"/><value value="percutane gastrostomiesonde: toezicht"/></designation><designation><language value="en"/><value value="percutaneous gastrostomy tube: supervision"/></designation></concept><concept><code value="tmp-perc-inse-2"/><display value="percutal gastrostomy tube: rinse"/><designation><language value="fr-BE"/><value value="Sonde gastronomique percutanée : rinçage"/></designation><designation><language value="nl-BE"/><value value="percutale gastrostomiesonde: spoelen"/></designation><designation><language value="en"/><value value="percutal gastrostomy tube: rinse"/></designation></concept><concept><code value="tmp-vagi-inse-3"/><display value="vaginal rinse"/><designation><language value="fr-BE"/><value value="Rinçage vaginal"/></designation><designation><language value="nl-BE"/><value value="vaginale spoeling"/></designation><designation><language value="en"/><value value="vaginal rinse"/></designation></concept><concept><code value="tmp-asep-care-9"/><display value="aseptic vulvar care"/><designation><language value="fr-BE"/><value value="Soins aseptiques de la vulve"/></designation><designation><language value="nl-BE"/><value value="aseptische vulvazorgen"/></designation><designation><language value="en"/><value value="aseptic vulvar care"/></designation></concept><concept><code value="tmp-inte-tion-6"/><display value="intermittent bladder catheterization"/><designation><language value="fr-BE"/><value value="Sondage vésical intermittent"/></designation><designation><language value="nl-BE"/><value value="intermittente blaassondage"/></designation><designation><language value="en"/><value value="intermittent bladder catheterization"/></designation></concept><concept><code value="tmp-remo-tube-9"/><display value="remove bladder tube"/><designation><language value="fr-BE"/><value value="Retrait de la sonde vésicale"/></designation><designation><language value="nl-BE"/><value value="blaassondage verwijderen"/></designation><designation><language value="en"/><value value="remove bladder tube"/></designation></concept><concept><code value="tmp-repl-tube-0"/><display value="replace bladder tube"/><designation><language value="fr-BE"/><value value="Remplacement de la sonde vésicale"/></designation><designation><language value="nl-BE"/><value value="blaassondage vervangen"/></designation><designation><language value="en"/><value value="replace bladder tube"/></designation></concept><concept><code value="tmp-inse-tube-9"/><display value="insert bladder tube"/><designation><language value="fr-BE"/><value value="Placement de la sonde vésicale"/></designation><designation><language value="nl-BE"/><value value="blaassondage plaatsen"/></designation><designation><language value="en"/><value value="insert bladder tube"/></designation></concept><concept><code value="tmp-blad-sion-4"/><display value="bladder tube supervision"/><designation><language value="fr-BE"/><value value="Supervision de la sonde vésicale"/></designation><designation><language value="nl-BE"/><value value="blaassondage toezicht"/></designation><designation><language value="en"/><value value="bladder tube supervision"/></designation></concept><concept><code value="tmp-blad-ance-2"/><display value="bladder instillation performance"/><designation><language value="fr-BE"/><value value="Mise en oeuvre de l’instillation vésicale"/></designation><designation><language value="nl-BE"/><value value="blaasinstillatie uitvoering"/></designation><designation><language value="en"/><value value="bladder instillation performance"/></designation></concept><concept><code value="tmp-blad-ring-1"/><display value="bladder instillation monitoring"/><designation><language value="fr-BE"/><value value="Supervision de l’instillation vésicale"/></designation><designation><language value="nl-BE"/><value value="blaasinstillatie toezicht"/></designation><designation><language value="en"/><value value="bladder instillation monitoring"/></designation></concept><concept><code value="tmp-supr-oint-9"/><display value="suprapubic bladder care insertion point"/><designation><language value="fr-BE"/><value value="Soin du point d'insertion de la sonde vésicale sus-pubienne"/></designation><designation><language value="nl-BE"/><value value="suprapubische blaassonde verzorging insteekpunt"/></designation><designation><language value="en"/><value value="suprapubic bladder care insertion point"/></designation></concept><concept><code value="tmp-supr-ring-9"/><display value="suprapubic bladder monitoring"/><designation><language value="fr-BE"/><value value="Supervision de la sonde vésicale sus-pubienne"/></designation><designation><language value="nl-BE"/><value value="suprapubische blaassonde toezicht"/></designation><designation><language value="en"/><value value="suprapubic bladder monitoring"/></designation></concept><concept><code value="tmp-supr-ment-5"/><display value="suprapubic bladder tube replacement"/><designation><language value="fr-BE"/><value value="Remplacement de la sonde vésicale sus-pubienne"/></designation><designation><language value="nl-BE"/><value value="suprapubische blaassonde vervanging "/></designation><designation><language value="en"/><value value="suprapubic bladder tube replacement"/></designation></concept><concept><code value="tmp-supr-oval-1"/><display value="suprapubic bladder tube removal"/><designation><language value="fr-BE"/><value value="Retrait de la sonde vésicale sus-pubienne"/></designation><designation><language value="nl-BE"/><value value="suprapubische blaassonde verwijdering"/></designation><designation><language value="en"/><value value="suprapubic bladder tube removal"/></designation></concept><concept><code value="tmp-cond-care-0"/><display value="condom catheter care"/><designation><language value="fr-BE"/><value value="Soin d’un cathéter de préservatif"/></designation><designation><language value="nl-BE"/><value value="zorgen aan condoomcatheter"/></designation><designation><language value="en"/><value value="condom catheter care"/></designation></concept><concept><code value="tmp-plac-eter-6"/><display value="Placing catheter"/><designation><language value="fr-BE"/><value value="Placement  d’un cathéter"/></designation><designation><language value="nl-BE"/><value value="Plaatsen katheter"/></designation><designation><language value="en"/><value value="Placing catheter"/></designation></concept><concept><code value="tmp-moni-eter-9"/><display value="Monitoring catheter"/><designation><language value="fr-BE"/><value value="Supervision d’un cathéter"/></designation><designation><language value="nl-BE"/><value value="Toezicht katheter"/></designation><designation><language value="en"/><value value="Monitoring catheter"/></designation></concept><concept><code value="tmp-repl-eter-6"/><display value="Replace catheter"/><designation><language value="fr-BE"/><value value="Remplacement d’un cathéter"/></designation><designation><language value="nl-BE"/><value value="Vervangen katheter"/></designation><designation><language value="en"/><value value="Replace catheter"/></designation></concept><concept><code value="tmp-remo-eter-5"/><display value="Remove catheter"/><designation><language value="fr-BE"/><value value="Retrait d’un cathéter"/></designation><designation><language value="nl-BE"/><value value="Verwijderen katheter"/></designation><designation><language value="en"/><value value="Remove catheter"/></designation></concept><concept><code value="tmp-flus-eter-7"/><display value="Flushing catheter"/><designation><language value="fr-BE"/><value value="Rinçage d’un cathéter"/></designation><designation><language value="nl-BE"/><value value="Spoelen katheter "/></designation><designation><language value="en"/><value value="Flushing catheter"/></designation></concept><concept><code value="tmp-dres-eter-4"/><display value="Dressing change catheter"/><designation><language value="fr-BE"/><value value="Changement d’un pansement de cathéter"/></designation><designation><language value="nl-BE"/><value value="Verbandwissel katheter"/></designation><designation><language value="en"/><value value="Dressing change catheter"/></designation></concept><concept><code value="tmp-woun-care-0"/><display value="wound care"/><designation><language value="fr-BE"/><value value="Soin des plaies"/></designation><designation><language value="nl-BE"/><value value="Wondzorg"/></designation><designation><language value="en"/><value value="wound care"/></designation></concept><concept><code value="tmp-comp-dage-3"/><display value="compression therapy: application of bandage"/><designation><language value="fr-BE"/><value value="Thérapie de compression : application d’un bandage"/></designation><designation><language value="nl-BE"/><value value="compressietherapie: aanbrengen van bandage "/></designation><designation><language value="en"/><value value="compression therapy: application of bandage"/></designation></concept><concept><code value="tmp-comp-ings-8"/><display value="compression therapy: putting on and taking off compression stockings"/><designation><language value="fr-BE"/><value value="Thérapie de compression : Installation et retrait de bas de contention"/></designation><designation><language value="nl-BE"/><value value="compressietherapie: aan- en uittrekken van steunkousen"/></designation><designation><language value="en"/><value value="compression therapy: putting on and taking off compression stockings"/></designation></concept></CodeSystem>