<?xml version="1.0" encoding="UTF-8"?><ImplementationGuide xmlns="http://hl7.org/fhir"><id value="hl7.country.fhir.ig"/><text><status value="extensions"/><div xmlns="http://www.w3.org/1999/xhtml"><h2>AffiliateIG</h2><p>The official URL for this implementation guide is: </p><pre>http://hl7.country.org/fhir/ig/ImplementationGuide/hl7.country.fhir.ig</pre><div><p>A barebones ImplementationGuide for HL7 Affiliates</p>
</div></div></text><url value="http://hl7.country.org/fhir/ig/ImplementationGuide/hl7.country.fhir.ig"/><version value="0.2.0"/><name value="AffiliateIG"/><title value="HL7 BE Referral Prescription WG Implementation Guide (work in progress)"/><status value="draft"/><experimental value="false"/><date value="2021-07-12T13:54:48+00:00"/><publisher value="HL7 Belgium"/><contact><telecom><system value="url"/><value value="http://hl7belgium.org"/></telecom></contact><description value="A barebones ImplementationGuide for HL7 Affiliates"/><jurisdiction><coding><system value="http://unstats.un.org/unsd/methods/m49/m49.htm"/><code value="001"/></coding></jurisdiction><packageId value="hl7.country.fhir.ig"/><license value="CC0-1.0"/><fhirVersion value="4.0.1"/><dependsOn><uri value="https://www.ehealth.fgov.be/standards/fhir"/><packageId value="ehealthplatform.be.r4.federalprofiles"/><version value="1.2.2"/></dependsOn><definition><extension url="http://hl7.org/fhir/tools/StructureDefinition/ig-parameter"><extension url="code"><valueString value="copyrightyear"/></extension><extension url="value"><valueString value="2019+"/></extension></extension><extension url="http://hl7.org/fhir/tools/StructureDefinition/ig-parameter"><extension url="code"><valueString value="releaselabel"/></extension><extension url="value"><valueString value="CI Build"/></extension></extension><extension url="http://hl7.org/fhir/tools/StructureDefinition/ig-parameter"><extension url="code"><valueString value="path-binary"/></extension><extension url="value"><valueString value="input\cql"/></extension></extension><extension url="http://hl7.org/fhir/tools/StructureDefinition/ig-parameter"><extension url="code"><valueString value="autoload-resources"/></extension><extension url="value"><valueString value="true"/></extension></extension><extension url="http://hl7.org/fhir/tools/StructureDefinition/ig-parameter"><extension url="code"><valueString value="path-qa"/></extension><extension url="value"><valueString value="temp/qa"/></extension></extension><extension url="http://hl7.org/fhir/tools/StructureDefinition/ig-parameter"><extension url="code"><valueString value="path-temp"/></extension><extension url="value"><valueString value="temp/pages"/></extension></extension><extension url="http://hl7.org/fhir/tools/StructureDefinition/ig-parameter"><extension url="code"><valueString value="path-output"/></extension><extension url="value"><valueString value="output"/></extension></extension><extension url="http://hl7.org/fhir/tools/StructureDefinition/ig-parameter"><extension url="code"><valueString value="path-suppressed-warnings"/></extension><extension url="value"><valueString value="input/ignoreWarnings.txt"/></extension></extension><extension url="http://hl7.org/fhir/tools/StructureDefinition/ig-parameter"><extension url="code"><valueString value="template-html"/></extension><extension url="value"><valueString value="template-page.html"/></extension></extension><extension url="http://hl7.org/fhir/tools/StructureDefinition/ig-parameter"><extension url="code"><valueString value="template-md"/></extension><extension url="value"><valueString value="template-page-md.html"/></extension></extension><extension url="http://hl7.org/fhir/tools/StructureDefinition/ig-parameter"><extension url="code"><valueString value="apply-contact"/></extension><extension url="value"><valueString value="true"/></extension></extension><extension url="http://hl7.org/fhir/tools/StructureDefinition/ig-parameter"><extension url="code"><valueString value="apply-context"/></extension><extension url="value"><valueString value="true"/></extension></extension><extension url="http://hl7.org/fhir/tools/StructureDefinition/ig-parameter"><extension url="code"><valueString value="apply-copyright"/></extension><extension url="value"><valueString value="true"/></extension></extension><extension url="http://hl7.org/fhir/tools/StructureDefinition/ig-parameter"><extension url="code"><valueString value="apply-jurisdiction"/></extension><extension url="value"><valueString value="true"/></extension></extension><extension url="http://hl7.org/fhir/tools/StructureDefinition/ig-parameter"><extension url="code"><valueString value="apply-license"/></extension><extension url="value"><valueString value="true"/></extension></extension><extension url="http://hl7.org/fhir/tools/StructureDefinition/ig-parameter"><extension url="code"><valueString value="apply-publisher"/></extension><extension url="value"><valueString value="true"/></extension></extension><extension url="http://hl7.org/fhir/tools/StructureDefinition/ig-parameter"><extension url="code"><valueString value="apply-version"/></extension><extension url="value"><valueString value="true"/></extension></extension><extension url="http://hl7.org/fhir/tools/StructureDefinition/ig-parameter"><extension url="code"><valueString value="active-tables"/></extension><extension url="value"><valueString value="true"/></extension></extension><grouping id="rp"><name value="Referral Prescription Logical Models"/><description value="Referral prescription logical models."/></grouping><grouping id="_str_logicalmodel"><name value="Structures: Logical Models"/><description value="These define data models that represent the domain covered by this implementation guide in more business-friendly terms than the underlying FHIR resources."/></grouping><grouping id="_str_profile"><name value="Structures: Resource Profiles"/><description value="These define constraints on FHIR resources that need to be complied with by conformant implementations"/></grouping><grouping id="_str_extension"><name value="Structures: Extension Definitions"/><description value="These define constraints on FHIR data types that need to be complied with by conformant implementations"/></grouping><grouping id="_term_valueset"><name value="Terminology: Value Sets"/><description value="These define sets of codes used by systems conforming with this implementation guide"/></grouping><grouping id="_term_codesystem"><name value="Terminology: Code Systems"/><description value="These define new code systems used by systems conforming with this implementation guide"/></grouping><grouping id="_term_namingsystem"><name value="Terminology: Naming Systems"/><description value="These define identifier and/or code system identities used by systems conforming with this implementation guide"/></grouping><grouping id="_other"><name value="Other"/><description value="These are resources that are used within this implementation guide that don&#39;t fit into one of the other categories"/></grouping><resource><extension url="http://hl7.org/fhir/StructureDefinition/implementationguide-page"><valueUri value="StructureDefinition-be-model-referralprescription.html"/></extension><reference><reference value="StructureDefinition/be-model-referralprescription"/></reference><fhirVersion value="4.0.1"/><name value="Logical Model Referral Prescription"/><description value="The common logical model for the referral prescription"/><groupingId value="rp"/></resource><resource><extension url="http://hl7.org/fhir/StructureDefinition/implementationguide-page"><valueUri value="StructureDefinition-be-model-diagnosticimagingprescription.html"/></extension><reference><reference value="StructureDefinition/be-model-diagnosticimagingprescription"/></reference><fhirVersion value="4.0.1"/><name value="Logical Model Diagnostic Imaging Prescription"/><description value="The logical model for the diagnostic imaging prescription"/><groupingId value="rp"/></resource><resource><extension url="http://hl7.org/fhir/StructureDefinition/implementationguide-page"><valueUri value="StructureDefinition-be-model-physiotherapyprescription.html"/></extension><reference><reference value="StructureDefinition/be-model-physiotherapyprescription"/></reference><fhirVersion value="4.0.1"/><name value="Logical Model Physiotherapy Prescription"/><description value="The logical model for the physiotherapy prescription"/><groupingId value="rp"/></resource><resource><extension url="http://hl7.org/fhir/StructureDefinition/implementationguide-page"><valueUri value="StructureDefinition-be-model-nursingprescription.html"/></extension><reference><reference value="StructureDefinition/be-model-nursingprescription"/></reference><fhirVersion value="4.0.1"/><name value="Logical Model Nursing Prescription"/><description value="The logical model for the nursing prescription"/><groupingId value="rp"/></resource><resource><extension url="http://hl7.org/fhir/StructureDefinition/implementationguide-page"><valueUri value="ServiceRequest-nursing-compression-therapy-example.html"/></extension><reference><reference value="ServiceRequest/nursing-compression-therapy-example"/></reference><groupingId value="_other"/></resource><resource><extension url="http://hl7.org/fhir/StructureDefinition/implementationguide-page"><valueUri value="ServiceRequest-laboratory-order-example1.html"/></extension><reference><reference value="ServiceRequest/laboratory-order-example1"/></reference><groupingId value="_other"/></resource><resource><extension url="http://hl7.org/fhir/StructureDefinition/implementationguide-page"><valueUri value="ServiceRequest-diagnostic-imaging-basic-example-concreteWithDetails.html"/></extension><reference><reference value="ServiceRequest/diagnostic-imaging-basic-example-concreteWithDetails"/></reference><groupingId value="_other"/></resource><resource><extension url="http://hl7.org/fhir/StructureDefinition/implementationguide-page"><valueUri value="ServiceRequest-diagnostic-imaging-basic-example-concreteWithText.html"/></extension><reference><reference value="ServiceRequest/diagnostic-imaging-basic-example-concreteWithText"/></reference><groupingId value="_other"/></resource><resource><extension url="http://hl7.org/fhir/StructureDefinition/implementationguide-page"><valueUri value="Practitioner-practitioner1.html"/></extension><reference><reference value="Practitioner/practitioner1"/></reference><groupingId value="_other"/></resource><resource><extension url="http://hl7.org/fhir/StructureDefinition/implementationguide-page"><valueUri value="ServiceRequest-diagnostic-imaging-basic-example-everything-contained.html"/></extension><reference><reference value="ServiceRequest/diagnostic-imaging-basic-example-everything-contained"/></reference><groupingId value="_other"/></resource><resource><extension url="http://hl7.org/fhir/StructureDefinition/implementationguide-page"><valueUri value="Patient-patient1.html"/></extension><reference><reference value="Patient/patient1"/></reference><groupingId value="_other"/></resource><resource><extension url="http://hl7.org/fhir/StructureDefinition/implementationguide-page"><valueUri value="CarePlan-gpvisit.html"/></extension><reference><reference value="CarePlan/gpvisit"/></reference><groupingId value="_other"/></resource><resource><extension url="http://hl7.org/fhir/StructureDefinition/implementationguide-page"><valueUri value="Condition-condition1.html"/></extension><reference><reference value="Condition/condition1"/></reference><groupingId value="_other"/></resource><resource><extension url="http://hl7.org/fhir/StructureDefinition/implementationguide-page"><valueUri value="ServiceRequest-diagnostic-imaging-basic-example-useOfModality.html"/></extension><reference><reference value="ServiceRequest/diagnostic-imaging-basic-example-useOfModality"/></reference><groupingId value="_other"/></resource><resource><extension url="http://hl7.org/fhir/StructureDefinition/implementationguide-page"><valueUri value="StructureDefinition-be-model-laboratoryprescription.html"/></extension><reference><reference value="StructureDefinition/be-model-laboratoryprescription"/></reference><description value="Logical model describing the model for the prescription laboratory. This draft is used in the HL7 Belgian workgroup for laboratory."/><groupingId value="_str_logicalmodel"/></resource><resource><extension url="http://hl7.org/fhir/StructureDefinition/implementationguide-page"><valueUri value="StructureDefinition-be-referralprescription-nursing.html"/></extension><reference><reference value="StructureDefinition/be-referralprescription-nursing"/></reference><description value="The nursing profile, generic version. Please note the nursing referral for medication does NOT depend on this generic version but is a FHIR prodfile on a different FHIR resource (MedicationRequest)"/><groupingId value="_str_profile"/></resource><resource><extension url="http://hl7.org/fhir/StructureDefinition/implementationguide-page"><valueUri value="StructureDefinition-be-ext-contraindication.html"/></extension><reference><reference value="StructureDefinition/be-ext-contraindication"/></reference><name value="BeContraindication"/><description value="Contra indication in a prescription referral for diagnostic imaging."/><groupingId value="_str_extension"/></resource><resource><extension url="http://hl7.org/fhir/StructureDefinition/implementationguide-page"><valueUri value="StructureDefinition-be-lab-prescription.html"/></extension><reference><reference value="StructureDefinition/be-lab-prescription"/></reference><description value="This is the Belgian profile for a laboratory order."/><groupingId value="_str_profile"/></resource><resource><extension url="http://hl7.org/fhir/StructureDefinition/implementationguide-page"><valueUri value="StructureDefinition-be-referralprescription-nursing-bladder-care.html"/></extension><reference><reference value="StructureDefinition/be-referralprescription-nursing-bladder-care"/></reference><description value="The nursing profile specialized for bladder care. Actual bladder care information lives in the .orderDetail element. If needed to give a quantity (mandatory if bladder instillation): the .quantity element shall be used. If needed to express the product and time to leave the product (mandatory if bladder instillation): please explain in the .note element."/><groupingId value="_str_profile"/></resource><resource><extension url="http://hl7.org/fhir/StructureDefinition/implementationguide-page"><valueUri value="StructureDefinition-be-referralprescription-diagnosticimaging.html"/></extension><reference><reference value="StructureDefinition/be-referralprescription-diagnosticimaging"/></reference><description value="Referral prescription for a generic diagnostic imaging.&#xD;&#xA;Please note in .orderDetail, a specific slicing is available to give guidance how to express acquisition modalities if needed. In future iterations of this profile, more slicing might provide additional guidance."/><groupingId value="_str_profile"/></resource><resource><extension url="http://hl7.org/fhir/StructureDefinition/implementationguide-page"><valueUri value="StructureDefinition-be-referralprescription.html"/></extension><reference><reference value="StructureDefinition/be-referralprescription"/></reference><description value="The common structure for referral prescription."/><groupingId value="_str_profile"/></resource><resource><extension url="http://hl7.org/fhir/StructureDefinition/implementationguide-page"><valueUri value="StructureDefinition-be-referralprescription-nursing-medication.html"/></extension><reference><reference value="StructureDefinition/be-referralprescription-nursing-medication"/></reference><description value="The nursing profile specialized for medication. Note this profile is based on the FHIR resource MedicationRequest.&#xD;&#xA;Dosage is expected initially to be given in the corresponding text and optional site fields (as per the NIHDI requirements)"/><groupingId value="_str_profile"/></resource><resource><extension url="http://hl7.org/fhir/StructureDefinition/implementationguide-page"><valueUri value="StructureDefinition-be-referralprescription-nursing-digestive-system-care.html"/></extension><reference><reference value="StructureDefinition/be-referralprescription-nursing-digestive-system-care"/></reference><description value="The nursing profile specialized for digestive system care. If needed to give any details (e.g. details around the enteral feeding): please use the .note element."/><groupingId value="_str_profile"/></resource><resource><extension url="http://hl7.org/fhir/StructureDefinition/implementationguide-page"><valueUri value="StructureDefinition-be-referralprescription-nursing-compressiontherapy.html"/></extension><reference><reference value="StructureDefinition/be-referralprescription-nursing-compressiontherapy"/></reference><description value="The nursing profile specialized for compression therapy."/><groupingId value="_str_profile"/></resource><resource><extension url="http://hl7.org/fhir/StructureDefinition/implementationguide-page"><valueUri value="StructureDefinition-be-ext-contrastfluiduse.html"/></extension><reference><reference value="StructureDefinition/be-ext-contrastfluiduse"/></reference><name value="BeContrastFluidUse"/><description value="Whether the use of contrast fluid in diagnostic imaging can be defined as &#39;If necessary&#39; or &#39;Not permitted.&#39;"/><groupingId value="_str_extension"/></resource><resource><extension url="http://hl7.org/fhir/StructureDefinition/implementationguide-page"><valueUri value="StructureDefinition-be-ext-inform-party.html"/></extension><reference><reference value="StructureDefinition/be-ext-inform-party"/></reference><name value="BeInformParty"/><description value="Extra parties that need to be informed of the outcome, besides the prescriber."/><groupingId value="_str_extension"/></resource><resource><extension url="http://hl7.org/fhir/StructureDefinition/implementationguide-page"><valueUri value="StructureDefinition-be-referralprescription-nursing-other.html"/></extension><reference><reference value="StructureDefinition/be-referralprescription-nursing-other"/></reference><description value="The nursing profile specialized for other care. Use the .note element to provide any extra information."/><groupingId value="_str_profile"/></resource><resource><extension url="http://hl7.org/fhir/StructureDefinition/implementationguide-page"><valueUri value="StructureDefinition-be-ext-urgent-communication.html"/></extension><reference><reference value="StructureDefinition/be-ext-urgent-communication"/></reference><name value="BeUrgentCommunication"/><description value="When there is a need to urgently communicate results of an order."/><groupingId value="_str_extension"/></resource><resource><extension url="http://hl7.org/fhir/StructureDefinition/implementationguide-page"><valueUri value="StructureDefinition-be-ext-supporting-info.html"/></extension><reference><reference value="StructureDefinition/be-ext-supporting-info"/></reference><name value="BeSupportingInfo"/><description value="Relevant clinical information in the context of this prescription concerning for example allergies, kidney function, diabetic. This extension allows the use of an Annotation or codeableConcept but when more detailed information can be given, it is RECOMMENDED to express it as structured as possible using the appropriate elements."/><groupingId value="_str_extension"/></resource><resource><extension url="http://hl7.org/fhir/StructureDefinition/implementationguide-page"><valueUri value="ValueSet-be-vs-nursing-medication-category.html"/></extension><reference><reference value="ValueSet/be-vs-nursing-medication-category"/></reference><description value="Codes to define a type of nursing medication category."/><groupingId value="_term_valueset"/></resource><resource><extension url="http://hl7.org/fhir/StructureDefinition/implementationguide-page"><valueUri value="CodeSystem-be-cs-nursing-code-other.html"/></extension><reference><reference value="CodeSystem/be-cs-nursing-code-other"/></reference><name value="BeNursingCodeOther"/><description value="Nursing codes in Belgium. To define details in nursing activities for the other category. Initially defined as supporting CodeSystem for the referral prescription."/><groupingId value="_term_codesystem"/></resource><resource><extension url="http://hl7.org/fhir/StructureDefinition/implementationguide-page"><valueUri value="NamingSystem-be-ns-specimen.html"/></extension><reference><reference value="NamingSystem/be-ns-specimen"/></reference><description value="National identifier for a specimen when needed."/><groupingId value="_term_namingsystem"/></resource><resource><extension url="http://hl7.org/fhir/StructureDefinition/implementationguide-page"><valueUri value="CodeSystem-be-status-reason.html"/></extension><reference><reference value="CodeSystem/be-status-reason"/></reference><name value="BeStatusReason"/><description value="Status reason in Belgium. Initially defined as supporting CodeSystem for the referral prescription."/><groupingId value="_term_codesystem"/></resource><resource><extension url="http://hl7.org/fhir/StructureDefinition/implementationguide-page"><valueUri value="ValueSet-be-vs-nursing-medication-injection.html"/></extension><reference><reference value="ValueSet/be-vs-nursing-medication-injection"/></reference><description value="Codes to define a type of nursing medication injection."/><groupingId value="_term_valueset"/></resource><resource><extension url="http://hl7.org/fhir/StructureDefinition/implementationguide-page"><valueUri value="CodeSystem-be-nursing-medication-percutaneous.html"/></extension><reference><reference value="CodeSystem/be-nursing-medication-percutaneous"/></reference><name value="BeNursingMedicationPercutaneous"/><description value="Different types of nursing medication percutaneous."/><groupingId value="_term_codesystem"/></resource><resource><extension url="http://hl7.org/fhir/StructureDefinition/implementationguide-page"><valueUri value="ValueSet-be-vs-nursing-medication-percutaneous.html"/></extension><reference><reference value="ValueSet/be-vs-nursing-medication-percutaneous"/></reference><description value="Codes to define a type of nursing medication percutaneous."/><groupingId value="_term_valueset"/></resource><resource><extension url="http://hl7.org/fhir/StructureDefinition/implementationguide-page"><valueUri value="ValueSet-be-vs-communication-method.html"/></extension><reference><reference value="ValueSet/be-vs-communication-method"/></reference><description value="Codes to define a communication method."/><groupingId value="_term_valueset"/></resource><resource><extension url="http://hl7.org/fhir/StructureDefinition/implementationguide-page"><valueUri value="NamingSystem-be-ns-coronalertcode.html"/></extension><reference><reference value="NamingSystem/be-ns-coronalertcode"/></reference><description value="Code as generated by the Coronalert app."/><groupingId value="_term_namingsystem"/></resource><resource><extension url="http://hl7.org/fhir/StructureDefinition/implementationguide-page"><valueUri value="ValueSet-be-vs-type-of-nursing.html"/></extension><reference><reference value="ValueSet/be-vs-type-of-nursing"/></reference><description value="Codes to define a type of nursing."/><groupingId value="_term_valueset"/></resource><resource><extension url="http://hl7.org/fhir/StructureDefinition/implementationguide-page"><valueUri value="CodeSystem-be-contrastfluid-use.html"/></extension><reference><reference value="CodeSystem/be-contrastfluid-use"/></reference><name value="BeContrastFluidUse"/><description value="Whether use of contrast fluid should be considered."/><groupingId value="_term_codesystem"/></resource><resource><extension url="http://hl7.org/fhir/StructureDefinition/implementationguide-page"><valueUri value="ValueSet-be-vs-type-of-compression.html"/></extension><reference><reference value="ValueSet/be-vs-type-of-compression"/></reference><description value="Codes to define a type of compression therapy."/><groupingId value="_term_valueset"/></resource><resource><extension url="http://hl7.org/fhir/StructureDefinition/implementationguide-page"><valueUri value="ValueSet-be-vs-contrastfluid-use.html"/></extension><reference><reference value="ValueSet/be-vs-contrastfluid-use"/></reference><description value="Codes to define the use of contrast fluid."/><groupingId value="_term_valueset"/></resource><resource><extension url="http://hl7.org/fhir/StructureDefinition/implementationguide-page"><valueUri value="ValueSet-be-vs-digestive-system-care.html"/></extension><reference><reference value="ValueSet/be-vs-digestive-system-care"/></reference><description value="Codes to define digestive system care"/><groupingId value="_term_valueset"/></resource><resource><extension url="http://hl7.org/fhir/StructureDefinition/implementationguide-page"><valueUri value="CodeSystem-codesystem-be-digestive-system-care.html"/></extension><reference><reference value="CodeSystem/codesystem-be-digestive-system-care"/></reference><name value="BeDigestiveSystemCare"/><description value="Digestive system care"/><groupingId value="_term_codesystem"/></resource><resource><extension url="http://hl7.org/fhir/StructureDefinition/implementationguide-page"><valueUri value="CodeSystem-be-communication-code.html"/></extension><reference><reference value="CodeSystem/be-communication-code"/></reference><name value="BeCommunicationCode"/><description value="Communication codes in Belgium. To define a specific method of communicating. Initially defined as supporting CodeSystem for the referral prescription."/><groupingId value="_term_codesystem"/></resource><resource><extension url="http://hl7.org/fhir/StructureDefinition/implementationguide-page"><valueUri value="ValueSet-be-vs-type-of-bladder-care.html"/></extension><reference><reference value="ValueSet/be-vs-type-of-bladder-care"/></reference><description value="Codes to define a type of bladder care."/><groupingId value="_term_valueset"/></resource><resource><extension url="http://hl7.org/fhir/StructureDefinition/implementationguide-page"><valueUri value="ValueSet-be-vs-reason-referral-status.html"/></extension><reference><reference value="ValueSet/be-vs-reason-referral-status"/></reference><description value="Codes to explain the current status of a referral prescription."/><groupingId value="_term_valueset"/></resource><resource><extension url="http://hl7.org/fhir/StructureDefinition/implementationguide-page"><valueUri value="ValueSet-be-vs-type-of-other-nursing.html"/></extension><reference><reference value="ValueSet/be-vs-type-of-other-nursing"/></reference><description value="Codes to define a type of other nursing category."/><groupingId value="_term_valueset"/></resource><resource><extension url="http://hl7.org/fhir/StructureDefinition/implementationguide-page"><valueUri value="NamingSystem-be-ns-uhmep.html"/></extension><reference><reference value="NamingSystem/be-ns-uhmep"/></reference><description value="UHMEP naming system"/><groupingId value="_term_namingsystem"/></resource><resource><extension url="http://hl7.org/fhir/StructureDefinition/implementationguide-page"><valueUri value="CodeSystem-be-cs-nursing-code-compressiontherapy.html"/></extension><reference><reference value="CodeSystem/be-cs-nursing-code-compressiontherapy"/></reference><name value="BeNursingCodeCompressiontherapy"/><description value="Nursing codes in Belgium. To define details in nursing activities for compression therapy. Initially defined as supporting CodeSystem for the referral prescription."/><groupingId value="_term_codesystem"/></resource><resource><extension url="http://hl7.org/fhir/StructureDefinition/implementationguide-page"><valueUri value="CodeSystem-be-nursing-medication-perfusion.html"/></extension><reference><reference value="CodeSystem/be-nursing-medication-perfusion"/></reference><name value="BeNursingMedicationPerfusion"/><description value="Different types of nursing medication perfusion."/><groupingId value="_term_codesystem"/></resource><resource><extension url="http://hl7.org/fhir/StructureDefinition/implementationguide-page"><valueUri value="CodeSystem-be-nursing-medication-injection.html"/></extension><reference><reference value="CodeSystem/be-nursing-medication-injection"/></reference><name value="BeNursingMedicationInjection"/><description value="Different types of nursing medication injection."/><groupingId value="_term_codesystem"/></resource><resource><extension url="http://hl7.org/fhir/StructureDefinition/implementationguide-page"><valueUri value="ValueSet-be-vs-nursing-medication-perfusion.html"/></extension><reference><reference value="ValueSet/be-vs-nursing-medication-perfusion"/></reference><description value="Codes to define a type of nursing medication perfusion."/><groupingId value="_term_valueset"/></resource><resource><extension url="http://hl7.org/fhir/StructureDefinition/implementationguide-page"><valueUri value="CodeSystem-be-cs-nursing-code.html"/></extension><reference><reference value="CodeSystem/be-cs-nursing-code"/></reference><name value="BeNursingCode"/><description value="Nursing codes in Belgium. To define a high level in nursing activities. Initially defined as supporting CodeSystem for the referral prescription."/><groupingId value="_term_codesystem"/></resource><resource><extension url="http://hl7.org/fhir/StructureDefinition/implementationguide-page"><valueUri value="ValueSet-be-vs-nursing-medication-other.html"/></extension><reference><reference value="ValueSet/be-vs-nursing-medication-other"/></reference><description value="Codes to define a type of nursing medication other."/><groupingId value="_term_valueset"/></resource><resource><extension url="http://hl7.org/fhir/StructureDefinition/implementationguide-page"><valueUri value="ValueSet-be-vs-referral-category.html"/></extension><reference><reference value="ValueSet/be-vs-referral-category"/></reference><description value="Codes to define the high level category for a referral prescription. SNOMED-CT codes in this valueset are just a draft proposal to give a general idea - pending an official valueset."/><groupingId value="_term_valueset"/></resource><resource><extension url="http://hl7.org/fhir/StructureDefinition/implementationguide-page"><valueUri value="CodeSystem-codesystem-be-type-of-bladder-care.html"/></extension><reference><reference value="CodeSystem/codesystem-be-type-of-bladder-care"/></reference><name value="BeBladderCareType"/><description value="Type of bladder care."/><groupingId value="_term_codesystem"/></resource><page><nameUrl value="toc.html"/><title value="Table of Contents"/><generation value="html"/><page><nameUrl value="index.html"/><title value="Be Referral Prescription IG Home Page"/><generation value="html"/></page><page><nameUrl value="guidance.html"/><title value="Guidance"/><generation value="html"/></page><page><nameUrl value="artifacts.html"/><title value="Artifacts Summary"/><generation value="html"/><page><nameUrl value="StructureDefinition-be-model-referralprescription.html"/><title value="Logical Model Referral Prescription"/><generation value="generated"/></page><page><nameUrl value="StructureDefinition-be-model-diagnosticimagingprescription.html"/><title value="Logical Model Diagnostic Imaging Prescription"/><generation value="generated"/></page><page><nameUrl value="StructureDefinition-be-model-physiotherapyprescription.html"/><title value="Logical Model Physiotherapy Prescription"/><generation value="generated"/></page><page><nameUrl value="StructureDefinition-be-model-nursingprescription.html"/><title value="Logical Model Nursing Prescription"/><generation value="generated"/></page><page><nameUrl value="StructureDefinition-be-model-laboratoryprescription.html"/><generation value="generated"/></page><page><nameUrl value="StructureDefinition-be-referralprescription-nursing.html"/><generation value="generated"/></page><page><nameUrl value="StructureDefinition-be-lab-prescription.html"/><generation value="generated"/></page><page><nameUrl value="StructureDefinition-be-referralprescription-nursing-bladder-care.html"/><generation value="generated"/></page><page><nameUrl value="StructureDefinition-be-referralprescription-diagnosticimaging.html"/><generation value="generated"/></page><page><nameUrl value="StructureDefinition-be-referralprescription.html"/><generation value="generated"/></page><page><nameUrl value="StructureDefinition-be-referralprescription-nursing-medication.html"/><generation value="generated"/></page><page><nameUrl value="StructureDefinition-be-referralprescription-nursing-digestive-system-care.html"/><generation value="generated"/></page><page><nameUrl value="StructureDefinition-be-referralprescription-nursing-compressiontherapy.html"/><generation value="generated"/></page><page><nameUrl value="StructureDefinition-be-referralprescription-nursing-other.html"/><generation value="generated"/></page><page><nameUrl value="StructureDefinition-be-ext-contraindication.html"/><title value="BeContraindication"/><generation value="generated"/></page><page><nameUrl value="StructureDefinition-be-ext-contrastfluiduse.html"/><title value="BeContrastFluidUse"/><generation value="generated"/></page><page><nameUrl value="StructureDefinition-be-ext-inform-party.html"/><title value="BeInformParty"/><generation value="generated"/></page><page><nameUrl value="StructureDefinition-be-ext-urgent-communication.html"/><title value="BeUrgentCommunication"/><generation value="generated"/></page><page><nameUrl value="StructureDefinition-be-ext-supporting-info.html"/><title value="BeSupportingInfo"/><generation value="generated"/></page><page><nameUrl value="ValueSet-be-vs-nursing-medication-category.html"/><generation value="generated"/></page><page><nameUrl value="ValueSet-be-vs-nursing-medication-injection.html"/><generation value="generated"/></page><page><nameUrl value="ValueSet-be-vs-nursing-medication-percutaneous.html"/><generation value="generated"/></page><page><nameUrl value="ValueSet-be-vs-communication-method.html"/><generation value="generated"/></page><page><nameUrl value="ValueSet-be-vs-type-of-nursing.html"/><generation value="generated"/></page><page><nameUrl value="ValueSet-be-vs-type-of-compression.html"/><generation value="generated"/></page><page><nameUrl value="ValueSet-be-vs-contrastfluid-use.html"/><generation value="generated"/></page><page><nameUrl value="ValueSet-be-vs-digestive-system-care.html"/><generation value="generated"/></page><page><nameUrl value="ValueSet-be-vs-type-of-bladder-care.html"/><generation value="generated"/></page><page><nameUrl value="ValueSet-be-vs-reason-referral-status.html"/><generation value="generated"/></page><page><nameUrl value="ValueSet-be-vs-type-of-other-nursing.html"/><generation value="generated"/></page><page><nameUrl value="ValueSet-be-vs-nursing-medication-perfusion.html"/><generation value="generated"/></page><page><nameUrl value="ValueSet-be-vs-nursing-medication-other.html"/><generation value="generated"/></page><page><nameUrl value="ValueSet-be-vs-referral-category.html"/><generation value="generated"/></page><page><nameUrl value="CodeSystem-be-cs-nursing-code-other.html"/><title value="BeNursingCodeOther"/><generation value="generated"/></page><page><nameUrl value="CodeSystem-be-status-reason.html"/><title value="BeStatusReason"/><generation value="generated"/></page><page><nameUrl value="CodeSystem-be-nursing-medication-percutaneous.html"/><title value="BeNursingMedicationPercutaneous"/><generation value="generated"/></page><page><nameUrl value="CodeSystem-be-contrastfluid-use.html"/><title value="BeContrastFluidUse"/><generation value="generated"/></page><page><nameUrl value="CodeSystem-codesystem-be-digestive-system-care.html"/><title value="BeDigestiveSystemCare"/><generation value="generated"/></page><page><nameUrl value="CodeSystem-be-communication-code.html"/><title value="BeCommunicationCode"/><generation value="generated"/></page><page><nameUrl value="CodeSystem-be-cs-nursing-code-compressiontherapy.html"/><title value="BeNursingCodeCompressiontherapy"/><generation value="generated"/></page><page><nameUrl value="CodeSystem-be-nursing-medication-perfusion.html"/><title value="BeNursingMedicationPerfusion"/><generation value="generated"/></page><page><nameUrl value="CodeSystem-be-nursing-medication-injection.html"/><title value="BeNursingMedicationInjection"/><generation value="generated"/></page><page><nameUrl value="CodeSystem-be-cs-nursing-code.html"/><title value="BeNursingCode"/><generation value="generated"/></page><page><nameUrl value="CodeSystem-codesystem-be-type-of-bladder-care.html"/><title value="BeBladderCareType"/><generation value="generated"/></page><page><nameUrl value="NamingSystem-be-ns-specimen.html"/><generation value="generated"/></page><page><nameUrl value="NamingSystem-be-ns-coronalertcode.html"/><generation value="generated"/></page><page><nameUrl value="NamingSystem-be-ns-uhmep.html"/><generation value="generated"/></page><page><nameUrl value="ServiceRequest-nursing-compression-therapy-example.html"/><generation value="generated"/></page><page><nameUrl value="ServiceRequest-laboratory-order-example1.html"/><generation value="generated"/></page><page><nameUrl value="ServiceRequest-diagnostic-imaging-basic-example-concreteWithDetails.html"/><generation value="generated"/></page><page><nameUrl value="ServiceRequest-diagnostic-imaging-basic-example-concreteWithText.html"/><generation value="generated"/></page><page><nameUrl value="Practitioner-practitioner1.html"/><generation value="generated"/></page><page><nameUrl value="ServiceRequest-diagnostic-imaging-basic-example-everything-contained.html"/><generation value="generated"/></page><page><nameUrl value="Patient-patient1.html"/><generation value="generated"/></page><page><nameUrl value="CarePlan-gpvisit.html"/><generation value="generated"/></page><page><nameUrl value="Condition-condition1.html"/><generation value="generated"/></page><page><nameUrl value="ServiceRequest-diagnostic-imaging-basic-example-useOfModality.html"/><generation value="generated"/></page></page></page><parameter><code value="path-resource"/><value value="input/capabilities"/></parameter><parameter><code value="path-resource"/><value value="input/examples"/></parameter><parameter><code value="path-resource"/><value value="input/extensions"/></parameter><parameter><code value="path-resource"/><value value="input/models"/></parameter><parameter><code value="path-resource"/><value value="input/operations"/></parameter><parameter><code value="path-resource"/><value value="input/profiles"/></parameter><parameter><code value="path-resource"/><value value="input/resources"/></parameter><parameter><code value="path-resource"/><value value="input/vocabulary"/></parameter><parameter><code value="path-pages"/><value value="template/config"/></parameter><parameter><code value="path-pages"/><value value="input/images"/></parameter><parameter><code value="path-tx-cache"/><value value="input-cache/txcache"/></parameter></definition></ImplementationGuide>