<?xml version="1.0" encoding="UTF-8"?><ValueSet xmlns="http://hl7.org/fhir"><id value="be-vs-nursing-medication-other"/><text><status value="generated"/><div xmlns="http://www.w3.org/1999/xhtml"><ul><li>Include all codes defined in <code>https://www.ehealth.fgov.be/standards/fhir/CodeSystem/be-nursing-medication-other</code></li></ul></div></text><url value="https://www.ehealth.fgov.be/standards/fhir/ValueSet/be-vs-nursing-medication-other"/><version value="0.2.0"/><name value="BeNursingMedicationOther"/><status value="draft"/><date value="2021-07-14T13:42:27+00:00"/><publisher value="HL7 Belgium"/><contact><telecom><system value="url"/><value value="http://hl7belgium.org"/></telecom></contact><description value="Codes to define a type of nursing medication other."/><jurisdiction><coding><system value="http://unstats.un.org/unsd/methods/m49/m49.htm"/><code value="001"/></coding></jurisdiction><compose><include><system value="https://www.ehealth.fgov.be/standards/fhir/CodeSystem/be-nursing-medication-other"/></include></compose></ValueSet>