<?xml version="1.0" encoding="UTF-8"?><ValueSet xmlns="http://hl7.org/fhir"><id value="be-vs-type-of-compression"/><text><status value="generated"/><div xmlns="http://www.w3.org/1999/xhtml"><ul><li>Include all codes defined in <a href="CodeSystem-be-cs-nursing-code-compressiontherapy.html"><code>https://www.ehealth.fgov.be/standards/fhir/CodeSystem/be-cs-nursing-code-compressiontherapy</code></a></li></ul></div></text><url value="https://www.ehealth.fgov.be/standards/fhir/ValueSet/be-vs-type-of-compression"/><version value="0.2.0"/><name value="BeCompressionType"/><status value="draft"/><date value="2022-01-17T09:35:45+00:00"/><publisher value="HL7 Belgium"/><contact><name value="HL7 Belgium"/><telecom><system value="url"/><value value="http://hl7belgium.org"/></telecom></contact><contact><name value="Message-Structure"/><telecom><system value="email"/><value value="message-structure@ehealth.fgov.be"/><use value="work"/></telecom></contact><description value="Codes to define a type of compression therapy."/><jurisdiction><coding><system value="http://unstats.un.org/unsd/methods/m49/m49.htm"/><code value="056"/><display value="Belgium"/></coding></jurisdiction><compose><include><system value="https://www.ehealth.fgov.be/standards/fhir/CodeSystem/be-cs-nursing-code-compressiontherapy"/></include></compose></ValueSet>