<?xml version="1.0" encoding="UTF-8"?><ValueSet xmlns="http://hl7.org/fhir"><id value="be-vs-type-of-bladder-care"/><text><status value="generated"/><div xmlns="http://www.w3.org/1999/xhtml"><ul><li>Include all codes defined in <a href="CodeSystem-codesystem-be-type-of-bladder-care.html"><code>https://www.ehealth.fgov.be/standards/fhir/CodeSystem/be-cs-type-of-bladder-care</code></a></li></ul></div></text><url value="https://www.ehealth.fgov.be/standards/fhir/ValueSet/be-vs-type-of-bladder-care"/><version value="0.2.0"/><name value="BeBladderCareType"/><status value="draft"/><date value="2021-07-14T13:44:12+00:00"/><publisher value="HL7 Belgium"/><contact><telecom><system value="url"/><value value="http://hl7belgium.org"/></telecom></contact><description value="Codes to define a type of bladder care."/><jurisdiction><coding><system value="http://unstats.un.org/unsd/methods/m49/m49.htm"/><code value="001"/></coding></jurisdiction><compose><include><system value="https://www.ehealth.fgov.be/standards/fhir/CodeSystem/be-cs-type-of-bladder-care"/></include></compose></ValueSet>