[
  {
    "id": "be-communication-code",
    "type": "CodeSystem",
    "url": "https://www.ehealth.fgov.be/standards/fhir/referral/CodeSystem/be-communication-code",
    "version": "1.0.0",
    "name": "BeCommunicationCode"
  },
  {
    "id": "be-cs-co-prescriber-choice",
    "type": "CodeSystem",
    "url": "https://www.ehealth.fgov.be/standards/fhir/referral/CodeSystem/be-cs-co-prescriber-choice",
    "version": "1.0.0",
    "name": "BeCSCoPrescriberChoice"
  },
  {
    "id": "be-cs-nursing-code",
    "type": "CodeSystem",
    "url": "https://www.ehealth.fgov.be/standards/fhir/referral/CodeSystem/be-cs-nursing-code",
    "version": "1.0.0",
    "name": "BeNursingCode"
  },
  {
    "id": "be-cs-nursing-code-compressiontherapy",
    "type": "CodeSystem",
    "url": "https://www.ehealth.fgov.be/standards/fhir/referral/CodeSystem/be-cs-nursing-code-compressiontherapy",
    "version": "1.0.0",
    "name": "BeNursingCodeCompressiontherapy"
  },
  {
    "id": "be-prescription-proposal-type",
    "type": "CodeSystem",
    "url": "https://www.ehealth.fgov.be/standards/fhir/referral/CodeSystem/be-prescription-proposal-type",
    "version": "1.0.0",
    "name": "BePrescriptionProposalType"
  },
  {
    "id": "be-prescription-status-reason",
    "type": "CodeSystem",
    "url": "https://www.ehealth.fgov.be/standards/fhir/referral/CodeSystem/be-prescription-status-reason",
    "version": "1.0.0",
    "name": "BePrescriptionStatusReason"
  },
  {
    "id": "be-treatment-status-reason",
    "type": "CodeSystem",
    "url": "https://www.ehealth.fgov.be/standards/fhir/referral/CodeSystem/be-treatment-status-reason",
    "version": "1.0.0",
    "name": "BeTreatmentStatusReason"
  },
  {
    "id": "be-vs-contrastfluid-use",
    "type": "CodeSystem",
    "url": "https://www.ehealth.fgov.be/standards/fhir/referral/CodeSystem/be-vs-contrastfluid-use",
    "version": "1.0.0",
    "name": "BeContrastFluidUse"
  },
  {
    "id": "hl7.fhir.be.referral",
    "type": "ImplementationGuide",
    "url": "https://www.ehealth.fgov.be/standards/fhir/referral/ImplementationGuide/hl7.fhir.be.referral",
    "version": "1.0.0",
    "name": "ReferralPrescription"
  },
  {
    "id": "be-ns-coronalertcode",
    "type": "NamingSystem",
    "url": "https://www.ehealth.fgov.be/standards/fhir/referral/NamingSystem/be-ns-coronalertcode",
    "version": "1.0.0",
    "name": "BeNSCoronalertcode"
  },
  {
    "id": "be-ns-specimen",
    "type": "NamingSystem",
    "url": "https://www.ehealth.fgov.be/standards/fhir/referral/NamingSystem/be-ns-specimen",
    "version": "1.0.0",
    "name": "BeNSSpecimen"
  },
  {
    "id": "be-ns-uhmep",
    "type": "NamingSystem",
    "url": "https://www.ehealth.fgov.be/standards/fhir/referral/NamingSystem/be-ns-uhmep",
    "version": "1.0.0",
    "name": "BeUnadressedHealthMessageExchangePlatform"
  },
  {
    "id": "be-op-cancel",
    "type": "OperationDefinition",
    "url": "https://www.ehealth.fgov.be/standards/fhir/referral/OperationDefinition/be-op-cancel",
    "version": "1.0.0",
    "name": "cancel"
  },
  {
    "id": "be-co-prescriber",
    "type": "StructureDefinition",
    "url": "https://www.ehealth.fgov.be/standards/fhir/referral/StructureDefinition/be-co-prescriber",
    "version": "1.0.0",
    "name": "BeCoPrescriber"
  },
  {
    "id": "be-co-prescriber-info",
    "type": "StructureDefinition",
    "url": "https://www.ehealth.fgov.be/standards/fhir/referral/StructureDefinition/be-co-prescriber-info",
    "version": "1.0.0",
    "name": "BeCoPrescriberInfo"
  },
  {
    "id": "be-contained-or-logical-reference",
    "type": "StructureDefinition",
    "url": "https://www.ehealth.fgov.be/standards/fhir/referral/StructureDefinition/be-contained-or-logical-reference",
    "version": "1.0.0",
    "name": "BeContainedOrLogicalReference"
  },
  {
    "id": "be-ext-contraindication",
    "type": "StructureDefinition",
    "url": "https://www.ehealth.fgov.be/standards/fhir/referral/StructureDefinition/be-ext-contraindication",
    "version": "1.0.0",
    "name": "BeContraindication"
  },
  {
    "id": "be-ext-contrastfluiduse",
    "type": "StructureDefinition",
    "url": "https://www.ehealth.fgov.be/standards/fhir/referral/StructureDefinition/be-ext-contrastfluiduse",
    "version": "1.0.0",
    "name": "BeContrastFluidUse"
  },
  {
    "id": "be-ext-feedback-to-prescriber",
    "type": "StructureDefinition",
    "url": "https://www.ehealth.fgov.be/standards/fhir/referral/StructureDefinition/be-ext-feedback-to-prescriber",
    "version": "1.0.0",
    "name": "BeFeedbackToPrescriber"
  },
  {
    "id": "be-ext-inform-party",
    "type": "StructureDefinition",
    "url": "https://www.ehealth.fgov.be/standards/fhir/referral/StructureDefinition/be-ext-inform-party",
    "version": "1.0.0",
    "name": "BeInformParty"
  },
  {
    "id": "be-ext-latest-draft-date",
    "type": "StructureDefinition",
    "url": "https://www.ehealth.fgov.be/standards/fhir/referral/StructureDefinition/be-ext-latest-draft-date",
    "version": "1.0.0",
    "name": "BeLatestDraftDate"
  },
  {
    "id": "be-ext-latest-end-date",
    "type": "StructureDefinition",
    "url": "https://www.ehealth.fgov.be/standards/fhir/referral/StructureDefinition/be-ext-latest-end-date",
    "version": "1.0.0",
    "name": "BeLatestEndDate"
  },
  {
    "id": "be-ext-performer-task-reference",
    "type": "StructureDefinition",
    "url": "https://www.ehealth.fgov.be/standards/fhir/referral/StructureDefinition/be-ext-performer-task-reference",
    "version": "1.0.0",
    "name": "BePerformerTaskReference"
  },
  {
    "id": "be-ext-proposal-type",
    "type": "StructureDefinition",
    "url": "https://www.ehealth.fgov.be/standards/fhir/referral/StructureDefinition/be-ext-proposal-type",
    "version": "1.0.0",
    "name": "BeProposalType"
  },
  {
    "id": "be-ext-pss-info",
    "type": "StructureDefinition",
    "url": "https://www.ehealth.fgov.be/standards/fhir/referral/StructureDefinition/be-ext-pss-info",
    "version": "1.0.0",
    "name": "BePSSInfo"
  },
  {
    "id": "be-ext-supporting-info",
    "type": "StructureDefinition",
    "url": "https://www.ehealth.fgov.be/standards/fhir/referral/StructureDefinition/be-ext-supporting-info",
    "version": "1.0.0",
    "name": "BeSupportingInfo"
  },
  {
    "id": "be-ext-task-reference",
    "type": "StructureDefinition",
    "url": "https://www.ehealth.fgov.be/standards/fhir/referral/StructureDefinition/be-ext-task-reference",
    "version": "1.0.0",
    "name": "BeTaskReference"
  },
  {
    "id": "be-ext-urgent-communication",
    "type": "StructureDefinition",
    "url": "https://www.ehealth.fgov.be/standards/fhir/referral/StructureDefinition/be-ext-urgent-communication",
    "version": "1.0.0",
    "name": "BeUrgentCommunication"
  },
  {
    "id": "be-ext-validity-period",
    "type": "StructureDefinition",
    "url": "https://www.ehealth.fgov.be/standards/fhir/referral/StructureDefinition/be-ext-validity-period",
    "version": "1.0.0",
    "name": "BeValidityPeriod"
  },
  {
    "id": "be-lab-prescription",
    "type": "StructureDefinition",
    "url": "https://www.ehealth.fgov.be/standards/fhir/referral/StructureDefinition/be-lab-prescription",
    "version": "1.0.0",
    "name": "BeLabPrescription"
  },
  {
    "id": "be-model-diagnosticimagingprescription",
    "type": "StructureDefinition",
    "url": "https://www.ehealth.fgov.be/standards/fhir/referral/StructureDefinition/be-model-diagnosticimagingprescription",
    "version": "1.0.0",
    "name": "BeDiagnosticImagingPrescription"
  },
  {
    "id": "be-model-laboratoryprescription",
    "type": "StructureDefinition",
    "url": "https://www.ehealth.fgov.be/standards/fhir/referral/StructureDefinition/be-model-laboratoryprescription",
    "version": "1.0.0",
    "name": "BeLaboratoryPrescription"
  },
  {
    "id": "be-model-nursingprescription",
    "type": "StructureDefinition",
    "url": "https://www.ehealth.fgov.be/standards/fhir/referral/StructureDefinition/be-model-nursingprescription",
    "version": "1.0.0",
    "name": "BeModelNursingPrescription"
  },
  {
    "id": "be-model-physiotherapyprescription",
    "type": "StructureDefinition",
    "url": "https://www.ehealth.fgov.be/standards/fhir/referral/StructureDefinition/be-model-physiotherapyprescription",
    "version": "1.0.0",
    "name": "BePhysiotherapyPrescription"
  },
  {
    "id": "be-model-referral-requestgroup",
    "type": "StructureDefinition",
    "url": "https://www.ehealth.fgov.be/standards/fhir/referral/StructureDefinition/be-model-referral-requestgroup",
    "version": "1.0.0",
    "name": "BeModelReferralRequestGroup"
  },
  {
    "id": "be-model-referralprescription",
    "type": "StructureDefinition",
    "url": "https://www.ehealth.fgov.be/standards/fhir/referral/StructureDefinition/be-model-referralprescription",
    "version": "1.0.0",
    "name": "BeModelReferralPrescription"
  },
  {
    "id": "be-performer-task",
    "type": "StructureDefinition",
    "url": "https://www.ehealth.fgov.be/standards/fhir/referral/StructureDefinition/be-performer-task",
    "version": "1.0.0",
    "name": "BePerformerTask"
  },
  {
    "id": "be-referral-task",
    "type": "StructureDefinition",
    "url": "https://www.ehealth.fgov.be/standards/fhir/referral/StructureDefinition/be-referral-task",
    "version": "1.0.0",
    "name": "BeReferralTask"
  },
  {
    "id": "be-referralprescription",
    "type": "StructureDefinition",
    "url": "https://www.ehealth.fgov.be/standards/fhir/referral/StructureDefinition/be-referralprescription",
    "version": "1.0.0",
    "name": "BeReferralPrescription"
  },
  {
    "id": "be-referralprescription-diagnosticimaging",
    "type": "StructureDefinition",
    "url": "https://www.ehealth.fgov.be/standards/fhir/referral/StructureDefinition/be-referralprescription-diagnosticimaging",
    "version": "1.0.0",
    "name": "BeReferralPrescriptionDiagnosticImaging"
  },
  {
    "id": "be-referralprescription-nursing",
    "type": "StructureDefinition",
    "url": "https://www.ehealth.fgov.be/standards/fhir/referral/StructureDefinition/be-referralprescription-nursing",
    "version": "1.0.0",
    "name": "BeReferralPrescriptionNursing"
  },
  {
    "id": "be-referralprescription-nursing-medication",
    "type": "StructureDefinition",
    "url": "https://www.ehealth.fgov.be/standards/fhir/referral/StructureDefinition/be-referralprescription-nursing-medication",
    "version": "1.0.0",
    "name": "BeReferralPrescriptionNursingMedication"
  },
  {
    "id": "be-referralprescription-request-group",
    "type": "StructureDefinition",
    "url": "https://www.ehealth.fgov.be/standards/fhir/referral/StructureDefinition/be-referralprescription-request-group",
    "version": "1.0.0",
    "name": "BeReferralPrescriptionRequestGroup"
  },
  {
    "id": "be-year-month-day",
    "type": "StructureDefinition",
    "url": "https://www.ehealth.fgov.be/standards/fhir/referral/StructureDefinition/be-year-month-day",
    "version": "1.0.0",
    "name": "BeYearMonthDay"
  },
  {
    "id": "be-vs-co-prescriber-choice",
    "type": "ValueSet",
    "url": "https://www.ehealth.fgov.be/standards/fhir/referral/ValueSet/be-vs-co-prescriber-choice",
    "version": "1.0.0",
    "name": "BeVsCoPrescriberChoice"
  },
  {
    "id": "be-vs-co-prescription-status",
    "type": "ValueSet",
    "url": "https://www.ehealth.fgov.be/standards/fhir/referral/ValueSet/be-vs-co-prescription-status",
    "version": "1.0.0",
    "name": "BeCoPrescriptionStatus"
  },
  {
    "id": "be-vs-communication-method",
    "type": "ValueSet",
    "url": "https://www.ehealth.fgov.be/standards/fhir/referral/ValueSet/be-vs-communication-method",
    "version": "1.0.0",
    "name": "BeCommunicationMethod"
  },
  {
    "id": "be-vs-contrastfluid-use",
    "type": "ValueSet",
    "url": "https://www.ehealth.fgov.be/standards/fhir/referral/ValueSet/be-vs-contrastfluid-use",
    "version": "1.0.0",
    "name": "BeContrastFluidUse"
  },
  {
    "id": "be-vs-performer-task-status-reason",
    "type": "ValueSet",
    "url": "https://www.ehealth.fgov.be/standards/fhir/referral/ValueSet/be-vs-performer-task-status-reason",
    "version": "1.0.0",
    "name": "BeVSPerformerTaskStatusReason"
  },
  {
    "id": "be-vs-prescription-status-reason",
    "type": "ValueSet",
    "url": "https://www.ehealth.fgov.be/standards/fhir/referral/ValueSet/be-vs-prescription-status-reason",
    "version": "1.0.0",
    "name": "BeVSPrescriptionStatusReason"
  },
  {
    "id": "be-vs-proposal-type",
    "type": "ValueSet",
    "url": "https://www.ehealth.fgov.be/standards/fhir/referral/ValueSet/be-vs-proposal-type",
    "version": "1.0.0",
    "name": "BeVsProposalType"
  },
  {
    "id": "be-vs-referral-category",
    "type": "ValueSet",
    "url": "https://www.ehealth.fgov.be/standards/fhir/referral/ValueSet/be-vs-referral-category",
    "version": "1.0.0",
    "name": "BeReferralCategory"
  },
  {
    "id": "be-vs-treatment-status-reason",
    "type": "ValueSet",
    "url": "https://www.ehealth.fgov.be/standards/fhir/referral/ValueSet/be-vs-treatment-status-reason",
    "version": "1.0.0",
    "name": "BeVSTreatmentStatusReason"
  },
  {
    "id": "be-vs-type-of-nursing",
    "type": "ValueSet",
    "url": "https://www.ehealth.fgov.be/standards/fhir/referral/ValueSet/be-vs-type-of-nursing",
    "version": "1.0.0",
    "name": "BeNursingType"
  }
]