<?xml version="1.0" encoding="UTF-8"?>

<CodeSystem xmlns="http://hl7.org/fhir">
  <id value="be-cs-temp-requested-service-detail"/>
  <text>
    <status value="generated"/><div xmlns="http://www.w3.org/1999/xhtml"><p>This code system <code>https://www.ehealth.fgov.be/standards/fhir/referral/CodeSystem/be-cs-temp-requested-service-detail</code> defines the following codes:</p><table class="codes"><tr><td style="white-space:nowrap"><b>Code</b></td><td><b>Display</b></td></tr><tr><td style="white-space:nowrap">tmp-nurs-osis-7<a name="be-cs-temp-requested-service-detail-tmp-nurs-osis-7"> </a></td><td>Nursing diagnosis</td></tr><tr><td style="white-space:nowrap">tmp-medi-list-0<a name="be-cs-temp-requested-service-detail-tmp-medi-list-0"> </a></td><td>Medical diagnosis problem list</td></tr><tr><td style="white-space:nowrap">tmp-with-tion-7<a name="be-cs-temp-requested-service-detail-tmp-with-tion-7"> </a></td><td>Within convention</td></tr><tr><td style="white-space:nowrap">tmp-with-sion-8<a name="be-cs-temp-requested-service-detail-tmp-with-sion-8"> </a></td><td>Within progression</td></tr><tr><td style="white-space:nowrap">tmp-with-cess-9<a name="be-cs-temp-requested-service-detail-tmp-with-cess-9"> </a></td><td>Within care process</td></tr><tr><td style="white-space:nowrap">tmp-nome-rt.8-8<a name="be-cs-temp-requested-service-detail-tmp-nome-rt.468-8"> </a></td><td>Nomenclature art.8</td></tr><tr><td style="white-space:nowrap">tmp-sput-utum-6<a name="be-cs-temp-requested-service-detail-tmp-sput-utum-6"> </a></td><td>Sputum</td></tr><tr><td style="white-space:nowrap">tmp-urin-rine-5<a name="be-cs-temp-requested-service-detail-tmp-urin-rine-5"> </a></td><td>Urine</td></tr><tr><td style="white-space:nowrap">tmp-bloo-lood-5<a name="be-cs-temp-requested-service-detail-tmp-bloo-lood-5"> </a></td><td>Blood</td></tr><tr><td style="white-space:nowrap">tmp-faec-eces-6<a name="be-cs-temp-requested-service-detail-tmp-faec-eces-6"> </a></td><td>Faeces</td></tr><tr><td style="white-space:nowrap">tmp-woun-luid-1<a name="be-cs-temp-requested-service-detail-tmp-woun-luid-1"> </a></td><td>Wound fluid</td></tr><tr><td style="white-space:nowrap">tmp-nasa-luid-1<a name="be-cs-temp-requested-service-detail-tmp-nasa-luid-1"> </a></td><td>Nasal fluid</td></tr><tr><td style="white-space:nowrap">tmp-othe-hers-6<a name="be-cs-temp-requested-service-detail-tmp-othe-hers-6"> </a></td><td>Others</td></tr><tr><td style="white-space:nowrap">tmp-natu-ype)-1<a name="be-cs-temp-requested-service-detail-tmp-natu-ype.41-1"> </a></td><td>Nature of drug (type)</td></tr><tr><td style="white-space:nowrap">tmp-post-tive-3<a name="be-cs-temp-requested-service-detail-tmp-post-tive-3"> </a></td><td>postoperative</td></tr><tr><td style="white-space:nowrap">tmp-preo-vely-4<a name="be-cs-temp-requested-service-detail-tmp-preo-vely-4"> </a></td><td>preoperatively</td></tr><tr><td style="white-space:nowrap">tmp-obse-mbs)-8<a name="be-cs-temp-requested-service-detail-tmp-obse-mbs.41-8"> </a></td><td>Observation/evaluation of the patient's condition (movement, feeling of limbs)</td></tr><tr><td style="white-space:nowrap">tmp-pain-core-6<a name="be-cs-temp-requested-service-detail-tmp-pain-core-6"> </a></td><td>Pain evaluation: VAS score</td></tr><tr><td style="white-space:nowrap">tmp-cath-kage-6<a name="be-cs-temp-requested-service-detail-tmp-cath-kage-6"> </a></td><td>Catheter inspection: prevention of infection, dislocation, leakage</td></tr><tr><td style="white-space:nowrap">tmp-chec-oint-1<a name="be-cs-temp-requested-service-detail-tmp-chec-oint-1"> </a></td><td>Check insertion point</td></tr><tr><td style="white-space:nowrap">tmp-chan-sary-9<a name="be-cs-temp-requested-service-detail-tmp-chan-sary-9"> </a></td><td>Change dressings if necessary</td></tr><tr><td style="white-space:nowrap">tmp-chec-rate-4<a name="be-cs-temp-requested-service-detail-tmp-chec-rate-4"> </a></td><td>Check pump operation and flow rate</td></tr><tr><td style="white-space:nowrap">tmp-cont-uses-1<a name="be-cs-temp-requested-service-detail-tmp-cont-uses-1"> </a></td><td>Control extra boluses</td></tr><tr><td style="white-space:nowrap">tmp-adju-dule-3<a name="be-cs-temp-requested-service-detail-tmp-adju-dule-3"> </a></td><td>Adjust dose according to schedule</td></tr><tr><td style="white-space:nowrap">tmp-chan-eded-7<a name="be-cs-temp-requested-service-detail-tmp-chan-eded-7"> </a></td><td>Change medication reservoir as needed</td></tr><tr><td style="white-space:nowrap">tmp-addi-sary-9<a name="be-cs-temp-requested-service-detail-tmp-addi-sary-9"> </a></td><td>Additional visit if necessary</td></tr><tr><td style="white-space:nowrap">tmp-rest-sary-2<a name="be-cs-temp-requested-service-detail-tmp-rest-sary-2"> </a></td><td>Restart after alarm if necessary</td></tr><tr><td style="white-space:nowrap">tmp-repo-sary-5<a name="be-cs-temp-requested-service-detail-tmp-repo-sary-5"> </a></td><td>Report at least weekly if necessary</td></tr><tr><td style="white-space:nowrap">tmp-lyin-sure-0<a name="be-cs-temp-requested-service-detail-tmp-lyin-sure-0"> </a></td><td>Lying blood pressure</td></tr><tr><td style="white-space:nowrap">tmp-bloo-ding-3<a name="be-cs-temp-requested-service-detail-tmp-bloo-ding-3"> </a></td><td>Blood pressure standing</td></tr><tr><td style="white-space:nowrap">tmp-hear-rate-0<a name="be-cs-temp-requested-service-detail-tmp-hear-rate-0"> </a></td><td>Heart rate</td></tr><tr><td style="white-space:nowrap">tmp-oxyg-tion-7<a name="be-cs-temp-requested-service-detail-tmp-oxyg-tion-7"> </a></td><td>Oxygen saturation</td></tr><tr><td style="white-space:nowrap">tmp-temp-ture-1<a name="be-cs-temp-requested-service-detail-tmp-temp-ture-1"> </a></td><td>Temperature</td></tr><tr><td style="white-space:nowrap">tmp-resp-rate-6<a name="be-cs-temp-requested-service-detail-tmp-resp-rate-6"> </a></td><td>Respiratory rate</td></tr><tr><td style="white-space:nowrap">tmp-bowe-ency-5<a name="be-cs-temp-requested-service-detail-tmp-bowe-ency-5"> </a></td><td>Bowel frequency</td></tr><tr><td style="white-space:nowrap">tmp-weig-ight-6<a name="be-cs-temp-requested-service-detail-tmp-weig-ight-6"> </a></td><td>Weight</td></tr><tr><td style="white-space:nowrap">tmp-diur-esis-8<a name="be-cs-temp-requested-service-detail-tmp-diur-esis-8"> </a></td><td>Diuresis</td></tr><tr><td style="white-space:nowrap">tmp-visu-cale-4<a name="be-cs-temp-requested-service-detail-tmp-visu-cale-4"> </a></td><td>Visual analog pain scale</td></tr><tr><td style="white-space:nowrap">tmp-type-pain-2<a name="be-cs-temp-requested-service-detail-tmp-type-pain-2"> </a></td><td>type of pain</td></tr><tr><td style="white-space:nowrap">tmp-cont-ents-3<a name="be-cs-temp-requested-service-detail-tmp-cont-ents-3"> </a></td><td>Control bowel movements</td></tr><tr><td style="white-space:nowrap">tmp-char-type-1<a name="be-cs-temp-requested-service-detail-tmp-char-type-1"> </a></td><td>Charriere aspiration probe type</td></tr><tr><td style="white-space:nowrap">tmp-thro-nula-1<a name="be-cs-temp-requested-service-detail-tmp-thro-nula-1"> </a></td><td>through nasal cannula</td></tr><tr><td style="white-space:nowrap">tmp-thro-mask-8<a name="be-cs-temp-requested-service-detail-tmp-thro-mask-8"> </a></td><td>through nasal mask</td></tr><tr><td style="white-space:nowrap">tmp-thro-tube-4<a name="be-cs-temp-requested-service-detail-tmp-thro-tube-4"> </a></td><td>through nasogastric tube</td></tr><tr><td style="white-space:nowrap">tmp-inte-nula-6<a name="be-cs-temp-requested-service-detail-tmp-inte-nula-6"> </a></td><td>internal cannula</td></tr><tr><td style="white-space:nowrap">tmp-exte-nula-6<a name="be-cs-temp-requested-service-detail-tmp-exte-nula-6"> </a></td><td>external cannula</td></tr><tr><td style="white-space:nowrap">tmp-type-iere-4<a name="be-cs-temp-requested-service-detail-tmp-type-iere-4"> </a></td><td>type charriere</td></tr><tr><td style="white-space:nowrap">tmp-hube-type-3<a name="be-cs-temp-requested-service-detail-tmp-hube-type-3"> </a></td><td>Huber point needle type</td></tr><tr><td style="white-space:nowrap">tmp-clea-ound-7<a name="be-cs-temp-requested-service-detail-tmp-clea-ound-7"> </a></td><td>cleaning of wound</td></tr><tr><td style="white-space:nowrap">tmp-appl-duct-2<a name="be-cs-temp-requested-service-detail-tmp-appl-duct-2"> </a></td><td>application of product</td></tr><tr><td style="white-space:nowrap">tmp-appl-rial-0<a name="be-cs-temp-requested-service-detail-tmp-appl-rial-0"> </a></td><td>apply cover material</td></tr><tr><td style="white-space:nowrap">tmp-appl-rial-3<a name="be-cs-temp-requested-service-detail-tmp-appl-rial-3"> </a></td><td>apply fixation material</td></tr><tr><td style="white-space:nowrap">tmp-prot-dges-5<a name="be-cs-temp-requested-service-detail-tmp-prot-dges-5"> </a></td><td>protection of wound edges</td></tr><tr><td style="white-space:nowrap">tmp-supe-ship-4<a name="be-cs-temp-requested-service-detail-tmp-supe-ship-4"> </a></td><td>supervision relationship</td></tr><tr><td style="white-space:nowrap">tmp-dres-ange-5<a name="be-cs-temp-requested-service-detail-tmp-dres-ange-5"> </a></td><td>dressing change</td></tr><tr><td style="white-space:nowrap">tmp-dry0-sing-0<a name="be-cs-temp-requested-service-detail-tmp-dry0-sing-0"> </a></td><td>dry aseptic dressing</td></tr><tr><td style="white-space:nowrap">tmp-debr-ound-3<a name="be-cs-temp-requested-service-detail-tmp-debr-ound-3"> </a></td><td>debride wound</td></tr><tr><td style="white-space:nowrap">tmp-nega-rapy-5<a name="be-cs-temp-requested-service-detail-tmp-nega-rapy-5"> </a></td><td>negative pressure therapy</td></tr><tr><td style="white-space:nowrap">tmp-remo-ages-9<a name="be-cs-temp-requested-service-detail-tmp-remo-ages-9"> </a></td><td>remove stitches in two stages</td></tr><tr><td style="white-space:nowrap">tmp-remo-tage-7<a name="be-cs-temp-requested-service-detail-tmp-remo-tage-7"> </a></td><td>remove sutures in one stage</td></tr><tr><td style="white-space:nowrap">tmp-shor-wick-2<a name="be-cs-temp-requested-service-detail-tmp-shor-wick-2"> </a></td><td>shorten wick</td></tr><tr><td style="white-space:nowrap">tmp-repl-wick-2<a name="be-cs-temp-requested-service-detail-tmp-repl-wick-2"> </a></td><td>replace wick</td></tr><tr><td style="white-space:nowrap">tmp-supe-tion-9<a name="be-cs-temp-requested-service-detail-tmp-supe-tion-9"> </a></td><td>supervised drain with suction</td></tr><tr><td style="white-space:nowrap">tmp-supe-tion-2<a name="be-cs-temp-requested-service-detail-tmp-supe-tion-2"> </a></td><td>supervised drain without suction</td></tr><tr><td style="white-space:nowrap">tmp-spec-ions-1<a name="be-cs-temp-requested-service-detail-tmp-spec-ions-1"> </a></td><td>specific instructions</td></tr><tr><td style="white-space:nowrap">tmp-shor-etch-3<a name="be-cs-temp-requested-service-detail-tmp-shor-etch-3"> </a></td><td>short stretch</td></tr><tr><td style="white-space:nowrap">tmp-long-etch-2<a name="be-cs-temp-requested-service-detail-tmp-long-etch-2"> </a></td><td>long stretch</td></tr><tr><td style="white-space:nowrap">tmp-knee-king-3<a name="be-cs-temp-requested-service-detail-tmp-knee-king-3"> </a></td><td>knee stocking</td></tr><tr><td style="white-space:nowrap">tmp-long-king-3<a name="be-cs-temp-requested-service-detail-tmp-long-king-3"> </a></td><td>long stocking</td></tr></table><p><b>Additional Language Displays</b></p><table class="codes"><tr><td><b>Code</b></td><td><b>English (English, en)</b></td><td><b>French (Belgium) (fr)</b></td><td><b>Nederlands (België) (Dutch (Belgium), nl)</b></td></tr><tr><td>tmp-nurs-osis-7</td><td>Nursing diagnosis</td><td>Diagnostic infirmier</td><td>Verpleegkundige diagnose</td></tr><tr><td>tmp-medi-list-0</td><td>Medical diagnosis problem list</td><td>Diagnostic médical de la liste des problèmes</td><td>Probleemlijst medische diagnose</td></tr><tr><td>tmp-with-tion-7</td><td>Within convention</td><td>Dans le cadre de la convention</td><td>Binnen conventie</td></tr><tr><td>tmp-with-sion-8</td><td>Within progression</td><td>Dans le cadre du parcours préliminaire</td><td>Binnen voortraject</td></tr><tr><td>tmp-with-cess-9</td><td>Within care process</td><td>Dans le cadre du parcours de soin</td><td>Binnen zorgtraject</td></tr><tr><td>tmp-nome-rt.8-8</td><td>Nomenclature art.8</td><td>Nomenclature art.8</td><td>Nomenclatuur art.8</td></tr><tr><td>tmp-sput-utum-6</td><td>Sputum</td><td>Expectorations</td><td>Sputum</td></tr><tr><td>tmp-urin-rine-5</td><td>Urine</td><td>Urine</td><td>Urine</td></tr><tr><td>tmp-bloo-lood-5</td><td>Blood</td><td>Sang</td><td>Bloed</td></tr><tr><td>tmp-faec-eces-6</td><td>Faeces</td><td>Fèces</td><td>Faeces</td></tr><tr><td>tmp-woun-luid-1</td><td>Wound fluid</td><td>Exscudat</td><td>Wondvocht</td></tr><tr><td>tmp-nasa-luid-1</td><td>Nasal fluid</td><td>Liquide nasal</td><td>Neusvocht</td></tr><tr><td>tmp-othe-hers-6</td><td>Others</td><td>Autre</td><td>Andere</td></tr><tr><td>tmp-natu-ype)-1</td><td>Nature of drug (type)</td><td>Nature du médicament (type)</td><td>Aard geneesmiddel (type)</td></tr><tr><td>tmp-post-tive-3</td><td>postoperative</td><td>Postopératoire</td><td>postoperatief</td></tr><tr><td>tmp-preo-vely-4</td><td>preoperatively</td><td>Préopératoire</td><td>preoperatief</td></tr><tr><td>tmp-obse-mbs)-8</td><td>Observation/evaluation of the patient's condition (movement, feeling of limbs)</td><td>Observation/Evaluation de l’état du patient (mouvement, sensation des membres)</td><td>Observatie/evaluatie toestand patiënt (bewegen, gevoel ledematen)</td></tr><tr><td>tmp-pain-core-6</td><td>Pain evaluation: VAS score</td><td>Evaluation de la douleur : score VAS</td><td>Pijnevaluatie: VAS score</td></tr><tr><td>tmp-cath-kage-6</td><td>Catheter inspection: prevention of infection, dislocation, leakage</td><td>Contrôle du cathéter : prévention de l’infection, de la dislocation, de la fuite</td><td>Nazicht katheter: preventie infectie, dislocatie, lekkage</td></tr><tr><td>tmp-chec-oint-1</td><td>Check insertion point</td><td>Controle de l’endroit d’insertion du cathéter</td><td>Controle insteekplaats</td></tr><tr><td>tmp-chan-sary-9</td><td>Change dressings if necessary</td><td>Changement de pansement si nécessaire</td><td>Verbandwissel zo nodig</td></tr><tr><td>tmp-chec-rate-4</td><td>Check pump operation and flow rate</td><td>Vérifier le fonctionnement et le débit de la pompe</td><td>Controle werking van de pomp en debiet</td></tr><tr><td>tmp-cont-uses-1</td><td>Control extra boluses</td><td>Controle des bolus supplémentaires</td><td>Controle extra bolussen</td></tr><tr><td>tmp-adju-dule-3</td><td>Adjust dose according to schedule</td><td>Ajuster la dose selon le schema</td><td>Aanpassing dosis volgens schema</td></tr><tr><td>tmp-chan-eded-7</td><td>Change medication reservoir as needed</td><td>Changer le réservoir de médicaments si nécessaire</td><td>Wisselen medicatiereservoir zo nodig</td></tr><tr><td>tmp-addi-sary-9</td><td>Additional visit if necessary</td><td>Visite suplémentaire si nécessaire</td><td>Bijkomend bezoek zo nodig</td></tr><tr><td>tmp-rest-sary-2</td><td>Restart after alarm if necessary</td><td>Redémarrage après alarme si nécessaire</td><td>Heropstart na alarm zo nodig</td></tr><tr><td>tmp-repo-sary-5</td><td>Report at least weekly if necessary</td><td>Rapporter minimum une fois par semaine si nécessaire</td><td>Minimaal wekelijks rapporteren zo nodig</td></tr><tr><td>tmp-lyin-sure-0</td><td>Lying blood pressure</td><td>Tension artérielle en position couchée</td><td>Bloeddruk liggend</td></tr><tr><td>tmp-bloo-ding-3</td><td>Blood pressure standing</td><td>Tension artérielle en position debout</td><td>Bloeddruk staand</td></tr><tr><td>tmp-hear-rate-0</td><td>Heart rate</td><td>Fréquence cardiaque</td><td>Hartfrequentie</td></tr><tr><td>tmp-oxyg-tion-7</td><td>Oxygen saturation</td><td>Saturation en oxygème</td><td>Zuurstofsaturatie</td></tr><tr><td>tmp-temp-ture-1</td><td>Temperature</td><td>Température</td><td>Temperatuur</td></tr><tr><td>tmp-resp-rate-6</td><td>Respiratory rate</td><td>Fréquence respiratoire</td><td>Ademhalingsfrequentie</td></tr><tr><td>tmp-bowe-ency-5</td><td>Bowel frequency</td><td>Fréquence des selles</td><td>Stoelgangsfrequentie</td></tr><tr><td>tmp-weig-ight-6</td><td>Weight</td><td>Poids</td><td>Gewicht</td></tr><tr><td>tmp-diur-esis-8</td><td>Diuresis</td><td>Diurèse</td><td>Diurese</td></tr><tr><td>tmp-visu-cale-4</td><td>Visual analog pain scale</td><td>Mesure de la douleur avec l’échelle visuelle analogique</td><td>Visueel analoge pijnschaal</td></tr><tr><td>tmp-type-pain-2</td><td>type of pain</td><td>Type de la douleur</td><td>Type pijn</td></tr><tr><td>tmp-cont-ents-3</td><td>Control bowel movements</td><td>Contrôle des selles</td><td>Controle stoelgang</td></tr><tr><td>tmp-char-type-1</td><td>Charriere aspiration probe type</td><td>Sonde s’aspiration de type Charrière</td><td>Type charrière aspiratiesonde</td></tr><tr><td>tmp-thro-nula-1</td><td>through nasal cannula</td><td>Via des lunettes nasales</td><td>via neusbril</td></tr><tr><td>tmp-thro-mask-8</td><td>through nasal mask</td><td>Via masque nasal</td><td>via neusmasker</td></tr><tr><td>tmp-thro-tube-4</td><td>through nasogastric tube</td><td>Via sonde nasale</td><td>via neussonde</td></tr><tr><td>tmp-inte-nula-6</td><td>internal cannula</td><td>Canule interne</td><td>interne canule</td></tr><tr><td>tmp-exte-nula-6</td><td>external cannula</td><td>Canule externe</td><td>externe canule</td></tr><tr><td>tmp-type-iere-4</td><td>type charriere</td><td>Type charrière</td><td>type charrière</td></tr><tr><td>tmp-hube-type-3</td><td>Huber point needle type</td><td>Type d’aiguille à pointe Huber</td><td>Type huberpuntnaald</td></tr><tr><td>tmp-clea-ound-7</td><td>cleaning of wound</td><td>Nettoyage de la plaie</td><td>reiniging van wonde</td></tr><tr><td>tmp-appl-duct-2</td><td>application of product</td><td>Application du produit</td><td>aanbrengen van produkt</td></tr><tr><td>tmp-appl-rial-0</td><td>apply cover material</td><td>Application du matériel de couverture</td><td>afdekmateriaal aanbrengen</td></tr><tr><td>tmp-appl-rial-3</td><td>apply fixation material</td><td>Application du matériel de fixation</td><td>fixatiemateriaal aanbrengen</td></tr><tr><td>tmp-prot-dges-5</td><td>protection of wound edges</td><td>Protection des bords de la plaie</td><td>bescherming van wondranden</td></tr><tr><td>tmp-supe-ship-4</td><td>supervision relationship</td><td>Surveillance du pansement</td><td>toezicht verband</td></tr><tr><td>tmp-dres-ange-5</td><td>dressing change</td><td>Changement du pansement</td><td>verbandwissel</td></tr><tr><td>tmp-dry0-sing-0</td><td>dry aseptic dressing</td><td>Pansement sec aseptique</td><td>droog aseptisch verband</td></tr><tr><td>tmp-debr-ound-3</td><td>debride wound</td><td>Débrider la plaie</td><td>debrideren wonde</td></tr><tr><td>tmp-nega-rapy-5</td><td>negative pressure therapy</td><td>Thérapie par pression négative</td><td>negatieve druktherapie</td></tr><tr><td>tmp-remo-ages-9</td><td>remove stitches in two stages</td><td>Retrait des points de suture en deux phases</td><td>verwijderen hechtingen in twee fasen</td></tr><tr><td>tmp-remo-tage-7</td><td>remove sutures in one stage</td><td>Retrait des points de suture en une phase</td><td>verwijderen hechtingen in één fase</td></tr><tr><td>tmp-shor-wick-2</td><td>shorten wick</td><td>Raccourcir la mèche </td><td>inkorten wiek</td></tr><tr><td>tmp-repl-wick-2</td><td>replace wick</td><td>Remplacement de la mèche</td><td>vervangen wiek</td></tr><tr><td>tmp-supe-tion-9</td><td>supervised drain with suction</td><td>Supervision de la vidange avec aspiration</td><td>toezicht drain met suctie</td></tr><tr><td>tmp-supe-tion-2</td><td>supervised drain without suction</td><td>Supervision de la vidange sans aspiration</td><td>toezicht drain zonder suctie</td></tr><tr><td>tmp-spec-ions-1</td><td>specific instructions</td><td>Instructions spécifiques</td><td>specifieke instructies</td></tr><tr><td>tmp-shor-etch-3</td><td>short stretch</td><td>Courte durée</td><td>korte rek</td></tr><tr><td>tmp-long-etch-2</td><td>long stretch</td><td>Longue durée</td><td>lange rek</td></tr><tr><td>tmp-knee-king-3</td><td>knee stocking</td><td>Bas de genou</td><td>kniekous</td></tr><tr><td>tmp-long-king-3</td><td>long stocking</td><td>Bas long</td><td>lange kous</td></tr></table></div>
  </text>
  <url value="https://www.ehealth.fgov.be/standards/fhir/referral/CodeSystem/be-cs-temp-requested-service-detail"/>
  <version value="1.0.0"/>
  <name value="BeTempRequestedServiceDetail"/>
  <title value="BeTempRequestedServiceDetail"/>
  <status value="draft"/>
  <date value="2023-01-24T08:49:19+00:00"/>
  <description value="Temporary codes for indicating service details that can be requested from a Nurse"/>
  <jurisdiction>
    <coding>
      <system value="urn:iso:std:iso:3166"/>
      <code value="BE"/>
      <display value="Belgium"/>
    </coding>
  </jurisdiction>
  <caseSensitive value="true"/>
  <content value="complete"/>
  <count value="69"/>
  <concept>
    <code value="tmp-nurs-osis-7"/>
    <display value="Nursing diagnosis"/>
    <designation>
      <language value="fr-BE"/>
      <value value="Diagnostic infirmier"/>
    </designation>
    <designation>
      <language value="nl-BE"/>
      <value value="Verpleegkundige diagnose"/>
    </designation>
    <designation>
      <language value="en"/>
      <value value="Nursing diagnosis"/>
    </designation>
  </concept>
  <concept>
    <code value="tmp-medi-list-0"/>
    <display value="Medical diagnosis problem list"/>
    <designation>
      <language value="fr-BE"/>
      <value value="Diagnostic médical de la liste des problèmes"/>
    </designation>
    <designation>
      <language value="nl-BE"/>
      <value value="Probleemlijst medische diagnose"/>
    </designation>
    <designation>
      <language value="en"/>
      <value value="Medical diagnosis problem list"/>
    </designation>
  </concept>
  <concept>
    <code value="tmp-with-tion-7"/>
    <display value="Within convention"/>
    <designation>
      <language value="fr-BE"/>
      <value value="Dans le cadre de la convention"/>
    </designation>
    <designation>
      <language value="nl-BE"/>
      <value value="Binnen conventie"/>
    </designation>
    <designation>
      <language value="en"/>
      <value value="Within convention"/>
    </designation>
  </concept>
  <concept>
    <code value="tmp-with-sion-8"/>
    <display value="Within progression"/>
    <designation>
      <language value="fr-BE"/>
      <value value="Dans le cadre du parcours préliminaire"/>
    </designation>
    <designation>
      <language value="nl-BE"/>
      <value value="Binnen voortraject"/>
    </designation>
    <designation>
      <language value="en"/>
      <value value="Within progression"/>
    </designation>
  </concept>
  <concept>
    <code value="tmp-with-cess-9"/>
    <display value="Within care process"/>
    <designation>
      <language value="fr-BE"/>
      <value value="Dans le cadre du parcours de soin"/>
    </designation>
    <designation>
      <language value="nl-BE"/>
      <value value="Binnen zorgtraject"/>
    </designation>
    <designation>
      <language value="en"/>
      <value value="Within care process"/>
    </designation>
  </concept>
  <concept>
    <code value="tmp-nome-rt.8-8"/>
    <display value="Nomenclature art.8"/>
    <designation>
      <language value="fr-BE"/>
      <value value="Nomenclature art.8"/>
    </designation>
    <designation>
      <language value="nl-BE"/>
      <value value="Nomenclatuur art.8"/>
    </designation>
    <designation>
      <language value="en"/>
      <value value="Nomenclature art.8"/>
    </designation>
  </concept>
  <concept>
    <code value="tmp-sput-utum-6"/>
    <display value="Sputum"/>
    <designation>
      <language value="fr-BE"/>
      <value value="Expectorations"/>
    </designation>
    <designation>
      <language value="nl-BE"/>
      <value value="Sputum"/>
    </designation>
    <designation>
      <language value="en"/>
      <value value="Sputum"/>
    </designation>
  </concept>
  <concept>
    <code value="tmp-urin-rine-5"/>
    <display value="Urine"/>
    <designation>
      <language value="fr-BE"/>
      <value value="Urine"/>
    </designation>
    <designation>
      <language value="nl-BE"/>
      <value value="Urine"/>
    </designation>
    <designation>
      <language value="en"/>
      <value value="Urine"/>
    </designation>
  </concept>
  <concept>
    <code value="tmp-bloo-lood-5"/>
    <display value="Blood"/>
    <designation>
      <language value="fr-BE"/>
      <value value="Sang"/>
    </designation>
    <designation>
      <language value="nl-BE"/>
      <value value="Bloed"/>
    </designation>
    <designation>
      <language value="en"/>
      <value value="Blood"/>
    </designation>
  </concept>
  <concept>
    <code value="tmp-faec-eces-6"/>
    <display value="Faeces"/>
    <designation>
      <language value="fr-BE"/>
      <value value="Fèces"/>
    </designation>
    <designation>
      <language value="nl-BE"/>
      <value value="Faeces"/>
    </designation>
    <designation>
      <language value="en"/>
      <value value="Faeces"/>
    </designation>
  </concept>
  <concept>
    <code value="tmp-woun-luid-1"/>
    <display value="Wound fluid"/>
    <designation>
      <language value="fr-BE"/>
      <value value="Exscudat"/>
    </designation>
    <designation>
      <language value="nl-BE"/>
      <value value="Wondvocht"/>
    </designation>
    <designation>
      <language value="en"/>
      <value value="Wound fluid"/>
    </designation>
  </concept>
  <concept>
    <code value="tmp-nasa-luid-1"/>
    <display value="Nasal fluid"/>
    <designation>
      <language value="fr-BE"/>
      <value value="Liquide nasal"/>
    </designation>
    <designation>
      <language value="nl-BE"/>
      <value value="Neusvocht"/>
    </designation>
    <designation>
      <language value="en"/>
      <value value="Nasal fluid"/>
    </designation>
  </concept>
  <concept>
    <code value="tmp-othe-hers-6"/>
    <display value="Others"/>
    <designation>
      <language value="fr-BE"/>
      <value value="Autre"/>
    </designation>
    <designation>
      <language value="nl-BE"/>
      <value value="Andere"/>
    </designation>
    <designation>
      <language value="en"/>
      <value value="Others"/>
    </designation>
  </concept>
  <concept>
    <code value="tmp-natu-ype)-1"/>
    <display value="Nature of drug (type)"/>
    <designation>
      <language value="fr-BE"/>
      <value value="Nature du médicament (type)"/>
    </designation>
    <designation>
      <language value="nl-BE"/>
      <value value="Aard geneesmiddel (type)"/>
    </designation>
    <designation>
      <language value="en"/>
      <value value="Nature of drug (type)"/>
    </designation>
  </concept>
  <concept>
    <code value="tmp-post-tive-3"/>
    <display value="postoperative"/>
    <designation>
      <language value="fr-BE"/>
      <value value="Postopératoire"/>
    </designation>
    <designation>
      <language value="nl-BE"/>
      <value value="postoperatief"/>
    </designation>
    <designation>
      <language value="en"/>
      <value value="postoperative"/>
    </designation>
  </concept>
  <concept>
    <code value="tmp-preo-vely-4"/>
    <display value="preoperatively"/>
    <designation>
      <language value="fr-BE"/>
      <value value="Préopératoire"/>
    </designation>
    <designation>
      <language value="nl-BE"/>
      <value value="preoperatief"/>
    </designation>
    <designation>
      <language value="en"/>
      <value value="preoperatively"/>
    </designation>
  </concept>
  <concept>
    <code value="tmp-obse-mbs)-8"/>
    <display value="Observation/evaluation of the patient's condition (movement, feeling of limbs)"/>
    <designation>
      <language value="fr-BE"/>
      <value value="Observation/Evaluation de l’état du patient (mouvement, sensation des membres)"/>
    </designation>
    <designation>
      <language value="nl-BE"/>
      <value value="Observatie/evaluatie toestand patiënt (bewegen, gevoel ledematen)"/>
    </designation>
    <designation>
      <language value="en"/>
      <value value="Observation/evaluation of the patient's condition (movement, feeling of limbs)"/>
    </designation>
  </concept>
  <concept>
    <code value="tmp-pain-core-6"/>
    <display value="Pain evaluation: VAS score"/>
    <designation>
      <language value="fr-BE"/>
      <value value="Evaluation de la douleur : score VAS"/>
    </designation>
    <designation>
      <language value="nl-BE"/>
      <value value="Pijnevaluatie: VAS score"/>
    </designation>
    <designation>
      <language value="en"/>
      <value value="Pain evaluation: VAS score"/>
    </designation>
  </concept>
  <concept>
    <code value="tmp-cath-kage-6"/>
    <display value="Catheter inspection: prevention of infection, dislocation, leakage"/>
    <designation>
      <language value="fr-BE"/>
      <value value="Contrôle du cathéter : prévention de l’infection, de la dislocation, de la fuite"/>
    </designation>
    <designation>
      <language value="nl-BE"/>
      <value value="Nazicht katheter: preventie infectie, dislocatie, lekkage"/>
    </designation>
    <designation>
      <language value="en"/>
      <value value="Catheter inspection: prevention of infection, dislocation, leakage"/>
    </designation>
  </concept>
  <concept>
    <code value="tmp-chec-oint-1"/>
    <display value="Check insertion point"/>
    <designation>
      <language value="fr-BE"/>
      <value value="Controle de l’endroit d’insertion du cathéter"/>
    </designation>
    <designation>
      <language value="nl-BE"/>
      <value value="Controle insteekplaats"/>
    </designation>
    <designation>
      <language value="en"/>
      <value value="Check insertion point"/>
    </designation>
  </concept>
  <concept>
    <code value="tmp-chan-sary-9"/>
    <display value="Change dressings if necessary"/>
    <designation>
      <language value="fr-BE"/>
      <value value="Changement de pansement si nécessaire"/>
    </designation>
    <designation>
      <language value="nl-BE"/>
      <value value="Verbandwissel zo nodig"/>
    </designation>
    <designation>
      <language value="en"/>
      <value value="Change dressings if necessary"/>
    </designation>
  </concept>
  <concept>
    <code value="tmp-chec-rate-4"/>
    <display value="Check pump operation and flow rate"/>
    <designation>
      <language value="fr-BE"/>
      <value value="Vérifier le fonctionnement et le débit de la pompe"/>
    </designation>
    <designation>
      <language value="nl-BE"/>
      <value value="Controle werking van de pomp en debiet"/>
    </designation>
    <designation>
      <language value="en"/>
      <value value="Check pump operation and flow rate"/>
    </designation>
  </concept>
  <concept>
    <code value="tmp-cont-uses-1"/>
    <display value="Control extra boluses"/>
    <designation>
      <language value="fr-BE"/>
      <value value="Controle des bolus supplémentaires"/>
    </designation>
    <designation>
      <language value="nl-BE"/>
      <value value="Controle extra bolussen"/>
    </designation>
    <designation>
      <language value="en"/>
      <value value="Control extra boluses"/>
    </designation>
  </concept>
  <concept>
    <code value="tmp-adju-dule-3"/>
    <display value="Adjust dose according to schedule"/>
    <designation>
      <language value="fr-BE"/>
      <value value="Ajuster la dose selon le schema"/>
    </designation>
    <designation>
      <language value="nl-BE"/>
      <value value="Aanpassing dosis volgens schema"/>
    </designation>
    <designation>
      <language value="en"/>
      <value value="Adjust dose according to schedule"/>
    </designation>
  </concept>
  <concept>
    <code value="tmp-chan-eded-7"/>
    <display value="Change medication reservoir as needed"/>
    <designation>
      <language value="fr-BE"/>
      <value value="Changer le réservoir de médicaments si nécessaire"/>
    </designation>
    <designation>
      <language value="nl-BE"/>
      <value value="Wisselen medicatiereservoir zo nodig"/>
    </designation>
    <designation>
      <language value="en"/>
      <value value="Change medication reservoir as needed"/>
    </designation>
  </concept>
  <concept>
    <code value="tmp-addi-sary-9"/>
    <display value="Additional visit if necessary"/>
    <designation>
      <language value="fr-BE"/>
      <value value="Visite suplémentaire si nécessaire"/>
    </designation>
    <designation>
      <language value="nl-BE"/>
      <value value="Bijkomend bezoek zo nodig"/>
    </designation>
    <designation>
      <language value="en"/>
      <value value="Additional visit if necessary"/>
    </designation>
  </concept>
  <concept>
    <code value="tmp-rest-sary-2"/>
    <display value="Restart after alarm if necessary"/>
    <designation>
      <language value="fr-BE"/>
      <value value="Redémarrage après alarme si nécessaire"/>
    </designation>
    <designation>
      <language value="nl-BE"/>
      <value value="Heropstart na alarm zo nodig"/>
    </designation>
    <designation>
      <language value="en"/>
      <value value="Restart after alarm if necessary"/>
    </designation>
  </concept>
  <concept>
    <code value="tmp-repo-sary-5"/>
    <display value="Report at least weekly if necessary"/>
    <designation>
      <language value="fr-BE"/>
      <value value="Rapporter minimum une fois par semaine si nécessaire"/>
    </designation>
    <designation>
      <language value="nl-BE"/>
      <value value="Minimaal wekelijks rapporteren zo nodig"/>
    </designation>
    <designation>
      <language value="en"/>
      <value value="Report at least weekly if necessary"/>
    </designation>
  </concept>
  <concept>
    <code value="tmp-lyin-sure-0"/>
    <display value="Lying blood pressure"/>
    <designation>
      <language value="fr-BE"/>
      <value value="Tension artérielle en position couchée"/>
    </designation>
    <designation>
      <language value="nl-BE"/>
      <value value="Bloeddruk liggend"/>
    </designation>
    <designation>
      <language value="en"/>
      <value value="Lying blood pressure"/>
    </designation>
  </concept>
  <concept>
    <code value="tmp-bloo-ding-3"/>
    <display value="Blood pressure standing"/>
    <designation>
      <language value="fr-BE"/>
      <value value="Tension artérielle en position debout"/>
    </designation>
    <designation>
      <language value="nl-BE"/>
      <value value="Bloeddruk staand"/>
    </designation>
    <designation>
      <language value="en"/>
      <value value="Blood pressure standing"/>
    </designation>
  </concept>
  <concept>
    <code value="tmp-hear-rate-0"/>
    <display value="Heart rate"/>
    <designation>
      <language value="fr-BE"/>
      <value value="Fréquence cardiaque"/>
    </designation>
    <designation>
      <language value="nl-BE"/>
      <value value="Hartfrequentie"/>
    </designation>
    <designation>
      <language value="en"/>
      <value value="Heart rate"/>
    </designation>
  </concept>
  <concept>
    <code value="tmp-oxyg-tion-7"/>
    <display value="Oxygen saturation"/>
    <designation>
      <language value="fr-BE"/>
      <value value="Saturation en oxygème"/>
    </designation>
    <designation>
      <language value="nl-BE"/>
      <value value="Zuurstofsaturatie"/>
    </designation>
    <designation>
      <language value="en"/>
      <value value="Oxygen saturation"/>
    </designation>
  </concept>
  <concept>
    <code value="tmp-temp-ture-1"/>
    <display value="Temperature"/>
    <designation>
      <language value="fr-BE"/>
      <value value="Température"/>
    </designation>
    <designation>
      <language value="nl-BE"/>
      <value value="Temperatuur"/>
    </designation>
    <designation>
      <language value="en"/>
      <value value="Temperature"/>
    </designation>
  </concept>
  <concept>
    <code value="tmp-resp-rate-6"/>
    <display value="Respiratory rate"/>
    <designation>
      <language value="fr-BE"/>
      <value value="Fréquence respiratoire"/>
    </designation>
    <designation>
      <language value="nl-BE"/>
      <value value="Ademhalingsfrequentie"/>
    </designation>
    <designation>
      <language value="en"/>
      <value value="Respiratory rate"/>
    </designation>
  </concept>
  <concept>
    <code value="tmp-bowe-ency-5"/>
    <display value="Bowel frequency"/>
    <designation>
      <language value="fr-BE"/>
      <value value="Fréquence des selles"/>
    </designation>
    <designation>
      <language value="nl-BE"/>
      <value value="Stoelgangsfrequentie"/>
    </designation>
    <designation>
      <language value="en"/>
      <value value="Bowel frequency"/>
    </designation>
  </concept>
  <concept>
    <code value="tmp-weig-ight-6"/>
    <display value="Weight"/>
    <designation>
      <language value="fr-BE"/>
      <value value="Poids"/>
    </designation>
    <designation>
      <language value="nl-BE"/>
      <value value="Gewicht"/>
    </designation>
    <designation>
      <language value="en"/>
      <value value="Weight"/>
    </designation>
  </concept>
  <concept>
    <code value="tmp-diur-esis-8"/>
    <display value="Diuresis"/>
    <designation>
      <language value="fr-BE"/>
      <value value="Diurèse"/>
    </designation>
    <designation>
      <language value="nl-BE"/>
      <value value="Diurese"/>
    </designation>
    <designation>
      <language value="en"/>
      <value value="Diuresis"/>
    </designation>
  </concept>
  <concept>
    <code value="tmp-visu-cale-4"/>
    <display value="Visual analog pain scale"/>
    <designation>
      <language value="fr-BE"/>
      <value value="Mesure de la douleur avec l’échelle visuelle analogique"/>
    </designation>
    <designation>
      <language value="nl-BE"/>
      <value value="Visueel analoge pijnschaal"/>
    </designation>
    <designation>
      <language value="en"/>
      <value value="Visual analog pain scale"/>
    </designation>
  </concept>
  <concept>
    <code value="tmp-type-pain-2"/>
    <display value="type of pain"/>
    <designation>
      <language value="fr-BE"/>
      <value value="Type de la douleur"/>
    </designation>
    <designation>
      <language value="nl-BE"/>
      <value value="Type pijn"/>
    </designation>
    <designation>
      <language value="en"/>
      <value value="type of pain"/>
    </designation>
  </concept>
  <concept>
    <code value="tmp-cont-ents-3"/>
    <display value="Control bowel movements"/>
    <designation>
      <language value="fr-BE"/>
      <value value="Contrôle des selles"/>
    </designation>
    <designation>
      <language value="nl-BE"/>
      <value value="Controle stoelgang"/>
    </designation>
    <designation>
      <language value="en"/>
      <value value="Control bowel movements"/>
    </designation>
  </concept>
  <concept>
    <code value="tmp-char-type-1"/>
    <display value="Charriere aspiration probe type"/>
    <designation>
      <language value="fr-BE"/>
      <value value="Sonde s’aspiration de type Charrière"/>
    </designation>
    <designation>
      <language value="nl-BE"/>
      <value value="Type charrière aspiratiesonde"/>
    </designation>
    <designation>
      <language value="en"/>
      <value value="Charriere aspiration probe type"/>
    </designation>
  </concept>
  <concept>
    <code value="tmp-thro-nula-1"/>
    <display value="through nasal cannula"/>
    <designation>
      <language value="fr-BE"/>
      <value value="Via des lunettes nasales"/>
    </designation>
    <designation>
      <language value="nl-BE"/>
      <value value="via neusbril"/>
    </designation>
    <designation>
      <language value="en"/>
      <value value="through nasal cannula"/>
    </designation>
  </concept>
  <concept>
    <code value="tmp-thro-mask-8"/>
    <display value="through nasal mask"/>
    <designation>
      <language value="fr-BE"/>
      <value value="Via masque nasal"/>
    </designation>
    <designation>
      <language value="nl-BE"/>
      <value value="via neusmasker"/>
    </designation>
    <designation>
      <language value="en"/>
      <value value="through nasal mask"/>
    </designation>
  </concept>
  <concept>
    <code value="tmp-thro-tube-4"/>
    <display value="through nasogastric tube"/>
    <designation>
      <language value="fr-BE"/>
      <value value="Via sonde nasale"/>
    </designation>
    <designation>
      <language value="nl-BE"/>
      <value value="via neussonde"/>
    </designation>
    <designation>
      <language value="en"/>
      <value value="through nasogastric tube"/>
    </designation>
  </concept>
  <concept>
    <code value="tmp-inte-nula-6"/>
    <display value="internal cannula"/>
    <designation>
      <language value="fr-BE"/>
      <value value="Canule interne"/>
    </designation>
    <designation>
      <language value="nl-BE"/>
      <value value="interne canule"/>
    </designation>
    <designation>
      <language value="en"/>
      <value value="internal cannula"/>
    </designation>
  </concept>
  <concept>
    <code value="tmp-exte-nula-6"/>
    <display value="external cannula"/>
    <designation>
      <language value="fr-BE"/>
      <value value="Canule externe"/>
    </designation>
    <designation>
      <language value="nl-BE"/>
      <value value="externe canule"/>
    </designation>
    <designation>
      <language value="en"/>
      <value value="external cannula"/>
    </designation>
  </concept>
  <concept>
    <code value="tmp-type-iere-4"/>
    <display value="type charriere"/>
    <designation>
      <language value="fr-BE"/>
      <value value="Type charrière"/>
    </designation>
    <designation>
      <language value="nl-BE"/>
      <value value="type charrière"/>
    </designation>
    <designation>
      <language value="en"/>
      <value value="type charriere"/>
    </designation>
  </concept>
  <concept>
    <code value="tmp-hube-type-3"/>
    <display value="Huber point needle type"/>
    <designation>
      <language value="fr-BE"/>
      <value value="Type d’aiguille à pointe Huber"/>
    </designation>
    <designation>
      <language value="nl-BE"/>
      <value value="Type huberpuntnaald"/>
    </designation>
    <designation>
      <language value="en"/>
      <value value="Huber point needle type"/>
    </designation>
  </concept>
  <concept>
    <code value="tmp-clea-ound-7"/>
    <display value="cleaning of wound"/>
    <designation>
      <language value="fr-BE"/>
      <value value="Nettoyage de la plaie"/>
    </designation>
    <designation>
      <language value="nl-BE"/>
      <value value="reiniging van wonde"/>
    </designation>
    <designation>
      <language value="en"/>
      <value value="cleaning of wound"/>
    </designation>
  </concept>
  <concept>
    <code value="tmp-appl-duct-2"/>
    <display value="application of product"/>
    <designation>
      <language value="fr-BE"/>
      <value value="Application du produit"/>
    </designation>
    <designation>
      <language value="nl-BE"/>
      <value value="aanbrengen van produkt"/>
    </designation>
    <designation>
      <language value="en"/>
      <value value="application of product"/>
    </designation>
  </concept>
  <concept>
    <code value="tmp-appl-rial-0"/>
    <display value="apply cover material"/>
    <designation>
      <language value="fr-BE"/>
      <value value="Application du matériel de couverture"/>
    </designation>
    <designation>
      <language value="nl-BE"/>
      <value value="afdekmateriaal aanbrengen"/>
    </designation>
    <designation>
      <language value="en"/>
      <value value="apply cover material"/>
    </designation>
  </concept>
  <concept>
    <code value="tmp-appl-rial-3"/>
    <display value="apply fixation material"/>
    <designation>
      <language value="fr-BE"/>
      <value value="Application du matériel de fixation"/>
    </designation>
    <designation>
      <language value="nl-BE"/>
      <value value="fixatiemateriaal aanbrengen"/>
    </designation>
    <designation>
      <language value="en"/>
      <value value="apply fixation material"/>
    </designation>
  </concept>
  <concept>
    <code value="tmp-prot-dges-5"/>
    <display value="protection of wound edges"/>
    <designation>
      <language value="fr-BE"/>
      <value value="Protection des bords de la plaie"/>
    </designation>
    <designation>
      <language value="nl-BE"/>
      <value value="bescherming van wondranden"/>
    </designation>
    <designation>
      <language value="en"/>
      <value value="protection of wound edges"/>
    </designation>
  </concept>
  <concept>
    <code value="tmp-supe-ship-4"/>
    <display value="supervision relationship"/>
    <designation>
      <language value="fr-BE"/>
      <value value="Surveillance du pansement"/>
    </designation>
    <designation>
      <language value="nl-BE"/>
      <value value="toezicht verband"/>
    </designation>
    <designation>
      <language value="en"/>
      <value value="supervision relationship"/>
    </designation>
  </concept>
  <concept>
    <code value="tmp-dres-ange-5"/>
    <display value="dressing change"/>
    <designation>
      <language value="fr-BE"/>
      <value value="Changement du pansement"/>
    </designation>
    <designation>
      <language value="nl-BE"/>
      <value value="verbandwissel"/>
    </designation>
    <designation>
      <language value="en"/>
      <value value="dressing change"/>
    </designation>
  </concept>
  <concept>
    <code value="tmp-dry0-sing-0"/>
    <display value="dry aseptic dressing"/>
    <designation>
      <language value="fr-BE"/>
      <value value="Pansement sec aseptique"/>
    </designation>
    <designation>
      <language value="nl-BE"/>
      <value value="droog aseptisch verband"/>
    </designation>
    <designation>
      <language value="en"/>
      <value value="dry aseptic dressing"/>
    </designation>
  </concept>
  <concept>
    <code value="tmp-debr-ound-3"/>
    <display value="debride wound"/>
    <designation>
      <language value="fr-BE"/>
      <value value="Débrider la plaie"/>
    </designation>
    <designation>
      <language value="nl-BE"/>
      <value value="debrideren wonde"/>
    </designation>
    <designation>
      <language value="en"/>
      <value value="debride wound"/>
    </designation>
  </concept>
  <concept>
    <code value="tmp-nega-rapy-5"/>
    <display value="negative pressure therapy"/>
    <designation>
      <language value="fr-BE"/>
      <value value="Thérapie par pression négative"/>
    </designation>
    <designation>
      <language value="nl-BE"/>
      <value value="negatieve druktherapie"/>
    </designation>
    <designation>
      <language value="en"/>
      <value value="negative pressure therapy"/>
    </designation>
  </concept>
  <concept>
    <code value="tmp-remo-ages-9"/>
    <display value="remove stitches in two stages"/>
    <designation>
      <language value="fr-BE"/>
      <value value="Retrait des points de suture en deux phases"/>
    </designation>
    <designation>
      <language value="nl-BE"/>
      <value value="verwijderen hechtingen in twee fasen"/>
    </designation>
    <designation>
      <language value="en"/>
      <value value="remove stitches in two stages"/>
    </designation>
  </concept>
  <concept>
    <code value="tmp-remo-tage-7"/>
    <display value="remove sutures in one stage"/>
    <designation>
      <language value="fr-BE"/>
      <value value="Retrait des points de suture en une phase"/>
    </designation>
    <designation>
      <language value="nl-BE"/>
      <value value="verwijderen hechtingen in één fase"/>
    </designation>
    <designation>
      <language value="en"/>
      <value value="remove sutures in one stage"/>
    </designation>
  </concept>
  <concept>
    <code value="tmp-shor-wick-2"/>
    <display value="shorten wick"/>
    <designation>
      <language value="fr-BE"/>
      <value value="Raccourcir la mèche "/>
    </designation>
    <designation>
      <language value="nl-BE"/>
      <value value="inkorten wiek"/>
    </designation>
    <designation>
      <language value="en"/>
      <value value="shorten wick"/>
    </designation>
  </concept>
  <concept>
    <code value="tmp-repl-wick-2"/>
    <display value="replace wick"/>
    <designation>
      <language value="fr-BE"/>
      <value value="Remplacement de la mèche"/>
    </designation>
    <designation>
      <language value="nl-BE"/>
      <value value="vervangen wiek"/>
    </designation>
    <designation>
      <language value="en"/>
      <value value="replace wick"/>
    </designation>
  </concept>
  <concept>
    <code value="tmp-supe-tion-9"/>
    <display value="supervised drain with suction"/>
    <designation>
      <language value="fr-BE"/>
      <value value="Supervision de la vidange avec aspiration"/>
    </designation>
    <designation>
      <language value="nl-BE"/>
      <value value="toezicht drain met suctie"/>
    </designation>
    <designation>
      <language value="en"/>
      <value value="supervised drain with suction"/>
    </designation>
  </concept>
  <concept>
    <code value="tmp-supe-tion-2"/>
    <display value="supervised drain without suction"/>
    <designation>
      <language value="fr-BE"/>
      <value value="Supervision de la vidange sans aspiration"/>
    </designation>
    <designation>
      <language value="nl-BE"/>
      <value value="toezicht drain zonder suctie"/>
    </designation>
    <designation>
      <language value="en"/>
      <value value="supervised drain without suction"/>
    </designation>
  </concept>
  <concept>
    <code value="tmp-spec-ions-1"/>
    <display value="specific instructions"/>
    <designation>
      <language value="fr-BE"/>
      <value value="Instructions spécifiques"/>
    </designation>
    <designation>
      <language value="nl-BE"/>
      <value value="specifieke instructies"/>
    </designation>
    <designation>
      <language value="en"/>
      <value value="specific instructions"/>
    </designation>
  </concept>
  <concept>
    <code value="tmp-shor-etch-3"/>
    <display value="short stretch"/>
    <designation>
      <language value="fr-BE"/>
      <value value="Courte durée"/>
    </designation>
    <designation>
      <language value="nl-BE"/>
      <value value="korte rek"/>
    </designation>
    <designation>
      <language value="en"/>
      <value value="short stretch"/>
    </designation>
  </concept>
  <concept>
    <code value="tmp-long-etch-2"/>
    <display value="long stretch"/>
    <designation>
      <language value="fr-BE"/>
      <value value="Longue durée"/>
    </designation>
    <designation>
      <language value="nl-BE"/>
      <value value="lange rek"/>
    </designation>
    <designation>
      <language value="en"/>
      <value value="long stretch"/>
    </designation>
  </concept>
  <concept>
    <code value="tmp-knee-king-3"/>
    <display value="knee stocking"/>
    <designation>
      <language value="fr-BE"/>
      <value value="Bas de genou"/>
    </designation>
    <designation>
      <language value="nl-BE"/>
      <value value="kniekous"/>
    </designation>
    <designation>
      <language value="en"/>
      <value value="knee stocking"/>
    </designation>
  </concept>
  <concept>
    <code value="tmp-long-king-3"/>
    <display value="long stocking"/>
    <designation>
      <language value="fr-BE"/>
      <value value="Bas long"/>
    </designation>
    <designation>
      <language value="nl-BE"/>
      <value value="lange kous"/>
    </designation>
    <designation>
      <language value="en"/>
      <value value="long stocking"/>
    </designation>
  </concept>
</CodeSystem>