<?xml version="1.0" encoding="UTF-8"?>

<ImplementationGuide xmlns="http://hl7.org/fhir">
  <id value="hl7.country.fhir.ig"/>
  <text>
    <status value="extensions"/><div xmlns="http://www.w3.org/1999/xhtml"><h2>AffiliateIG</h2><p>The official URL for this implementation guide is: </p><pre>http://hl7.country.org/fhir/ig/ImplementationGuide/hl7.country.fhir.ig</pre><div><p>A barebones ImplementationGuide for HL7 Affiliates</p>
</div></div>
  </text>
  <url value="http://hl7.country.org/fhir/ig/ImplementationGuide/hl7.country.fhir.ig"/>
  <version value="0.2.0"/>
  <name value="AffiliateIG"/>
  <title value="HL7 BE Referral Prescription WG Implementation Guide (work in progress)"/>
  <status value="draft"/>
  <experimental value="false"/>
  <date value="2021-07-15T08:56:52+00:00"/>
  <publisher value="HL7 Belgium"/>
  <contact>
    <telecom>
      <system value="url"/>
      <value value="http://hl7belgium.org"/>
    </telecom>
  </contact>
  <description value="A barebones ImplementationGuide for HL7 Affiliates"/>
  <jurisdiction>
    <coding>
      <system value="http://unstats.un.org/unsd/methods/m49/m49.htm"/>
      <code value="001"/>
    </coding>
  </jurisdiction>
  <packageId value="hl7.country.fhir.ig"/>
  <license value="CC0-1.0"/>
  <fhirVersion value="4.0.1"/>
  <dependsOn>
    <uri value="https://www.ehealth.fgov.be/standards/fhir"/>
    <packageId value="ehealthplatform.be.r4.federalprofiles"/>
    <version value="1.2.x"/>
  </dependsOn>
  <definition>
    <extension url="http://hl7.org/fhir/tools/StructureDefinition/ig-parameter">
      <extension url="code">
        <valueString value="copyrightyear"/>
      </extension>
      <extension url="value">
        <valueString value="2019+"/>
      </extension>
    </extension>
    <extension url="http://hl7.org/fhir/tools/StructureDefinition/ig-parameter">
      <extension url="code">
        <valueString value="releaselabel"/>
      </extension>
      <extension url="value">
        <valueString value="CI Build"/>
      </extension>
    </extension>
    <extension url="http://hl7.org/fhir/tools/StructureDefinition/ig-parameter">
      <extension url="code">
        <valueString value="path-binary"/>
      </extension>
      <extension url="value">
        <valueString value="input\cql"/>
      </extension>
    </extension>
    <extension url="http://hl7.org/fhir/tools/StructureDefinition/ig-parameter">
      <extension url="code">
        <valueString value="autoload-resources"/>
      </extension>
      <extension url="value">
        <valueString value="true"/>
      </extension>
    </extension>
    <extension url="http://hl7.org/fhir/tools/StructureDefinition/ig-parameter">
      <extension url="code">
        <valueString value="path-qa"/>
      </extension>
      <extension url="value">
        <valueString value="temp/qa"/>
      </extension>
    </extension>
    <extension url="http://hl7.org/fhir/tools/StructureDefinition/ig-parameter">
      <extension url="code">
        <valueString value="path-temp"/>
      </extension>
      <extension url="value">
        <valueString value="temp/pages"/>
      </extension>
    </extension>
    <extension url="http://hl7.org/fhir/tools/StructureDefinition/ig-parameter">
      <extension url="code">
        <valueString value="path-output"/>
      </extension>
      <extension url="value">
        <valueString value="output"/>
      </extension>
    </extension>
    <extension url="http://hl7.org/fhir/tools/StructureDefinition/ig-parameter">
      <extension url="code">
        <valueString value="path-suppressed-warnings"/>
      </extension>
      <extension url="value">
        <valueString value="input/ignoreWarnings.txt"/>
      </extension>
    </extension>
    <extension url="http://hl7.org/fhir/tools/StructureDefinition/ig-parameter">
      <extension url="code">
        <valueString value="template-html"/>
      </extension>
      <extension url="value">
        <valueString value="template-page.html"/>
      </extension>
    </extension>
    <extension url="http://hl7.org/fhir/tools/StructureDefinition/ig-parameter">
      <extension url="code">
        <valueString value="template-md"/>
      </extension>
      <extension url="value">
        <valueString value="template-page-md.html"/>
      </extension>
    </extension>
    <extension url="http://hl7.org/fhir/tools/StructureDefinition/ig-parameter">
      <extension url="code">
        <valueString value="apply-contact"/>
      </extension>
      <extension url="value">
        <valueString value="true"/>
      </extension>
    </extension>
    <extension url="http://hl7.org/fhir/tools/StructureDefinition/ig-parameter">
      <extension url="code">
        <valueString value="apply-context"/>
      </extension>
      <extension url="value">
        <valueString value="true"/>
      </extension>
    </extension>
    <extension url="http://hl7.org/fhir/tools/StructureDefinition/ig-parameter">
      <extension url="code">
        <valueString value="apply-copyright"/>
      </extension>
      <extension url="value">
        <valueString value="true"/>
      </extension>
    </extension>
    <extension url="http://hl7.org/fhir/tools/StructureDefinition/ig-parameter">
      <extension url="code">
        <valueString value="apply-jurisdiction"/>
      </extension>
      <extension url="value">
        <valueString value="true"/>
      </extension>
    </extension>
    <extension url="http://hl7.org/fhir/tools/StructureDefinition/ig-parameter">
      <extension url="code">
        <valueString value="apply-license"/>
      </extension>
      <extension url="value">
        <valueString value="true"/>
      </extension>
    </extension>
    <extension url="http://hl7.org/fhir/tools/StructureDefinition/ig-parameter">
      <extension url="code">
        <valueString value="apply-publisher"/>
      </extension>
      <extension url="value">
        <valueString value="true"/>
      </extension>
    </extension>
    <extension url="http://hl7.org/fhir/tools/StructureDefinition/ig-parameter">
      <extension url="code">
        <valueString value="apply-version"/>
      </extension>
      <extension url="value">
        <valueString value="true"/>
      </extension>
    </extension>
    <extension url="http://hl7.org/fhir/tools/StructureDefinition/ig-parameter">
      <extension url="code">
        <valueString value="active-tables"/>
      </extension>
      <extension url="value">
        <valueString value="true"/>
      </extension>
    </extension>
    <grouping id="logicalmodels">
      <name value="Logical Models"/>
      <description value="The Logical Data Models. These are common, functional data descriptions which can be implemented in and mapped to KMEHR, CDA, HL7 v2 and FHIR technical implementations."/>
    </grouping>
    <grouping id="rp">
      <name value="Referral Prescription Logical Models"/>
      <description value="Referral prescription logical models."/>
    </grouping>
    <grouping id="rpc">
      <name value="Referral Prescription Conformance Resources"/>
      <description value="Conformance resources defined for this IG."/>
    </grouping>
    <resource>
      <extension url="http://hl7.org/fhir/tools/StructureDefinition/resource-information">
        <valueString value="Practitioner"/>
      </extension>
      <reference>
        <reference value="Practitioner/practitioner2"/>
      </reference>
    </resource>
    <resource>
      <extension url="http://hl7.org/fhir/tools/StructureDefinition/resource-information">
        <valueString value="ServiceRequest"/>
      </extension>
      <reference>
        <reference value="ServiceRequest/laboratory-order-example1"/>
      </reference>
    </resource>
    <resource>
      <extension url="http://hl7.org/fhir/tools/StructureDefinition/resource-information">
        <valueString value="ServiceRequest"/>
      </extension>
      <reference>
        <reference value="ServiceRequest/diagnostic-imaging-basic-example-concreteWithDetails"/>
      </reference>
    </resource>
    <resource>
      <extension url="http://hl7.org/fhir/tools/StructureDefinition/resource-information">
        <valueString value="ServiceRequest"/>
      </extension>
      <reference>
        <reference value="ServiceRequest/referralprescription-nursing-example6-compression-therapy"/>
      </reference>
    </resource>
    <resource>
      <extension url="http://hl7.org/fhir/tools/StructureDefinition/resource-information">
        <valueString value="ServiceRequest"/>
      </extension>
      <reference>
        <reference value="ServiceRequest/diagnostic-imaging-basic-example-concreteWithText"/>
      </reference>
    </resource>
    <resource>
      <extension url="http://hl7.org/fhir/tools/StructureDefinition/resource-information">
        <valueString value="Practitioner"/>
      </extension>
      <reference>
        <reference value="Practitioner/practitioner1"/>
      </reference>
    </resource>
    <resource>
      <extension url="http://hl7.org/fhir/tools/StructureDefinition/resource-information">
        <valueString value="ServiceRequest"/>
      </extension>
      <reference>
        <reference value="ServiceRequest/diagnostic-imaging-basic-example-everything-contained"/>
      </reference>
    </resource>
    <resource>
      <extension url="http://hl7.org/fhir/tools/StructureDefinition/resource-information">
        <valueString value="Patient"/>
      </extension>
      <reference>
        <reference value="Patient/patient1"/>
      </reference>
    </resource>
    <resource>
      <extension url="http://hl7.org/fhir/tools/StructureDefinition/resource-information">
        <valueString value="CarePlan"/>
      </extension>
      <reference>
        <reference value="CarePlan/gpvisit"/>
      </reference>
    </resource>
    <resource>
      <extension url="http://hl7.org/fhir/tools/StructureDefinition/resource-information">
        <valueString value="Condition"/>
      </extension>
      <reference>
        <reference value="Condition/condition1"/>
      </reference>
    </resource>
    <resource>
      <extension url="http://hl7.org/fhir/tools/StructureDefinition/resource-information">
        <valueString value="ServiceRequest"/>
      </extension>
      <reference>
        <reference value="ServiceRequest/diagnostic-imaging-basic-example-useOfModality"/>
      </reference>
    </resource>
    <resource>
      <extension url="http://hl7.org/fhir/tools/StructureDefinition/resource-information">
        <valueString value="ServiceRequest"/>
      </extension>
      <reference>
        <reference value="ServiceRequest/referralprescription-nursing-example5-digestive-system-care"/>
      </reference>
    </resource>
    <resource>
      <extension url="http://hl7.org/fhir/tools/StructureDefinition/resource-information">
        <valueString value="ServiceRequest"/>
      </extension>
      <reference>
        <reference value="ServiceRequest/referralprescription-nursing-example2-digestive-system-care"/>
      </reference>
    </resource>
    <resource>
      <extension url="http://hl7.org/fhir/tools/StructureDefinition/resource-information">
        <valueString value="ServiceRequest"/>
      </extension>
      <reference>
        <reference value="ServiceRequest/referralprescription-nursing-example3-compression-therapy"/>
      </reference>
    </resource>
    <resource>
      <extension url="http://hl7.org/fhir/tools/StructureDefinition/resource-information">
        <valueString value="StructureDefinition:logical"/>
      </extension>
      <reference>
        <reference value="StructureDefinition/be-model-physiotherapyprescription"/>
      </reference>
    </resource>
    <resource>
      <extension url="http://hl7.org/fhir/tools/StructureDefinition/resource-information">
        <valueString value="StructureDefinition:logical"/>
      </extension>
      <reference>
        <reference value="StructureDefinition/be-model-laboratoryprescription"/>
      </reference>
      <description value="Logical model describing the model for the prescription laboratory. This draft is used in the HL7 Belgian workgroup for laboratory."/>
    </resource>
    <resource>
      <extension url="http://hl7.org/fhir/tools/StructureDefinition/resource-information">
        <valueString value="StructureDefinition:logical"/>
      </extension>
      <reference>
        <reference value="StructureDefinition/be-model-nursingprescription"/>
      </reference>
    </resource>
    <resource>
      <extension url="http://hl7.org/fhir/tools/StructureDefinition/resource-information">
        <valueString value="StructureDefinition:logical"/>
      </extension>
      <reference>
        <reference value="StructureDefinition/be-model-referralprescription"/>
      </reference>
      <description value="Logical model describing the model for the prescription referral. This draft is used in the HL7 Belgian workgroup for referral."/>
    </resource>
    <resource>
      <extension url="http://hl7.org/fhir/tools/StructureDefinition/resource-information">
        <valueString value="StructureDefinition:logical"/>
      </extension>
      <reference>
        <reference value="StructureDefinition/be-model-diagnosticimagingprescription"/>
      </reference>
      <description value="Logical model describing the model for the diagnostic imaging prescription. This draft is used in the HL7 Belgian workgroup for referral."/>
    </resource>
    <resource>
      <extension url="http://hl7.org/fhir/tools/StructureDefinition/resource-information">
        <valueString value="StructureDefinition:resource"/>
      </extension>
      <reference>
        <reference value="StructureDefinition/be-referralprescription-nursing-non-reimbursable"/>
      </reference>
      <description value="The nursing profile specialized for non reimbursable care. Use the .note element to provide any extra information."/>
    </resource>
    <resource>
      <extension url="http://hl7.org/fhir/tools/StructureDefinition/resource-information">
        <valueString value="StructureDefinition:resource"/>
      </extension>
      <reference>
        <reference value="StructureDefinition/be-referralprescription-nursing"/>
      </reference>
      <description value="The nursing profile, generic version. Please note the nursing referral for medication does NOT depend on this generic version but is a FHIR prodfile on a different FHIR resource (MedicationRequest)"/>
    </resource>
    <resource>
      <extension url="http://hl7.org/fhir/tools/StructureDefinition/resource-information">
        <valueString value="StructureDefinition:extension"/>
      </extension>
      <reference>
        <reference value="StructureDefinition/be-ext-contraindication"/>
      </reference>
      <name value="BeContraindication"/>
      <description value="Contra indication in a prescription referral for diagnostic imaging."/>
    </resource>
    <resource>
      <extension url="http://hl7.org/fhir/tools/StructureDefinition/resource-information">
        <valueString value="StructureDefinition:resource"/>
      </extension>
      <reference>
        <reference value="StructureDefinition/be-lab-prescription"/>
      </reference>
      <description value="This is the Belgian profile for a laboratory order."/>
    </resource>
    <resource>
      <extension url="http://hl7.org/fhir/tools/StructureDefinition/resource-information">
        <valueString value="StructureDefinition:resource"/>
      </extension>
      <reference>
        <reference value="StructureDefinition/be-referralprescription-nursing-chronical-psychiatric-patient"/>
      </reference>
      <description value="The nursing profile specialized for preparation and administration of medication to chronical pshychiatric patient. Use the .note element to provide any extra information. The prescriber SHALL give a start and end date &amp; SHALL give a frequency, these informations live in the .occurrence element."/>
    </resource>
    <resource>
      <extension url="http://hl7.org/fhir/tools/StructureDefinition/resource-information">
        <valueString value="StructureDefinition:resource"/>
      </extension>
      <reference>
        <reference value="StructureDefinition/be-referralprescription-nursing-bladder-care"/>
      </reference>
      <description value="The nursing profile specialized for bladder care. Actual bladder care information lives in the .orderDetail element. If needed to give a quantity (mandatory if bladder instillation): the .quantity element shall be used. If needed to express the product and time to leave the product (mandatory if bladder instillation): please explain in the .note element."/>
    </resource>
    <resource>
      <extension url="http://hl7.org/fhir/tools/StructureDefinition/resource-information">
        <valueString value="StructureDefinition:resource"/>
      </extension>
      <reference>
        <reference value="StructureDefinition/be-referralprescription-diagnosticimaging"/>
      </reference>
      <description value="Referral prescription for a generic diagnostic imaging.&#xD;&#xA;Please note in .orderDetail, a specific slicing is available to give guidance how to express acquisition modalities if needed. In future iterations of this profile, more slicing might provide additional guidance."/>
    </resource>
    <resource>
      <extension url="http://hl7.org/fhir/tools/StructureDefinition/resource-information">
        <valueString value="StructureDefinition:resource"/>
      </extension>
      <reference>
        <reference value="StructureDefinition/be-referralprescription-nursing-annex81"/>
      </reference>
      <description value="The nursing profile specialized for preparation of medication. Use the .note element to provide any extra information."/>
    </resource>
    <resource>
      <extension url="http://hl7.org/fhir/tools/StructureDefinition/resource-information">
        <valueString value="StructureDefinition:resource"/>
      </extension>
      <reference>
        <reference value="StructureDefinition/be-referralprescription"/>
      </reference>
      <description value="The common structure for referral prescription."/>
    </resource>
    <resource>
      <extension url="http://hl7.org/fhir/tools/StructureDefinition/resource-information">
        <valueString value="StructureDefinition:resource"/>
      </extension>
      <reference>
        <reference value="StructureDefinition/be-referralprescription-nursing-medication"/>
      </reference>
      <description value="The nursing profile specialized for medication. Note this profile is based on the FHIR resource MedicationRequest.&#xD;&#xA;Dosage is expected initially to be given in the corresponding text and optional site fields (as per the NIHDI requirements)"/>
    </resource>
    <resource>
      <extension url="http://hl7.org/fhir/tools/StructureDefinition/resource-information">
        <valueString value="StructureDefinition:resource"/>
      </extension>
      <reference>
        <reference value="StructureDefinition/be-referralprescription-nursing-diabetic"/>
      </reference>
      <description value="The nursing profile specialized for diabetic services. Use the .note element to provide any extra information."/>
    </resource>
    <resource>
      <extension url="http://hl7.org/fhir/tools/StructureDefinition/resource-information">
        <valueString value="StructureDefinition:resource"/>
      </extension>
      <reference>
        <reference value="StructureDefinition/be-referralprescription-nursing-digestive-system-care"/>
      </reference>
      <description value="The nursing profile specialized for digestive system care. If needed to give any details (e.g. details around the enteral feeding): please use the .note element."/>
    </resource>
    <resource>
      <extension url="http://hl7.org/fhir/tools/StructureDefinition/resource-information">
        <valueString value="StructureDefinition:resource"/>
      </extension>
      <reference>
        <reference value="StructureDefinition/be-referralprescription-nursing-compressiontherapy"/>
      </reference>
      <description value="The nursing profile specialized for compression therapy."/>
    </resource>
    <resource>
      <extension url="http://hl7.org/fhir/tools/StructureDefinition/resource-information">
        <valueString value="StructureDefinition:extension"/>
      </extension>
      <reference>
        <reference value="StructureDefinition/be-ext-contrastfluiduse"/>
      </reference>
      <name value="BeContrastFluidUse"/>
      <description value="Whether the use of contrast fluid in diagnostic imaging can be defined as &#39;If necessary&#39; or &#39;Not permitted.&#39;"/>
    </resource>
    <resource>
      <extension url="http://hl7.org/fhir/tools/StructureDefinition/resource-information">
        <valueString value="StructureDefinition:extension"/>
      </extension>
      <reference>
        <reference value="StructureDefinition/be-ext-inform-party"/>
      </reference>
      <name value="BeInformParty"/>
      <description value="Extra parties that need to be informed of the outcome, besides the prescriber."/>
    </resource>
    <resource>
      <extension url="http://hl7.org/fhir/tools/StructureDefinition/resource-information">
        <valueString value="StructureDefinition:resource"/>
      </extension>
      <reference>
        <reference value="StructureDefinition/be-referralprescription-nursing-other"/>
      </reference>
      <description value="The nursing profile specialized for other care. Use the .note element to provide any extra information."/>
    </resource>
    <resource>
      <extension url="http://hl7.org/fhir/tools/StructureDefinition/resource-information">
        <valueString value="StructureDefinition:extension"/>
      </extension>
      <reference>
        <reference value="StructureDefinition/be-ext-urgent-communication"/>
      </reference>
      <name value="BeUrgentCommunication"/>
      <description value="When there is a need to urgently communicate results of an order."/>
    </resource>
    <resource>
      <extension url="http://hl7.org/fhir/tools/StructureDefinition/resource-information">
        <valueString value="StructureDefinition:resource"/>
      </extension>
      <reference>
        <reference value="StructureDefinition/be-referralprescription-nursing-woundcare"/>
      </reference>
      <description value="The nursing profile specialized for wound care. Use the .note element to provide any extra information."/>
    </resource>
    <resource>
      <extension url="http://hl7.org/fhir/tools/StructureDefinition/resource-information">
        <valueString value="StructureDefinition:extension"/>
      </extension>
      <reference>
        <reference value="StructureDefinition/be-ext-supporting-info"/>
      </reference>
      <name value="BeSupportingInfo"/>
      <description value="Relevant clinical information in the context of this prescription concerning for example allergies, kidney function, diabetic. This extension allows the use of an Annotation or codeableConcept but when more detailed information can be given, it is RECOMMENDED to express it as structured as possible using the appropriate elements."/>
    </resource>
    <resource>
      <extension url="http://hl7.org/fhir/tools/StructureDefinition/resource-information">
        <valueString value="ValueSet"/>
      </extension>
      <reference>
        <reference value="ValueSet/be-vs-nursing-medication-category"/>
      </reference>
      <description value="Codes to define a type of nursing medication category."/>
    </resource>
    <resource>
      <extension url="http://hl7.org/fhir/tools/StructureDefinition/resource-information">
        <valueString value="CodeSystem"/>
      </extension>
      <reference>
        <reference value="CodeSystem/be-cs-nursing-code-other"/>
      </reference>
      <name value="BeNursingCodeOther"/>
      <description value="Nursing codes in Belgium. To define details in nursing activities for the other category. Initially defined as supporting CodeSystem for the referral prescription."/>
    </resource>
    <resource>
      <extension url="http://hl7.org/fhir/tools/StructureDefinition/resource-information">
        <valueString value="NamingSystem"/>
      </extension>
      <reference>
        <reference value="NamingSystem/be-ns-specimen"/>
      </reference>
      <description value="National identifier for a specimen when needed."/>
    </resource>
    <resource>
      <extension url="http://hl7.org/fhir/tools/StructureDefinition/resource-information">
        <valueString value="CodeSystem"/>
      </extension>
      <reference>
        <reference value="CodeSystem/be-status-reason"/>
      </reference>
      <name value="BeStatusReason"/>
      <description value="Status reason in Belgium. Initially defined as supporting CodeSystem for the referral prescription."/>
    </resource>
    <resource>
      <extension url="http://hl7.org/fhir/tools/StructureDefinition/resource-information">
        <valueString value="ValueSet"/>
      </extension>
      <reference>
        <reference value="ValueSet/be-vs-nursing-medication-injection"/>
      </reference>
      <description value="Codes to define a type of nursing medication injection."/>
    </resource>
    <resource>
      <extension url="http://hl7.org/fhir/tools/StructureDefinition/resource-information">
        <valueString value="CodeSystem"/>
      </extension>
      <reference>
        <reference value="CodeSystem/be-nursing-medication-percutaneous"/>
      </reference>
      <name value="BeNursingMedicationPercutaneous"/>
      <description value="Nursing codes in Belgium. To define details in nursing activities for the medication percutaneous category. Initially defined as supporting CodeSystem for the referral prescription."/>
    </resource>
    <resource>
      <extension url="http://hl7.org/fhir/tools/StructureDefinition/resource-information">
        <valueString value="ValueSet"/>
      </extension>
      <reference>
        <reference value="ValueSet/be-vs-nursing-medication-percutaneous"/>
      </reference>
      <description value="Codes to define a type of nursing medication percutaneous."/>
    </resource>
    <resource>
      <extension url="http://hl7.org/fhir/tools/StructureDefinition/resource-information">
        <valueString value="ValueSet"/>
      </extension>
      <reference>
        <reference value="ValueSet/be-vs-communication-method"/>
      </reference>
      <description value="Codes to define a communication method."/>
    </resource>
    <resource>
      <extension url="http://hl7.org/fhir/tools/StructureDefinition/resource-information">
        <valueString value="NamingSystem"/>
      </extension>
      <reference>
        <reference value="NamingSystem/be-ns-coronalertcode"/>
      </reference>
      <description value="Code as generated by the Coronalert app."/>
    </resource>
    <resource>
      <extension url="http://hl7.org/fhir/tools/StructureDefinition/resource-information">
        <valueString value="ValueSet"/>
      </extension>
      <reference>
        <reference value="ValueSet/be-vs-type-of-nursing"/>
      </reference>
      <description value="Codes to define a type of nursing."/>
    </resource>
    <resource>
      <extension url="http://hl7.org/fhir/tools/StructureDefinition/resource-information">
        <valueString value="CodeSystem"/>
      </extension>
      <reference>
        <reference value="CodeSystem/be-contrastfluid-use"/>
      </reference>
      <name value="BeContrastFluidUse"/>
      <description value="Whether use of contrast fluid should be considered."/>
    </resource>
    <resource>
      <extension url="http://hl7.org/fhir/tools/StructureDefinition/resource-information">
        <valueString value="ValueSet"/>
      </extension>
      <reference>
        <reference value="ValueSet/be-vs-type-of-compression"/>
      </reference>
      <description value="Codes to define a type of compression therapy."/>
    </resource>
    <resource>
      <extension url="http://hl7.org/fhir/tools/StructureDefinition/resource-information">
        <valueString value="ValueSet"/>
      </extension>
      <reference>
        <reference value="ValueSet/be-vs-contrastfluid-use"/>
      </reference>
      <description value="Codes to define the use of contrast fluid."/>
    </resource>
    <resource>
      <extension url="http://hl7.org/fhir/tools/StructureDefinition/resource-information">
        <valueString value="ValueSet"/>
      </extension>
      <reference>
        <reference value="ValueSet/be-vs-digestive-system-care"/>
      </reference>
      <description value="Codes to define digestive system care"/>
    </resource>
    <resource>
      <extension url="http://hl7.org/fhir/tools/StructureDefinition/resource-information">
        <valueString value="CodeSystem"/>
      </extension>
      <reference>
        <reference value="CodeSystem/codesystem-be-digestive-system-care"/>
      </reference>
      <name value="BeDigestiveSystemCare"/>
      <description value="Nursing codes in Belgium. To define details in nursing activities for the digestive system care category. Initially defined as supporting CodeSystem for the referral prescription."/>
    </resource>
    <resource>
      <extension url="http://hl7.org/fhir/tools/StructureDefinition/resource-information">
        <valueString value="CodeSystem"/>
      </extension>
      <reference>
        <reference value="CodeSystem/be-cs-nursing-code-non-reimbursable"/>
      </reference>
      <name value="BeNursingCodeNonReimbursable"/>
      <description value="Nursing codes in Belgium. To define details in nursing activities for the non reimbursable category. Initially defined as supporting CodeSystem for the referral prescription."/>
    </resource>
    <resource>
      <extension url="http://hl7.org/fhir/tools/StructureDefinition/resource-information">
        <valueString value="CodeSystem"/>
      </extension>
      <reference>
        <reference value="CodeSystem/be-communication-code"/>
      </reference>
      <name value="BeCommunicationCode"/>
      <description value="Communication codes in Belgium. To define a specific method of communicating. Initially defined as supporting CodeSystem for the referral prescription."/>
    </resource>
    <resource>
      <extension url="http://hl7.org/fhir/tools/StructureDefinition/resource-information">
        <valueString value="ValueSet"/>
      </extension>
      <reference>
        <reference value="ValueSet/be-vs-type-of-bladder-care"/>
      </reference>
      <description value="Codes to define a type of bladder care."/>
    </resource>
    <resource>
      <extension url="http://hl7.org/fhir/tools/StructureDefinition/resource-information">
        <valueString value="ValueSet"/>
      </extension>
      <reference>
        <reference value="ValueSet/be-vs-reason-referral-status"/>
      </reference>
      <description value="Codes to explain the current status of a referral prescription."/>
    </resource>
    <resource>
      <extension url="http://hl7.org/fhir/tools/StructureDefinition/resource-information">
        <valueString value="ValueSet"/>
      </extension>
      <reference>
        <reference value="ValueSet/be-vs-type-of-other-nursing"/>
      </reference>
      <description value="Codes to define a type of other nursing category."/>
    </resource>
    <resource>
      <extension url="http://hl7.org/fhir/tools/StructureDefinition/resource-information">
        <valueString value="NamingSystem"/>
      </extension>
      <reference>
        <reference value="NamingSystem/be-ns-uhmep"/>
      </reference>
      <description value="UHMEP naming system"/>
    </resource>
    <resource>
      <extension url="http://hl7.org/fhir/tools/StructureDefinition/resource-information">
        <valueString value="CodeSystem"/>
      </extension>
      <reference>
        <reference value="CodeSystem/be-cs-nursing-code-compressiontherapy"/>
      </reference>
      <name value="BeNursingCodeCompressiontherapy"/>
      <description value="Nursing codes in Belgium. To define details in nursing activities for compression therapy. Initially defined as supporting CodeSystem for the referral prescription."/>
    </resource>
    <resource>
      <extension url="http://hl7.org/fhir/tools/StructureDefinition/resource-information">
        <valueString value="CodeSystem"/>
      </extension>
      <reference>
        <reference value="CodeSystem/be-nursing-medication-perfusion"/>
      </reference>
      <name value="BeNursingMedicationPerfusion"/>
      <description value="Nursing codes in Belgium. To define details in nursing activities for the medication perfusion category. Initially defined as supporting CodeSystem for the referral prescription."/>
    </resource>
    <resource>
      <extension url="http://hl7.org/fhir/tools/StructureDefinition/resource-information">
        <valueString value="CodeSystem"/>
      </extension>
      <reference>
        <reference value="CodeSystem/be-nursing-medication-injection"/>
      </reference>
      <name value="BeNursingMedicationInjection"/>
      <description value="Nursing codes in Belgium. To define details in nursing activities for the medication injection category. Initially defined as supporting CodeSystem for the referral prescription."/>
    </resource>
    <resource>
      <extension url="http://hl7.org/fhir/tools/StructureDefinition/resource-information">
        <valueString value="ValueSet"/>
      </extension>
      <reference>
        <reference value="ValueSet/be-vs-type-of-non-reimbursable-nursing"/>
      </reference>
      <description value="Codes to define a type of non reimbursable nursing category."/>
    </resource>
    <resource>
      <extension url="http://hl7.org/fhir/tools/StructureDefinition/resource-information">
        <valueString value="ValueSet"/>
      </extension>
      <reference>
        <reference value="ValueSet/be-vs-nursing-medication-perfusion"/>
      </reference>
      <description value="Codes to define a type of nursing medication perfusion."/>
    </resource>
    <resource>
      <extension url="http://hl7.org/fhir/tools/StructureDefinition/resource-information">
        <valueString value="CodeSystem"/>
      </extension>
      <reference>
        <reference value="CodeSystem/be-cs-nursing-code"/>
      </reference>
      <name value="BeNursingCode"/>
      <description value="Nursing codes in Belgium. To define a high level in nursing activities. Initially defined as supporting CodeSystem for the referral prescription."/>
    </resource>
    <resource>
      <extension url="http://hl7.org/fhir/tools/StructureDefinition/resource-information">
        <valueString value="ValueSet"/>
      </extension>
      <reference>
        <reference value="ValueSet/be-vs-nursing-medication-other"/>
      </reference>
      <description value="Codes to define a type of nursing medication other."/>
    </resource>
    <resource>
      <extension url="http://hl7.org/fhir/tools/StructureDefinition/resource-information">
        <valueString value="ValueSet"/>
      </extension>
      <reference>
        <reference value="ValueSet/be-vs-referral-category"/>
      </reference>
      <description value="Codes to define the high level category for a referral prescription. SNOMED-CT codes in this valueset are just a draft proposal to give a general idea - pending an official valueset."/>
    </resource>
    <resource>
      <extension url="http://hl7.org/fhir/tools/StructureDefinition/resource-information">
        <valueString value="CodeSystem"/>
      </extension>
      <reference>
        <reference value="CodeSystem/codesystem-be-type-of-bladder-care"/>
      </reference>
      <name value="BeBladderCareType"/>
      <description value="Nursing codes in Belgium. To define details in nursing activities for the bladder care category. Initially defined as supporting CodeSystem for the referral prescription."/>
    </resource>
    <page>
      <nameUrl value="toc.html"/>
      <title value="Table of Contents"/>
      <generation value="html"/>
      <page>
        <nameUrl value="index.html"/>
        <title value="Be Referral Prescription IG Home Page"/>
        <generation value="html"/>
      </page>
      <page>
        <nameUrl value="guidance.html"/>
        <title value="Guidance"/>
        <generation value="html"/>
      </page>
    </page>
    <parameter>
      <code value="path-resource"/>
      <value value="input/capabilities"/>
    </parameter>
    <parameter>
      <code value="path-resource"/>
      <value value="input/examples"/>
    </parameter>
    <parameter>
      <code value="path-resource"/>
      <value value="input/extensions"/>
    </parameter>
    <parameter>
      <code value="path-resource"/>
      <value value="input/models"/>
    </parameter>
    <parameter>
      <code value="path-resource"/>
      <value value="input/operations"/>
    </parameter>
    <parameter>
      <code value="path-resource"/>
      <value value="input/profiles"/>
    </parameter>
    <parameter>
      <code value="path-resource"/>
      <value value="input/resources"/>
    </parameter>
    <parameter>
      <code value="path-resource"/>
      <value value="input/vocabulary"/>
    </parameter>
    <parameter>
      <code value="path-pages"/>
      <value value="template/config"/>
    </parameter>
    <parameter>
      <code value="path-pages"/>
      <value value="input/images"/>
    </parameter>
    <parameter>
      <code value="path-tx-cache"/>
      <value value="input-cache/txcache"/>
    </parameter>
  </definition>
</ImplementationGuide>