{
  "resourceType": "MedicationRequest",
  "id": "example10-referralprescription-nursing-medication",
  "meta": {
    "profile": [
      "https://www.ehealth.fgov.be/standards/fhir/referral/StructureDefinition/be-referralprescription-nursing-gen-medication"
    ]
  },
  "text": {
    "status": "extensions",
    "div": "<div xmlns=\"http://www.w3.org/1999/xhtml\"><p><b>Generated Narrative</b></p><div style=\"display: inline-block; background-color: #d9e0e7; padding: 6px; margin: 4px; border: 1px solid #8da1b4; border-radius: 5px; line-height: 60%\"><p style=\"margin-bottom: 0px\">Resource \"example10-referralprescription-nursing-medication\" </p><p style=\"margin-bottom: 0px\">Profile: <a href=\"StructureDefinition-be-referralprescription-nursing-gen-medication.html\">BeReferralPrescriptionNursingGenMedication</a></p></div><p><b>BeValidityPeriod</b>: 2022-10-12 --&gt; (ongoing)</p><p><b>BePerformerReference</b>: <a href=\"PractitionerRole-practitionerrole1.html\">PractitionerRole/practitionerrole1</a></p><p><b>identifier</b>: id: UHMEPVALUE</p><p><b>status</b>: active</p><p><b>statusReason</b>: Refused <span style=\"background: LightGoldenRodYellow; margin: 4px; border: 1px solid khaki\"> (<a href=\"http://terminology.hl7.org/3.1.0/CodeSystem-v3-ActReason.html\">ActReason</a>#PATOBJ)</span></p><p><b>intent</b>: order</p><p><b>category</b>: vaginal <span style=\"background: LightGoldenRodYellow; margin: 4px; border: 1px solid khaki\"> (be-nursing-medication-category#vaginal)</span></p><p><b>priority</b>: routine</p><p><b>medication</b>: Vagifem vag. tabl. 18 x 10 µg <span style=\"background: LightGoldenRodYellow; margin: 4px; border: 1px solid khaki\"> (be-ns-cnk-codes#2966893)</span></p><p><b>subject</b>: <a href=\"Patient-patient1.html\">Patient/patient1</a> \" DOE\"</p><p><b>requester</b>: <a href=\"Practitioner-practitioner1.html\">Practitioner/practitioner1</a> \" MCCOY\"</p><p><b>note</b>: vagifem vaginaal inbrengen</p></div>"
  },
  "extension": [
    {
      "url": "https://www.ehealth.fgov.be/standards/fhir/referral/StructureDefinition/be-ext-validity-period",
      "valuePeriod": {
        "start": "2022-10-12"
      }
    },
    {
      "url": "https://www.ehealth.fgov.be/standards/fhir/referral/StructureDefinition/be-ext-performer-reference",
      "valueReference": {
        "reference": "PractitionerRole/practitionerrole1"
      }
    }
  ],
  "identifier": [
    {
      "system": "https://www.ehealth.fgov.be/standards/fhir/referral/NamingSystem/uhmep",
      "value": "UHMEPVALUE"
    }
  ],
  "status": "active",
  "statusReason": {
    "coding": [
      {
        "system": "http://terminology.hl7.org/CodeSystem/v3-ActReason",
        "code": "PATOBJ",
        "display": "Refused"
      }
    ]
  },
  "intent": "order",
  "category": [
    {
      "coding": [
        {
          "system": "https://www.ehealth.fgov.be/standards/fhir/referral/CodeSystem/be-nursing-medication-category",
          "code": "vaginal"
        }
      ],
      "text": "vaginal"
    }
  ],
  "priority": "routine",
  "medicationCodeableConcept": {
    "coding": [
      {
        "system": "https://www.ehealth.fgov.be/standards/fhir/medication/NamingSystem/be-ns-cnk-codes",
        "code": "2966893",
        "display": "Vagifem vag. tabl. 18 x 10 µg"
      }
    ]
  },
  "subject": {
    "reference": "Patient/patient1"
  },
  "requester": {
    "reference": "Practitioner/practitioner1"
  },
  "note": [
    {
      "text": "vagifem vaginaal inbrengen"
    }
  ],
  "dosageInstruction": [
    {
      "text": "Frequency: 6 months - 1 X every 3 weeks",
      "timing": {
        "repeat": {
          "boundsPeriod": {
            "start": "2021-06-30",
            "end": "2021-12-31"
          },
          "frequency": 1,
          "period": 1,
          "periodUnit": "d"
        }
      }
    }
  ]
}