{
  "resourceType": "Practitioner",
  "id": "Performer1",
  "meta": {
    "profile": [
      "https://www.ehealth.fgov.be/standards/fhir/core/StructureDefinition/be-practitioner"
    ]
  },
  "text": {
    "status": "generated",
    "div": "<div xmlns=\"http://www.w3.org/1999/xhtml\"><p><b>Generated Narrative</b></p><div style=\"display: inline-block; background-color: #d9e0e7; padding: 6px; margin: 4px; border: 1px solid #8da1b4; border-radius: 5px; line-height: 60%\"><p style=\"margin-bottom: 0px\">Resource \"Performer1\" </p><p style=\"margin-bottom: 0px\">Profile: <a href=\"https://www.ehealth.fgov.be/standards/fhir/core/2.0.0/StructureDefinition-be-practitioner.html\">Practitioner core BE profile</a></p></div><p><b>identifier</b>: id: 9876543210 (OFFICIAL)</p><p><b>name</b>: Hermans Lisa (OFFICIAL)</p></div>"
  },
  "identifier": [
    {
      "use": "official",
      "system": "https://www.ehealth.fgov.be/standards/fhir/core/NamingSystem/nihdi",
      "value": "9876543210"
    }
  ],
  "name": [
    {
      "use": "official",
      "family": "Lisa",
      "given": [
        "Hermans"
      ]
    }
  ]
}