<?xml version="1.0" encoding="UTF-8"?>

<RequestGroup xmlns="http://hl7.org/fhir">
  <id value="uc2a"/>
  <meta>
    <profile value="https://www.ehealth.fgov.be/standards/fhir/referral/StructureDefinition/be-referralprescription-request-group"/>
  </meta>
  <text>
    <status value="generated"/><div xmlns="http://www.w3.org/1999/xhtml"><p><b>Generated Narrative: RequestGroup</b><a name="uc2a"> </a></p><div style="display: inline-block; background-color: #d9e0e7; padding: 6px; margin: 4px; border: 1px solid #8da1b4; border-radius: 5px; line-height: 60%"><p style="margin-bottom: 0px">Resource RequestGroup &quot;uc2a&quot; </p><p style="margin-bottom: 0px">Profile: <a href="StructureDefinition-be-referralprescription-request-group.html">BeReferralPrescriptionRequestGroup</a></p></div><p><b>identifier</b>: id: 5752e55e-9d8a-11ed-a8fc-0242ac120002</p><p><b>status</b>: draft</p><p><b>intent</b>: order</p><blockquote><p><b>action</b></p><blockquote><p><b>id</b></p>uc2a-1</blockquote><p><b>resource</b>: <a href="ServiceRequest-uc2a-1.html">ServiceRequest/uc2a-1</a></p></blockquote><blockquote><p><b>action</b></p><blockquote><p><b>id</b></p>uc2a-2</blockquote><h3>RelatedActions</h3><table class="grid"><tr><td>-</td><td><b>ActionId</b></td><td><b>Relationship</b></td></tr><tr><td>*</td><td>uc2a-1</td><td>after-end</td></tr></table><p><b>resource</b>: <a href="ServiceRequest-uc2a-2.html">ServiceRequest/uc2a-2</a></p></blockquote><blockquote><p><b>action</b></p><blockquote><p><b>id</b></p>uc2a-3</blockquote><h3>RelatedActions</h3><table class="grid"><tr><td>-</td><td><b>ActionId</b></td><td><b>Relationship</b></td></tr><tr><td>*</td><td>uc2a-2</td><td>after-end</td></tr></table><p><b>resource</b>: <a href="ServiceRequest-uc2a-3.html">ServiceRequest/uc2a-3</a></p></blockquote></div>
  </text>
  <identifier>
    <system value="https://www.ehealth.fgov.be/standards/fhir/referral/NamingSystem/uhmep"/>
    <value value="5752e55e-9d8a-11ed-a8fc-0242ac120002"/>
  </identifier>
  <status value="draft"/>
  <intent value="order"/>
  <action id="uc2a-1">
    <resource>
      <reference value="ServiceRequest/uc2a-1"/>
    </resource>
  </action>
  <action id="uc2a-2">
    <relatedAction>
      <actionId value="uc2a-1"/>
      <relationship value="after-end"/>
    </relatedAction>
    <resource>
      <reference value="ServiceRequest/uc2a-2"/>
    </resource>
  </action>
  <action id="uc2a-3">
    <relatedAction>
      <actionId value="uc2a-2"/>
      <relationship value="after-end"/>
    </relatedAction>
    <resource>
      <reference value="ServiceRequest/uc2a-3"/>
    </resource>
  </action>
</RequestGroup>