{
  "resourceType" : "ServiceRequest",
  "id" : "example24-referralprescription-nursing-non-reimbursable",
  "meta" : {
    "profile" : ["https://www.ehealth.fgov.be/standards/fhir/referral/StructureDefinition/be-referralprescription-nursing"]
  },
  "text" : {
    "status" : "extensions",
    "div" : "<div xmlns=\"http://www.w3.org/1999/xhtml\"><p><b>Generated Narrative: ServiceRequest</b><a name=\"example24-referralprescription-nursing-non-reimbursable\"> </a></p><div style=\"display: inline-block; background-color: #d9e0e7; padding: 6px; margin: 4px; border: 1px solid #8da1b4; border-radius: 5px; line-height: 60%\"><p style=\"margin-bottom: 0px\">Resource ServiceRequest &quot;example24-referralprescription-nursing-non-reimbursable&quot; </p><p style=\"margin-bottom: 0px\">Profile: <a href=\"StructureDefinition-be-referralprescription-nursing.html\">BeReferralPrescriptionNursing</a></p></div><p><b>BeFeedbackToPrescriber</b>: true</p><p><b>BeValidityPeriod</b>: 2022-04-19 --&gt; 2023-04-19</p><p><b>Reason for current status</b>: In Progress <span style=\"background: LightGoldenRodYellow; margin: 4px; border: 1px solid khaki\"> (<a href=\"CodeSystem-be-prescription-status-reason.html\">BePrescriptionStatusReason</a>#inProgress)</span></p><p><b>status</b>: active</p><p><b>intent</b>: order</p><p><b>category</b>: Nursing procedure <span style=\"background: LightGoldenRodYellow; margin: 4px; border: 1px solid khaki\"> (<a href=\"https://browser.ihtsdotools.org/\">SNOMED CT[BE]</a>#9632001)</span></p><p><b>priority</b>: routine</p><p><b>code</b>: Monitoring of patient <span style=\"background: LightGoldenRodYellow; margin: 4px; border: 1px solid khaki\"> (<a href=\"https://browser.ihtsdotools.org/\">SNOMED CT[BE]</a>#182777000)</span></p><p><b>subject</b>: <a name=\"patient1\"> </a></p><blockquote><p/><p><a name=\"patient1\"> </a></p><p><b>identifier</b>: id:\u00a09999999999\u00a0(use:\u00a0OFFICIAL)</p><p><b>name</b>: Jane Doe </p><p><b>gender</b>: female</p><p><b>birthDate</b>: 1956-05-27</p></blockquote><p><b>occurrence</b>: Starting 2021-02-25, Once per 1 weeks, Until 2021-12-31</p><p><b>authoredOn</b>: 2022-10-31</p><p><b>requester</b>: <a name=\"practitioner1\"> </a></p><blockquote><p/><p><a name=\"practitioner1\"> </a></p><p><b>identifier</b>: id:\u00a08888888888\u00a0(use:\u00a0OFFICIAL)</p><p><b>name</b>: Leonard McCoy (OFFICIAL), Bones (NICKNAME)</p></blockquote><p><b>performer</b>: <a name=\"practitionerrole1\"> </a></p><blockquote><p/><p><a name=\"practitionerrole1\"> </a></p><p><b>identifier</b>: id:\u00a023</p><p><b>active</b>: true</p><p><b>period</b>: 2019-08-01 00:00:00+0000 --&gt; 2019-12-01 00:00:00+0000</p><p><b>practitioner</b>: <a href=\"Practitioner-Performer1.html\">Practitioner/Performer1: Dr Katherine Pulaski</a> &quot; LISA&quot;</p><p><b>code</b>: physician <span style=\"background: LightGoldenRodYellow; margin: 4px; border: 1px solid khaki\"> (<a href=\"https://build.fhir.org/ig/hl7-be/core//CodeSystem-cd-hcparty.html\">BeCdHcParty</a>#persphysician)</span></p><p><b>specialty</b>: Family practice <span style=\"background: LightGoldenRodYellow; margin: 4px; border: 1px solid khaki\"> (<a href=\"https://browser.ihtsdotools.org/\">SNOMED CT[BE]</a>#419772000)</span></p><blockquote><p><b>availableTime</b></p><p><b>daysOfWeek</b>: mon, tue, wed</p><p><b>availableStartTime</b>: 09:00:00</p><p><b>availableEndTime</b>: 16:30:00</p></blockquote><blockquote><p><b>availableTime</b></p><p><b>daysOfWeek</b>: thu, fri</p><p><b>availableStartTime</b>: 09:00:00</p><p><b>availableEndTime</b>: 12:00:00</p></blockquote><h3>NotAvailables</h3><table class=\"grid\"><tr><td>-</td><td><b>Description</b></td><td><b>During</b></td></tr><tr><td>*</td><td>Katherine will be on extended leave during August 2020</td><td>2020-08-01 00:00:00+0000 --&gt; 2020-08-20 00:00:00+0000</td></tr></table><p><b>availabilityExceptions</b>: Katherine is generally unavailable on public holidays and during the Christmas/New Year break</p></blockquote><p><b>reasonCode</b>: Cold foot <span style=\"background: LightGoldenRodYellow; margin: 4px; border: 1px solid khaki\"> (<a href=\"https://browser.ihtsdotools.org/\">SNOMED CT[BE]</a>#309256001)</span></p><p><b>note</b>: Frequency: 1x per week, startdatum 25/02/2021, einddatum 31/12/2021</p><hr/><blockquote><p style=\"border: 1px #661aff solid; background-color: #e6e6ff; padding: 10px;\"><b>Jane Doe </b> female, DoB: 1956-05-27 ( id:\u00a09999999999\u00a0(use:\u00a0OFFICIAL))</p><hr/></blockquote><hr/><blockquote><p><b>Generated Narrative: Practitioner #practitioner1</b><a name=\"practitioner1\"> </a></p><p><b>identifier</b>: id:\u00a08888888888\u00a0(use:\u00a0OFFICIAL)</p><p><b>name</b>: Leonard McCoy (OFFICIAL), Bones (NICKNAME)</p></blockquote><hr/><blockquote><p><b>Generated Narrative: PractitionerRole #practitionerrole1</b><a name=\"practitionerrole1\"> </a></p><p><b>identifier</b>: id:\u00a023</p><p><b>active</b>: true</p><p><b>period</b>: 2019-08-01 00:00:00+0000 --&gt; 2019-12-01 00:00:00+0000</p><p><b>practitioner</b>: <a href=\"Practitioner-Performer1.html\">Practitioner/Performer1: Dr Katherine Pulaski</a> &quot; LISA&quot;</p><p><b>code</b>: physician <span style=\"background: LightGoldenRodYellow; margin: 4px; border: 1px solid khaki\"> (<a href=\"https://build.fhir.org/ig/hl7-be/core//CodeSystem-cd-hcparty.html\">BeCdHcParty</a>#persphysician)</span></p><p><b>specialty</b>: Family practice <span style=\"background: LightGoldenRodYellow; margin: 4px; border: 1px solid khaki\"> (<a href=\"https://browser.ihtsdotools.org/\">SNOMED CT[BE]</a>#419772000)</span></p><blockquote><p><b>availableTime</b></p><p><b>daysOfWeek</b>: mon, tue, wed</p><p><b>availableStartTime</b>: 09:00:00</p><p><b>availableEndTime</b>: 16:30:00</p></blockquote><blockquote><p><b>availableTime</b></p><p><b>daysOfWeek</b>: thu, fri</p><p><b>availableStartTime</b>: 09:00:00</p><p><b>availableEndTime</b>: 12:00:00</p></blockquote><h3>NotAvailables</h3><table class=\"grid\"><tr><td>-</td><td><b>Description</b></td><td><b>During</b></td></tr><tr><td>*</td><td>Katherine will be on extended leave during August 2020</td><td>2020-08-01 00:00:00+0000 --&gt; 2020-08-20 00:00:00+0000</td></tr></table><p><b>availabilityExceptions</b>: Katherine is generally unavailable on public holidays and during the Christmas/New Year break</p></blockquote></div>"
  },
  "contained" : [{
    "resourceType" : "Patient",
    "id" : "patient1",
    "meta" : {
      "profile" : ["https://www.ehealth.fgov.be/standards/fhir/core/StructureDefinition/be-patient"]
    },
    "identifier" : [{
      "use" : "official",
      "system" : "https://www.ehealth.fgov.be/standards/fhir/core/NamingSystem/ssin",
      "value" : "9999999999"
    }],
    "name" : [{
      "family" : "Doe",
      "given" : ["Jane"]
    }],
    "gender" : "female",
    "birthDate" : "1956-05-27"
  },
  {
    "resourceType" : "Practitioner",
    "id" : "practitioner1",
    "meta" : {
      "profile" : ["https://www.ehealth.fgov.be/standards/fhir/core/StructureDefinition/be-practitioner"]
    },
    "identifier" : [{
      "use" : "official",
      "system" : "https://www.ehealth.fgov.be/standards/fhir/core/NamingSystem/nihdi",
      "value" : "8888888888"
    }],
    "name" : [{
      "use" : "official",
      "family" : "McCoy",
      "given" : ["Leonard"]
    },
    {
      "use" : "nickname",
      "given" : ["Bones"]
    }]
  },
  {
    "resourceType" : "PractitionerRole",
    "id" : "practitionerrole1",
    "meta" : {
      "profile" : ["https://www.ehealth.fgov.be/standards/fhir/core/StructureDefinition/be-practitionerrole"]
    },
    "identifier" : [{
      "system" : "http://www.acme.org/practitioners",
      "value" : "23"
    }],
    "active" : true,
    "period" : {
      "start" : "2019-08-01T00:00:00.000Z",
      "end" : "2019-12-01T00:00:00.000Z"
    },
    "practitioner" : {
      "reference" : "Practitioner/Performer1",
      "display" : "Dr Katherine Pulaski"
    },
    "code" : [{
      "coding" : [{
        "system" : "https://www.ehealth.fgov.be/standards/fhir/core/CodeSystem/cd-hcparty",
        "code" : "persphysician",
        "display" : "physician"
      }]
    }],
    "specialty" : [{
      "coding" : [{
        "system" : "http://snomed.info/sct",
        "version" : "http://snomed.info/sct/11000172109",
        "code" : "419772000",
        "display" : "Family practice"
      }]
    }],
    "availableTime" : [{
      "daysOfWeek" : ["mon",
      "tue",
      "wed"],
      "availableStartTime" : "09:00:00",
      "availableEndTime" : "16:30:00"
    },
    {
      "daysOfWeek" : ["thu",
      "fri"],
      "availableStartTime" : "09:00:00",
      "availableEndTime" : "12:00:00"
    }],
    "notAvailable" : [{
      "description" : "Katherine will be on extended leave during August 2020",
      "during" : {
        "start" : "2020-08-01T00:00:00.000Z",
        "end" : "2020-08-20T00:00:00.000Z"
      }
    }],
    "availabilityExceptions" : "Katherine is generally unavailable on public holidays and during the Christmas/New Year break"
  }],
  "extension" : [{
    "url" : "https://www.ehealth.fgov.be/standards/fhir/referral/StructureDefinition/be-ext-feedback-to-prescriber",
    "valueBoolean" : true
  },
  {
    "url" : "https://www.ehealth.fgov.be/standards/fhir/referral/StructureDefinition/be-ext-validity-period",
    "valuePeriod" : {
      "start" : "2022-04-19",
      "end" : "2023-04-19"
    }
  },
  {
    "url" : "http://hl7.org/fhir/StructureDefinition/request-statusReason",
    "valueCodeableConcept" : {
      "coding" : [{
        "system" : "https://www.ehealth.fgov.be/standards/fhir/referral/CodeSystem/be-prescription-status-reason",
        "code" : "inProgress",
        "display" : "In Progress"
      }]
    }
  }],
  "status" : "active",
  "intent" : "order",
  "category" : [{
    "coding" : [{
      "system" : "http://snomed.info/sct",
      "version" : "http://snomed.info/sct/11000172109",
      "code" : "9632001"
    }],
    "text" : "Nursing procedure"
  }],
  "priority" : "routine",
  "code" : {
    "coding" : [{
      "system" : "http://snomed.info/sct",
      "version" : "http://snomed.info/sct/11000172109",
      "code" : "182777000"
    }]
  },
  "subject" : {
    "reference" : "#patient1"
  },
  "occurrenceTiming" : {
    "repeat" : {
      "boundsPeriod" : {
        "start" : "2021-02-25",
        "end" : "2021-12-31"
      },
      "frequency" : 1,
      "period" : 1,
      "periodUnit" : "wk"
    }
  },
  "authoredOn" : "2022-10-31",
  "requester" : {
    "reference" : "#practitioner1"
  },
  "performer" : [{
    "reference" : "#practitionerrole1"
  }],
  "reasonCode" : [{
    "coding" : [{
      "system" : "http://snomed.info/sct",
      "version" : "http://snomed.info/sct/11000172109",
      "code" : "309256001"
    }]
  }],
  "note" : [{
    "text" : "Frequency: 1x per week, startdatum 25/02/2021, einddatum 31/12/2021"
  }]
}