{
  "resourceType" : "ServiceRequest",
  "id" : "referralprescription-nursing-example3-compression-therapy",
  "meta" : {
    "profile" : ["https://www.ehealth.fgov.be/standards/fhir/referral/StructureDefinition/be-referral-servicerequest-nursing"]
  },
  "text" : {
    "status" : "extensions",
    "div" : "<div xmlns=\"http://www.w3.org/1999/xhtml\"><p class=\"res-header-id\"><b>Generated Narrative: ServiceRequest referralprescription-nursing-example3-compression-therapy</b></p><a name=\"referralprescription-nursing-example3-compression-therapy\"> </a><a name=\"hcreferralprescription-nursing-example3-compression-therapy\"> </a><a name=\"referralprescription-nursing-example3-compression-therapy-en-US\"> </a><p><b>BeValidityPeriod</b>: 2020-01-01 --&gt; 2021-01-01</p><p><b>BePerformerType</b>: <span title=\"Codes:{https://www.ehealth.fgov.be/standards/fhir/core/CodeSystem/cd-hcparty persnurse}\">nurse</span></p><p><b>status</b>: Active</p><p><b>intent</b>: Order</p><p><b>category</b>: <span title=\"Codes:{http://snomed.info/sct 9632001}\">Nursing procedure</span></p><p><b>priority</b>: Routine</p><p><b>code</b>: <span title=\"Codes:{http://snomed.info/sct 413899004}\">Compression bandaging</span></p><p><b>subject</b>: Identifier: <a href=\"https://build.fhir.org/ig/hl7-be/core/NamingSystem-be-ssin.html\" title=\"NISS/INSZ\">BeSSINNamingSystem</a>/99999999999</p><p><b>occurrence</b>: 2 per1 days</p><p><b>authoredOn</b>: 2022-01-01 00:00:00+0100</p><p><b>requester</b>: <a href=\"PractitionerRole-DOCTOR-10829059004.html\">PractitionerRole physician</a></p><p><b>reasonCode</b>: <span title=\"Codes:\">reason</span></p><p><b>note</b>: Extra info: Rosidal zwachtels → aan- en uitdoen / both underlegs</p></div>"
  },
  "extension" : [{
    "url" : "https://www.ehealth.fgov.be/standards/fhir/referral/StructureDefinition/be-ext-validity-period",
    "valuePeriod" : {
      "start" : "2020-01-01",
      "end" : "2021-01-01"
    }
  },
  {
    "url" : "https://www.ehealth.fgov.be/standards/fhir/referral/StructureDefinition/be-ext-performer-type",
    "valueCodeableConcept" : {
      "coding" : [{
        "system" : "https://www.ehealth.fgov.be/standards/fhir/core/CodeSystem/cd-hcparty",
        "code" : "persnurse"
      }]
    }
  }],
  "status" : "active",
  "intent" : "order",
  "category" : [{
    "coding" : [{
      "system" : "http://snomed.info/sct",
      "version" : "http://snomed.info/sct/11000172109",
      "code" : "9632001"
    }],
    "text" : "Nursing procedure"
  }],
  "priority" : "routine",
  "code" : {
    "coding" : [{
      "system" : "http://snomed.info/sct",
      "version" : "http://snomed.info/sct/11000172109",
      "code" : "413899004"
    }]
  },
  "subject" : {
    "identifier" : {
      "system" : "https://www.ehealth.fgov.be/standards/fhir/core/NamingSystem/ssin",
      "value" : "99999999999"
    }
  },
  "occurrenceTiming" : {
    "repeat" : {
      "boundsDuration" : {
        "value" : 2,
        "unit" : "month",
        "system" : "http://unitsofmeasure.org",
        "code" : "mo"
      },
      "frequency" : 2,
      "period" : 1,
      "periodUnit" : "d"
    }
  },
  "authoredOn" : "2022-01-01T00:00:00+01:00",
  "requester" : {
    "reference" : "PractitionerRole/DOCTOR-10829059004"
  },
  "reasonCode" : [{
    "text" : "reason"
  }],
  "note" : [{
    "text" : "Extra info: Rosidal zwachtels → aan- en uitdoen / both underlegs"
  }]
}