{
  "resourceType" : "ServiceRequest",
  "id" : "ucgh241p15-1-2",
  "text" : {
    "status" : "generated",
    "div" : "<div xmlns=\"http://www.w3.org/1999/xhtml\"><p><b>Generated Narrative: ServiceRequest</b><a name=\"ucgh241p15-1-2\"> </a></p><div style=\"display: inline-block; background-color: #d9e0e7; padding: 6px; margin: 4px; border: 1px solid #8da1b4; border-radius: 5px; line-height: 60%\"><p style=\"margin-bottom: 0px\">Resource ServiceRequest &quot;ucgh241p15-1-2&quot; </p></div><p><b>basedOn</b>: <a href=\"ServiceRequest-ucgh241p15-1.html\">ServiceRequest/ucgh241p15-1</a></p><p><b>status</b>: draft</p><p><b>intent</b>: order</p><p><b>code</b>: Preparing medication_not reimbursed <span style=\"background: LightGoldenRodYellow; margin: 4px; border: 1px solid khaki\"> (<a href=\"CodeSystem-be-cs-temp-requested-service.html\">BeTempRequestedService</a>#tmp-prep-rsed-5)</span></p><p><b>subject</b>: <span>id:\u00a038012699993</span></p></div>"
  },
  "basedOn" : [{
    "reference" : "ServiceRequest/ucgh241p15-1"
  }],
  "status" : "draft",
  "intent" : "order",
  "code" : {
    "coding" : [{
      "system" : "https://www.ehealth.fgov.be/standards/fhir/referral/CodeSystem/be-cs-temp-requested-service",
      "code" : "tmp-prep-rsed-5"
    }]
  },
  "subject" : {
    "identifier" : {
      "system" : "https://www.ehealth.fgov.be/standards/fhir/core/NamingSystem/ssin",
      "value" : "38012699993"
    }
  }
}