<?xml version="1.0" encoding="UTF-8"?>

<ServiceRequest xmlns="http://hl7.org/fhir">
  <id value="example12-referralprescription-nursing-annex81"/>
  <meta>
    <profile value="https://www.ehealth.fgov.be/standards/fhir/referral/StructureDefinition/be-referralprescription-nursing"/>
  </meta>
  <text>
    <status value="extensions"/><div xmlns="http://www.w3.org/1999/xhtml"><p><b>Generated Narrative: ServiceRequest</b><a name="example12-referralprescription-nursing-annex81"> </a></p><div style="display: inline-block; background-color: #d9e0e7; padding: 6px; margin: 4px; border: 1px solid #8da1b4; border-radius: 5px; line-height: 60%"><p style="margin-bottom: 0px">Resource ServiceRequest &quot;example12-referralprescription-nursing-annex81&quot; </p><p style="margin-bottom: 0px">Profile: <a href="StructureDefinition-be-referralprescription-nursing.html">BeReferralPrescriptionNursing</a></p></div><p><b>BeFeedbackToPrescriber</b>: true</p><p><b>BeValidityPeriod</b>: 2022-04-19 --&gt; 2023-04-19</p><p><b>Reason for current status</b>: In Progress <span style="background: LightGoldenRodYellow; margin: 4px; border: 1px solid khaki"> (<a href="CodeSystem-be-prescription-status-reason.html">BePrescriptionStatusReason</a>#inProgress)</span></p><p><b>status</b>: active</p><p><b>intent</b>: order</p><p><b>category</b>: Nursing procedure <span style="background: LightGoldenRodYellow; margin: 4px; border: 1px solid khaki"> (<a href="https://browser.ihtsdotools.org/">SNOMED CT[BE]</a>#9632001)</span></p><p><b>priority</b>: routine</p><p><b>code</b>: Medication prefill preparation (procedure) <span style="background: LightGoldenRodYellow; margin: 4px; border: 1px solid khaki"> (<a href="https://browser.ihtsdotools.org/">SNOMED CT[BE]</a>#385796006)</span></p><p><b>orderDetail</b>: confused <span style="background: LightGoldenRodYellow; margin: 4px; border: 1px solid khaki"> (be-nursing-annex81-inadequate-adherence#confused)</span>, dementia <span style="background: LightGoldenRodYellow; margin: 4px; border: 1px solid khaki"> (be-nursing-annex81-inadequate-adherence-link#dementia)</span></p><p><b>subject</b>: <a name="patient1"> </a></p><blockquote><p/><p><a name="patient1"> </a></p><p><b>identifier</b>: id: 9999999999 (use: OFFICIAL)</p><p><b>name</b>: Jane Doe </p><p><b>gender</b>: female</p><p><b>birthDate</b>: 1956-05-27</p></blockquote><p><b>occurrence</b>: Starting 2021-07-02, Once per 1 days, Until 2022-06-30</p><p><b>authoredOn</b>: 2022-10-31</p><p><b>requester</b>: <a name="requesterrole1"> </a></p><blockquote><p/><p><a name="requesterrole1"> </a></p><p><b>practitioner</b>: <a href="Practitioner-Requester1.html">Practitioner/Requester1</a> &quot; MCCOY&quot;</p><p><b>code</b>: physician <span style="background: LightGoldenRodYellow; margin: 4px; border: 1px solid khaki"> (<a href="https://build.fhir.org/ig/hl7-be/core//CodeSystem-cd-hcparty.html">BeCdHcParty</a>#persphysician)</span></p></blockquote><p><b>performer</b>: <a name="practitionerrole1"> </a></p><blockquote><p/><p><a name="practitionerrole1"> </a></p><p><b>identifier</b>: id: 23</p><p><b>active</b>: true</p><p><b>period</b>: 2019-08-01 00:00:00+0000 --&gt; 2019-12-01 00:00:00+0000</p><p><b>practitioner</b>: <a href="Practitioner-Performer1.html">Practitioner/Performer1: Dr Katherine Pulaski</a> &quot; LISA&quot;</p><p><b>code</b>: physician <span style="background: LightGoldenRodYellow; margin: 4px; border: 1px solid khaki"> (<a href="https://build.fhir.org/ig/hl7-be/core//CodeSystem-cd-hcparty.html">BeCdHcParty</a>#persphysician)</span></p><p><b>specialty</b>: Family practice <span style="background: LightGoldenRodYellow; margin: 4px; border: 1px solid khaki"> (<a href="https://browser.ihtsdotools.org/">SNOMED CT[BE]</a>#419772000)</span></p><blockquote><p><b>availableTime</b></p><p><b>daysOfWeek</b>: mon, tue, wed</p><p><b>availableStartTime</b>: 09:00:00</p><p><b>availableEndTime</b>: 16:30:00</p></blockquote><blockquote><p><b>availableTime</b></p><p><b>daysOfWeek</b>: thu, fri</p><p><b>availableStartTime</b>: 09:00:00</p><p><b>availableEndTime</b>: 12:00:00</p></blockquote><h3>NotAvailables</h3><table class="grid"><tr><td>-</td><td><b>Description</b></td><td><b>During</b></td></tr><tr><td>*</td><td>Katherine will be on extended leave during August 2020</td><td>2020-08-01 00:00:00+0000 --&gt; 2020-08-20 00:00:00+0000</td></tr></table><p><b>availabilityExceptions</b>: Katherine is generally unavailable on public holidays and during the Christmas/New Year break</p></blockquote><p><b>reasonCode</b>: Cold foot <span style="background: LightGoldenRodYellow; margin: 4px; border: 1px solid khaki"> (<a href="https://browser.ihtsdotools.org/">SNOMED CT[BE]</a>#309256001)</span></p><hr/><blockquote><p style="border: 1px #661aff solid; background-color: #e6e6ff; padding: 10px;"><b>Jane Doe </b> female, DoB: 1956-05-27 ( id: 9999999999 (use: OFFICIAL))</p><hr/></blockquote><hr/><blockquote><p><b>Generated Narrative: PractitionerRole #practitionerrole1</b><a name="practitionerrole1"> </a></p><p><b>identifier</b>: id: 23</p><p><b>active</b>: true</p><p><b>period</b>: 2019-08-01 00:00:00+0000 --&gt; 2019-12-01 00:00:00+0000</p><p><b>practitioner</b>: <a href="Practitioner-Performer1.html">Practitioner/Performer1: Dr Katherine Pulaski</a> &quot; LISA&quot;</p><p><b>code</b>: physician <span style="background: LightGoldenRodYellow; margin: 4px; border: 1px solid khaki"> (<a href="https://build.fhir.org/ig/hl7-be/core//CodeSystem-cd-hcparty.html">BeCdHcParty</a>#persphysician)</span></p><p><b>specialty</b>: Family practice <span style="background: LightGoldenRodYellow; margin: 4px; border: 1px solid khaki"> (<a href="https://browser.ihtsdotools.org/">SNOMED CT[BE]</a>#419772000)</span></p><blockquote><p><b>availableTime</b></p><p><b>daysOfWeek</b>: mon, tue, wed</p><p><b>availableStartTime</b>: 09:00:00</p><p><b>availableEndTime</b>: 16:30:00</p></blockquote><blockquote><p><b>availableTime</b></p><p><b>daysOfWeek</b>: thu, fri</p><p><b>availableStartTime</b>: 09:00:00</p><p><b>availableEndTime</b>: 12:00:00</p></blockquote><h3>NotAvailables</h3><table class="grid"><tr><td>-</td><td><b>Description</b></td><td><b>During</b></td></tr><tr><td>*</td><td>Katherine will be on extended leave during August 2020</td><td>2020-08-01 00:00:00+0000 --&gt; 2020-08-20 00:00:00+0000</td></tr></table><p><b>availabilityExceptions</b>: Katherine is generally unavailable on public holidays and during the Christmas/New Year break</p></blockquote><hr/><blockquote><p><b>Generated Narrative: PractitionerRole #requesterrole1</b><a name="requesterrole1"> </a></p><p><b>practitioner</b>: <a href="Practitioner-Requester1.html">Practitioner/Requester1</a> &quot; MCCOY&quot;</p><p><b>code</b>: physician <span style="background: LightGoldenRodYellow; margin: 4px; border: 1px solid khaki"> (<a href="https://build.fhir.org/ig/hl7-be/core//CodeSystem-cd-hcparty.html">BeCdHcParty</a>#persphysician)</span></p></blockquote></div>
  </text>
  <contained>
    <Patient>
      <id value="patient1"/>
      <meta>
        <profile value="https://www.ehealth.fgov.be/standards/fhir/core/StructureDefinition/be-patient"/>
      </meta>
      <identifier>
        <use value="official"/>
        <system value="https://www.ehealth.fgov.be/standards/fhir/core/NamingSystem/ssin"/>
        <value value="9999999999"/>
      </identifier>
      <name>
        <family value="Doe"/>
        <given value="Jane"/>
      </name>
      <gender value="female"/>
      <birthDate value="1956-05-27"/>
    </Patient>
  </contained>
  <contained>
    <PractitionerRole>
      <id value="practitionerrole1"/>
      <meta>
        <profile value="https://www.ehealth.fgov.be/standards/fhir/core/StructureDefinition/be-practitionerrole"/>
      </meta>
      <identifier>
        <system value="http://www.acme.org/practitioners"/>
        <value value="23"/>
      </identifier>
      <active value="true"/>
      <period>
        <start value="2019-08-01T00:00:00.000Z"/>
        <end value="2019-12-01T00:00:00.000Z"/>
      </period>
      <practitioner>
        <reference value="Practitioner/Performer1"/>
        <display value="Dr Katherine Pulaski"/>
      </practitioner>
      <code>
        <coding>
          <system value="https://www.ehealth.fgov.be/standards/fhir/core/CodeSystem/cd-hcparty"/>
          <code value="persphysician"/>
          <display value="physician"/>
        </coding>
      </code>
      <specialty>
        <coding>
          <system value="http://snomed.info/sct"/>
          <version value="http://snomed.info/sct/11000172109"/>
          <code value="419772000"/>
          <display value="Family practice"/>
        </coding>
      </specialty>
      <availableTime>
        <daysOfWeek value="mon"/>
        <daysOfWeek value="tue"/>
        <daysOfWeek value="wed"/>
        <availableStartTime value="09:00:00"/>
        <availableEndTime value="16:30:00"/>
      </availableTime>
      <availableTime>
        <daysOfWeek value="thu"/>
        <daysOfWeek value="fri"/>
        <availableStartTime value="09:00:00"/>
        <availableEndTime value="12:00:00"/>
      </availableTime>
      <notAvailable>
        <description value="Katherine will be on extended leave during August 2020"/>
        <during>
          <start value="2020-08-01T00:00:00.000Z"/>
          <end value="2020-08-20T00:00:00.000Z"/>
        </during>
      </notAvailable>
      <availabilityExceptions value="Katherine is generally unavailable on public holidays and during the Christmas/New Year break"/>
    </PractitionerRole>
  </contained>
  <contained>
    <PractitionerRole>
      <id value="requesterrole1"/>
      <meta>
        <profile value="https://www.ehealth.fgov.be/standards/fhir/core/StructureDefinition/be-practitionerrole"/>
      </meta>
      <practitioner>
        <reference value="Practitioner/Requester1"/>
      </practitioner>
      <code>
        <coding>
          <system value="https://www.ehealth.fgov.be/standards/fhir/core/CodeSystem/cd-hcparty"/>
          <code value="persphysician"/>
          <display value="physician"/>
        </coding>
      </code>
    </PractitionerRole>
  </contained>
  <extension url="https://www.ehealth.fgov.be/standards/fhir/referral/StructureDefinition/be-ext-feedback-to-prescriber">
    <valueBoolean value="true"/>
  </extension>
  <extension url="https://www.ehealth.fgov.be/standards/fhir/referral/StructureDefinition/be-ext-validity-period">
    <valuePeriod>
      <start value="2022-04-19"/>
      <end value="2023-04-19"/>
    </valuePeriod>
  </extension>
  <extension url="http://hl7.org/fhir/StructureDefinition/request-statusReason">
    <valueCodeableConcept>
      <coding>
        <system value="https://www.ehealth.fgov.be/standards/fhir/referral/CodeSystem/be-prescription-status-reason"/>
        <code value="inProgress"/>
        <display value="In Progress"/>
      </coding>
    </valueCodeableConcept>
  </extension>
  <status value="active"/>
  <intent value="order"/>
  <category>
    <coding>
      <system value="http://snomed.info/sct"/>
      <version value="http://snomed.info/sct/11000172109"/>
      <code value="9632001"/>
    </coding>
    <text value="Nursing procedure"/>
  </category>
  <priority value="routine"/>
  <code>
    <coding>
      <system value="http://snomed.info/sct"/>
      <version value="http://snomed.info/sct/11000172109"/>
      <code value="385796006"/>
    </coding>
  </code>
  <orderDetail>
    <coding>
      <system value="https://www.ehealth.fgov.be/standards/fhir/referral/CodeSystem/be-nursing-annex81-inadequate-adherence"/>
      <code value="confused"/>
    </coding>
  </orderDetail>
  <orderDetail>
    <coding>
      <system value="https://www.ehealth.fgov.be/standards/fhir/referral/CodeSystem/be-nursing-annex81-inadequate-adherence-link"/>
      <code value="dementia"/>
    </coding>
  </orderDetail>
  <subject>
    <reference value="#patient1"/>
  </subject>
  <occurrenceTiming>
    <repeat>
      <boundsPeriod>
        <start value="2021-07-02"/>
        <end value="2022-06-30"/>
      </boundsPeriod>
      <frequency value="1"/>
      <period value="1"/>
      <periodUnit value="d"/>
    </repeat>
  </occurrenceTiming>
  <authoredOn value="2022-10-31"/>
  <requester>
    <reference value="#requesterrole1"/>
  </requester>
  <performer>
    <reference value="#practitionerrole1"/>
  </performer>
  <reasonCode>
    <coding>
      <system value="http://snomed.info/sct"/>
      <version value="http://snomed.info/sct/11000172109"/>
      <code value="309256001"/>
    </coding>
  </reasonCode>
</ServiceRequest>