<?xml version="1.0" encoding="UTF-8"?>

<ServiceRequest xmlns="http://hl7.org/fhir">
  <id value="example02-referralprescription-nursing-digestive-system-care"/>
  <meta>
    <profile value="https://www.ehealth.fgov.be/standards/fhir/StructureDefinition/be-referralprescription-nursing"/>
  </meta>
  <text>
    <status value="extensions"/><div xmlns="http://www.w3.org/1999/xhtml"><p><b>Generated Narrative</b></p><div style="display: inline-block; background-color: #d9e0e7; padding: 6px; margin: 4px; border: 1px solid #8da1b4; border-radius: 5px; line-height: 60%"><p style="margin-bottom: 0px">Resource "example02-referralprescription-nursing-digestive-system-care" </p><p style="margin-bottom: 0px">Profile: <a href="StructureDefinition-be-referralprescription-nursing.html">BeReferralPrescriptionNursing</a></p></div><p><b>Reason for current status</b>: Created <span style="background: LightGoldenRodYellow; margin: 4px; border: 1px solid khaki"> (<a href="CodeSystem-be-status-reason.html">BeStatusReason</a>#created)</span></p><p><b>BeValidityPeriod</b>: 2022-04-19 --&gt; 2023-04-19</p><p><b>BeExecutionPeriod</b>: 2022-04-19 --&gt; 2023-04-19</p><blockquote><p><b>BeCoPrescriber</b></p><p><b>value</b>: Requested <span style="background: LightGoldenRodYellow; margin: 4px; border: 1px solid khaki"> (<a href="http://hl7.org/fhir/R4/codesystem-task-status.html">TaskStatus</a>#requested)</span></p></blockquote><blockquote><p><b>BeCoPrescriber</b></p><p><b>value</b>: Requested <span style="background: LightGoldenRodYellow; margin: 4px; border: 1px solid khaki"> (<a href="http://hl7.org/fhir/R4/codesystem-task-status.html">TaskStatus</a>#requested)</span></p></blockquote><p><b>status</b>: active</p><p><b>intent</b>: order</p><p><b>category</b>: Nursing procedure <span style="background: LightGoldenRodYellow; margin: 4px; border: 1px solid khaki"> (<a href="https://browser.ihtsdotools.org/">SNOMED CT</a>#9632001)</span></p><p><b>priority</b>: routine</p><p><b>code</b>: Other <span style="background: LightGoldenRodYellow; margin: 4px; border: 1px solid khaki"> (<a href="CodeSystem-be-cs-nursing-code.html">BeNursingCode</a>#other)</span></p><p><b>orderDetail</b>: Gastrostomy feeding <span style="background: LightGoldenRodYellow; margin: 4px; border: 1px solid khaki"> (<a href="https://browser.ihtsdotools.org/">SNOMED CT</a>#229917005)</span></p><p><b>subject</b>: <span></span></p><p><b>occurrence</b>: Starting 2022-04-19, Do 2 per 1 days, Until 2023-04-19</p><p><b>authoredOn</b>: 2022-10-31</p><p><b>requester</b>: <a href="Practitioner-practitioner1.html">Practitioner/practitioner1</a> " MCCOY"</p><p><b>performerType</b>: Nurse <span style="background: LightGoldenRodYellow; margin: 4px; border: 1px solid khaki"> (<a href="https://browser.ihtsdotools.org/">SNOMED CT</a>#106292003)</span></p><p><b>performer</b>: <a href="Practitioner-practitioner2.html">Practitioner/practitioner2</a> " CHAPEL"</p><p><b>reasonCode</b>: Cold foot <span style="background: LightGoldenRodYellow; margin: 4px; border: 1px solid khaki"> (<a href="https://browser.ihtsdotools.org/">SNOMED CT</a>#309256001)</span></p><p><b>note</b>: patient can not move (niet verplaatsen)</p></div>
  </text>
  <extension url="http://hl7.org/fhir/StructureDefinition/request-statusReason">
    <valueCodeableConcept>
      <coding>
        <system value="https://www.ehealth.fgov.be/standards/fhir/CodeSystem/be-status-reason"/>
        <code value="created"/>
        <display value="Created"/>
      </coding>
    </valueCodeableConcept>
  </extension>
  <extension url="https://www.ehealth.fgov.be/standards/fhir/StructureDefinition/be-ext-validity-period">
    <valuePeriod>
      <start value="2022-04-19"/>
      <end value="2023-04-19"/>
    </valuePeriod>
  </extension>
  <extension url="https://www.ehealth.fgov.be/standards/fhir/StructureDefinition/be-ext-execution-period">
    <valuePeriod>
      <start value="2022-04-19"/>
      <end value="2023-04-19"/>
    </valuePeriod>
  </extension>
  <extension url="https://www.ehealth.fgov.be/standards/fhir/StructureDefinition/be-co-prescriber">
    <extension url="coprescriptionStatus">
      <valueCodeableConcept>
        <coding>
          <system value="http://hl7.org/fhir/task-status"/>
          <code value="requested"/>
        </coding>
      </valueCodeableConcept>
    </extension>
  </extension>
  <extension url="https://www.ehealth.fgov.be/standards/fhir/StructureDefinition/be-co-prescriber">
    <extension url="coprescriptionStatus">
      <valueCodeableConcept>
        <coding>
          <system value="http://hl7.org/fhir/task-status"/>
          <code value="requested"/>
        </coding>
      </valueCodeableConcept>
    </extension>
  </extension>
  <status value="active"/>
  <intent value="order"/>
  <category>
    <coding>
      <system value="http://snomed.info/sct"/>
      <code value="9632001"/>
    </coding>
    <text value="Nursing procedure"/>
  </category>
  <priority value="routine"/>
  <code>
    <coding>
      <system value="https://www.ehealth.fgov.be/standards/fhir/CodeSystem/be-cs-nursing-code"/>
      <code value="other"/>
    </coding>
  </code>
  <orderDetail>
    <coding>
      <system value="http://snomed.info/sct"/>
      <code value="229917005"/>
    </coding>
  </orderDetail>
  <subject>
    <identifier>
      <system value="https://www.ehealth.fgov.be/standards/fhir/NamingSystem/ssin"/>
      <value value="9999999999"/>
    </identifier>
  </subject>
  <occurrenceTiming>
    <repeat>
      <boundsPeriod>
        <start value="2022-04-19"/>
        <end value="2023-04-19"/>
      </boundsPeriod>
      <frequency value="2"/>
      <period value="1"/>
      <periodUnit value="d"/>
    </repeat>
  </occurrenceTiming>
  <authoredOn value="2022-10-31"/>
  <requester>
    <reference value="Practitioner/practitioner1"/>
  </requester>
  <performerType>
    <coding>
      <system value="http://snomed.info/sct"/>
      <code value="106292003"/>
      <display value="Nurse"/>
    </coding>
  </performerType>
  <performer>
    <reference value="Practitioner/practitioner2"/>
  </performer>
  <reasonCode>
    <coding>
      <system value="http://snomed.info/sct"/>
      <code value="309256001"/>
    </coding>
  </reasonCode>
  <note>
    <text value="patient can not move (niet verplaatsen)"/>
  </note>
</ServiceRequest>