{
  "resourceType": "ServiceRequest",
  "id": "example32-referralprescription-nursing-chronical-psychiatric",
  "meta": {
    "profile": [
      "https://www.ehealth.fgov.be/standards/fhir/referral/StructureDefinition/be-referralprescription-nursing"
    ]
  },
  "text": {
    "status": "extensions",
    "div": "<div xmlns=\"http://www.w3.org/1999/xhtml\"><p><b>Generated Narrative: ServiceRequest</b><a name=\"example32-referralprescription-nursing-chronical-psychiatric\"> </a></p><div style=\"display: inline-block; background-color: #d9e0e7; padding: 6px; margin: 4px; border: 1px solid #8da1b4; border-radius: 5px; line-height: 60%\"><p style=\"margin-bottom: 0px\">Resource ServiceRequest \"example32-referralprescription-nursing-chronical-psychiatric\" </p><p style=\"margin-bottom: 0px\">Profile: <a href=\"StructureDefinition-be-referralprescription-nursing.html\">BeReferralPrescriptionNursing</a></p></div><p><b>BeFeedbackToPrescriber</b>: true</p><p><b>BeValidityPeriod</b>: 2022-04-19 --&gt; 2023-04-19</p><p><b>Reason for current status</b>: In Progress <span style=\"background: LightGoldenRodYellow; margin: 4px; border: 1px solid khaki\"> (<a href=\"CodeSystem-be-prescription-status-reason.html\">BePrescriptionStatusReason</a>#inProgress)</span></p><p><b>status</b>: active</p><p><b>intent</b>: order</p><p><b>category</b>: Nursing procedure <span style=\"background: LightGoldenRodYellow; margin: 4px; border: 1px solid khaki\"> (<a href=\"https://browser.ihtsdotools.org/\">SNOMED CT</a>#9632001)</span></p><p><b>priority</b>: routine</p><p><b>code</b>: Preparation and administration of medication to chronical psychiatric patient <span style=\"background: LightGoldenRodYellow; margin: 4px; border: 1px solid khaki\"> (<a href=\"CodeSystem-be-cs-nursing-code.html\">BeNursingCode</a>#preparation-and-administration-of-medication-to-chronical-psychiatric-patient)</span></p><p><b>subject</b>: <a href=\"Patient-patient1.html\">Patient/patient1</a> \" DOE\"</p><p><b>occurrence</b>: Starting 2021-07-02, Do Once per 1 days, Until 2022-06-30</p><p><b>authoredOn</b>: 2022-10-31</p><p><b>requester</b>: <a href=\"Practitioner-practitioner1.html\">Practitioner/practitioner1</a> \" MCCOY\"</p><p><b>performer</b>: <a href=\"PractitionerRole-practitionerrole1.html\">PractitionerRole/practitionerrole1</a></p><p><b>reasonCode</b>: Cold foot <span style=\"background: LightGoldenRodYellow; margin: 4px; border: 1px solid khaki\"> (<a href=\"https://browser.ihtsdotools.org/\">SNOMED CT</a>#309256001)</span></p></div>"
  },
  "extension": [
    {
      "url": "https://www.ehealth.fgov.be/standards/fhir/referral/StructureDefinition/be-ext-feedback-to-prescriber",
      "valueBoolean": true
    },
    {
      "url": "https://www.ehealth.fgov.be/standards/fhir/referral/StructureDefinition/be-ext-validity-period",
      "valuePeriod": {
        "start": "2022-04-19",
        "end": "2023-04-19"
      }
    },
    {
      "url": "http://hl7.org/fhir/StructureDefinition/request-statusReason",
      "valueCodeableConcept": {
        "coding": [
          {
            "system": "https://www.ehealth.fgov.be/standards/fhir/referral/CodeSystem/be-prescription-status-reason",
            "code": "inProgress",
            "display": "In Progress"
          }
        ]
      }
    }
  ],
  "status": "active",
  "intent": "order",
  "category": [
    {
      "coding": [
        {
          "system": "http://snomed.info/sct",
          "code": "9632001"
        }
      ],
      "text": "Nursing procedure"
    }
  ],
  "priority": "routine",
  "code": {
    "coding": [
      {
        "system": "https://www.ehealth.fgov.be/standards/fhir/referral/CodeSystem/be-cs-nursing-code",
        "code": "preparation-and-administration-of-medication-to-chronical-psychiatric-patient"
      }
    ]
  },
  "subject": {
    "reference": "Patient/patient1"
  },
  "occurrenceTiming": {
    "repeat": {
      "boundsPeriod": {
        "start": "2021-07-02",
        "end": "2022-06-30"
      },
      "frequency": 1,
      "period": 1,
      "periodUnit": "d"
    }
  },
  "authoredOn": "2022-10-31",
  "requester": {
    "reference": "Practitioner/practitioner1"
  },
  "performer": [
    {
      "reference": "PractitionerRole/practitionerrole1"
    }
  ],
  "reasonCode": [
    {
      "coding": [
        {
          "system": "http://snomed.info/sct",
          "code": "309256001"
        }
      ]
    }
  ]
}