{
  "resourceType": "ServiceRequest",
  "id": "referralprescription-nursing-example2-digestive-system-care",
  "meta": {
    "profile": [
      "https://www.ehealth.fgov.be/standards/fhir/referral/StructureDefinition/be-referralprescription-nursing",
      "https://www.ehealth.fgov.be/standards/fhir/referral/StructureDefinition/be-referralprescription-nursing-digestive-system-care"
    ]
  },
  "text": {
    "status": "extensions",
    "div": "<div xmlns=\"http://www.w3.org/1999/xhtml\"><p><b>Generated Narrative: ServiceRequest</b><a name=\"referralprescription-nursing-example2-digestive-system-care\"> </a></p><div style=\"display: inline-block; background-color: #d9e0e7; padding: 6px; margin: 4px; border: 1px solid #8da1b4; border-radius: 5px; line-height: 60%\"><p style=\"margin-bottom: 0px\">Resource ServiceRequest \"referralprescription-nursing-example2-digestive-system-care\" </p><p style=\"margin-bottom: 0px\">Profiles: <a href=\"StructureDefinition-be-referralprescription-nursing.html\">BeReferralPrescriptionNursing</a>, <code>https://www.ehealth.fgov.be/standards/fhir/referral/StructureDefinition/be-referralprescription-nursing-digestive-system-care</code></p></div><p><b>BeFeedbackToPrescriber</b>: true</p><p><b>BeValidityPeriod</b>: 2021-10-10 --&gt; (ongoing)</p><p><b>Reason for current status</b>: In progress <span style=\"background: LightGoldenRodYellow; margin: 4px; border: 1px solid khaki\"> (<a href=\"CodeSystem-be-prescription-status-reason.html\">BePrescriptionStatusReason</a>#inProgress)</span></p><p><b>status</b>: active</p><p><b>intent</b>: order</p><p><b>category</b>: Nursing procedure <span style=\"background: LightGoldenRodYellow; margin: 4px; border: 1px solid khaki\"> (<a href=\"https://browser.ihtsdotools.org/\">SNOMED CT</a>#9632001)</span></p><p><b>priority</b>: routine</p><p><b>code</b>: Digestive system care <span style=\"background: LightGoldenRodYellow; margin: 4px; border: 1px solid khaki\"> (<a href=\"CodeSystem-be-cs-nursing-code.html\">BeNursingCode</a>#digestive-system-care)</span></p><p><b>orderDetail</b>: enteral-feeding-stomach-probe <span style=\"background: LightGoldenRodYellow; margin: 4px; border: 1px solid khaki\"> (be-cs-digestive-system-care#enteral-feeding-stomach-probe)</span></p><p><b>subject</b>: <a href=\"Patient-patient1.html\">Patient/patient1</a> \" DOE\"</p><p><b>occurrence</b>: Starting 2021-07-08, Do 2 per 1 days, Until 2022-07-07</p><p><b>authoredOn</b>: 2020-01-01</p><p><b>requester</b>: <a href=\"Practitioner-practitioner1.html\">Practitioner/practitioner1</a> \" MCCOY\"</p><p><b>performer</b>: <a href=\"PractitionerRole-practitionerrole1.html\">PractitionerRole/practitionerrole1</a></p><p><b>reasonCode</b>: reason <span style=\"background: LightGoldenRodYellow; margin: 4px; border: 1px solid khaki\"> ()</span></p><p><b>note</b>: Patient cannot move</p></div>"
  },
  "extension": [
    {
      "url": "https://www.ehealth.fgov.be/standards/fhir/referral/StructureDefinition/be-ext-feedback-to-prescriber",
      "valueBoolean": true
    },
    {
      "url": "https://www.ehealth.fgov.be/standards/fhir/referral/StructureDefinition/be-ext-validity-period",
      "valuePeriod": {
        "start": "2021-10-10"
      }
    },
    {
      "url": "http://hl7.org/fhir/StructureDefinition/request-statusReason",
      "valueCodeableConcept": {
        "coding": [
          {
            "system": "https://www.ehealth.fgov.be/standards/fhir/referral/CodeSystem/be-prescription-status-reason",
            "code": "inProgress",
            "display": "In progress"
          }
        ]
      }
    }
  ],
  "status": "active",
  "intent": "order",
  "category": [
    {
      "coding": [
        {
          "system": "http://snomed.info/sct",
          "code": "9632001"
        }
      ],
      "text": "Nursing procedure"
    }
  ],
  "priority": "routine",
  "code": {
    "coding": [
      {
        "system": "https://www.ehealth.fgov.be/standards/fhir/referral/CodeSystem/be-cs-nursing-code",
        "code": "digestive-system-care"
      }
    ]
  },
  "orderDetail": [
    {
      "coding": [
        {
          "system": "https://www.ehealth.fgov.be/standards/fhir/referral/CodeSystem/be-cs-digestive-system-care",
          "code": "enteral-feeding-stomach-probe"
        }
      ]
    }
  ],
  "subject": {
    "reference": "Patient/patient1"
  },
  "occurrenceTiming": {
    "repeat": {
      "boundsPeriod": {
        "start": "2021-07-08",
        "end": "2022-07-07"
      },
      "frequency": 2,
      "period": 1,
      "periodUnit": "d"
    }
  },
  "authoredOn": "2020-01-01",
  "requester": {
    "reference": "Practitioner/practitioner1"
  },
  "performer": [
    {
      "reference": "PractitionerRole/practitionerrole1"
    }
  ],
  "reasonCode": [
    {
      "text": "reason"
    }
  ],
  "note": [
    {
      "text": "Patient cannot move"
    }
  ]
}