<?xml version="1.0" encoding="UTF-8"?>

<StructureDefinition xmlns="http://hl7.org/fhir">
  <id value="be-model-laboratoryprescription"/>
  <text>
    <status value="extensions"/><div xmlns="http://www.w3.org/1999/xhtml"><table border="0" cellpadding="0" cellspacing="0" style="border: 0px #F0F0F0 solid; font-size: 11px; font-family: verdana; vertical-align: top;"><tr style="border: 1px #F0F0F0 solid; font-size: 11px; font-family: verdana; vertical-align: top"><th style="vertical-align: top; text-align : left; background-color: white; border: 0px #F0F0F0 solid; padding:0px 4px 0px 4px" class="hierarchy"><a href="http://hl7.org/fhir/R4/formats.html#table" title="The logical name of the element">Name</a></th><th style="vertical-align: top; text-align : left; background-color: white; border: 0px #F0F0F0 solid; padding:0px 4px 0px 4px" class="hierarchy"><a href="http://hl7.org/fhir/R4/formats.html#table" title="Information about the use of the element">Flags</a></th><th style="vertical-align: top; text-align : left; background-color: white; border: 0px #F0F0F0 solid; padding:0px 4px 0px 4px" class="hierarchy"><a href="http://hl7.org/fhir/R4/formats.html#table" title="Minimum and Maximum # of times the the element can appear in the instance">Card.</a></th><th style="width: 100px" class="hierarchy"><a href="http://hl7.org/fhir/R4/formats.html#table" title="Reference to the type of the element">Type</a></th><th style="vertical-align: top; text-align : left; background-color: white; border: 0px #F0F0F0 solid; padding:0px 4px 0px 4px" class="hierarchy"><a href="http://hl7.org/fhir/R4/formats.html#table" title="Additional information about the element">Description &amp; Constraints</a><span style="float: right"><a href="http://hl7.org/fhir/R4/formats.html#table" title="Legend for this format"><img src="http://hl7.org/fhir/R4/help16.png" alt="doco" style="background-color: inherit"/></a></span></th></tr><tr style="border: 0px #F0F0F0 solid; padding:0px; vertical-align: top; background-color: white"><td style="vertical-align: top; text-align : left; background-color: white; border: 0px #F0F0F0 solid; padding:0px 4px 0px 4px; white-space: nowrap; background-image: url(tbl_bck0.png)" class="hierarchy"><img src="tbl_spacer.png" alt="." style="background-color: inherit" class="hierarchy"/><img src="icon_element.gif" alt="." style="background-color: white; background-color: inherit" title="Element" class="hierarchy"/> <a href="StructureDefinition-be-model-laboratoryprescription-definitions.html#BeLaboratoryPrescription" title="Logical model describing the model for the prescription laboratory. This draft is used in the HL7 Belgian workgroup for laboratory.">BeLaboratoryPrescription</a><a name="BeLaboratoryPrescription"> </a></td><td style="vertical-align: top; text-align : left; background-color: white; border: 0px #F0F0F0 solid; padding:0px 4px 0px 4px" class="hierarchy"/><td style="vertical-align: top; text-align : left; background-color: white; border: 0px #F0F0F0 solid; padding:0px 4px 0px 4px" class="hierarchy"><span style="opacity: 0.5">0</span><span style="opacity: 0.5">..</span><span style="opacity: 0.5">*</span></td><td style="vertical-align: top; text-align : left; background-color: white; border: 0px #F0F0F0 solid; padding:0px 4px 0px 4px" class="hierarchy"><a href="StructureDefinition-be-model-referralprescription.html">BeModelReferralPrescription</a></td><td style="vertical-align: top; text-align : left; background-color: white; border: 0px #F0F0F0 solid; padding:0px 4px 0px 4px" class="hierarchy"/></tr>
<tr><td colspan="5" class="hierarchy"><br/><a href="http://hl7.org/fhir/R4/formats.html#table" title="Legend for this format"><img src="http://hl7.org/fhir/R4/help16.png" alt="doco" style="background-color: inherit"/> Documentation for this format</a></td></tr></table></div>
  </text>
  <url value="https://www.ehealth.fgov.be/standards/fhir/referral/StructureDefinition/be-model-laboratoryprescription"/>
  <version value="0.2.0"/>
  <name value="BeLaboratoryPrescription"/>
  <status value="draft"/>
  <date value="2020-05-12T13:07:15+00:00"/>
  <publisher value="HL7 Belgium"/>
  <contact>
    <name value="HL7 Belgium"/>
    <telecom>
      <system value="url"/>
      <value value="http://hl7belgium.org"/>
    </telecom>
  </contact>
  <contact>
    <name value="Message-Structure"/>
    <telecom>
      <system value="email"/>
      <value value="message-structure@ehealth.fgov.be"/>
      <use value="work"/>
    </telecom>
  </contact>
  <description value="Logical model describing the model for the prescription laboratory. This draft is used in the HL7 Belgian workgroup for laboratory."/>
  <jurisdiction>
    <coding>
      <system value="urn:iso:std:iso:3166"/>
      <code value="BE"/>
      <display value="Belgium"/>
    </coding>
  </jurisdiction>
  <fhirVersion value="4.0.1"/>
  <mapping>
    <identity value="rim"/>
    <uri value="http://hl7.org/v3"/>
    <name value="RIM Mapping"/>
  </mapping>
  <kind value="logical"/>
  <abstract value="false"/>
  <type value="BeLaboratoryPrescription"/>
  <baseDefinition value="https://www.ehealth.fgov.be/standards/fhir/referral/StructureDefinition/be-model-referralprescription"/>
  <derivation value="specialization"/>
  <snapshot>
    <element id="BeLaboratoryPrescription">
      <path value="BeLaboratoryPrescription"/>
      <definition value="Logical model describing the model for the prescription laboratory. This draft is used in the HL7 Belgian workgroup for laboratory."/>
      <min value="0"/>
      <max value="*"/>
      <base>
        <path value="Base"/>
        <min value="0"/>
        <max value="*"/>
      </base>
      <isModifier value="false"/>
    </element>
    <element id="BeLaboratoryPrescription.recordedDate">
      <path value="BeLaboratoryPrescription.recordedDate"/>
      <short value="When this prescription was created"/>
      <definition value="When this prescription was created"/>
      <min value="1"/>
      <max value="1"/>
      <base>
        <path value="BeReferralPrescription.recordedDate"/>
        <min value="1"/>
        <max value="1"/>
      </base>
      <type>
        <code value="dateTime"/>
      </type>
    </element>
    <element id="BeLaboratoryPrescription.recorder">
      <path value="BeLaboratoryPrescription.recorder"/>
      <short value="The person who is responsable for the content, not necessarily the person who entered the content. This is either the prescriber, a co-prescriber or a performer"/>
      <definition value="The person who is responsable for the content, not necessarily the person who entered the content. This is either the prescriber, a co-prescriber or a performer"/>
      <min value="1"/>
      <max value="1"/>
      <base>
        <path value="BeReferralPrescription.recorder"/>
        <min value="1"/>
        <max value="1"/>
      </base>
      <type>
        <code value="Reference"/>
      </type>
    </element>
    <element id="BeLaboratoryPrescription.prescriber">
      <path value="BeLaboratoryPrescription.prescriber"/>
      <short value="The prescribing healthcare party"/>
      <definition value="The prescribing healthcare party"/>
      <min value="1"/>
      <max value="1"/>
      <base>
        <path value="BeReferralPrescription.prescriber"/>
        <min value="1"/>
        <max value="1"/>
      </base>
      <type>
        <code value="Reference"/>
      </type>
    </element>
    <element id="BeLaboratoryPrescription.co-prescriber">
      <path value="BeLaboratoryPrescription.co-prescriber"/>
      <short value="Information about co prescribers"/>
      <definition value="Information about co prescribers"/>
      <min value="0"/>
      <max value="*"/>
      <base>
        <path value="BeReferralPrescription.co-prescriber"/>
        <min value="0"/>
        <max value="*"/>
      </base>
      <type>
        <code value="BackboneElement"/>
      </type>
    </element>
    <element id="BeLaboratoryPrescription.co-prescriber.co-prescriber">
      <path value="BeLaboratoryPrescription.co-prescriber.co-prescriber"/>
      <short value="The co-prescriber party"/>
      <definition value="The co-prescriber party"/>
      <min value="0"/>
      <max value="1"/>
      <base>
        <path value="BeReferralPrescription.co-prescriber.co-prescriber"/>
        <min value="0"/>
        <max value="1"/>
      </base>
      <type>
        <code value="Reference"/>
      </type>
    </element>
    <element id="BeLaboratoryPrescription.co-prescriber.co-prescriberType">
      <path value="BeLaboratoryPrescription.co-prescriber.co-prescriberType"/>
      <short value="Type of the practitioner"/>
      <definition value="Type of the practitioner"/>
      <min value="0"/>
      <max value="1"/>
      <base>
        <path value="BeReferralPrescription.co-prescriber.co-prescriberType"/>
        <min value="0"/>
        <max value="1"/>
      </base>
      <type>
        <code value="code"/>
      </type>
    </element>
    <element id="BeLaboratoryPrescription.co-prescriber.status">
      <path value="BeLaboratoryPrescription.co-prescriber.status"/>
      <short value="Status of co prescribing status (to sign, signed or refused)"/>
      <definition value="Status of co prescribing status (to sign, signed or refused)"/>
      <min value="0"/>
      <max value="1"/>
      <base>
        <path value="BeReferralPrescription.co-prescriber.status"/>
        <min value="0"/>
        <max value="1"/>
      </base>
      <type>
        <code value="code"/>
      </type>
    </element>
    <element id="BeLaboratoryPrescription.patient">
      <path value="BeLaboratoryPrescription.patient"/>
      <short value="The SSIN of the person for which the referral is prescribed."/>
      <definition value="The SSIN of the person for which the referral is prescribed."/>
      <min value="1"/>
      <max value="1"/>
      <base>
        <path value="BeReferralPrescription.patient"/>
        <min value="1"/>
        <max value="1"/>
      </base>
      <type>
        <code value="Reference"/>
      </type>
    </element>
    <element id="BeLaboratoryPrescription.prescriptionNumber">
      <path value="BeLaboratoryPrescription.prescriptionNumber"/>
      <short value="An identifier for the ReferralPrescription, e.g. the UHMEP identifier, once available"/>
      <definition value="An identifier for the ReferralPrescription, e.g. the UHMEP identifier, once available"/>
      <min value="0"/>
      <max value="1"/>
      <base>
        <path value="BeReferralPrescription.prescriptionNumber"/>
        <min value="0"/>
        <max value="1"/>
      </base>
      <type>
        <code value="Identifier"/>
      </type>
    </element>
    <element id="BeLaboratoryPrescription.ppsNumber">
      <path value="BeLaboratoryPrescription.ppsNumber"/>
      <short value="An identifier for the Prescription Proposal Support"/>
      <definition value="An identifier for the Prescription Proposal Support"/>
      <min value="0"/>
      <max value="1"/>
      <base>
        <path value="BeReferralPrescription.ppsNumber"/>
        <min value="0"/>
        <max value="1"/>
      </base>
      <type>
        <code value="Identifier"/>
      </type>
    </element>
    <element id="BeLaboratoryPrescription.ppsRejectionReason">
      <path value="BeLaboratoryPrescription.ppsRejectionReason"/>
      <short value="Reason for not following the PPS suggestion"/>
      <definition value="Reason for not following the PPS suggestion"/>
      <min value="0"/>
      <max value="1"/>
      <base>
        <path value="BeReferralPrescription.ppsRejectionReason"/>
        <min value="0"/>
        <max value="1"/>
      </base>
      <type>
        <code value="Annotation"/>
      </type>
    </element>
    <element id="BeLaboratoryPrescription.requisition">
      <path value="BeLaboratoryPrescription.requisition"/>
      <short value="An identifier for the bundle this prescription belongs to. The type of bundle can be indicated in the type of the identifier"/>
      <definition value="An identifier for the bundle this prescription belongs to. The type of bundle can be indicated in the type of the identifier"/>
      <min value="0"/>
      <max value="1"/>
      <base>
        <path value="BeReferralPrescription.requisition"/>
        <min value="0"/>
        <max value="1"/>
      </base>
      <type>
        <code value="Identifier"/>
      </type>
    </element>
    <element id="BeLaboratoryPrescription.basedOn">
      <path value="BeLaboratoryPrescription.basedOn"/>
      <short value="The original request or prescription triggered this prescription"/>
      <definition value="The original request or prescription that is the reason for this request - for example when a detailed request is created by a broader request."/>
      <min value="0"/>
      <max value="*"/>
      <base>
        <path value="BeReferralPrescription.basedOn"/>
        <min value="0"/>
        <max value="*"/>
      </base>
      <type>
        <code value="Reference"/>
      </type>
    </element>
    <element id="BeLaboratoryPrescription.validitionPeriod">
      <path value="BeLaboratoryPrescription.validitionPeriod"/>
      <short value="Period of validity of prescription"/>
      <definition value="Period of validity of prescription"/>
      <min value="1"/>
      <max value="1"/>
      <base>
        <path value="BeReferralPrescription.validitionPeriod"/>
        <min value="1"/>
        <max value="1"/>
      </base>
      <type>
        <code value="Period"/>
      </type>
    </element>
    <element id="BeLaboratoryPrescription.treatmentPeriod">
      <path value="BeLaboratoryPrescription.treatmentPeriod"/>
      <short value="When this prescription is executed, available after start of execution"/>
      <definition value="When this prescription is executed, available after start of execution"/>
      <min value="0"/>
      <max value="1"/>
      <base>
        <path value="BeReferralPrescription.treatmentPeriod"/>
        <min value="0"/>
        <max value="1"/>
      </base>
      <type>
        <code value="Period"/>
      </type>
    </element>
    <element id="BeLaboratoryPrescription.treatmentValidationEndDate">
      <path value="BeLaboratoryPrescription.treatmentValidationEndDate"/>
      <short value="The latest moment to end this treatment"/>
      <definition value="The latest moment to end this treatment"/>
      <min value="0"/>
      <max value="1"/>
      <base>
        <path value="BeReferralPrescription.treatmentValidationEndDate"/>
        <min value="0"/>
        <max value="1"/>
      </base>
      <type>
        <code value="dateTime"/>
      </type>
    </element>
    <element id="BeLaboratoryPrescription.intendedPerformer">
      <path value="BeLaboratoryPrescription.intendedPerformer"/>
      <short value="The intended provider, i.e. who is expected to perform the procedure - a specific person or a speciality"/>
      <definition value="The intended provider, i.e. who is expected to perform the procedure - a specific person or a speciality"/>
      <min value="0"/>
      <max value="*"/>
      <base>
        <path value="BeReferralPrescription.intendedPerformer"/>
        <min value="0"/>
        <max value="*"/>
      </base>
      <type>
        <code value="BackboneElement"/>
      </type>
    </element>
    <element id="BeLaboratoryPrescription.intendedPerformer.performer">
      <path value="BeLaboratoryPrescription.intendedPerformer.performer"/>
      <short value="A reference to the provider party (e.g. a NIHDI number for a healthcare professional, a SSIN or only a displaystring for a non professional caregiver,...)"/>
      <definition value="A reference to the provider party (e.g. a NIHDI number for a healthcare professional, a SSIN or only a displaystring for a non professional caregiver,...)"/>
      <min value="0"/>
      <max value="*"/>
      <base>
        <path value="BeReferralPrescription.intendedPerformer.performer"/>
        <min value="0"/>
        <max value="*"/>
      </base>
      <type>
        <code value="Reference"/>
      </type>
    </element>
    <element id="BeLaboratoryPrescription.intendedPerformer.discipline">
      <path value="BeLaboratoryPrescription.intendedPerformer.discipline"/>
      <short value="The required discipline of the provider party"/>
      <definition value="The required discipline of the provider party"/>
      <min value="1"/>
      <max value="1"/>
      <base>
        <path value="BeReferralPrescription.intendedPerformer.discipline"/>
        <min value="1"/>
        <max value="1"/>
      </base>
      <type>
        <code value="CodeableConcept"/>
      </type>
    </element>
    <element id="BeLaboratoryPrescription.intendedPerformer.period">
      <path value="BeLaboratoryPrescription.intendedPerformer.period"/>
      <short value="Start and enddate for the particular provider"/>
      <definition value="Start and enddate for the particular provider"/>
      <min value="1"/>
      <max value="1"/>
      <base>
        <path value="BeReferralPrescription.intendedPerformer.period"/>
        <min value="1"/>
        <max value="1"/>
      </base>
      <type>
        <code value="Period"/>
      </type>
    </element>
    <element id="BeLaboratoryPrescription.intendedPerformer.organization">
      <path value="BeLaboratoryPrescription.intendedPerformer.organization"/>
      <short value="Reference to an organization that will add the performer"/>
      <definition value="Reference to an organization that will add the performer"/>
      <min value="0"/>
      <max value="1"/>
      <base>
        <path value="BeReferralPrescription.intendedPerformer.organization"/>
        <min value="0"/>
        <max value="1"/>
      </base>
      <type>
        <code value="Reference"/>
      </type>
    </element>
    <element id="BeLaboratoryPrescription.toBePerformedAfter">
      <path value="BeLaboratoryPrescription.toBePerformedAfter"/>
      <short value="The current prescription should be performed after this one"/>
      <definition value="The current prescription should be performed after this one"/>
      <min value="0"/>
      <max value="1"/>
      <base>
        <path value="BeReferralPrescription.toBePerformedAfter"/>
        <min value="0"/>
        <max value="1"/>
      </base>
      <type>
        <code value="Reference"/>
      </type>
    </element>
    <element id="BeLaboratoryPrescription.serviceRequested">
      <path value="BeLaboratoryPrescription.serviceRequested"/>
      <short value="What is prescribed"/>
      <definition value="What is prescribed"/>
      <min value="1"/>
      <max value="1"/>
      <base>
        <path value="BeReferralPrescription.serviceRequested"/>
        <min value="1"/>
        <max value="1"/>
      </base>
      <type>
        <code value="CodeableConcept"/>
      </type>
    </element>
    <element id="BeLaboratoryPrescription.problemCode">
      <path value="BeLaboratoryPrescription.problemCode"/>
      <short value="The problem (code or reference) that is the main reason for this prescription"/>
      <definition value="The problem (code or reference) that is the main reason for this prescription"/>
      <min value="1"/>
      <max value="1"/>
      <base>
        <path value="BeReferralPrescription.problemCode"/>
        <min value="1"/>
        <max value="1"/>
      </base>
      <type>
        <code value="Reference"/>
      </type>
    </element>
    <element id="BeLaboratoryPrescription.supportingInfo">
      <path value="BeLaboratoryPrescription.supportingInfo"/>
      <short value="Care Set Problem"/>
      <definition value="Care Set Problem"/>
      <min value="0"/>
      <max value="1"/>
      <base>
        <path value="BeReferralPrescription.supportingInfo"/>
        <min value="0"/>
        <max value="1"/>
      </base>
      <type>
        <code value="Reference"/>
      </type>
    </element>
    <element id="BeLaboratoryPrescription.resultReceiver">
      <path value="BeLaboratoryPrescription.resultReceiver"/>
      <short value="True if the prescriber wants feedback. Other caregivers can be mentioned in the note"/>
      <definition value="True if the prescriber wants feedback. Other caregivers can be mentioned in the note"/>
      <min value="0"/>
      <max value="1"/>
      <base>
        <path value="BeReferralPrescription.resultReceiver"/>
        <min value="0"/>
        <max value="1"/>
      </base>
      <type>
        <code value="boolean"/>
      </type>
    </element>
    <element id="BeLaboratoryPrescription.status">
      <path value="BeLaboratoryPrescription.status"/>
      <short value="Current status"/>
      <definition value="Current status"/>
      <min value="0"/>
      <max value="1"/>
      <base>
        <path value="BeReferralPrescription.status"/>
        <min value="0"/>
        <max value="1"/>
      </base>
      <type>
        <code value="code"/>
      </type>
      <binding>
        <strength value="required"/>
        <valueSet value="http://hl7.org/fhir/ValueSet/request-status"/>
      </binding>
    </element>
    <element id="BeLaboratoryPrescription.statusReason">
      <path value="BeLaboratoryPrescription.statusReason"/>
      <short value="Reason current status"/>
      <definition value="Reason current status"/>
      <min value="0"/>
      <max value="1"/>
      <base>
        <path value="BeReferralPrescription.statusReason"/>
        <min value="0"/>
        <max value="1"/>
      </base>
      <type>
        <code value="CodeableConcept"/>
      </type>
    </element>
    <element id="BeLaboratoryPrescription.treatmentStatus">
      <path value="BeLaboratoryPrescription.treatmentStatus"/>
      <short value="Status of the treatment"/>
      <definition value="Status of the treatment"/>
      <min value="0"/>
      <max value="1"/>
      <base>
        <path value="BeReferralPrescription.treatmentStatus"/>
        <min value="0"/>
        <max value="1"/>
      </base>
      <type>
        <code value="CodeableConcept"/>
      </type>
    </element>
    <element id="BeLaboratoryPrescription.treatmentStatusReason">
      <path value="BeLaboratoryPrescription.treatmentStatusReason"/>
      <short value="Reason treatment status"/>
      <definition value="Reason treatment status"/>
      <min value="0"/>
      <max value="1"/>
      <base>
        <path value="BeReferralPrescription.treatmentStatusReason"/>
        <min value="0"/>
        <max value="1"/>
      </base>
      <type>
        <code value="CodeableConcept"/>
      </type>
    </element>
    <element id="BeLaboratoryPrescription.bodyLocation">
      <path value="BeLaboratoryPrescription.bodyLocation"/>
      <short value="Place where the treatment should be executed"/>
      <definition value="Place where the treatment should be executed"/>
      <min value="0"/>
      <max value="*"/>
      <base>
        <path value="BeReferralPrescription.bodyLocation"/>
        <min value="0"/>
        <max value="*"/>
      </base>
      <type>
        <code value="BackboneElement"/>
      </type>
    </element>
    <element id="BeLaboratoryPrescription.bodyLocation.bodySite">
      <path value="BeLaboratoryPrescription.bodyLocation.bodySite"/>
      <short value="Anatomical place where the treatment should be executed"/>
      <definition value="Anatomical place where the treatment should be executed"/>
      <min value="0"/>
      <max value="1"/>
      <base>
        <path value="BeReferralPrescription.bodyLocation.bodySite"/>
        <min value="0"/>
        <max value="1"/>
      </base>
      <type>
        <code value="CodeableConcept"/>
      </type>
    </element>
    <element id="BeLaboratoryPrescription.bodyLocation.bodyLaterality">
      <path value="BeLaboratoryPrescription.bodyLocation.bodyLaterality"/>
      <short value="Side of the body"/>
      <definition value="Side of the body"/>
      <min value="0"/>
      <max value="1"/>
      <base>
        <path value="BeReferralPrescription.bodyLocation.bodyLaterality"/>
        <min value="0"/>
        <max value="1"/>
      </base>
      <type>
        <code value="CodeableConcept"/>
      </type>
    </element>
    <element id="BeLaboratoryPrescription.note">
      <path value="BeLaboratoryPrescription.note"/>
      <short value="Additional text notes about the request."/>
      <definition value="Additional text notes about the request."/>
      <min value="0"/>
      <max value="*"/>
      <base>
        <path value="BeReferralPrescription.note"/>
        <min value="0"/>
        <max value="*"/>
      </base>
      <type>
        <code value="Annotation"/>
      </type>
    </element>
    <element id="BeLaboratoryPrescription.intent">
      <path value="BeLaboratoryPrescription.intent"/>
      <short value="Proposal, Prolongation, Prescription"/>
      <definition value="Proposal, Prolongation, Prescription"/>
      <min value="1"/>
      <max value="1"/>
      <base>
        <path value="BeReferralPrescription.intent"/>
        <min value="1"/>
        <max value="1"/>
      </base>
      <type>
        <code value="code"/>
      </type>
    </element>
  </snapshot>
  <differential>
    <element id="BeLaboratoryPrescription">
      <path value="BeLaboratoryPrescription"/>
      <definition value="Logical model describing the model for the prescription laboratory. This draft is used in the HL7 Belgian workgroup for laboratory."/>
    </element>
  </differential>
</StructureDefinition>