<?xml version="1.0" encoding="UTF-8"?>

<Task xmlns="http://hl7.org/fhir">
  <id value="ucgh222p12-1-2-1"/>
  <meta>
    <profile value="https://www.ehealth.fgov.be/standards/fhir/referral/StructureDefinition/be-organization-task"/>
  </meta>
  <text>
    <status value="generated"/><div xmlns="http://www.w3.org/1999/xhtml"><p class="res-header-id"><b>Generated Narrative: Task ucgh222p12-1-2-1</b></p><a name="ucgh222p12-1-2-1"> </a><a name="hcucgh222p12-1-2-1"> </a><a name="ucgh222p12-1-2-1-en-US"> </a><p><b>partOf</b>: <a href="Task-ucgh222p12-1-2.html">Task: status = accepted; intent = order</a></p><p><b>status</b>: Accepted</p><p><b>intent</b>: order</p><p><b>focus</b>: <a href="ServiceRequest-ucgh222p12-1.html">ServiceRequest Dressing change catheter</a></p><p><b>authoredOn</b>: 2020-01-01 00:00:00+0100</p><p><b>owner</b>: Identifier: <a href="https://build.fhir.org/ig/hl7-be/core/NamingSystem-be-cbe.html" title="BCE/KBO">BeCBENamingSystem</a>/0465698582</p></div>
  </text>
  <partOf>
    <reference value="Task/ucgh222p12-1-2"/>
  </partOf>
  <status value="accepted"/>
  <intent value="order"/>
  <focus>
    <reference value="ServiceRequest/ucgh222p12-1"/>
  </focus>
  <authoredOn value="2020-01-01T00:00:00+01:00"/>
  <owner>
    <identifier>
      <system value="https://www.ehealth.fgov.be/standards/fhir/core/NamingSystem/cbe"/>
      <value value="0465698582"/>
    </identifier>
  </owner>
</Task>