<?xml version="1.0" encoding="UTF-8"?>

<ValueSet xmlns="http://hl7.org/fhir">
  <id value="be-vs-bodysite-nursing"/>
  <text>
    <status value="generated"/><div xmlns="http://www.w3.org/1999/xhtml"><ul><li>Include these codes as defined in <a href="http://www.snomed.org/"><code>http://snomed.info/sct</code></a> version <code>http://snomed.info/sct/11000172109</code><table class="none"><tr><td style="white-space:nowrap"><b>Code</b></td><td><b>Display</b></td></tr><tr><td><a href="http://snomed.info/id/31640002">31640002</a></td><td>Occipital bone</td></tr><tr><td><a href="http://snomed.info/id/789699009">789699009</a></td><td>Structure of occipital condyle</td></tr><tr><td><a href="http://snomed.info/id/78277001">78277001</a></td><td>Temporal lobe</td></tr><tr><td><a href="http://snomed.info/id/117590005">117590005</a></td><td>Ear-related structure</td></tr><tr><td><a href="http://snomed.info/id/302549007">302549007</a></td><td>Entire face</td></tr><tr><td><a href="http://snomed.info/id/81745001">81745001</a></td><td>Eye</td></tr><tr><td><a href="http://snomed.info/id/60819002">60819002</a></td><td>Buccal region of face</td></tr><tr><td><a href="http://snomed.info/id/48477009">48477009</a></td><td>Lip</td></tr><tr><td><a href="http://snomed.info/id/1797002">1797002</a></td><td>Naris</td></tr><tr><td><a href="http://snomed.info/id/45206002">45206002</a></td><td>Nose</td></tr><tr><td><a href="http://snomed.info/id/123851003">123851003</a></td><td>Mouth region</td></tr><tr><td><a href="http://snomed.info/id/727234005">727234005</a></td><td>Entire back structure excluding neck</td></tr><tr><td><a href="http://snomed.info/id/51185008">51185008</a></td><td>Thorax</td></tr><tr><td><a href="http://snomed.info/id/113345001">113345001</a></td><td>Abdomen</td></tr><tr><td><a href="http://snomed.info/id/85710004">85710004</a></td><td>Ischium</td></tr><tr><td><a href="http://snomed.info/id/302543008">302543008</a></td><td>Entire hip region</td></tr><tr><td><a href="http://snomed.info/id/30547001">30547001</a></td><td/></tr><tr><td><a href="http://snomed.info/id/182281004">182281004</a></td><td>Entire lower limb</td></tr><tr><td><a href="http://snomed.info/id/421235005">421235005</a></td><td>Structure of femur (body structure)</td></tr><tr><td><a href="http://snomed.info/id/87342007">87342007</a></td><td>Fibula</td></tr><tr><td><a href="http://snomed.info/id/78234002">78234002</a></td><td>Shin</td></tr><tr><td><a href="http://snomed.info/id/72696002">72696002</a></td><td>Knee</td></tr><tr><td><a href="http://snomed.info/id/182034009">182034009</a></td><td>Entire iliac crest</td></tr><tr><td><a href="http://snomed.info/id/731694000">731694000</a></td><td>Entire bone of pubis (body structure)</td></tr><tr><td><a href="http://snomed.info/id/54735007">54735007</a></td><td>Sacral bone</td></tr><tr><td><a href="http://snomed.info/id/53505006">53505006</a></td><td>Anus</td></tr><tr><td><a href="http://snomed.info/id/76784001">76784001</a></td><td>Vagina</td></tr><tr><td><a href="http://snomed.info/id/18911002">18911002</a></td><td>Penis</td></tr><tr><td><a href="http://snomed.info/id/56459004">56459004</a></td><td>Foot</td></tr><tr><td><a href="http://snomed.info/id/344001">344001</a></td><td>Ankle</td></tr><tr><td><a href="http://snomed.info/id/360857004">360857004</a></td><td>Malleolar structure of fibula</td></tr><tr><td><a href="http://snomed.info/id/76853006">76853006</a></td><td>Heel</td></tr><tr><td><a href="http://snomed.info/id/78883009">78883009</a></td><td>Great toe</td></tr><tr><td><a href="http://snomed.info/id/55078004">55078004</a></td><td>Second toe</td></tr><tr><td><a href="http://snomed.info/id/78132007">78132007</a></td><td>Third toe</td></tr><tr><td><a href="http://snomed.info/id/80349001">80349001</a></td><td>Fourth toe</td></tr><tr><td><a href="http://snomed.info/id/39915008">39915008</a></td><td>Fifth toe</td></tr><tr><td><a href="http://snomed.info/id/244187005">244187005</a></td><td>Skin over instep of foot</td></tr><tr><td><a href="http://snomed.info/id/16982005">16982005</a></td><td>Shoulder</td></tr><tr><td><a href="http://snomed.info/id/79601000">79601000</a></td><td>Scapula</td></tr><tr><td><a href="http://snomed.info/id/53120007">53120007</a></td><td>Upper extremity</td></tr><tr><td><a href="http://snomed.info/id/14975008">14975008</a></td><td>Forearm</td></tr><tr><td><a href="http://snomed.info/id/127949000">127949000</a></td><td>Elbow region</td></tr><tr><td><a href="http://snomed.info/id/85562004">85562004</a></td><td>Hand</td></tr></table></li></ul></div>
  </text>
  <extension url="http://hl7.org/fhir/StructureDefinition/structuredefinition-fmm">
    <valueInteger value="1"/>
  </extension>
  <url value="https://www.ehealth.fgov.be/standards/fhir/referral/ValueSet/be-vs-bodysite-nursing"/>
  <version value="1.0.0"/>
  <name value="BeVSBodySiteNursing"/>
  <title value="Body Site"/>
  <status value="active"/>
  <date value="2021-01-10T10:59:49+00:00"/>
  <publisher value="eHealth Platform"/>
  <contact>
    <name value="eHealth Platform"/>
    <telecom>
      <system value="url"/>
      <value value="https://www.ehealth.fgov.be"/>
    </telecom>
  </contact>
  <contact>
    <name value="Message structure"/>
    <telecom>
      <system value="email"/>
      <value value="message-structure@ehealth.fgov.be"/>
    </telecom>
  </contact>
  <description value="Body Site"/>
  <jurisdiction>
    <coding>
      <system value="urn:iso:std:iso:3166"/>
      <code value="BE"/>
      <display value="Belgium"/>
    </coding>
  </jurisdiction>
  <compose>
    <include>
      <system value="http://snomed.info/sct"/>
      <version value="http://snomed.info/sct/11000172109"/>
      <concept>
        <code value="31640002"/>
      </concept>
      <concept>
        <code value="789699009"/>
      </concept>
      <concept>
        <code value="78277001"/>
      </concept>
      <concept>
        <code value="117590005"/>
      </concept>
      <concept>
        <code value="302549007"/>
      </concept>
      <concept>
        <code value="81745001"/>
      </concept>
      <concept>
        <code value="60819002"/>
      </concept>
      <concept>
        <code value="48477009"/>
      </concept>
      <concept>
        <code value="1797002"/>
      </concept>
      <concept>
        <code value="45206002"/>
      </concept>
      <concept>
        <code value="123851003"/>
      </concept>
      <concept>
        <code value="727234005"/>
      </concept>
      <concept>
        <code value="51185008"/>
      </concept>
      <concept>
        <code value="113345001"/>
      </concept>
      <concept>
        <code value="85710004"/>
      </concept>
      <concept>
        <code value="302543008"/>
      </concept>
      <concept>
        <code value="30547001"/>
      </concept>
      <concept>
        <code value="182281004"/>
      </concept>
      <concept>
        <code value="421235005"/>
      </concept>
      <concept>
        <code value="87342007"/>
      </concept>
      <concept>
        <code value="78234002"/>
      </concept>
      <concept>
        <code value="72696002"/>
      </concept>
      <concept>
        <code value="182034009"/>
      </concept>
      <concept>
        <code value="731694000"/>
      </concept>
      <concept>
        <code value="54735007"/>
      </concept>
      <concept>
        <code value="53505006"/>
      </concept>
      <concept>
        <code value="76784001"/>
      </concept>
      <concept>
        <code value="18911002"/>
      </concept>
      <concept>
        <code value="56459004"/>
      </concept>
      <concept>
        <code value="344001"/>
      </concept>
      <concept>
        <code value="360857004"/>
      </concept>
      <concept>
        <code value="76853006"/>
      </concept>
      <concept>
        <code value="78883009"/>
      </concept>
      <concept>
        <code value="55078004"/>
      </concept>
      <concept>
        <code value="78132007"/>
      </concept>
      <concept>
        <code value="80349001"/>
      </concept>
      <concept>
        <code value="39915008"/>
      </concept>
      <concept>
        <code value="244187005"/>
      </concept>
      <concept>
        <code value="16982005"/>
      </concept>
      <concept>
        <code value="79601000"/>
      </concept>
      <concept>
        <code value="53120007"/>
      </concept>
      <concept>
        <code value="14975008"/>
      </concept>
      <concept>
        <code value="127949000"/>
      </concept>
      <concept>
        <code value="85562004"/>
      </concept>
    </include>
  </compose>
</ValueSet>