{
  "resourceType" : "ValueSet",
  "id" : "be-vs-requested-services-nurse-detail",
  "text" : {
    "status" : "generated",
    "div" : "<div xmlns=\"http://www.w3.org/1999/xhtml\"><p>This value set includes codes based on the following rules:</p><ul><li>Include all codes defined in <a href=\"CodeSystem-be-cs-temp-requested-service-detail.html\"><code>https://www.ehealth.fgov.be/standards/fhir/referral/CodeSystem/be-cs-temp-requested-service-detail</code></a></li><li>Include these codes as defined in <a href=\"http://www.snomed.org/\"><code>http://snomed.info/sct</code></a> version <code>http://snomed.info/sct/11000172109</code><table class=\"none\"><tr><td style=\"white-space:nowrap\"><b>Code</b></td><td><b>Display</b></td></tr><tr><td><a href=\"http://snomed.info/id/45710003\">45710003</a></td><td>Sputum</td></tr><tr><td><a href=\"http://snomed.info/id/78014005\">78014005</a></td><td>Urine</td></tr><tr><td><a href=\"http://snomed.info/id/87612001\">87612001</a></td><td>Blood</td></tr><tr><td><a href=\"http://snomed.info/id/39477002\">39477002</a></td><td>Feces</td></tr><tr><td><a href=\"http://snomed.info/id/247450001\">247450001</a></td><td>Exudate</td></tr><tr><td><a href=\"http://snomed.info/id/410582009\">410582009</a></td><td>Nasal fluid (substance)</td></tr><tr><td><a href=\"http://snomed.info/id/256897009\">256897009</a></td><td>Saliva</td></tr><tr><td><a href=\"http://snomed.info/id/75367002\">75367002</a></td><td>Blood pressure</td></tr><tr><td><a href=\"http://snomed.info/id/163033001\">163033001</a></td><td>Lying blood pressure</td></tr><tr><td><a href=\"http://snomed.info/id/163034007\">163034007</a></td><td>Standing blood pressure reading</td></tr><tr><td><a href=\"http://snomed.info/id/8499008\">8499008</a></td><td>Pulse</td></tr><tr><td><a href=\"http://snomed.info/id/431314004\">431314004</a></td><td>Peripheral oxygen saturation (observable entity)</td></tr><tr><td><a href=\"http://snomed.info/id/415882003\">415882003</a></td><td>Axillary temperature</td></tr><tr><td><a href=\"http://snomed.info/id/86290005\">86290005</a></td><td>Respiratory rate</td></tr><tr><td><a href=\"http://snomed.info/id/162098000\">162098000</a></td><td>Frequency of defecation</td></tr><tr><td><a href=\"http://snomed.info/id/248343001\">248343001</a></td><td>Weight trend</td></tr><tr><td><a href=\"http://snomed.info/id/246124003\">246124003</a></td><td>Volume of urine produced</td></tr><tr><td><a href=\"http://snomed.info/id/225908003\">225908003</a></td><td>Pain score</td></tr><tr><td><a href=\"http://snomed.info/id/364632003\">364632003</a></td><td>Pain character</td></tr><tr><td><a href=\"http://snomed.info/id/364689004\">364689004</a></td><td>Stool observable</td></tr><tr><td><a href=\"http://snomed.info/id/225103006\">225103006</a></td><td>Intermittent urethral catheterization</td></tr><tr><td><a href=\"http://snomed.info/id/55449009\">55449009</a></td><td>Removal of urethral catheter</td></tr><tr><td><a href=\"http://snomed.info/id/176192000\">176192000</a></td><td>Change of urethral catheter</td></tr><tr><td><a href=\"http://snomed.info/id/410021007\">410021007</a></td><td>Insertion of urethral catheter (procedure)</td></tr><tr><td><a href=\"http://snomed.info/id/182524008\">182524008</a></td><td>Attention to urinary catheter</td></tr><tr><td><a href=\"http://snomed.info/id/225150002\">225150002</a></td><td>Cleaning wound</td></tr><tr><td><a href=\"http://snomed.info/id/79710002\">79710002</a></td><td>Application of therapeutic agent</td></tr><tr><td><a href=\"http://snomed.info/id/3895009\">3895009</a></td><td>Application of dressing</td></tr><tr><td><a href=\"http://snomed.info/id/791006\">791006</a></td><td>Dressing and fixation procedure</td></tr><tr><td><a href=\"http://snomed.info/id/410379003\">410379003</a></td><td>Dressing change/wound care surveillance (regime/therapy)</td></tr><tr><td><a href=\"http://snomed.info/id/18949003\">18949003</a></td><td>Change of dressing</td></tr><tr><td><a href=\"http://snomed.info/id/226007004\">226007004</a></td><td>Post-surgical wound care</td></tr><tr><td><a href=\"http://snomed.info/id/36777000\">36777000</a></td><td>Debridement</td></tr><tr><td><a href=\"http://snomed.info/id/450969007\">450969007</a></td><td>Negative pressure wound dressing (physical object)</td></tr><tr><td><a href=\"http://snomed.info/id/241025004\">241025004</a></td><td>Removal of alternate sutures</td></tr><tr><td><a href=\"http://snomed.info/id/30549001\">30549001</a></td><td>Removal of suture</td></tr><tr><td><a href=\"http://snomed.info/id/35963001\">35963001</a></td><td>Removal of staples</td></tr><tr><td><a href=\"http://snomed.info/id/37318803\">37318803</a></td><td/></tr><tr><td><a href=\"http://snomed.info/id/445606007\">445606007</a></td><td>Change of vacuum drainage bottle (procedure)</td></tr><tr><td><a href=\"http://snomed.info/id/408342007\">408342007</a></td><td>Referral to tissue viability nurse specialist (procedure)</td></tr><tr><td><a href=\"http://snomed.info/id/335353000\">335353000</a></td><td>Short stretch compression bandage</td></tr><tr><td><a href=\"http://snomed.info/id/467848007\">467848007</a></td><td>Compression stocking</td></tr></table></li></ul></div>"
  },
  "url" : "https://www.ehealth.fgov.be/standards/fhir/referral/ValueSet/be-vs-requested-services-nurse-detail",
  "version" : "1.0.0",
  "name" : "BeVSRequestedServicesNurseDetail",
  "title" : "BeVSRequestedServicesNurseDetail",
  "status" : "active",
  "experimental" : false,
  "date" : "2023-04-21T14:28:50+00:00",
  "description" : "Codes indicating the request details that can be asked from a nurse.",
  "jurisdiction" : [{
    "coding" : [{
      "system" : "urn:iso:std:iso:3166",
      "code" : "BE",
      "display" : "Belgium"
    }]
  }],
  "compose" : {
    "include" : [{
      "system" : "https://www.ehealth.fgov.be/standards/fhir/referral/CodeSystem/be-cs-temp-requested-service-detail"
    },
    {
      "system" : "http://snomed.info/sct",
      "version" : "http://snomed.info/sct/11000172109",
      "concept" : [{
        "code" : "45710003"
      },
      {
        "code" : "78014005"
      },
      {
        "code" : "87612001"
      },
      {
        "code" : "39477002"
      },
      {
        "code" : "247450001"
      },
      {
        "code" : "410582009"
      },
      {
        "code" : "256897009"
      },
      {
        "code" : "75367002"
      },
      {
        "code" : "163033001"
      },
      {
        "code" : "163034007"
      },
      {
        "code" : "8499008"
      },
      {
        "code" : "431314004"
      },
      {
        "code" : "415882003"
      },
      {
        "code" : "86290005"
      },
      {
        "code" : "162098000"
      },
      {
        "code" : "248343001"
      },
      {
        "code" : "246124003"
      },
      {
        "code" : "225908003"
      },
      {
        "code" : "364632003"
      },
      {
        "code" : "364689004"
      },
      {
        "code" : "225103006"
      },
      {
        "code" : "55449009"
      },
      {
        "code" : "176192000"
      },
      {
        "code" : "410021007"
      },
      {
        "code" : "182524008"
      },
      {
        "code" : "225150002"
      },
      {
        "code" : "79710002"
      },
      {
        "code" : "3895009"
      },
      {
        "code" : "791006"
      },
      {
        "code" : "410379003"
      },
      {
        "code" : "18949003"
      },
      {
        "code" : "226007004"
      },
      {
        "code" : "36777000"
      },
      {
        "code" : "450969007"
      },
      {
        "code" : "241025004"
      },
      {
        "code" : "30549001"
      },
      {
        "code" : "35963001"
      },
      {
        "code" : "37318803"
      },
      {
        "code" : "445606007"
      },
      {
        "code" : "408342007"
      },
      {
        "code" : "335353000"
      },
      {
        "code" : "467848007"
      }]
    }]
  }
}