{"resourceType":"CodeSystem","id":"be-cs-temp-requested-service","text":{"status":"generated","div":"<div xmlns=\"http://www.w3.org/1999/xhtml\"><p>This code system <code>https://www.ehealth.fgov.be/standards/fhir/referral/CodeSystem/be-cs-temp-requested-service</code> defines the following codes:</p><table class=\"codes\"><tr><td style=\"white-space:nowrap\"><b>Code</b></td><td><b>Display</b></td></tr><tr><td style=\"white-space:nowrap\">tmp-prep-rsed-5<a name=\"be-cs-temp-requested-service-tmp-prep-rsed-5\"> </a></td><td>Preparing medication_not reimbursed</td></tr><tr><td style=\"white-space:nowrap\">tmp-inte-tion-6<a name=\"be-cs-temp-requested-service-tmp-inte-tion-6\"> </a></td><td>intermittent bladder catheterization</td></tr><tr><td style=\"white-space:nowrap\">tmp-remo-tube-9<a name=\"be-cs-temp-requested-service-tmp-remo-tube-9\"> </a></td><td>remove bladder tube</td></tr><tr><td style=\"white-space:nowrap\">tmp-repl-tube-0<a name=\"be-cs-temp-requested-service-tmp-repl-tube-0\"> </a></td><td>replace bladder tube</td></tr><tr><td style=\"white-space:nowrap\">tmp-inse-tube-9<a name=\"be-cs-temp-requested-service-tmp-inse-tube-9\"> </a></td><td>insert bladder tube</td></tr><tr><td style=\"white-space:nowrap\">tmp-blad-sion-4<a name=\"be-cs-temp-requested-service-tmp-blad-sion-4\"> </a></td><td>bladder tube supervision</td></tr><tr><td style=\"white-space:nowrap\">tmp-blad-ance-2<a name=\"be-cs-temp-requested-service-tmp-blad-ance-2\"> </a></td><td>bladder instillation performance</td></tr><tr><td style=\"white-space:nowrap\">tmp-blad-ring-1<a name=\"be-cs-temp-requested-service-tmp-blad-ring-1\"> </a></td><td>bladder instillation monitoring</td></tr><tr><td style=\"white-space:nowrap\">tmp-supr-ring-9<a name=\"be-cs-temp-requested-service-tmp-supr-ring-9\"> </a></td><td>suprapubic bladder monitoring</td></tr><tr><td style=\"white-space:nowrap\">tmp-moni-eter-9<a name=\"be-cs-temp-requested-service-tmp-moni-eter-9\"> </a></td><td>Monitoring catheter</td></tr><tr><td style=\"white-space:nowrap\">tmp-dres-eter-4<a name=\"be-cs-temp-requested-service-tmp-dres-eter-4\"> </a></td><td>Dressing change catheter</td></tr><tr><td style=\"white-space:nowrap\">tmp-care-tube-6<a name=\"be-cs-temp-requested-service-tmp-care-tube-6\"> </a></td><td>care for tracheostomy tube</td></tr><tr><td style=\"white-space:nowrap\">tmp-care-tube-1<a name=\"be-cs-temp-requested-service-tmp-care-tube-1\"> </a></td><td>care for gastric tube</td></tr><tr><td style=\"white-space:nowrap\">tmp-gast-care-1<a name=\"be-cs-temp-requested-service-tmp-gast-care-1\"> </a></td><td>gastrostomy tube care</td></tr><tr><td style=\"white-space:nowrap\">tmp-care-eter-9<a name=\"be-cs-temp-requested-service-tmp-care-eter-9\"> </a></td><td>care for a catheter</td></tr><tr><td style=\"white-space:nowrap\">tmp-repl-tube-5<a name=\"be-cs-temp-requested-service-tmp-repl-tube-5\"> </a></td><td>replace tracheostomy tube</td></tr><tr><td style=\"white-space:nowrap\">tmp-clea-tube-3<a name=\"be-cs-temp-requested-service-tmp-clea-tube-3\"> </a></td><td>clean tracheostomy tube</td></tr><tr><td style=\"white-space:nowrap\">tmp-spec-act0-5<a name=\"be-cs-temp-requested-service-tmp-spec-act0-5\"> </a></td><td>Specific technical provision (B2 act - C act)</td></tr><tr><td style=\"white-space:nowrap\">tmp-plac-edle-0<a name=\"be-cs-temp-requested-service-tmp-plac-edle-0\"> </a></td><td>Place/replace needle</td></tr></table><p><b>Additional Language Displays</b></p><table class=\"codes\"><tr><td><b>Code</b></td><td><b>English (English, en)</b></td><td><b>French (Belgium) (fr)</b></td><td><b>Nederlands (België) (Dutch (Belgium), nl)</b></td></tr><tr><td>tmp-prep-rsed-5</td><td>Preparing medication_not reimbursed</td><td>Préparation des médicaments_non remboursée</td><td>Medicatie klaarzetten_niet terugbetaald</td></tr><tr><td>tmp-inte-tion-6</td><td>intermittent bladder catheterization</td><td>Sondage vésical intermittent</td><td>intermittente blaassondage</td></tr><tr><td>tmp-remo-tube-9</td><td>remove bladder tube</td><td>Retrait de la sonde vésicale</td><td>blaassondage verwijderen</td></tr><tr><td>tmp-repl-tube-0</td><td>replace bladder tube</td><td>Remplacement de la sonde vésicale</td><td>blaassondage vervangen</td></tr><tr><td>tmp-inse-tube-9</td><td>insert bladder tube</td><td>Placement de la sonde vésicale</td><td>blaassondage plaatsen</td></tr><tr><td>tmp-blad-sion-4</td><td>bladder tube supervision</td><td>Supervision de la sonde vésicale</td><td>blaassondage toezicht</td></tr><tr><td>tmp-blad-ance-2</td><td>bladder instillation performance</td><td>Mise en oeuvre de l’instillation vésicale</td><td>blaasinstillatie uitvoering</td></tr><tr><td>tmp-blad-ring-1</td><td>bladder instillation monitoring</td><td>Supervision de l’instillation vésicale</td><td>blaasinstillatie toezicht</td></tr><tr><td>tmp-supr-ring-9</td><td>suprapubic bladder monitoring</td><td>Supervision de la sonde vésicale sus-pubienne</td><td>suprapubische blaassonde toezicht</td></tr><tr><td>tmp-moni-eter-9</td><td>Monitoring catheter</td><td>Supervision d’un cathéter</td><td>Toezicht katheter</td></tr><tr><td>tmp-dres-eter-4</td><td>Dressing change catheter</td><td>Changement d’un pansement de cathéter</td><td>Verbandwissel katheter</td></tr><tr><td>tmp-care-tube-6</td><td>care for tracheostomy tube</td><td>entretien du tube de trachéotomie</td><td>zorgen aan tracheacanule</td></tr><tr><td>tmp-care-tube-1</td><td>care for gastric tube</td><td>entretien du tube gastrique</td><td>zorgen aan maagsonde</td></tr><tr><td>tmp-gast-care-1</td><td>gastrostomy tube care</td><td>entretien de la sonde de gastrostomie</td><td>zorgen aan gastrostomiesonde</td></tr><tr><td>tmp-care-eter-9</td><td>care for a catheter</td><td>prendre soin d'un cathéter</td><td>zorgen aan een catheter</td></tr><tr><td>tmp-repl-tube-5</td><td>replace tracheostomy tube</td><td>remplacer le tube de trachéotomie</td><td>vervangen tracheacanule</td></tr><tr><td>tmp-clea-tube-3</td><td>clean tracheostomy tube</td><td>nettoyer la canule de trachéotomie</td><td>reinigen tracheacanule</td></tr><tr><td>tmp-spec-act0-5</td><td>Specific technical provision (B2 act - C act)</td><td>Disposition technique spécifique (loi B2 - loi C)</td><td>Specifieke technische verstrekking (B2 handeling - C handeling)</td></tr><tr><td>tmp-plac-edle-0</td><td>Place/replace needle</td><td>Placer/remplacer l'aiguille</td><td>Plaatsen/vervangen naald</td></tr></table></div>"},"url":"https://www.ehealth.fgov.be/standards/fhir/referral/CodeSystem/be-cs-temp-requested-service","version":"1.0.0","name":"BeTempRequestedService","title":"BeTempRequestedService","status":"draft","experimental":false,"date":"2023-04-21T14:29:36+00:00","description":"Temporary codes for indicating services that can be requested from a Nurse","jurisdiction":[{"coding":[{"system":"urn:iso:std:iso:3166","code":"BE","display":"Belgium"}]}],"caseSensitive":true,"content":"complete","count":19,"concept":[{"code":"tmp-prep-rsed-5","display":"Preparing medication_not reimbursed","designation":[{"language":"fr-BE","value":"Préparation des médicaments_non remboursée"},{"language":"nl-BE","value":"Medicatie klaarzetten_niet terugbetaald"},{"language":"en","value":"Preparing medication_not reimbursed"}]},{"code":"tmp-inte-tion-6","display":"intermittent bladder catheterization","designation":[{"language":"fr-BE","value":"Sondage vésical intermittent"},{"language":"nl-BE","value":"intermittente blaassondage"},{"language":"en","value":"intermittent bladder catheterization"}]},{"code":"tmp-remo-tube-9","display":"remove bladder tube","designation":[{"language":"fr-BE","value":"Retrait de la sonde vésicale"},{"language":"nl-BE","value":"blaassondage verwijderen"},{"language":"en","value":"remove bladder tube"}]},{"code":"tmp-repl-tube-0","display":"replace bladder tube","designation":[{"language":"fr-BE","value":"Remplacement de la sonde vésicale"},{"language":"nl-BE","value":"blaassondage vervangen"},{"language":"en","value":"replace bladder tube"}]},{"code":"tmp-inse-tube-9","display":"insert bladder tube","designation":[{"language":"fr-BE","value":"Placement de la sonde vésicale"},{"language":"nl-BE","value":"blaassondage plaatsen"},{"language":"en","value":"insert bladder tube"}]},{"code":"tmp-blad-sion-4","display":"bladder tube supervision","designation":[{"language":"fr-BE","value":"Supervision de la sonde vésicale"},{"language":"nl-BE","value":"blaassondage toezicht"},{"language":"en","value":"bladder tube supervision"}]},{"code":"tmp-blad-ance-2","display":"bladder instillation performance","designation":[{"language":"fr-BE","value":"Mise en oeuvre de l’instillation vésicale"},{"language":"nl-BE","value":"blaasinstillatie uitvoering"},{"language":"en","value":"bladder instillation performance"}]},{"code":"tmp-blad-ring-1","display":"bladder instillation monitoring","designation":[{"language":"fr-BE","value":"Supervision de l’instillation vésicale"},{"language":"nl-BE","value":"blaasinstillatie toezicht"},{"language":"en","value":"bladder instillation monitoring"}]},{"code":"tmp-supr-ring-9","display":"suprapubic bladder monitoring","designation":[{"language":"fr-BE","value":"Supervision de la sonde vésicale sus-pubienne"},{"language":"nl-BE","value":"suprapubische blaassonde toezicht"},{"language":"en","value":"suprapubic bladder monitoring"}]},{"code":"tmp-moni-eter-9","display":"Monitoring catheter","designation":[{"language":"fr-BE","value":"Supervision d’un cathéter"},{"language":"nl-BE","value":"Toezicht katheter"},{"language":"en","value":"Monitoring catheter"}]},{"code":"tmp-dres-eter-4","display":"Dressing change catheter","designation":[{"language":"fr-BE","value":"Changement d’un pansement de cathéter"},{"language":"nl-BE","value":"Verbandwissel katheter"},{"language":"en","value":"Dressing change catheter"}]},{"code":"tmp-care-tube-6","display":"care for tracheostomy tube","designation":[{"language":"fr-BE","value":"entretien du tube de trachéotomie"},{"language":"nl-BE","value":"zorgen aan tracheacanule"},{"language":"en","value":"care for tracheostomy tube"}]},{"code":"tmp-care-tube-1","display":"care for gastric tube","designation":[{"language":"fr-BE","value":"entretien du tube gastrique"},{"language":"nl-BE","value":"zorgen aan maagsonde"},{"language":"en","value":"care for gastric tube"}]},{"code":"tmp-gast-care-1","display":"gastrostomy tube care","designation":[{"language":"fr-BE","value":"entretien de la sonde de gastrostomie"},{"language":"nl-BE","value":"zorgen aan gastrostomiesonde"},{"language":"en","value":"gastrostomy tube care"}]},{"code":"tmp-care-eter-9","display":"care for a catheter","designation":[{"language":"fr-BE","value":"prendre soin d'un cathéter"},{"language":"nl-BE","value":"zorgen aan een catheter"},{"language":"en","value":"care for a catheter"}]},{"code":"tmp-repl-tube-5","display":"replace tracheostomy tube","designation":[{"language":"fr-BE","value":"remplacer le tube de trachéotomie"},{"language":"nl-BE","value":"vervangen tracheacanule"},{"language":"en","value":"replace tracheostomy tube"}]},{"code":"tmp-clea-tube-3","display":"clean tracheostomy tube","designation":[{"language":"fr-BE","value":"nettoyer la canule de trachéotomie"},{"language":"nl-BE","value":"reinigen tracheacanule"},{"language":"en","value":"clean tracheostomy tube"}]},{"code":"tmp-spec-act0-5","display":"Specific technical provision (B2 act - C act)","designation":[{"language":"fr-BE","value":"Disposition technique spécifique (loi B2 - loi C)"},{"language":"nl-BE","value":"Specifieke technische verstrekking (B2 handeling - C handeling)"},{"language":"en","value":"Specific technical provision (B2 act - C act)"}]},{"code":"tmp-plac-edle-0","display":"Place/replace needle","designation":[{"language":"fr-BE","value":"Placer/remplacer l'aiguille"},{"language":"nl-BE","value":"Plaatsen/vervangen naald"},{"language":"en","value":"Place/replace needle"}]}]}