{"resourceType":"CodeSystem","id":"be-cs-nursing-code-compressiontherapy","text":{"status":"generated","div":"<div xmlns=\"http://www.w3.org/1999/xhtml\"><p>This code system https://www.ehealth.fgov.be/standards/fhir/CodeSystem/be-cs-nursing-code-compressiontherapy defines the following codes:</p><table class=\"codes\"><tr><td style=\"white-space:nowrap\"><b>Code</b></td><td><b>Display</b></td></tr><tr><td style=\"white-space:nowrap\">compression-bandage(s)-short-strech<a name=\"be-cs-nursing-code-compressiontherapy-compression-bandage.40s.41-short-strech\"> </a></td><td>Compression bandage(s) short strech</td></tr><tr><td style=\"white-space:nowrap\">compression-bandage(s)-long-strech<a name=\"be-cs-nursing-code-compressiontherapy-compression-bandage.40s.41-long-strech\"> </a></td><td>Compression bandage(s) long strech</td></tr><tr><td style=\"white-space:nowrap\">compression-adhesive(s)<a name=\"be-cs-nursing-code-compressiontherapy-compression-adhesive.40s.41\"> </a></td><td>Compression adhesive(s)</td></tr><tr><td style=\"white-space:nowrap\">compression-stockings<a name=\"be-cs-nursing-code-compressiontherapy-compression-stockings\"> </a></td><td>Stockings</td></tr></table><p><b>Additional Language Displays</b></p><table class=\"codes\"><tr><td><b>Code</b></td><td><b>French (Belgium) (fr)</b></td><td><b>Nederlands (België) (Dutch (Belgium), nl)</b></td></tr><tr><td>compression-bandage(s)-short-strech</td><td>Bandage(s) de compression peu élastique (allongement court)</td><td>Compressiebandage(s) korte rek</td></tr><tr><td>compression-bandage(s)-long-strech</td><td>Bandage(s) de compression à allongement long</td><td>Compressiebandage(s) lange rek</td></tr><tr><td>compression-adhesive(s)</td><td>Pansement(s) de compression</td><td>Compressieverband(en)</td></tr><tr><td>compression-stockings</td><td>Bas anti-stase</td><td>Compressiekousen</td></tr></table></div>"},"url":"https://www.ehealth.fgov.be/standards/fhir/CodeSystem/be-cs-nursing-code-compressiontherapy","version":"0.2.0","name":"BeNursingCodeCompressiontherapy","title":"BeNursingCodeCompressiontherapy","status":"draft","experimental":false,"date":"2022-02-14T11:05:42+00:00","publisher":"HL7 Belgium","contact":[{"name":"HL7 Belgium","telecom":[{"system":"url","value":"http://hl7belgium.org"}]},{"name":"Message-Structure","telecom":[{"system":"email","value":"message-structure@ehealth.fgov.be","use":"work"}]}],"description":"Nursing codes in Belgium. To define details in nursing activities for compression therapy. Initially defined as supporting CodeSystem for the referral prescription.","jurisdiction":[{"coding":[{"system":"http://unstats.un.org/unsd/methods/m49/m49.htm","code":"056","display":"Belgium"}]}],"caseSensitive":false,"content":"complete","concept":[{"code":"compression-bandage(s)-short-strech","display":"Compression bandage(s) short strech","designation":[{"language":"nl-BE","value":"Compressiebandage(s) korte rek"},{"language":"fr-BE","value":"Bandage(s) de compression peu élastique (allongement court)"}]},{"code":"compression-bandage(s)-long-strech","display":"Compression bandage(s) long strech","designation":[{"language":"nl-BE","value":"Compressiebandage(s) lange rek"},{"language":"fr-BE","value":"Bandage(s) de compression à allongement long"}]},{"code":"compression-adhesive(s)","display":"Compression adhesive(s)","designation":[{"language":"nl-BE","value":"Compressieverband(en)"},{"language":"fr-BE","value":"Pansement(s) de compression"}]},{"code":"compression-stockings","display":"Stockings","designation":[{"language":"nl-BE","value":"Compressiekousen"},{"language":"fr-BE","value":"Bas anti-stase"}]}]}