{"resourceType":"CodeSystem","id":"be-cs-temp-requested-service-detail","text":{"status":"generated","div":"<div xmlns=\"http://www.w3.org/1999/xhtml\"><p>This code system <code>https://www.ehealth.fgov.be/standards/fhir/referral/CodeSystem/be-cs-temp-requested-service-detail</code> defines the following codes:</p><table class=\"codes\"><tr><td style=\"white-space:nowrap\"><b>Code</b></td><td><b>Display</b></td></tr><tr><td style=\"white-space:nowrap\">tmp-with-tion-7<a name=\"be-cs-temp-requested-service-detail-tmp-with-tion-7\"> </a></td><td>Within convention</td></tr><tr><td style=\"white-space:nowrap\">tmp-with-sion-8<a name=\"be-cs-temp-requested-service-detail-tmp-with-sion-8\"> </a></td><td>Within progression</td></tr><tr><td style=\"white-space:nowrap\">tmp-with-tory-8<a name=\"be-cs-temp-requested-service-detail-tmp-with-tory-8\"> </a></td><td>Without trajectory</td></tr><tr><td style=\"white-space:nowrap\">tmp-prot-dges-5<a name=\"be-cs-temp-requested-service-detail-tmp-prot-dges-5\"> </a></td><td>protection of wound edges</td></tr><tr><td style=\"white-space:nowrap\">tmp-shor-wick-2<a name=\"be-cs-temp-requested-service-detail-tmp-shor-wick-2\"> </a></td><td>Shorten wick</td></tr><tr><td style=\"white-space:nowrap\">tmp-supe-tion-2<a name=\"be-cs-temp-requested-service-detail-tmp-supe-tion-2\"> </a></td><td>supervised drain without suction</td></tr><tr><td style=\"white-space:nowrap\">tmp-for0-tion-6<a name=\"be-cs-temp-requested-service-detail-tmp-for0-tion-6\"> </a></td><td>For insulin administration</td></tr><tr><td style=\"white-space:nowrap\">tmp-for0-tion-9<a name=\"be-cs-temp-requested-service-detail-tmp-for0-tion-9\"> </a></td><td>For medication administration</td></tr><tr><td style=\"white-space:nowrap\">tmp-glyc-file-0<a name=\"be-cs-temp-requested-service-detail-tmp-glyc-file-0\"> </a></td><td>Glycemic day profile</td></tr><tr><td style=\"white-space:nowrap\">tmp-bolu-very-5<a name=\"be-cs-temp-requested-service-detail-tmp-bolu-very-5\"> </a></td><td>bolus medication delivery</td></tr><tr><td style=\"white-space:nowrap\">tmp-medi-tion-8<a name=\"be-cs-temp-requested-service-detail-tmp-medi-tion-8\"> </a></td><td>medication administration via dilution</td></tr><tr><td style=\"white-space:nowrap\">tmp-supr-0tip-7<a name=\"be-cs-temp-requested-service-detail-tmp-supr-0tip-7\"> </a></td><td>Suprapubic bladder care insertion tip</td></tr><tr><td style=\"white-space:nowrap\">tmp-supr-ring-4<a name=\"be-cs-temp-requested-service-detail-tmp-supr-ring-4\"> </a></td><td>Suprapubic bladder tube monitoring</td></tr><tr><td style=\"white-space:nowrap\">tmp-educ-ight-0<a name=\"be-cs-temp-requested-service-detail-tmp-educ-ight-0\"> </a></td><td>Education to insight</td></tr><tr><td style=\"white-space:nowrap\">tmp-guid-care-5<a name=\"be-cs-temp-requested-service-detail-tmp-guid-care-5\"> </a></td><td>Guidance if not self-care</td></tr><tr><td style=\"white-space:nowrap\">tmp-foll-tion-5<a name=\"be-cs-temp-requested-service-detail-tmp-foll-tion-5\"> </a></td><td>Follow-up after education</td></tr><tr><td style=\"white-space:nowrap\">tmp-foll-care-7<a name=\"be-cs-temp-requested-service-detail-tmp-foll-care-7\"> </a></td><td>Follow-up of the patient who does not switch to self-care</td></tr><tr><td style=\"white-space:nowrap\">tmp-star-nist-0<a name=\"be-cs-temp-requested-service-detail-tmp-star-nist-0\"> </a></td><td>Start insulin or GLP 1 agonist</td></tr><tr><td style=\"white-space:nowrap\">tmp-addi-&gt;7.5-0<a name=\"be-cs-temp-requested-service-detail-tmp-addi-.627.465-0\"> </a></td><td>Additional education HBA1C&gt;7.5</td></tr><tr><td style=\"white-space:nowrap\">tmp-addi-ions-3<a name=\"be-cs-temp-requested-service-detail-tmp-addi-ions-3\"> </a></td><td>Additional education switching from 1 to 2 injections</td></tr><tr><td style=\"white-space:nowrap\">tmp-educ-tion-0<a name=\"be-cs-temp-requested-service-detail-tmp-educ-tion-0\"> </a></td><td>Education in patients on oral medication</td></tr><tr><td style=\"white-space:nowrap\">tmp-educ-rial-8<a name=\"be-cs-temp-requested-service-detail-tmp-educ-rial-8\"> </a></td><td>Education material</td></tr><tr><td style=\"white-space:nowrap\">tmp-grou-sion-3<a name=\"be-cs-temp-requested-service-detail-tmp-grou-sion-3\"> </a></td><td>Group session</td></tr><tr><td style=\"white-space:nowrap\">tmp-indi-sion-8<a name=\"be-cs-temp-requested-service-detail-tmp-indi-sion-8\"> </a></td><td>Individual session</td></tr></table><p><b>Additional Language Displays</b></p><table class=\"codes\"><tr><td><b>Code</b></td><td><b>English (English, en)</b></td><td><b>French (Belgium) (fr)</b></td><td><b>Nederlands (België) (Dutch (Belgium), nl)</b></td></tr><tr><td>tmp-with-tion-7</td><td>Within convention</td><td>Binnen conventie</td><td>Au sein de la convention</td></tr><tr><td>tmp-with-sion-8</td><td>Within progression</td><td>Binnen voortraject</td><td>Dans la progression</td></tr><tr><td>tmp-with-tory-8</td><td>Without trajectory</td><td>Zonder traject</td><td>Sans trajectoire</td></tr><tr><td>tmp-prot-dges-5</td><td>protection of wound edges</td><td>bescherming van wondranden</td><td>protection des bords de la plaie</td></tr><tr><td>tmp-shor-wick-2</td><td>Shorten wick</td><td>Inkorten wiek</td><td>Raccourcir la mèche</td></tr><tr><td>tmp-supe-tion-2</td><td>supervised drain without suction</td><td>toezicht drain zonder suctie</td><td>vidange surveillée sans aspiration</td></tr><tr><td>tmp-for0-tion-6</td><td>For insulin administration</td><td>Voor insuline toediening</td><td>Pour l'administration d'insuline</td></tr><tr><td>tmp-for0-tion-9</td><td>For medication administration</td><td>Voor medicatietoediening</td><td>Pour l'administration des médicaments</td></tr><tr><td>tmp-glyc-file-0</td><td>Glycemic day profile</td><td>Glycemiedagprofiel</td><td>Profil glycémique du jour</td></tr><tr><td>tmp-bolu-very-5</td><td>bolus medication delivery</td><td>medicatietoediening in bolus</td><td>administration de médicaments en bolus</td></tr><tr><td>tmp-medi-tion-8</td><td>medication administration via dilution</td><td>medicatietoediening via verdunning</td><td>administration de médicaments par dilution</td></tr><tr><td>tmp-supr-0tip-7</td><td>Suprapubic bladder care insertion tip</td><td>Suprapubische blaassonde verzorging insteekpunt</td><td>Embout d'insertion pour soins de la vessie sus-pubienne</td></tr><tr><td>tmp-supr-ring-4</td><td>Suprapubic bladder tube monitoring</td><td>Suprapubische blaassonde toezicht</td><td>Surveillance du tube vésical sus-pubien</td></tr><tr><td>tmp-educ-ight-0</td><td>Education to insight</td><td>Educatie tot inzicht</td><td>L'éducation à la perspicacité</td></tr><tr><td>tmp-guid-care-5</td><td>Guidance if not self-care</td><td>Begeleiding indien geen zelfzorg </td><td>Des conseils sinon des soins personnels</td></tr><tr><td>tmp-foll-tion-5</td><td>Follow-up after education</td><td>Opvolging na educatie</td><td>Suivi après l'éducation</td></tr><tr><td>tmp-foll-care-7</td><td>Follow-up of the patient who does not switch to self-care</td><td>Opvolging van de patiënt die niet overstapt op zelfzorg\u00a0</td><td>Suivi du patient qui ne passe pas aux soins personnels</td></tr><tr><td>tmp-star-nist-0</td><td>Start insulin or GLP 1 agonist</td><td>Start insuline of GLP 1-agonist\u00a0</td><td>Démarrer l'insuline ou l'agoniste du GLP 1</td></tr><tr><td>tmp-addi-&gt;7.5-0</td><td>Additional education HBA1C&gt;7.5</td><td>Bijkomende educatie HBA1C&gt;7.5\u00a0</td><td>Formation complémentaire HBA1C&gt;7.5</td></tr><tr><td>tmp-addi-ions-3</td><td>Additional education switching from 1 to 2 injections</td><td>Bijkomende educatie omschakeling van 1 naar 2 injecties\u00a0</td><td>Formation complémentaire passage de 1 à 2 injections</td></tr><tr><td>tmp-educ-tion-0</td><td>Education in patients on oral medication</td><td>Educatie bij patiënten met orale medicatie\u00a0</td><td>Éducation des patients sous médication orale</td></tr><tr><td>tmp-educ-rial-8</td><td>Education material</td><td>Educatie materiaal\u00a0</td><td>Matériel pédagogique</td></tr><tr><td>tmp-grou-sion-3</td><td>Group session</td><td>Groepsessie</td><td>Séance de groupe</td></tr><tr><td>tmp-indi-sion-8</td><td>Individual session</td><td>Individuele sessie</td><td>Séance individuelle</td></tr></table></div>"},"url":"https://www.ehealth.fgov.be/standards/fhir/referral/CodeSystem/be-cs-temp-requested-service-detail","version":"1.0.0","name":"BeTempRequestedServiceDetail","title":"BeTempRequestedServiceDetail","status":"draft","experimental":false,"date":"2023-06-06T07:41:53+00:00","description":"Temporary codes for indicating service details that can be requested from a Nurse","jurisdiction":[{"coding":[{"system":"urn:iso:std:iso:3166","code":"BE","display":"Belgium"}]}],"caseSensitive":true,"content":"complete","count":24,"concept":[{"code":"tmp-with-tion-7","display":"Within convention","designation":[{"language":"fr-BE","value":"Binnen conventie"},{"language":"nl-BE","value":"Au sein de la convention"},{"language":"en","value":"Within convention"}]},{"code":"tmp-with-sion-8","display":"Within progression","designation":[{"language":"fr-BE","value":"Binnen voortraject"},{"language":"nl-BE","value":"Dans la progression"},{"language":"en","value":"Within progression"}]},{"code":"tmp-with-tory-8","display":"Without trajectory","designation":[{"language":"fr-BE","value":"Zonder traject"},{"language":"nl-BE","value":"Sans trajectoire"},{"language":"en","value":"Without trajectory"}]},{"code":"tmp-prot-dges-5","display":"protection of wound edges","designation":[{"language":"fr-BE","value":"bescherming van wondranden"},{"language":"nl-BE","value":"protection des bords de la plaie"},{"language":"en","value":"protection of wound edges"}]},{"code":"tmp-shor-wick-2","display":"Shorten wick","designation":[{"language":"fr-BE","value":"Inkorten wiek"},{"language":"nl-BE","value":"Raccourcir la mèche"},{"language":"en","value":"Shorten wick"}]},{"code":"tmp-supe-tion-2","display":"supervised drain without suction","designation":[{"language":"fr-BE","value":"toezicht drain zonder suctie"},{"language":"nl-BE","value":"vidange surveillée sans aspiration"},{"language":"en","value":"supervised drain without suction"}]},{"code":"tmp-for0-tion-6","display":"For insulin administration","designation":[{"language":"fr-BE","value":"Voor insuline toediening"},{"language":"nl-BE","value":"Pour l'administration d'insuline"},{"language":"en","value":"For insulin administration"}]},{"code":"tmp-for0-tion-9","display":"For medication administration","designation":[{"language":"fr-BE","value":"Voor medicatietoediening"},{"language":"nl-BE","value":"Pour l'administration des médicaments"},{"language":"en","value":"For medication administration"}]},{"code":"tmp-glyc-file-0","display":"Glycemic day profile","designation":[{"language":"fr-BE","value":"Glycemiedagprofiel"},{"language":"nl-BE","value":"Profil glycémique du jour"},{"language":"en","value":"Glycemic day profile"}]},{"code":"tmp-bolu-very-5","display":"bolus medication delivery","designation":[{"language":"fr-BE","value":"medicatietoediening in bolus"},{"language":"nl-BE","value":"administration de médicaments en bolus"},{"language":"en","value":"bolus medication delivery"}]},{"code":"tmp-medi-tion-8","display":"medication administration via dilution","designation":[{"language":"fr-BE","value":"medicatietoediening via verdunning"},{"language":"nl-BE","value":"administration de médicaments par dilution"},{"language":"en","value":"medication administration via dilution"}]},{"code":"tmp-supr-0tip-7","display":"Suprapubic bladder care insertion tip","designation":[{"language":"fr-BE","value":"Suprapubische blaassonde verzorging insteekpunt"},{"language":"nl-BE","value":"Embout d'insertion pour soins de la vessie sus-pubienne"},{"language":"en","value":"Suprapubic bladder care insertion tip"}]},{"code":"tmp-supr-ring-4","display":"Suprapubic bladder tube monitoring","designation":[{"language":"fr-BE","value":"Suprapubische blaassonde toezicht"},{"language":"nl-BE","value":"Surveillance du tube vésical sus-pubien"},{"language":"en","value":"Suprapubic bladder tube monitoring"}]},{"code":"tmp-educ-ight-0","display":"Education to insight","designation":[{"language":"fr-BE","value":"Educatie tot inzicht"},{"language":"nl-BE","value":"L'éducation à la perspicacité"},{"language":"en","value":"Education to insight"}]},{"code":"tmp-guid-care-5","display":"Guidance if not self-care","designation":[{"language":"fr-BE","value":"Begeleiding indien geen zelfzorg "},{"language":"nl-BE","value":"Des conseils sinon des soins personnels"},{"language":"en","value":"Guidance if not self-care"}]},{"code":"tmp-foll-tion-5","display":"Follow-up after education","designation":[{"language":"fr-BE","value":"Opvolging na educatie"},{"language":"nl-BE","value":"Suivi après l'éducation"},{"language":"en","value":"Follow-up after education"}]},{"code":"tmp-foll-care-7","display":"Follow-up of the patient who does not switch to self-care","designation":[{"language":"fr-BE","value":"Opvolging van de patiënt die niet overstapt op zelfzorg\u00a0"},{"language":"nl-BE","value":"Suivi du patient qui ne passe pas aux soins personnels"},{"language":"en","value":"Follow-up of the patient who does not switch to self-care"}]},{"code":"tmp-star-nist-0","display":"Start insulin or GLP 1 agonist","designation":[{"language":"fr-BE","value":"Start insuline of GLP 1-agonist\u00a0"},{"language":"nl-BE","value":"Démarrer l'insuline ou l'agoniste du GLP 1"},{"language":"en","value":"Start insulin or GLP 1 agonist"}]},{"code":"tmp-addi->7.5-0","display":"Additional education HBA1C>7.5","designation":[{"language":"fr-BE","value":"Bijkomende educatie HBA1C>7.5\u00a0"},{"language":"nl-BE","value":"Formation complémentaire HBA1C>7.5"},{"language":"en","value":"Additional education HBA1C>7.5"}]},{"code":"tmp-addi-ions-3","display":"Additional education switching from 1 to 2 injections","designation":[{"language":"fr-BE","value":"Bijkomende educatie omschakeling van 1 naar 2 injecties\u00a0"},{"language":"nl-BE","value":"Formation complémentaire passage de 1 à 2 injections"},{"language":"en","value":"Additional education switching from 1 to 2 injections"}]},{"code":"tmp-educ-tion-0","display":"Education in patients on oral medication","designation":[{"language":"fr-BE","value":"Educatie bij patiënten met orale medicatie\u00a0"},{"language":"nl-BE","value":"Éducation des patients sous médication orale"},{"language":"en","value":"Education in patients on oral medication"}]},{"code":"tmp-educ-rial-8","display":"Education material","designation":[{"language":"fr-BE","value":"Educatie materiaal\u00a0"},{"language":"nl-BE","value":"Matériel pédagogique"},{"language":"en","value":"Education material"}]},{"code":"tmp-grou-sion-3","display":"Group session","designation":[{"language":"fr-BE","value":"Groepsessie"},{"language":"nl-BE","value":"Séance de groupe"},{"language":"en","value":"Group session"}]},{"code":"tmp-indi-sion-8","display":"Individual session","designation":[{"language":"fr-BE","value":"Individuele sessie"},{"language":"nl-BE","value":"Séance individuelle"},{"language":"en","value":"Individual session"}]}]}