{"resourceType":"CodeSystem","id":"be-nursing-medication-perfusion","text":{"status":"generated","div":"<div xmlns=\"http://www.w3.org/1999/xhtml\"><p>This code system https://www.ehealth.fgov.be/standards/fhir/CodeSystem/be-nursing-medication-perfusion defines the following codes:</p><table class=\"codes\"><tr><td style=\"white-space:nowrap\"><b>Code</b></td><td><b>Display</b></td></tr><tr><td style=\"white-space:nowrap\">subcutaneous<a name=\"be-nursing-medication-perfusion-subcutaneous\"> </a></td><td>Subcutaneous</td></tr><tr><td style=\"white-space:nowrap\">intravenous<a name=\"be-nursing-medication-perfusion-intravenous\"> </a></td><td>Intravenous</td></tr><tr><td style=\"white-space:nowrap\">implantable-chamber<a name=\"be-nursing-medication-perfusion-implantable-chamber\"> </a></td><td>Implantable chamber</td></tr><tr><td style=\"white-space:nowrap\">epidural-cathether-or-intrathecal<a name=\"be-nursing-medication-perfusion-epidural-cathether-or-intrathecal\"> </a></td><td>Epidural cathether or intrathecal</td></tr><tr><td style=\"white-space:nowrap\">parenteral-feeding<a name=\"be-nursing-medication-perfusion-parenteral-feeding\"> </a></td><td>Parenteral feeding</td></tr></table><p><b>Additional Language Displays</b></p><table class=\"codes\"><tr><td><b>Code</b></td><td><b>English (English, en)</b></td><td><b>French (fr)</b></td><td><b>Nederlands (Dutch, nl)</b></td></tr><tr><td>subcutaneous</td><td>Subcutaneous</td><td>Souscutane</td><td>Subcutaan</td></tr><tr><td>intravenous</td><td>Intravenous</td><td>Intraveineuse</td><td>Intraveneus</td></tr><tr><td>implantable-chamber</td><td>Implantable chamber</td><td>chambre implantable</td><td>Implanteerbare kamer</td></tr><tr><td>epidural-cathether-or-intrathecal</td><td>Epidural cathether or intrathecal</td><td>Cathéter épidural ou intrathécal</td><td>Epidurale cathether of intrathécal</td></tr><tr><td>parenteral-feeding</td><td>Parenteral feeding</td><td>nutrition parentérale</td><td>Parenterale voeding</td></tr></table></div>"},"url":"https://www.ehealth.fgov.be/standards/fhir/CodeSystem/be-nursing-medication-perfusion","version":"0.2.0","name":"BeNursingMedicationPerfusion","title":"BeNursingMedicationPerfusion","status":"draft","experimental":false,"date":"2022-02-17T07:59:14+00:00","publisher":"HL7 Belgium","contact":[{"name":"HL7 Belgium","telecom":[{"system":"url","value":"http://hl7belgium.org"}]},{"name":"Message-Structure","telecom":[{"system":"email","value":"message-structure@ehealth.fgov.be","use":"work"}]}],"description":"Nursing codes in Belgium. To define details in nursing activities for the medication perfusion category. Initially defined as supporting CodeSystem for the referral prescription.","jurisdiction":[{"coding":[{"system":"http://unstats.un.org/unsd/methods/m49/m49.htm","code":"056","display":"Belgium"}]}],"caseSensitive":false,"content":"complete","concept":[{"code":"subcutaneous","display":"Subcutaneous","designation":[{"language":"en","value":"Subcutaneous"},{"language":"nl","value":"Subcutaan"},{"language":"fr","value":"Souscutane"}]},{"code":"intravenous","display":"Intravenous","designation":[{"language":"en","value":"Intravenous"},{"language":"nl","value":"Intraveneus"},{"language":"fr","value":"Intraveineuse"}]},{"code":"implantable-chamber","display":"Implantable chamber","designation":[{"language":"en","value":"Implantable chamber"},{"language":"nl","value":"Implanteerbare kamer"},{"language":"fr","value":"chambre implantable"}]},{"code":"epidural-cathether-or-intrathecal","display":"Epidural cathether or intrathecal","designation":[{"language":"en","value":"Epidural cathether or intrathecal"},{"language":"nl","value":"Epidurale cathether of intrathécal"},{"language":"fr","value":"Cathéter épidural ou intrathécal"}]},{"code":"parenteral-feeding","display":"Parenteral feeding","designation":[{"language":"en","value":"Parenteral feeding"},{"language":"nl","value":"Parenterale voeding"},{"language":"fr","value":"nutrition parentérale"}]}]}