{"resourceType":"CodeSystem","id":"be-cs-temp-requested-service","text":{"status":"generated","div":"<div xmlns=\"http://www.w3.org/1999/xhtml\"><p>This code system <code>https://www.ehealth.fgov.be/standards/fhir/referral/CodeSystem/be-cs-temp-requested-service</code> defines the following codes:</p><table class=\"codes\"><tr><td style=\"white-space:nowrap\"><b>Code</b></td><td><b>Display</b></td></tr><tr><td style=\"white-space:nowrap\">tmp-prep-rsed-5<a name=\"be-cs-temp-requested-service-tmp-prep-rsed-5\"> </a></td><td>Preparing medication_not reimbursed</td></tr><tr><td style=\"white-space:nowrap\">tmp-inte-tion-6<a name=\"be-cs-temp-requested-service-tmp-inte-tion-6\"> </a></td><td>intermittent bladder catheterization</td></tr><tr><td style=\"white-space:nowrap\">tmp-remo-tube-9<a name=\"be-cs-temp-requested-service-tmp-remo-tube-9\"> </a></td><td>remove bladder tube</td></tr><tr><td style=\"white-space:nowrap\">tmp-repl-tube-0<a name=\"be-cs-temp-requested-service-tmp-repl-tube-0\"> </a></td><td>replace bladder tube</td></tr><tr><td style=\"white-space:nowrap\">tmp-inse-tube-9<a name=\"be-cs-temp-requested-service-tmp-inse-tube-9\"> </a></td><td>insert bladder tube</td></tr><tr><td style=\"white-space:nowrap\">tmp-blad-sion-4<a name=\"be-cs-temp-requested-service-tmp-blad-sion-4\"> </a></td><td>bladder tube supervision</td></tr><tr><td style=\"white-space:nowrap\">tmp-blad-ance-2<a name=\"be-cs-temp-requested-service-tmp-blad-ance-2\"> </a></td><td>bladder instillation performance</td></tr><tr><td style=\"white-space:nowrap\">tmp-blad-ring-1<a name=\"be-cs-temp-requested-service-tmp-blad-ring-1\"> </a></td><td>bladder instillation monitoring</td></tr><tr><td style=\"white-space:nowrap\">tmp-supr-ring-9<a name=\"be-cs-temp-requested-service-tmp-supr-ring-9\"> </a></td><td>suprapubic bladder monitoring</td></tr><tr><td style=\"white-space:nowrap\">tmp-moni-eter-9<a name=\"be-cs-temp-requested-service-tmp-moni-eter-9\"> </a></td><td>Monitoring catheter</td></tr><tr><td style=\"white-space:nowrap\">tmp-dres-eter-4<a name=\"be-cs-temp-requested-service-tmp-dres-eter-4\"> </a></td><td>Dressing change catheter</td></tr></table><p><b>Additional Language Displays</b></p><table class=\"codes\"><tr><td><b>Code</b></td><td><b>English (English, en)</b></td><td><b>French (Belgium) (fr)</b></td><td><b>Nederlands (België) (Dutch (Belgium), nl)</b></td></tr><tr><td>tmp-prep-rsed-5</td><td>Preparing medication_not reimbursed</td><td>Préparation des médicaments_non remboursée</td><td>Medicatie klaarzetten_niet terugbetaald</td></tr><tr><td>tmp-inte-tion-6</td><td>intermittent bladder catheterization</td><td>Sondage vésical intermittent</td><td>intermittente blaassondage</td></tr><tr><td>tmp-remo-tube-9</td><td>remove bladder tube</td><td>Retrait de la sonde vésicale</td><td>blaassondage verwijderen</td></tr><tr><td>tmp-repl-tube-0</td><td>replace bladder tube</td><td>Remplacement de la sonde vésicale</td><td>blaassondage vervangen</td></tr><tr><td>tmp-inse-tube-9</td><td>insert bladder tube</td><td>Placement de la sonde vésicale</td><td>blaassondage plaatsen</td></tr><tr><td>tmp-blad-sion-4</td><td>bladder tube supervision</td><td>Supervision de la sonde vésicale</td><td>blaassondage toezicht</td></tr><tr><td>tmp-blad-ance-2</td><td>bladder instillation performance</td><td>Mise en oeuvre de l’instillation vésicale</td><td>blaasinstillatie uitvoering</td></tr><tr><td>tmp-blad-ring-1</td><td>bladder instillation monitoring</td><td>Supervision de l’instillation vésicale</td><td>blaasinstillatie toezicht</td></tr><tr><td>tmp-supr-ring-9</td><td>suprapubic bladder monitoring</td><td>Supervision de la sonde vésicale sus-pubienne</td><td>suprapubische blaassonde toezicht</td></tr><tr><td>tmp-moni-eter-9</td><td>Monitoring catheter</td><td>Supervision d’un cathéter</td><td>Toezicht katheter</td></tr><tr><td>tmp-dres-eter-4</td><td>Dressing change catheter</td><td>Changement d’un pansement de cathéter</td><td>Verbandwissel katheter</td></tr></table></div>"},"url":"https://www.ehealth.fgov.be/standards/fhir/referral/CodeSystem/be-cs-temp-requested-service","version":"1.0.0","name":"BeTempRequestedService","title":"BeTempRequestedService","status":"draft","experimental":false,"date":"2023-02-21T11:12:28+00:00","description":"Temporary codes for indicating services that can be requested from a Nurse","jurisdiction":[{"coding":[{"system":"urn:iso:std:iso:3166","code":"BE","display":"Belgium"}]}],"caseSensitive":true,"content":"complete","count":11,"concept":[{"code":"tmp-prep-rsed-5","display":"Preparing medication_not reimbursed","designation":[{"language":"fr-BE","value":"Préparation des médicaments_non remboursée"},{"language":"nl-BE","value":"Medicatie klaarzetten_niet terugbetaald"},{"language":"en","value":"Preparing medication_not reimbursed"}]},{"code":"tmp-inte-tion-6","display":"intermittent bladder catheterization","designation":[{"language":"fr-BE","value":"Sondage vésical intermittent"},{"language":"nl-BE","value":"intermittente blaassondage"},{"language":"en","value":"intermittent bladder catheterization"}]},{"code":"tmp-remo-tube-9","display":"remove bladder tube","designation":[{"language":"fr-BE","value":"Retrait de la sonde vésicale"},{"language":"nl-BE","value":"blaassondage verwijderen"},{"language":"en","value":"remove bladder tube"}]},{"code":"tmp-repl-tube-0","display":"replace bladder tube","designation":[{"language":"fr-BE","value":"Remplacement de la sonde vésicale"},{"language":"nl-BE","value":"blaassondage vervangen"},{"language":"en","value":"replace bladder tube"}]},{"code":"tmp-inse-tube-9","display":"insert bladder tube","designation":[{"language":"fr-BE","value":"Placement de la sonde vésicale"},{"language":"nl-BE","value":"blaassondage plaatsen"},{"language":"en","value":"insert bladder tube"}]},{"code":"tmp-blad-sion-4","display":"bladder tube supervision","designation":[{"language":"fr-BE","value":"Supervision de la sonde vésicale"},{"language":"nl-BE","value":"blaassondage toezicht"},{"language":"en","value":"bladder tube supervision"}]},{"code":"tmp-blad-ance-2","display":"bladder instillation performance","designation":[{"language":"fr-BE","value":"Mise en oeuvre de l’instillation vésicale"},{"language":"nl-BE","value":"blaasinstillatie uitvoering"},{"language":"en","value":"bladder instillation performance"}]},{"code":"tmp-blad-ring-1","display":"bladder instillation monitoring","designation":[{"language":"fr-BE","value":"Supervision de l’instillation vésicale"},{"language":"nl-BE","value":"blaasinstillatie toezicht"},{"language":"en","value":"bladder instillation monitoring"}]},{"code":"tmp-supr-ring-9","display":"suprapubic bladder monitoring","designation":[{"language":"fr-BE","value":"Supervision de la sonde vésicale sus-pubienne"},{"language":"nl-BE","value":"suprapubische blaassonde toezicht"},{"language":"en","value":"suprapubic bladder monitoring"}]},{"code":"tmp-moni-eter-9","display":"Monitoring catheter","designation":[{"language":"fr-BE","value":"Supervision d’un cathéter"},{"language":"nl-BE","value":"Toezicht katheter"},{"language":"en","value":"Monitoring catheter"}]},{"code":"tmp-dres-eter-4","display":"Dressing change catheter","designation":[{"language":"fr-BE","value":"Changement d’un pansement de cathéter"},{"language":"nl-BE","value":"Verbandwissel katheter"},{"language":"en","value":"Dressing change catheter"}]}]}