{"resourceType":"CodeSystem","id":"codesystem-be-digestive-system-care","text":{"status":"generated","div":"<div xmlns=\"http://www.w3.org/1999/xhtml\"><p>This code system https://www.ehealth.fgov.be/standards/fhir/CodeSystem/be-cs-digestive-system-care defines the following codes:</p><table class=\"codes\"><tr><td style=\"white-space:nowrap\"><b>Code</b></td><td><b>Display</b></td></tr><tr><td style=\"white-space:nowrap\">enteral-feeding-stomach-probe<a name=\"codesystem-be-digestive-system-care-enteral-feeding-stomach-probe\"> </a></td><td>Enteral feeding stomach probe</td></tr><tr><td style=\"white-space:nowrap\">enteral-feeding-gastrostomy-probe<a name=\"codesystem-be-digestive-system-care-enteral-feeding-gastrostomy-probe\"> </a></td><td>Enteral feeding gastrostomy probe</td></tr><tr><td style=\"white-space:nowrap\">enteral-feeding-enterostomy-probe<a name=\"codesystem-be-digestive-system-care-enteral-feeding-enterostomy-probe\"> </a></td><td>Enteral feeding enterostomy probe</td></tr><tr><td style=\"white-space:nowrap\">enteral-feeding-enterostomy-probe-jejunostomy<a name=\"codesystem-be-digestive-system-care-enteral-feeding-enterostomy-probe-jejunostomy\"> </a></td><td>Enteral feeding enterostomy probe jejunostomy</td></tr><tr><td style=\"white-space:nowrap\">enteral-feeding-enterostomy-probe-ileostomy<a name=\"codesystem-be-digestive-system-care-enteral-feeding-enterostomy-probe-ileostomy\"> </a></td><td>Enteral feeding enterostomy probe ileostomy</td></tr><tr><td style=\"white-space:nowrap\">colonic-cleansing<a name=\"codesystem-be-digestive-system-care-colonic-cleansing\"> </a></td><td>colonic-cleansing</td></tr><tr><td style=\"white-space:nowrap\">gastrointestinal-tubing-and-drainage<a name=\"codesystem-be-digestive-system-care-gastrointestinal-tubing-and-drainage\"> </a></td><td>gastrointestinal-tubing-and-drainage</td></tr><tr><td style=\"white-space:nowrap\">manual-removal-of-faecal-omen<a name=\"codesystem-be-digestive-system-care-manual-removal-of-faecal-omen\"> </a></td><td>Manual removal of faecal omen</td></tr><tr><td style=\"white-space:nowrap\">clyster<a name=\"codesystem-be-digestive-system-care-clyster\"> </a></td><td>Clyster</td></tr></table><p><b>Additional Language Displays</b></p><table class=\"codes\"><tr><td><b>Code</b></td><td><b>French (fr)</b></td><td><b>Nederlands (Dutch, nl)</b></td></tr><tr><td>enteral-feeding-stomach-probe</td><td>Nutrition entérale sonde gastrique</td><td>Enterale voeding maagsonde</td></tr><tr><td>enteral-feeding-gastrostomy-probe</td><td>Nutrition entérale sonde gastrostomie</td><td>Enterale voeding gastrostomie sonde</td></tr><tr><td>enteral-feeding-enterostomy-probe</td><td>Nutrition entérale sonde entérostomie</td><td>Enterale voeding enterostomie sonde</td></tr><tr><td>enteral-feeding-enterostomy-probe-jejunostomy</td><td>Nutrition entérale sonde entérostomie jéjunostomie</td><td>Enterale voeding enterostomie sonde jejunostomie</td></tr><tr><td>enteral-feeding-enterostomy-probe-ileostomy</td><td>Nutrition entérale sonde entérostomie iléostomie</td><td>Enterale voeding enterostomie sonde ileostomie</td></tr><tr><td>colonic-cleansing</td><td>Lavage intestinal</td><td>Darmspoeling</td></tr><tr><td>gastrointestinal-tubing-and-drainage</td><td>Tubage et drainage gastro-intestinal</td><td>Gastro-intestinale tubage en drainage</td></tr><tr><td>manual-removal-of-faecal-omen</td><td>Evacuation manuelle de fécalome</td><td>Manueel verwijderen van faecalomen</td></tr><tr><td>clyster</td><td>Lavement</td><td>Lavement</td></tr></table></div>"},"url":"https://www.ehealth.fgov.be/standards/fhir/CodeSystem/be-cs-digestive-system-care","version":"0.2.0","name":"BeDigestiveSystemCare","title":"BeDigestiveSystemCare","status":"draft","experimental":false,"date":"2022-01-18T14:53:37+00:00","publisher":"HL7 Belgium","contact":[{"name":"HL7 Belgium","telecom":[{"system":"url","value":"http://hl7belgium.org"}]},{"name":"Message-Structure","telecom":[{"system":"email","value":"message-structure@ehealth.fgov.be","use":"work"}]}],"description":"Nursing codes in Belgium. To define details in nursing activities for the digestive system care category. Initially defined as supporting CodeSystem for the referral prescription.","jurisdiction":[{"coding":[{"system":"http://unstats.un.org/unsd/methods/m49/m49.htm","code":"056","display":"Belgium"}]}],"caseSensitive":false,"content":"complete","concept":[{"code":"enteral-feeding-stomach-probe","display":"Enteral feeding stomach probe","designation":[{"language":"nl","value":"Enterale voeding maagsonde"},{"language":"fr","value":"Nutrition entérale sonde gastrique"}]},{"code":"enteral-feeding-gastrostomy-probe","display":"Enteral feeding gastrostomy probe","designation":[{"language":"nl","value":"Enterale voeding gastrostomie sonde"},{"language":"fr","value":"Nutrition entérale sonde gastrostomie"}]},{"code":"enteral-feeding-enterostomy-probe","display":"Enteral feeding enterostomy probe","designation":[{"language":"nl","value":"Enterale voeding enterostomie sonde"},{"language":"fr","value":"Nutrition entérale sonde entérostomie"}]},{"code":"enteral-feeding-enterostomy-probe-jejunostomy","display":"Enteral feeding enterostomy probe jejunostomy","designation":[{"language":"nl","value":"Enterale voeding enterostomie sonde jejunostomie"},{"language":"fr","value":"Nutrition entérale sonde entérostomie jéjunostomie"}]},{"code":"enteral-feeding-enterostomy-probe-ileostomy","display":"Enteral feeding enterostomy probe ileostomy","designation":[{"language":"nl","value":"Enterale voeding enterostomie sonde ileostomie"},{"language":"fr","value":"Nutrition entérale sonde entérostomie iléostomie"}]},{"code":"colonic-cleansing","display":"colonic-cleansing","designation":[{"language":"nl","value":"Darmspoeling"},{"language":"fr","value":"Lavage intestinal"}]},{"code":"gastrointestinal-tubing-and-drainage","display":"gastrointestinal-tubing-and-drainage","designation":[{"language":"nl","value":"Gastro-intestinale tubage en drainage"},{"language":"fr","value":"Tubage et drainage gastro-intestinal"}]},{"code":"manual-removal-of-faecal-omen","display":"Manual removal of faecal omen","designation":[{"language":"nl","value":"Manueel verwijderen van faecalomen"},{"language":"fr","value":"Evacuation manuelle de fécalome"}]},{"code":"clyster","display":"Clyster","designation":[{"language":"nl","value":"Lavement"},{"language":"fr","value":"Lavement"}]}]}