{"resourceType":"ImplementationGuide","id":"hl7.fhir.be.referral","text":{"status":"extensions","div":"<div xmlns=\"http://www.w3.org/1999/xhtml\"><h2>ReferralPrescription</h2><p>The official URL for this implementation guide is: </p><pre>https://www.ehealth.fgov.be/standards/fhir/referral/ImplementationGuide/hl7.fhir.be.referral</pre></div>"},"url":"https://www.ehealth.fgov.be/standards/fhir/referral/ImplementationGuide/hl7.fhir.be.referral","version":"1.0.0","name":"ReferralPrescription","title":"Referral Prescription","status":"draft","date":"2023-06-06T07:45:21+00:00","jurisdiction":[{"coding":[{"system":"urn:iso:std:iso:3166","code":"BE","display":"Belgium"}]}],"packageId":"hl7.fhir.be.referral","license":"CC0-1.0","fhirVersion":["4.0.1"],"dependsOn":[{"id":"hl7tx","extension":[{"url":"http://hl7.org/fhir/tools/StructureDefinition/implementationguide-dependency-comment","valueMarkdown":"Automatically added as a dependency - all IGs depend on HL7 Terminology"}],"uri":"http://terminology.hl7.org/ImplementationGuide/hl7.terminology","packageId":"hl7.terminology.r4","version":"5.0.0"},{"id":"hl7ext","extension":[{"url":"http://hl7.org/fhir/tools/StructureDefinition/implementationguide-dependency-comment","valueMarkdown":"Automatically added as a dependency - all IGs depend on the HL7 Extension Pack"}],"uri":"http://hl7.org/fhir/extensions/ImplementationGuide/hl7.fhir.uv.extensions","packageId":"hl7.fhir.uv.extensions.r4","version":"1.0.0"},{"id":"hl7_fhir_be_core","uri":"https://www.ehealth.fgov.be/standards/fhir/core/ImplementationGuide/hl7.fhir.be.core","packageId":"hl7.fhir.be.core","version":"current"},{"id":"hl7_fhir_be_medication","uri":"https://www.ehealth.fgov.be/standards/fhir/medication/ImplementationGuide/hl7.fhir.be.medication","packageId":"hl7.fhir.be.medication","version":"1.0.0"},{"id":"hl7_fhir_be_core_clinical","uri":"https://www.ehealth.fgov.be/standards/fhir/core-clinical/ImplementationGuide/hl7.fhir.be.core-clinical","packageId":"hl7.fhir.be.core-clinical","version":"current"},{"id":"hl7_fhir_be_allergy","uri":"https://www.ehealth.fgov.be/standards/fhir/allergy/ImplementationGuide/hl7.fhir.be.allergy","packageId":"hl7.fhir.be.allergy","version":"1.1.0"}],"definition":{"extension":[{"extension":[{"url":"code","valueString":"copyrightyear"},{"url":"value","valueString":"2022+"}],"url":"http://hl7.org/fhir/tools/StructureDefinition/ig-parameter"},{"extension":[{"url":"code","valueString":"releaselabel"},{"url":"value","valueString":"STU"}],"url":"http://hl7.org/fhir/tools/StructureDefinition/ig-parameter"},{"extension":[{"url":"code","valueString":"shownav"},{"url":"value","valueString":"true"}],"url":"http://hl7.org/fhir/tools/StructureDefinition/ig-parameter"},{"extension":[{"url":"code","valueString":"apply-contact"},{"url":"value","valueString":"true"}],"url":"http://hl7.org/fhir/tools/StructureDefinition/ig-parameter"},{"extension":[{"url":"code","valueString":"apply-jurisdiction"},{"url":"value","valueString":"true"}],"url":"http://hl7.org/fhir/tools/StructureDefinition/ig-parameter"},{"extension":[{"url":"code","valueString":"apply-publisher"},{"url":"value","valueString":"true"}],"url":"http://hl7.org/fhir/tools/StructureDefinition/ig-parameter"},{"extension":[{"url":"code","valueString":"apply-version"},{"url":"value","valueString":"true"}],"url":"http://hl7.org/fhir/tools/StructureDefinition/ig-parameter"},{"extension":[{"url":"code","valueString":"path-expansion-params"},{"url":"value","valueString":"Parameters-terminology-expansion.json"}],"url":"http://hl7.org/fhir/tools/StructureDefinition/ig-parameter"},{"extension":[{"url":"code","valueString":"autoload-resources"},{"url":"value","valueString":"true"}],"url":"http://hl7.org/fhir/tools/StructureDefinition/ig-parameter"},{"extension":[{"url":"code","valueString":"path-liquid"},{"url":"value","valueString":"template/liquid"}],"url":"http://hl7.org/fhir/tools/StructureDefinition/ig-parameter"},{"extension":[{"url":"code","valueString":"path-liquid"},{"url":"value","valueString":"input/liquid"}],"url":"http://hl7.org/fhir/tools/StructureDefinition/ig-parameter"},{"extension":[{"url":"code","valueString":"path-qa"},{"url":"value","valueString":"temp/qa"}],"url":"http://hl7.org/fhir/tools/StructureDefinition/ig-parameter"},{"extension":[{"url":"code","valueString":"path-temp"},{"url":"value","valueString":"temp/pages"}],"url":"http://hl7.org/fhir/tools/StructureDefinition/ig-parameter"},{"extension":[{"url":"code","valueString":"path-output"},{"url":"value","valueString":"output"}],"url":"http://hl7.org/fhir/tools/StructureDefinition/ig-parameter"},{"extension":[{"url":"code","valueString":"path-suppressed-warnings"},{"url":"value","valueString":"input/ignoreWarnings.txt"}],"url":"http://hl7.org/fhir/tools/StructureDefinition/ig-parameter"},{"extension":[{"url":"code","valueString":"path-history"},{"url":"value","valueString":"https://www.ehealth.fgov.be/standards/fhir/referral/history.html"}],"url":"http://hl7.org/fhir/tools/StructureDefinition/ig-parameter"},{"extension":[{"url":"code","valueString":"template-html"},{"url":"value","valueString":"template-page.html"}],"url":"http://hl7.org/fhir/tools/StructureDefinition/ig-parameter"},{"extension":[{"url":"code","valueString":"template-md"},{"url":"value","valueString":"template-page-md.html"}],"url":"http://hl7.org/fhir/tools/StructureDefinition/ig-parameter"},{"extension":[{"url":"code","valueString":"apply-context"},{"url":"value","valueString":"true"}],"url":"http://hl7.org/fhir/tools/StructureDefinition/ig-parameter"},{"extension":[{"url":"code","valueString":"apply-copyright"},{"url":"value","valueString":"true"}],"url":"http://hl7.org/fhir/tools/StructureDefinition/ig-parameter"},{"extension":[{"url":"code","valueString":"apply-license"},{"url":"value","valueString":"true"}],"url":"http://hl7.org/fhir/tools/StructureDefinition/ig-parameter"},{"extension":[{"url":"code","valueString":"active-tables"},{"url":"value","valueString":"true"}],"url":"http://hl7.org/fhir/tools/StructureDefinition/ig-parameter"},{"extension":[{"url":"code","valueString":"fmm-definition"},{"url":"value","valueString":"http://hl7.org/fhir/versions.html#maturity"}],"url":"http://hl7.org/fhir/tools/StructureDefinition/ig-parameter"},{"extension":[{"url":"code","valueString":"propagate-status"},{"url":"value","valueString":"true"}],"url":"http://hl7.org/fhir/tools/StructureDefinition/ig-parameter"},{"extension":[{"url":"code","valueString":"excludelogbinaryformat"},{"url":"value","valueString":"true"}],"url":"http://hl7.org/fhir/tools/StructureDefinition/ig-parameter"},{"extension":[{"url":"code","valueString":"tabbed-snapshots"},{"url":"value","valueString":"true"}],"url":"http://hl7.org/fhir/tools/StructureDefinition/ig-parameter"},{"url":"http://hl7.org/fhir/tools/StructureDefinition/ig-internal-dependency","valueCode":"hl7.fhir.uv.tools#current"},{"extension":[{"url":"code","valueCode":"copyrightyear"},{"url":"value","valueString":"2022+"}],"url":"http://hl7.org/fhir/tools/StructureDefinition/ig-parameter"},{"extension":[{"url":"code","valueCode":"releaselabel"},{"url":"value","valueString":"STU"}],"url":"http://hl7.org/fhir/tools/StructureDefinition/ig-parameter"},{"extension":[{"url":"code","valueCode":"shownav"},{"url":"value","valueString":"true"}],"url":"http://hl7.org/fhir/tools/StructureDefinition/ig-parameter"},{"extension":[{"url":"code","valueCode":"apply-contact"},{"url":"value","valueString":"true"}],"url":"http://hl7.org/fhir/tools/StructureDefinition/ig-parameter"},{"extension":[{"url":"code","valueCode":"apply-jurisdiction"},{"url":"value","valueString":"true"}],"url":"http://hl7.org/fhir/tools/StructureDefinition/ig-parameter"},{"extension":[{"url":"code","valueCode":"apply-publisher"},{"url":"value","valueString":"true"}],"url":"http://hl7.org/fhir/tools/StructureDefinition/ig-parameter"},{"extension":[{"url":"code","valueCode":"apply-version"},{"url":"value","valueString":"true"}],"url":"http://hl7.org/fhir/tools/StructureDefinition/ig-parameter"},{"extension":[{"url":"code","valueCode":"path-expansion-params"},{"url":"value","valueString":"Parameters-terminology-expansion.json"}],"url":"http://hl7.org/fhir/tools/StructureDefinition/ig-parameter"},{"extension":[{"url":"code","valueCode":"autoload-resources"},{"url":"value","valueString":"true"}],"url":"http://hl7.org/fhir/tools/StructureDefinition/ig-parameter"},{"extension":[{"url":"code","valueCode":"path-liquid"},{"url":"value","valueString":"template/liquid"}],"url":"http://hl7.org/fhir/tools/StructureDefinition/ig-parameter"},{"extension":[{"url":"code","valueCode":"path-liquid"},{"url":"value","valueString":"input/liquid"}],"url":"http://hl7.org/fhir/tools/StructureDefinition/ig-parameter"},{"extension":[{"url":"code","valueCode":"path-qa"},{"url":"value","valueString":"temp/qa"}],"url":"http://hl7.org/fhir/tools/StructureDefinition/ig-parameter"},{"extension":[{"url":"code","valueCode":"path-temp"},{"url":"value","valueString":"temp/pages"}],"url":"http://hl7.org/fhir/tools/StructureDefinition/ig-parameter"},{"extension":[{"url":"code","valueCode":"path-output"},{"url":"value","valueString":"output"}],"url":"http://hl7.org/fhir/tools/StructureDefinition/ig-parameter"},{"extension":[{"url":"code","valueCode":"path-suppressed-warnings"},{"url":"value","valueString":"input/ignoreWarnings.txt"}],"url":"http://hl7.org/fhir/tools/StructureDefinition/ig-parameter"},{"extension":[{"url":"code","valueCode":"path-history"},{"url":"value","valueString":"https://www.ehealth.fgov.be/standards/fhir/referral/history.html"}],"url":"http://hl7.org/fhir/tools/StructureDefinition/ig-parameter"},{"extension":[{"url":"code","valueCode":"template-html"},{"url":"value","valueString":"template-page.html"}],"url":"http://hl7.org/fhir/tools/StructureDefinition/ig-parameter"},{"extension":[{"url":"code","valueCode":"template-md"},{"url":"value","valueString":"template-page-md.html"}],"url":"http://hl7.org/fhir/tools/StructureDefinition/ig-parameter"},{"extension":[{"url":"code","valueCode":"apply-context"},{"url":"value","valueString":"true"}],"url":"http://hl7.org/fhir/tools/StructureDefinition/ig-parameter"},{"extension":[{"url":"code","valueCode":"apply-copyright"},{"url":"value","valueString":"true"}],"url":"http://hl7.org/fhir/tools/StructureDefinition/ig-parameter"},{"extension":[{"url":"code","valueCode":"apply-license"},{"url":"value","valueString":"true"}],"url":"http://hl7.org/fhir/tools/StructureDefinition/ig-parameter"},{"extension":[{"url":"code","valueCode":"active-tables"},{"url":"value","valueString":"true"}],"url":"http://hl7.org/fhir/tools/StructureDefinition/ig-parameter"},{"extension":[{"url":"code","valueCode":"fmm-definition"},{"url":"value","valueString":"http://hl7.org/fhir/versions.html#maturity"}],"url":"http://hl7.org/fhir/tools/StructureDefinition/ig-parameter"},{"extension":[{"url":"code","valueCode":"propagate-status"},{"url":"value","valueString":"true"}],"url":"http://hl7.org/fhir/tools/StructureDefinition/ig-parameter"},{"extension":[{"url":"code","valueCode":"excludelogbinaryformat"},{"url":"value","valueString":"true"}],"url":"http://hl7.org/fhir/tools/StructureDefinition/ig-parameter"},{"extension":[{"url":"code","valueCode":"tabbed-snapshots"},{"url":"value","valueString":"true"}],"url":"http://hl7.org/fhir/tools/StructureDefinition/ig-parameter"},{"extension":[{"url":"code","valueCode":"copyrightyear"},{"url":"value","valueString":"2022+"}],"url":"http://hl7.org/fhir/tools/StructureDefinition/ig-parameter"},{"extension":[{"url":"code","valueCode":"releaselabel"},{"url":"value","valueString":"STU"}],"url":"http://hl7.org/fhir/tools/StructureDefinition/ig-parameter"},{"extension":[{"url":"code","valueCode":"shownav"},{"url":"value","valueString":"true"}],"url":"http://hl7.org/fhir/tools/StructureDefinition/ig-parameter"},{"extension":[{"url":"code","valueCode":"apply-contact"},{"url":"value","valueString":"true"}],"url":"http://hl7.org/fhir/tools/StructureDefinition/ig-parameter"},{"extension":[{"url":"code","valueCode":"apply-jurisdiction"},{"url":"value","valueString":"true"}],"url":"http://hl7.org/fhir/tools/StructureDefinition/ig-parameter"},{"extension":[{"url":"code","valueCode":"apply-publisher"},{"url":"value","valueString":"true"}],"url":"http://hl7.org/fhir/tools/StructureDefinition/ig-parameter"},{"extension":[{"url":"code","valueCode":"apply-version"},{"url":"value","valueString":"true"}],"url":"http://hl7.org/fhir/tools/StructureDefinition/ig-parameter"},{"extension":[{"url":"code","valueCode":"path-expansion-params"},{"url":"value","valueString":"Parameters-terminology-expansion.json"}],"url":"http://hl7.org/fhir/tools/StructureDefinition/ig-parameter"},{"extension":[{"url":"code","valueCode":"autoload-resources"},{"url":"value","valueString":"true"}],"url":"http://hl7.org/fhir/tools/StructureDefinition/ig-parameter"},{"extension":[{"url":"code","valueCode":"path-liquid"},{"url":"value","valueString":"template/liquid"}],"url":"http://hl7.org/fhir/tools/StructureDefinition/ig-parameter"},{"extension":[{"url":"code","valueCode":"path-liquid"},{"url":"value","valueString":"input/liquid"}],"url":"http://hl7.org/fhir/tools/StructureDefinition/ig-parameter"},{"extension":[{"url":"code","valueCode":"path-qa"},{"url":"value","valueString":"temp/qa"}],"url":"http://hl7.org/fhir/tools/StructureDefinition/ig-parameter"},{"extension":[{"url":"code","valueCode":"path-temp"},{"url":"value","valueString":"temp/pages"}],"url":"http://hl7.org/fhir/tools/StructureDefinition/ig-parameter"},{"extension":[{"url":"code","valueCode":"path-output"},{"url":"value","valueString":"output"}],"url":"http://hl7.org/fhir/tools/StructureDefinition/ig-parameter"},{"extension":[{"url":"code","valueCode":"path-suppressed-warnings"},{"url":"value","valueString":"input/ignoreWarnings.txt"}],"url":"http://hl7.org/fhir/tools/StructureDefinition/ig-parameter"},{"extension":[{"url":"code","valueCode":"path-history"},{"url":"value","valueString":"https://www.ehealth.fgov.be/standards/fhir/referral/history.html"}],"url":"http://hl7.org/fhir/tools/StructureDefinition/ig-parameter"},{"extension":[{"url":"code","valueCode":"template-html"},{"url":"value","valueString":"template-page.html"}],"url":"http://hl7.org/fhir/tools/StructureDefinition/ig-parameter"},{"extension":[{"url":"code","valueCode":"template-md"},{"url":"value","valueString":"template-page-md.html"}],"url":"http://hl7.org/fhir/tools/StructureDefinition/ig-parameter"},{"extension":[{"url":"code","valueCode":"apply-context"},{"url":"value","valueString":"true"}],"url":"http://hl7.org/fhir/tools/StructureDefinition/ig-parameter"},{"extension":[{"url":"code","valueCode":"apply-copyright"},{"url":"value","valueString":"true"}],"url":"http://hl7.org/fhir/tools/StructureDefinition/ig-parameter"},{"extension":[{"url":"code","valueCode":"apply-license"},{"url":"value","valueString":"true"}],"url":"http://hl7.org/fhir/tools/StructureDefinition/ig-parameter"},{"extension":[{"url":"code","valueCode":"active-tables"},{"url":"value","valueString":"true"}],"url":"http://hl7.org/fhir/tools/StructureDefinition/ig-parameter"},{"extension":[{"url":"code","valueCode":"fmm-definition"},{"url":"value","valueString":"http://hl7.org/fhir/versions.html#maturity"}],"url":"http://hl7.org/fhir/tools/StructureDefinition/ig-parameter"},{"extension":[{"url":"code","valueCode":"propagate-status"},{"url":"value","valueString":"true"}],"url":"http://hl7.org/fhir/tools/StructureDefinition/ig-parameter"},{"extension":[{"url":"code","valueCode":"excludelogbinaryformat"},{"url":"value","valueString":"true"}],"url":"http://hl7.org/fhir/tools/StructureDefinition/ig-parameter"},{"extension":[{"url":"code","valueCode":"tabbed-snapshots"},{"url":"value","valueString":"true"}],"url":"http://hl7.org/fhir/tools/StructureDefinition/ig-parameter"}],"grouping":[{"id":"-dyn-operationdefinition","name":"Behavior: Operation Definitions","description":"These are custom operations that can be supported by and/or invoked by systems conforming to this implementation guide."},{"id":"-str-logicalmodel","name":"Structures: Logical Models","description":"These define data models that represent the domain covered by this implementation guide in more business-friendly terms than the underlying FHIR resources."},{"id":"-str-profile","name":"Structures: Resource Profiles","description":"These define constraints on FHIR resources for systems conforming to this implementation guide."},{"id":"-str-datatype","name":"Structures: Data Type Profiles","description":"These define constraints on FHIR data types for systems conforming to this implementation guide."},{"id":"-str-extension","name":"Structures: Extension Definitions","description":"These define constraints on FHIR data types for systems conforming to this implementation guide."},{"id":"-term-valueset","name":"Terminology: Value Sets","description":"These define sets of codes used by systems conforming to this implementation guide."},{"id":"-term-codesystem","name":"Terminology: Code Systems","description":"These define new code systems used by systems conforming to this implementation guide."},{"id":"-term-namingsystem","name":"Terminology: Naming Systems","description":"These define identifier and/or code system identities used by systems conforming to this implementation guide."},{"id":"-map-structuremap","name":"Terminology: Structure Maps","description":"These define transformations to convert between data structures used by systems conforming to this implementation guide."},{"id":"-ex-example","name":"Example: Example Instances","description":"These are example instances that show what data produced and consumed by systems conforming with this implementation guide might look like."}],"resource":[{"extension":[{"url":"http://hl7.org/fhir/StructureDefinition/implementationguide-page","valueUri":"OperationDefinition-be-op-cancel.html"}],"reference":{"reference":"OperationDefinition/be-op-cancel"},"name":"be-op-cancel","description":"Cancel Referral Prescription or Proposal","exampleBoolean":false,"groupingId":"-dyn-operationdefinition"},{"extension":[{"url":"http://hl7.org/fhir/StructureDefinition/implementationguide-page","valueUri":"CodeSystem-be-communication-code.html"}],"reference":{"reference":"CodeSystem/be-communication-code"},"name":"BeCommunicationCode","description":"Communication codes in Belgium. To define a specific method of communicating. Initially defined as supporting CodeSystem for the referral prescription.","exampleBoolean":false,"groupingId":"-term-codesystem"},{"extension":[{"url":"http://hl7.org/fhir/StructureDefinition/implementationguide-page","valueUri":"ValueSet-be-vs-communication-method.html"}],"reference":{"reference":"ValueSet/be-vs-communication-method"},"name":"BeCommunicationMethod","description":"Codes to define a communication method.","exampleBoolean":false,"groupingId":"-term-valueset"},{"extension":[{"url":"http://hl7.org/fhir/StructureDefinition/implementationguide-page","valueUri":"StructureDefinition-be-contained-or-logical-reference.html"}],"reference":{"reference":"StructureDefinition/be-contained-or-logical-reference"},"name":"BeContainedOrLogicalReference","description":"A reference limited to contained resources or resources with a logical identifier.","exampleBoolean":false,"groupingId":"-str-datatype"},{"extension":[{"url":"http://hl7.org/fhir/StructureDefinition/implementationguide-page","valueUri":"StructureDefinition-be-ext-contraindication.html"}],"reference":{"reference":"StructureDefinition/be-ext-contraindication"},"name":"BeContraindication","description":"Contra indication in a prescription referral for diagnostic imaging.","exampleBoolean":false,"groupingId":"-str-extension"},{"extension":[{"url":"http://hl7.org/fhir/StructureDefinition/implementationguide-page","valueUri":"StructureDefinition-be-ext-contrastfluiduse.html"}],"reference":{"reference":"StructureDefinition/be-ext-contrastfluiduse"},"name":"BeContrastFluidUse","description":"Whether the use of contrast fluid in diagnostic imaging can be defined as 'If necessary' or 'Not permitted.'","exampleBoolean":false,"groupingId":"-str-extension"},{"extension":[{"url":"http://hl7.org/fhir/StructureDefinition/implementationguide-page","valueUri":"ValueSet-be-vs-contrastfluid-use.html"}],"reference":{"reference":"ValueSet/be-vs-contrastfluid-use"},"name":"BeContrastFluidUse","description":"Codes to define the use of contrast fluid.","exampleBoolean":false,"groupingId":"-term-valueset"},{"extension":[{"url":"http://hl7.org/fhir/StructureDefinition/implementationguide-page","valueUri":"CodeSystem-be-vs-contrastfluid-use.html"}],"reference":{"reference":"CodeSystem/be-vs-contrastfluid-use"},"name":"BeContrastFluidUse","description":"Whether use of contrast fluid should be considered.","exampleBoolean":false,"groupingId":"-term-codesystem"},{"extension":[{"url":"http://hl7.org/fhir/StructureDefinition/implementationguide-page","valueUri":"StructureDefinition-be-co-prescriber.html"}],"reference":{"reference":"StructureDefinition/be-co-prescriber"},"name":"BeCoPrescriber","description":"Other practitioners that must take part in this prescripiton","exampleBoolean":false,"groupingId":"-str-extension"},{"extension":[{"url":"http://hl7.org/fhir/StructureDefinition/implementationguide-page","valueUri":"StructureDefinition-be-co-prescriber-info.html"}],"reference":{"reference":"StructureDefinition/be-co-prescriber-info"},"name":"BeCoPrescriberInfo","description":"Info about the other practitioners that must take part in this prescripiton","exampleBoolean":false,"groupingId":"-str-extension"},{"extension":[{"url":"http://hl7.org/fhir/StructureDefinition/implementationguide-page","valueUri":"ValueSet-be-vs-co-prescription-status.html"}],"reference":{"reference":"ValueSet/be-vs-co-prescription-status"},"name":"BeCoPrescriptionStatus","description":"This is the status of the prescription for the coprescriber","exampleBoolean":false,"groupingId":"-term-valueset"},{"extension":[{"url":"http://hl7.org/fhir/StructureDefinition/implementationguide-page","valueUri":"CodeSystem-be-cs-co-prescriber-choice.html"}],"reference":{"reference":"CodeSystem/be-cs-co-prescriber-choice"},"name":"BeCSCoPrescriberChoice","description":"Type of intended performer choice","exampleBoolean":false,"groupingId":"-term-codesystem"},{"extension":[{"url":"http://hl7.org/fhir/StructureDefinition/implementationguide-page","valueUri":"StructureDefinition-BeDiagnosticImagingPrescription.html"}],"reference":{"reference":"StructureDefinition/BeDiagnosticImagingPrescription"},"name":"BeDiagnosticImagingPrescription","description":"Logical model describing the model for the diagnostic imaging prescription. This draft is used in the HL7 Belgian workgroup for referral.","exampleBoolean":false,"groupingId":"-str-logicalmodel"},{"extension":[{"url":"http://hl7.org/fhir/StructureDefinition/implementationguide-page","valueUri":"StructureDefinition-be-ext-feedback-to-prescriber.html"}],"reference":{"reference":"StructureDefinition/be-ext-feedback-to-prescriber"},"name":"BeFeedbackToPrescriber","description":"Does the prescriber request feedback?","exampleBoolean":false,"groupingId":"-str-extension"},{"extension":[{"url":"http://hl7.org/fhir/StructureDefinition/implementationguide-page","valueUri":"StructureDefinition-be-ext-inform-party.html"}],"reference":{"reference":"StructureDefinition/be-ext-inform-party"},"name":"BeInformParty","description":"Extra parties that need to be informed of the outcome, besides the prescriber.","exampleBoolean":false,"groupingId":"-str-extension"},{"extension":[{"url":"http://hl7.org/fhir/StructureDefinition/implementationguide-page","valueUri":"StructureDefinition-BeLaboratoryPrescription.html"}],"reference":{"reference":"StructureDefinition/BeLaboratoryPrescription"},"name":"BeLaboratoryPrescription","description":"Logical model describing the model for the prescription laboratory. This draft is used in the HL7 Belgian workgroup for laboratory.","exampleBoolean":false,"groupingId":"-str-logicalmodel"},{"extension":[{"url":"http://hl7.org/fhir/StructureDefinition/implementationguide-page","valueUri":"StructureDefinition-be-lab-prescription.html"}],"reference":{"reference":"StructureDefinition/be-lab-prescription"},"name":"BeLabPrescription","description":"This is the Belgian profile for a laboratory order.","exampleBoolean":false,"groupingId":"-str-profile"},{"extension":[{"url":"http://hl7.org/fhir/StructureDefinition/implementationguide-page","valueUri":"StructureDefinition-be-ext-latest-draft-date.html"}],"reference":{"reference":"StructureDefinition/be-ext-latest-draft-date"},"name":"BeLatestDraftDate","description":"Request must leave draft status before","exampleBoolean":false,"groupingId":"-str-extension"},{"extension":[{"url":"http://hl7.org/fhir/StructureDefinition/implementationguide-page","valueUri":"StructureDefinition-be-ext-latest-end-date.html"}],"reference":{"reference":"StructureDefinition/be-ext-latest-end-date"},"name":"BeLatestEndDate","description":"Request must be performed before","exampleBoolean":false,"groupingId":"-str-extension"},{"extension":[{"url":"http://hl7.org/fhir/StructureDefinition/implementationguide-page","valueUri":"StructureDefinition-BeModelNursingPrescription.html"}],"reference":{"reference":"StructureDefinition/BeModelNursingPrescription"},"name":"BeModelNursingPrescription","exampleBoolean":false,"groupingId":"-str-logicalmodel"},{"extension":[{"url":"http://hl7.org/fhir/StructureDefinition/implementationguide-page","valueUri":"StructureDefinition-BeModelReferralPrescription.html"}],"reference":{"reference":"StructureDefinition/BeModelReferralPrescription"},"name":"BeModelReferralPrescription","description":"Logical model describing the model for the prescription referral. This draft is used in the HL7 Belgian workgroup for referral.","exampleBoolean":false,"groupingId":"-str-logicalmodel"},{"extension":[{"url":"http://hl7.org/fhir/StructureDefinition/implementationguide-page","valueUri":"StructureDefinition-BeModelReferralRequestGroup.html"}],"reference":{"reference":"StructureDefinition/BeModelReferralRequestGroup"},"name":"BeModelReferralRequestGroup","description":"Logical model describing the model for a group of referral prescriptions. This draft is used in the HL7 Belgian workgroup for referral.","exampleBoolean":false,"groupingId":"-str-logicalmodel"},{"extension":[{"url":"http://hl7.org/fhir/StructureDefinition/implementationguide-page","valueUri":"NamingSystem-be-ns-coronalertcode.html"}],"reference":{"reference":"NamingSystem/be-ns-coronalertcode"},"name":"BeNSCoronalertcode","description":"Code as generated by the Coronalert app.","exampleBoolean":false,"groupingId":"-term-namingsystem"},{"extension":[{"url":"http://hl7.org/fhir/StructureDefinition/implementationguide-page","valueUri":"NamingSystem-be-ns-specimen.html"}],"reference":{"reference":"NamingSystem/be-ns-specimen"},"name":"BeNSSpecimen","description":"National identifier for a specimen when needed.","exampleBoolean":false,"groupingId":"-term-namingsystem"},{"extension":[{"url":"http://hl7.org/fhir/StructureDefinition/implementationguide-page","valueUri":"StructureDefinition-be-ext-performer-reference.html"}],"reference":{"reference":"StructureDefinition/be-ext-performer-reference"},"name":"BePerformerReference","description":"BePerformerReference","exampleBoolean":false,"groupingId":"-str-extension"},{"extension":[{"url":"http://hl7.org/fhir/StructureDefinition/implementationguide-page","valueUri":"StructureDefinition-be-performer-task.html"}],"reference":{"reference":"StructureDefinition/be-performer-task"},"name":"BePerformerTask","description":"Subtask performed by one performer","exampleBoolean":false,"groupingId":"-str-profile"},{"extension":[{"url":"http://hl7.org/fhir/StructureDefinition/implementationguide-page","valueUri":"StructureDefinition-BePhysiotherapyPrescription.html"}],"reference":{"reference":"StructureDefinition/BePhysiotherapyPrescription"},"name":"BePhysiotherapyPrescription","exampleBoolean":false,"groupingId":"-str-logicalmodel"},{"extension":[{"url":"http://hl7.org/fhir/StructureDefinition/implementationguide-page","valueUri":"CodeSystem-be-prescription-proposal-type.html"}],"reference":{"reference":"CodeSystem/be-prescription-proposal-type"},"name":"BePrescriptionProposalType","description":"Prescription Proposal Type. Indicates the type of proposal (new or prolongation) as from the uses cases by NIHDI","exampleBoolean":false,"groupingId":"-term-codesystem"},{"extension":[{"url":"http://hl7.org/fhir/StructureDefinition/implementationguide-page","valueUri":"CodeSystem-be-prescription-status-reason.html"}],"reference":{"reference":"CodeSystem/be-prescription-status-reason"},"name":"BePrescriptionStatusReason","description":"Status reason for the prescription. Initially defined as supporting CodeSystem for the referral prescription.","exampleBoolean":false,"groupingId":"-term-codesystem"},{"extension":[{"url":"http://hl7.org/fhir/StructureDefinition/implementationguide-page","valueUri":"StructureDefinition-be-ext-proposal-type.html"}],"reference":{"reference":"StructureDefinition/be-ext-proposal-type"},"name":"BeProposalType","description":"Type of proposal","exampleBoolean":false,"groupingId":"-str-extension"},{"extension":[{"url":"http://hl7.org/fhir/StructureDefinition/implementationguide-page","valueUri":"StructureDefinition-be-ext-pss-info.html"}],"reference":{"reference":"StructureDefinition/be-ext-pss-info"},"name":"BePSSInfo","description":"Information regarding the Prescription Search Support","exampleBoolean":false,"groupingId":"-str-extension"},{"extension":[{"url":"http://hl7.org/fhir/StructureDefinition/implementationguide-page","valueUri":"ValueSet-be-vs-referral-category.html"}],"reference":{"reference":"ValueSet/be-vs-referral-category"},"name":"BeReferralCategory","description":"Codes to define the high level category for a referral prescription. SNOMED-CT codes in this valueset are just a draft proposal to give a general idea - pending an official valueset.","exampleBoolean":false,"groupingId":"-term-valueset"},{"extension":[{"url":"http://hl7.org/fhir/StructureDefinition/implementationguide-page","valueUri":"StructureDefinition-be-referralprescription.html"}],"reference":{"reference":"StructureDefinition/be-referralprescription"},"name":"BeReferralPrescription","description":"The common structure for referral prescription.","exampleBoolean":false,"groupingId":"-str-profile"},{"extension":[{"url":"http://hl7.org/fhir/StructureDefinition/implementationguide-page","valueUri":"StructureDefinition-be-referralprescription-diagnosticimaging.html"}],"reference":{"reference":"StructureDefinition/be-referralprescription-diagnosticimaging"},"name":"BeReferralPrescriptionDiagnosticImaging","description":"Referral prescription for a generic diagnostic imaging.\nPlease note in .orderDetail, a specific slicing is available to give guidance how to express acquisition modalities if needed. In future iterations of this profile, more slicing might provide additional guidance.","exampleBoolean":false,"groupingId":"-str-profile"},{"extension":[{"url":"http://hl7.org/fhir/StructureDefinition/implementationguide-page","valueUri":"StructureDefinition-be-referralprescription-nursing.html"}],"reference":{"reference":"StructureDefinition/be-referralprescription-nursing"},"name":"BeReferralPrescriptionNursing","description":"The nursing profile, generic version. Please note the nursing referral for medication does NOT depend on this generic version but is a FHIR prodfile on a different FHIR resource (MedicationRequest)","exampleBoolean":false,"groupingId":"-str-profile"},{"extension":[{"url":"http://hl7.org/fhir/StructureDefinition/implementationguide-page","valueUri":"StructureDefinition-be-referralprescription-request-group.html"}],"reference":{"reference":"StructureDefinition/be-referralprescription-request-group"},"name":"BeReferralPrescriptionRequestGroup","description":"Envelope that allows different referralprescriptions to have an order","exampleBoolean":false,"groupingId":"-str-profile"},{"extension":[{"url":"http://hl7.org/fhir/StructureDefinition/implementationguide-page","valueUri":"StructureDefinition-be-referral-task.html"}],"reference":{"reference":"StructureDefinition/be-referral-task"},"name":"BeReferralTask","description":"The task that is referred to in the referral prescription (this is the common task for the execution of the prescription). The subtasks per performer can be found in BePerformerTask","exampleBoolean":false,"groupingId":"-str-profile"},{"extension":[{"url":"http://hl7.org/fhir/StructureDefinition/implementationguide-page","valueUri":"StructureDefinition-be-ext-supporting-info.html"}],"reference":{"reference":"StructureDefinition/be-ext-supporting-info"},"name":"BeSupportingInfo","description":"Relevant clinical information in the context of this prescription concerning for example allergies, kidney function, diabetic. This extension allows the use of an Annotation or codeableConcept but when more detailed information can be given, it is RECOMMENDED to express it as structured as possible using the appropriate elements.","exampleBoolean":false,"groupingId":"-str-extension"},{"extension":[{"url":"http://hl7.org/fhir/StructureDefinition/implementationguide-page","valueUri":"CodeSystem-be-cs-temp-requested-service.html"}],"reference":{"reference":"CodeSystem/be-cs-temp-requested-service"},"name":"BeTempRequestedService","description":"Temporary codes for indicating services that can be requested from a Nurse","exampleBoolean":false,"groupingId":"-term-codesystem"},{"extension":[{"url":"http://hl7.org/fhir/StructureDefinition/implementationguide-page","valueUri":"CodeSystem-be-cs-temp-requested-service-detail.html"}],"reference":{"reference":"CodeSystem/be-cs-temp-requested-service-detail"},"name":"BeTempRequestedServiceDetail","description":"Temporary codes for indicating service details that can be requested from a Nurse","exampleBoolean":false,"groupingId":"-term-codesystem"},{"extension":[{"url":"http://hl7.org/fhir/StructureDefinition/implementationguide-page","valueUri":"CodeSystem-be-treatment-status-reason.html"}],"reference":{"reference":"CodeSystem/be-treatment-status-reason"},"name":"BeTreatmentStatusReason","description":"Status reason for the treatment. Initially defined as supporting CodeSystem for the referral prescription.","exampleBoolean":false,"groupingId":"-term-codesystem"},{"extension":[{"url":"http://hl7.org/fhir/StructureDefinition/implementationguide-page","valueUri":"NamingSystem-be-ns-uhmep.html"}],"reference":{"reference":"NamingSystem/be-ns-uhmep"},"name":"BeUnadressedHealthMessageExchangePlatform","description":"UHMEP naming system","exampleBoolean":false,"groupingId":"-term-namingsystem"},{"extension":[{"url":"http://hl7.org/fhir/StructureDefinition/implementationguide-page","valueUri":"StructureDefinition-be-ext-urgent-communication.html"}],"reference":{"reference":"StructureDefinition/be-ext-urgent-communication"},"name":"BeUrgentCommunication","description":"When there is a need to urgently communicate results of an order.","exampleBoolean":false,"groupingId":"-str-extension"},{"extension":[{"url":"http://hl7.org/fhir/StructureDefinition/implementationguide-page","valueUri":"StructureDefinition-be-ext-validity-period.html"}],"reference":{"reference":"StructureDefinition/be-ext-validity-period"},"name":"BeValidityPeriod","description":"Begin and enddate of the validity of the request","exampleBoolean":false,"groupingId":"-str-extension"},{"extension":[{"url":"http://hl7.org/fhir/StructureDefinition/implementationguide-page","valueUri":"ValueSet-be-vs-co-prescriber-choice.html"}],"reference":{"reference":"ValueSet/be-vs-co-prescriber-choice"},"name":"BeVsCoPrescriberChoice","description":"Type of intended performer choice","exampleBoolean":false,"groupingId":"-term-valueset"},{"extension":[{"url":"http://hl7.org/fhir/StructureDefinition/implementationguide-page","valueUri":"ValueSet-be-vs-performer-task-status-reason.html"}],"reference":{"reference":"ValueSet/be-vs-performer-task-status-reason"},"name":"BeVSPerformerTaskStatusReason","description":"Codes to explain the current status of a referral prescription.","exampleBoolean":false,"groupingId":"-term-valueset"},{"extension":[{"url":"http://hl7.org/fhir/StructureDefinition/implementationguide-page","valueUri":"ValueSet-be-vs-prescription-status-reason.html"}],"reference":{"reference":"ValueSet/be-vs-prescription-status-reason"},"name":"BeVSPrescriptionStatusReason","description":"This is the status reason of the prescription","exampleBoolean":false,"groupingId":"-term-valueset"},{"extension":[{"url":"http://hl7.org/fhir/StructureDefinition/implementationguide-page","valueUri":"ValueSet-be-vs-proposal-type.html"}],"reference":{"reference":"ValueSet/be-vs-proposal-type"},"name":"BeVsProposalType","description":"If the status of the request is proposal, this valueset indicates the different types of proposal","exampleBoolean":false,"groupingId":"-term-valueset"},{"extension":[{"url":"http://hl7.org/fhir/StructureDefinition/implementationguide-page","valueUri":"ValueSet-be-vs-requested-services-nurse.html"}],"reference":{"reference":"ValueSet/be-vs-requested-services-nurse"},"name":"BeVSRequestedServicesNurse","description":"Codes indicating the requests that can be asked from a nurse.","exampleBoolean":false,"groupingId":"-term-valueset"},{"extension":[{"url":"http://hl7.org/fhir/StructureDefinition/implementationguide-page","valueUri":"ValueSet-be-vs-requested-services-nurse-detail.html"}],"reference":{"reference":"ValueSet/be-vs-requested-services-nurse-detail"},"name":"BeVSRequestedServicesNurseDetail","description":"Codes indicating the request details that can be asked from a nurse.","exampleBoolean":false,"groupingId":"-term-valueset"},{"extension":[{"url":"http://hl7.org/fhir/StructureDefinition/implementationguide-page","valueUri":"ValueSet-be-vs-request-intent.html"}],"reference":{"reference":"ValueSet/be-vs-request-intent"},"name":"BeVsRequestIntent","description":"The allowed intent codes in the context of referral prescription","exampleBoolean":false,"groupingId":"-term-valueset"},{"extension":[{"url":"http://hl7.org/fhir/StructureDefinition/implementationguide-page","valueUri":"ValueSet-be-vs-request-note-type.html"}],"reference":{"reference":"ValueSet/be-vs-request-note-type"},"name":"BeVSRequestNoteType","description":"Types of notes used in a referral prescription","exampleBoolean":false,"groupingId":"-term-valueset"},{"extension":[{"url":"http://hl7.org/fhir/StructureDefinition/implementationguide-page","valueUri":"ValueSet-be-vs-treatment-status-reason.html"}],"reference":{"reference":"ValueSet/be-vs-treatment-status-reason"},"name":"BeVSTreatmentStatusReason","description":"Codes to explain the current status of a treatment in a referral prescription.","exampleBoolean":false,"groupingId":"-term-valueset"},{"extension":[{"url":"http://hl7.org/fhir/StructureDefinition/implementationguide-page","valueUri":"StructureDefinition-be-year-month-day.html"}],"reference":{"reference":"StructureDefinition/be-year-month-day"},"name":"BeYearMonthDay","description":"a datetime of length 10 or empty","exampleBoolean":false,"groupingId":"-str-datatype"},{"extension":[{"url":"http://hl7.org/fhir/StructureDefinition/implementationguide-page","valueUri":"ValueSet-be-vs-bodysite-nursing.html"}],"reference":{"reference":"ValueSet/be-vs-bodysite-nursing"},"name":"Body Site","description":"Body Site","exampleBoolean":false,"groupingId":"-term-valueset"},{"extension":[{"url":"http://hl7.org/fhir/StructureDefinition/implementationguide-page","valueUri":"Condition-condition1.html"}],"reference":{"reference":"Condition/condition1"},"name":"condition1","exampleBoolean":true,"groupingId":"-ex-example"},{"extension":[{"url":"http://hl7.org/fhir/StructureDefinition/implementationguide-page","valueUri":"ServiceRequest-diagnostic-imaging-basic-example-concreteWithDetails.html"}],"reference":{"reference":"ServiceRequest/diagnostic-imaging-basic-example-concreteWithDetails"},"name":"diagnostic-imaging-basic-example-concreteWithDetails","exampleCanonical":"https://www.ehealth.fgov.be/standards/fhir/referral/StructureDefinition/be-referralprescription-diagnosticimaging","groupingId":"-ex-example"},{"extension":[{"url":"http://hl7.org/fhir/StructureDefinition/implementationguide-page","valueUri":"ServiceRequest-diagnostic-imaging-basic-example-concreteWithText.html"}],"reference":{"reference":"ServiceRequest/diagnostic-imaging-basic-example-concreteWithText"},"name":"diagnostic-imaging-basic-example-concreteWithText","exampleCanonical":"https://www.ehealth.fgov.be/standards/fhir/referral/StructureDefinition/be-referralprescription-diagnosticimaging","groupingId":"-ex-example"},{"extension":[{"url":"http://hl7.org/fhir/StructureDefinition/implementationguide-page","valueUri":"ServiceRequest-diagnostic-imaging-basic-example-everything-contained.html"}],"reference":{"reference":"ServiceRequest/diagnostic-imaging-basic-example-everything-contained"},"name":"diagnostic-imaging-basic-example-everything-contained","exampleCanonical":"https://www.ehealth.fgov.be/standards/fhir/referral/StructureDefinition/be-referralprescription-diagnosticimaging","groupingId":"-ex-example"},{"extension":[{"url":"http://hl7.org/fhir/StructureDefinition/implementationguide-page","valueUri":"ServiceRequest-diagnostic-imaging-basic-example-useOfModality.html"}],"reference":{"reference":"ServiceRequest/diagnostic-imaging-basic-example-useOfModality"},"name":"diagnostic-imaging-basic-example-useOfModality","exampleCanonical":"https://www.ehealth.fgov.be/standards/fhir/referral/StructureDefinition/be-referralprescription-diagnosticimaging","groupingId":"-ex-example"},{"extension":[{"url":"http://hl7.org/fhir/StructureDefinition/implementationguide-page","valueUri":"ServiceRequest-example01-care02-colon-cleansing.html"}],"reference":{"reference":"ServiceRequest/example01-care02-colon-cleansing"},"name":"example01-care02-colon-cleansing","exampleCanonical":"https://www.ehealth.fgov.be/standards/fhir/referral/StructureDefinition/be-referralprescription-nursing","groupingId":"-ex-example"},{"extension":[{"url":"http://hl7.org/fhir/StructureDefinition/implementationguide-page","valueUri":"Task-example01-care02-colon-cleansing-performer-task.html"}],"reference":{"reference":"Task/example01-care02-colon-cleansing-performer-task"},"name":"example01-care02-colon-cleansing-performer-task","exampleCanonical":"https://www.ehealth.fgov.be/standards/fhir/referral/StructureDefinition/be-performer-task","groupingId":"-ex-example"},{"extension":[{"url":"http://hl7.org/fhir/StructureDefinition/implementationguide-page","valueUri":"Task-example01-care02-colon-cleansing-referral-task.html"}],"reference":{"reference":"Task/example01-care02-colon-cleansing-referral-task"},"name":"example01-care02-colon-cleansing-referral-task","exampleCanonical":"https://www.ehealth.fgov.be/standards/fhir/referral/StructureDefinition/be-referral-task","groupingId":"-ex-example"},{"extension":[{"url":"http://hl7.org/fhir/StructureDefinition/implementationguide-page","valueUri":"ServiceRequest-example02-referralprescription-nursing-digestive-system-care.html"}],"reference":{"reference":"ServiceRequest/example02-referralprescription-nursing-digestive-system-care"},"name":"example02-referralprescription-nursing-digestive-system-care","exampleCanonical":"https://www.ehealth.fgov.be/standards/fhir/referral/StructureDefinition/be-referralprescription-nursing","groupingId":"-ex-example"},{"extension":[{"url":"http://hl7.org/fhir/StructureDefinition/implementationguide-page","valueUri":"ServiceRequest-example03-referralprescription-nursing-compressiontherapy.html"}],"reference":{"reference":"ServiceRequest/example03-referralprescription-nursing-compressiontherapy"},"name":"example03-referralprescription-nursing-compressiontherapy","exampleCanonical":"https://www.ehealth.fgov.be/standards/fhir/referral/StructureDefinition/be-referralprescription-nursing","groupingId":"-ex-example"},{"extension":[{"url":"http://hl7.org/fhir/StructureDefinition/implementationguide-page","valueUri":"ServiceRequest-example04-referralprescription-nursing-bladder-care.html"}],"reference":{"reference":"ServiceRequest/example04-referralprescription-nursing-bladder-care"},"name":"example04-referralprescription-nursing-bladder-care","exampleCanonical":"https://www.ehealth.fgov.be/standards/fhir/referral/StructureDefinition/be-referralprescription-nursing","groupingId":"-ex-example"},{"extension":[{"url":"http://hl7.org/fhir/StructureDefinition/implementationguide-page","valueUri":"ServiceRequest-example05-referralprescription-nursing-digestive-system-care.html"}],"reference":{"reference":"ServiceRequest/example05-referralprescription-nursing-digestive-system-care"},"name":"example05-referralprescription-nursing-digestive-system-care","exampleCanonical":"https://www.ehealth.fgov.be/standards/fhir/referral/StructureDefinition/be-referralprescription-nursing","groupingId":"-ex-example"},{"extension":[{"url":"http://hl7.org/fhir/StructureDefinition/implementationguide-page","valueUri":"ServiceRequest-example06-referralprescription-nursing-compression-therapy.html"}],"reference":{"reference":"ServiceRequest/example06-referralprescription-nursing-compression-therapy"},"name":"example06-referralprescription-nursing-compression-therapy","exampleCanonical":"https://www.ehealth.fgov.be/standards/fhir/referral/StructureDefinition/be-referralprescription-nursing","groupingId":"-ex-example"},{"extension":[{"url":"http://hl7.org/fhir/StructureDefinition/implementationguide-page","valueUri":"ServiceRequest-example09-referralprescription-nursing-woundcare.html"}],"reference":{"reference":"ServiceRequest/example09-referralprescription-nursing-woundcare"},"name":"example09-referralprescription-nursing-woundcare","exampleCanonical":"https://www.ehealth.fgov.be/standards/fhir/referral/StructureDefinition/be-referralprescription-nursing","groupingId":"-ex-example"},{"extension":[{"url":"http://hl7.org/fhir/StructureDefinition/implementationguide-page","valueUri":"ServiceRequest-example12-referralprescription-nursing-annex81.html"}],"reference":{"reference":"ServiceRequest/example12-referralprescription-nursing-annex81"},"name":"example12-referralprescription-nursing-annex81","exampleCanonical":"https://www.ehealth.fgov.be/standards/fhir/referral/StructureDefinition/be-referralprescription-nursing","groupingId":"-ex-example"},{"extension":[{"url":"http://hl7.org/fhir/StructureDefinition/implementationguide-page","valueUri":"ServiceRequest-example16-referralprescription-nursing-bladder-care.html"}],"reference":{"reference":"ServiceRequest/example16-referralprescription-nursing-bladder-care"},"name":"example16-referralprescription-nursing-bladder-care","exampleCanonical":"https://www.ehealth.fgov.be/standards/fhir/referral/StructureDefinition/be-referralprescription-nursing","groupingId":"-ex-example"},{"extension":[{"url":"http://hl7.org/fhir/StructureDefinition/implementationguide-page","valueUri":"ServiceRequest-example24-referralprescription-nursing-non-reimbursable.html"}],"reference":{"reference":"ServiceRequest/example24-referralprescription-nursing-non-reimbursable"},"name":"example24-referralprescription-nursing-non-reimbursable","exampleCanonical":"https://www.ehealth.fgov.be/standards/fhir/referral/StructureDefinition/be-referralprescription-nursing","groupingId":"-ex-example"},{"extension":[{"url":"http://hl7.org/fhir/StructureDefinition/implementationguide-page","valueUri":"ServiceRequest-example26-referralprescription-nursing-other.html"}],"reference":{"reference":"ServiceRequest/example26-referralprescription-nursing-other"},"name":"example26-referralprescription-nursing-other","exampleCanonical":"https://www.ehealth.fgov.be/standards/fhir/referral/StructureDefinition/be-referralprescription-nursing","groupingId":"-ex-example"},{"extension":[{"url":"http://hl7.org/fhir/StructureDefinition/implementationguide-page","valueUri":"ServiceRequest-example32-referralprescription-nursing-chronical-psychiatric.html"}],"reference":{"reference":"ServiceRequest/example32-referralprescription-nursing-chronical-psychiatric"},"name":"example32-referralprescription-nursing-chronical-psychiatric","exampleCanonical":"https://www.ehealth.fgov.be/standards/fhir/referral/StructureDefinition/be-referralprescription-nursing","groupingId":"-ex-example"},{"extension":[{"url":"http://hl7.org/fhir/StructureDefinition/implementationguide-page","valueUri":"CarePlan-gpvisit.html"}],"reference":{"reference":"CarePlan/gpvisit"},"name":"gpvisit","exampleBoolean":true,"groupingId":"-ex-example"},{"extension":[{"url":"http://hl7.org/fhir/StructureDefinition/implementationguide-page","valueUri":"ServiceRequest-laboratory-order-example1.html"}],"reference":{"reference":"ServiceRequest/laboratory-order-example1"},"name":"laboratory-order-example1","exampleCanonical":"https://www.ehealth.fgov.be/standards/fhir/referral/StructureDefinition/be-lab-prescription","groupingId":"-ex-example"},{"extension":[{"url":"http://hl7.org/fhir/StructureDefinition/implementationguide-page","valueUri":"Patient-patient1.html"}],"reference":{"reference":"Patient/patient1"},"name":"patient1","exampleBoolean":true,"groupingId":"-ex-example"},{"extension":[{"url":"http://hl7.org/fhir/StructureDefinition/implementationguide-page","valueUri":"Task-performer-task.html"}],"reference":{"reference":"Task/performer-task"},"name":"performer-task","exampleCanonical":"https://www.ehealth.fgov.be/standards/fhir/referral/StructureDefinition/be-performer-task","groupingId":"-ex-example"},{"extension":[{"url":"http://hl7.org/fhir/StructureDefinition/implementationguide-page","valueUri":"Task-performer-task-1-uc2a-1.html"}],"reference":{"reference":"Task/performer-task-1-uc2a-1"},"name":"performer-task-1-uc2a-1","exampleCanonical":"https://www.ehealth.fgov.be/standards/fhir/referral/StructureDefinition/be-performer-task","groupingId":"-ex-example"},{"extension":[{"url":"http://hl7.org/fhir/StructureDefinition/implementationguide-page","valueUri":"Task-performer-task-1-uc5a-1.html"}],"reference":{"reference":"Task/performer-task-1-uc5a-1"},"name":"performer-task-1-uc5a-1","exampleCanonical":"https://www.ehealth.fgov.be/standards/fhir/referral/StructureDefinition/be-performer-task","groupingId":"-ex-example"},{"extension":[{"url":"http://hl7.org/fhir/StructureDefinition/implementationguide-page","valueUri":"Task-performer-task-2-uc2a-1.html"}],"reference":{"reference":"Task/performer-task-2-uc2a-1"},"name":"performer-task-2-uc2a-1","exampleCanonical":"https://www.ehealth.fgov.be/standards/fhir/referral/StructureDefinition/be-performer-task","groupingId":"-ex-example"},{"extension":[{"url":"http://hl7.org/fhir/StructureDefinition/implementationguide-page","valueUri":"Practitioner-Performer1.html"}],"reference":{"reference":"Practitioner/Performer1"},"name":"Performer1","exampleBoolean":true,"groupingId":"-ex-example"},{"extension":[{"url":"http://hl7.org/fhir/StructureDefinition/implementationguide-page","valueUri":"Practitioner-practitioner1.html"}],"reference":{"reference":"Practitioner/practitioner1"},"name":"practitioner1","exampleBoolean":true,"groupingId":"-ex-example"},{"extension":[{"url":"http://hl7.org/fhir/StructureDefinition/implementationguide-page","valueUri":"Practitioner-practitioner2.html"}],"reference":{"reference":"Practitioner/practitioner2"},"name":"practitioner2","exampleBoolean":true,"groupingId":"-ex-example"},{"extension":[{"url":"http://hl7.org/fhir/StructureDefinition/implementationguide-page","valueUri":"PractitionerRole-practitionerrole1.html"}],"reference":{"reference":"PractitionerRole/practitionerrole1"},"name":"practitionerrole1","exampleBoolean":true,"groupingId":"-ex-example"},{"extension":[{"url":"http://hl7.org/fhir/StructureDefinition/implementationguide-page","valueUri":"Task-referral-task.html"}],"reference":{"reference":"Task/referral-task"},"name":"referral-task","exampleCanonical":"https://www.ehealth.fgov.be/standards/fhir/referral/StructureDefinition/be-referral-task","groupingId":"-ex-example"},{"extension":[{"url":"http://hl7.org/fhir/StructureDefinition/implementationguide-page","valueUri":"Task-referral-task-uc2a-1.html"}],"reference":{"reference":"Task/referral-task-uc2a-1"},"name":"referral-task-uc2a-1","exampleCanonical":"https://www.ehealth.fgov.be/standards/fhir/referral/StructureDefinition/be-referral-task","groupingId":"-ex-example"},{"extension":[{"url":"http://hl7.org/fhir/StructureDefinition/implementationguide-page","valueUri":"Task-referral-task-uc5a-1.html"}],"reference":{"reference":"Task/referral-task-uc5a-1"},"name":"referral-task-uc5a-1","exampleCanonical":"https://www.ehealth.fgov.be/standards/fhir/referral/StructureDefinition/be-referral-task","groupingId":"-ex-example"},{"extension":[{"url":"http://hl7.org/fhir/StructureDefinition/implementationguide-page","valueUri":"ServiceRequest-referralprescription-nursing-example2-digestive-system-care.html"}],"reference":{"reference":"ServiceRequest/referralprescription-nursing-example2-digestive-system-care"},"name":"referralprescription-nursing-example2-digestive-system-care","exampleCanonical":"https://www.ehealth.fgov.be/standards/fhir/referral/StructureDefinition/be-referralprescription-nursing","groupingId":"-ex-example"},{"extension":[{"url":"http://hl7.org/fhir/StructureDefinition/implementationguide-page","valueUri":"ServiceRequest-referralprescription-nursing-example3-compression-therapy.html"}],"reference":{"reference":"ServiceRequest/referralprescription-nursing-example3-compression-therapy"},"name":"referralprescription-nursing-example3-compression-therapy","exampleCanonical":"https://www.ehealth.fgov.be/standards/fhir/referral/StructureDefinition/be-referralprescription-nursing","groupingId":"-ex-example"},{"extension":[{"url":"http://hl7.org/fhir/StructureDefinition/implementationguide-page","valueUri":"ServiceRequest-referralprescription-nursing-example5-digestive-system-care.html"}],"reference":{"reference":"ServiceRequest/referralprescription-nursing-example5-digestive-system-care"},"name":"referralprescription-nursing-example5-digestive-system-care","exampleCanonical":"https://www.ehealth.fgov.be/standards/fhir/referral/StructureDefinition/be-referralprescription-nursing","groupingId":"-ex-example"},{"extension":[{"url":"http://hl7.org/fhir/StructureDefinition/implementationguide-page","valueUri":"ServiceRequest-referralprescription-nursing-example6-compression-therapy.html"}],"reference":{"reference":"ServiceRequest/referralprescription-nursing-example6-compression-therapy"},"name":"referralprescription-nursing-example6-compression-therapy","exampleCanonical":"https://www.ehealth.fgov.be/standards/fhir/referral/StructureDefinition/be-referralprescription-nursing","groupingId":"-ex-example"},{"extension":[{"url":"http://hl7.org/fhir/StructureDefinition/implementationguide-page","valueUri":"Practitioner-Requester1.html"}],"reference":{"reference":"Practitioner/Requester1"},"name":"Requester1","exampleBoolean":true,"groupingId":"-ex-example"},{"extension":[{"url":"http://hl7.org/fhir/StructureDefinition/implementationguide-page","valueUri":"PractitionerRole-requesterrole1.html"}],"reference":{"reference":"PractitionerRole/requesterrole1"},"name":"requesterrole1","exampleBoolean":true,"groupingId":"-ex-example"},{"extension":[{"url":"http://hl7.org/fhir/StructureDefinition/implementationguide-page","valueUri":"Parameters-terminology-expansion.html"}],"reference":{"reference":"Parameters/terminology-expansion"},"name":"terminology-expansion","exampleBoolean":true,"groupingId":"-ex-example"},{"extension":[{"url":"http://hl7.org/fhir/StructureDefinition/implementationguide-page","valueUri":"RequestGroup-uc2a.html"}],"reference":{"reference":"RequestGroup/uc2a"},"name":"uc2a","exampleCanonical":"https://www.ehealth.fgov.be/standards/fhir/referral/StructureDefinition/be-referralprescription-request-group","groupingId":"-ex-example"},{"extension":[{"url":"http://hl7.org/fhir/StructureDefinition/implementationguide-page","valueUri":"ServiceRequest-uc2a-1.html"}],"reference":{"reference":"ServiceRequest/uc2a-1"},"name":"uc2a-1","exampleCanonical":"https://www.ehealth.fgov.be/standards/fhir/referral/StructureDefinition/be-referralprescription-nursing","groupingId":"-ex-example"},{"extension":[{"url":"http://hl7.org/fhir/StructureDefinition/implementationguide-page","valueUri":"ServiceRequest-uc2a-2.html"}],"reference":{"reference":"ServiceRequest/uc2a-2"},"name":"uc2a-2","exampleCanonical":"https://www.ehealth.fgov.be/standards/fhir/referral/StructureDefinition/be-referralprescription-nursing","groupingId":"-ex-example"},{"extension":[{"url":"http://hl7.org/fhir/StructureDefinition/implementationguide-page","valueUri":"ServiceRequest-uc2a-3.html"}],"reference":{"reference":"ServiceRequest/uc2a-3"},"name":"uc2a-3","exampleCanonical":"https://www.ehealth.fgov.be/standards/fhir/referral/StructureDefinition/be-referralprescription-nursing","groupingId":"-ex-example"},{"extension":[{"url":"http://hl7.org/fhir/StructureDefinition/implementationguide-page","valueUri":"ServiceRequest-uc5a-1.html"}],"reference":{"reference":"ServiceRequest/uc5a-1"},"name":"uc5a-1","exampleCanonical":"https://www.ehealth.fgov.be/standards/fhir/referral/StructureDefinition/be-referralprescription-nursing","groupingId":"-ex-example"},{"extension":[{"url":"http://hl7.org/fhir/StructureDefinition/implementationguide-page","valueUri":"ServiceRequest-ucgh211-1.html"}],"reference":{"reference":"ServiceRequest/ucgh211-1"},"name":"ucgh211-1","exampleCanonical":"https://www.ehealth.fgov.be/standards/fhir/referral/StructureDefinition/be-referralprescription-nursing","groupingId":"-ex-example"},{"extension":[{"url":"http://hl7.org/fhir/StructureDefinition/implementationguide-page","valueUri":"ServiceRequest-ucgh222p12-1.html"}],"reference":{"reference":"ServiceRequest/ucgh222p12-1"},"name":"ucgh222p12-1","exampleCanonical":"https://www.ehealth.fgov.be/standards/fhir/referral/StructureDefinition/be-referralprescription-nursing","groupingId":"-ex-example"},{"extension":[{"url":"http://hl7.org/fhir/StructureDefinition/implementationguide-page","valueUri":"PractitionerRole-ucgh222p12-1-1.html"}],"reference":{"reference":"PractitionerRole/ucgh222p12-1-1"},"name":"ucgh222p12-1-1","exampleBoolean":true,"groupingId":"-ex-example"},{"extension":[{"url":"http://hl7.org/fhir/StructureDefinition/implementationguide-page","valueUri":"ServiceRequest-ucgh222p12-2.html"}],"reference":{"reference":"ServiceRequest/ucgh222p12-2"},"name":"ucgh222p12-2","exampleCanonical":"https://www.ehealth.fgov.be/standards/fhir/referral/StructureDefinition/be-referralprescription-nursing","groupingId":"-ex-example"},{"extension":[{"url":"http://hl7.org/fhir/StructureDefinition/implementationguide-page","valueUri":"ServiceRequest-ucgh222p12-3.html"}],"reference":{"reference":"ServiceRequest/ucgh222p12-3"},"name":"ucgh222p12-3","exampleCanonical":"https://www.ehealth.fgov.be/standards/fhir/referral/StructureDefinition/be-referralprescription-nursing","groupingId":"-ex-example"},{"extension":[{"url":"http://hl7.org/fhir/StructureDefinition/implementationguide-page","valueUri":"RequestGroup-ucgh222p13.html"}],"reference":{"reference":"RequestGroup/ucgh222p13"},"name":"ucgh222p13","exampleCanonical":"https://www.ehealth.fgov.be/standards/fhir/referral/StructureDefinition/be-referralprescription-request-group","groupingId":"-ex-example"},{"extension":[{"url":"http://hl7.org/fhir/StructureDefinition/implementationguide-page","valueUri":"ServiceRequest-ucgh222p13-1.html"}],"reference":{"reference":"ServiceRequest/ucgh222p13-1"},"name":"ucgh222p13-1","exampleCanonical":"https://www.ehealth.fgov.be/standards/fhir/referral/StructureDefinition/be-referralprescription-nursing","groupingId":"-ex-example"},{"extension":[{"url":"http://hl7.org/fhir/StructureDefinition/implementationguide-page","valueUri":"PractitionerRole-ucgh222p13-1-1.html"}],"reference":{"reference":"PractitionerRole/ucgh222p13-1-1"},"name":"ucgh222p13-1-1","exampleBoolean":true,"groupingId":"-ex-example"},{"extension":[{"url":"http://hl7.org/fhir/StructureDefinition/implementationguide-page","valueUri":"ServiceRequest-ucgh222p13-2.html"}],"reference":{"reference":"ServiceRequest/ucgh222p13-2"},"name":"ucgh222p13-2","exampleCanonical":"https://www.ehealth.fgov.be/standards/fhir/referral/StructureDefinition/be-referralprescription-nursing","groupingId":"-ex-example"},{"extension":[{"url":"http://hl7.org/fhir/StructureDefinition/implementationguide-page","valueUri":"ServiceRequest-ucgh241p110-1.html"}],"reference":{"reference":"ServiceRequest/ucgh241p110-1"},"name":"ucgh241p110-1","exampleCanonical":"https://www.ehealth.fgov.be/standards/fhir/referral/StructureDefinition/be-referralprescription-nursing","groupingId":"-ex-example"},{"extension":[{"url":"http://hl7.org/fhir/StructureDefinition/implementationguide-page","valueUri":"PractitionerRole-ucgh241p110-1-1.html"}],"reference":{"reference":"PractitionerRole/ucgh241p110-1-1"},"name":"ucgh241p110-1-1","exampleBoolean":true,"groupingId":"-ex-example"},{"extension":[{"url":"http://hl7.org/fhir/StructureDefinition/implementationguide-page","valueUri":"ServiceRequest-ucgh241p111-1.html"}],"reference":{"reference":"ServiceRequest/ucgh241p111-1"},"name":"ucgh241p111-1","exampleCanonical":"https://www.ehealth.fgov.be/standards/fhir/referral/StructureDefinition/be-referralprescription-nursing","groupingId":"-ex-example"},{"extension":[{"url":"http://hl7.org/fhir/StructureDefinition/implementationguide-page","valueUri":"PractitionerRole-ucgh241p111-1-1.html"}],"reference":{"reference":"PractitionerRole/ucgh241p111-1-1"},"name":"ucgh241p111-1-1","exampleBoolean":true,"groupingId":"-ex-example"},{"extension":[{"url":"http://hl7.org/fhir/StructureDefinition/implementationguide-page","valueUri":"ServiceRequest-ucgh241p15-1.html"}],"reference":{"reference":"ServiceRequest/ucgh241p15-1"},"name":"ucgh241p15-1","exampleCanonical":"https://www.ehealth.fgov.be/standards/fhir/referral/StructureDefinition/be-referralprescription-nursing","groupingId":"-ex-example"},{"extension":[{"url":"http://hl7.org/fhir/StructureDefinition/implementationguide-page","valueUri":"PractitionerRole-ucgh241p15-1-1.html"}],"reference":{"reference":"PractitionerRole/ucgh241p15-1-1"},"name":"ucgh241p15-1-1","exampleBoolean":true,"groupingId":"-ex-example"},{"extension":[{"url":"http://hl7.org/fhir/StructureDefinition/implementationguide-page","valueUri":"ServiceRequest-ucgh241p16-1.html"}],"reference":{"reference":"ServiceRequest/ucgh241p16-1"},"name":"ucgh241p16-1","exampleCanonical":"https://www.ehealth.fgov.be/standards/fhir/referral/StructureDefinition/be-referralprescription-nursing","groupingId":"-ex-example"},{"extension":[{"url":"http://hl7.org/fhir/StructureDefinition/implementationguide-page","valueUri":"PractitionerRole-ucgh241p16-1-1.html"}],"reference":{"reference":"PractitionerRole/ucgh241p16-1-1"},"name":"ucgh241p16-1-1","exampleBoolean":true,"groupingId":"-ex-example"},{"extension":[{"url":"http://hl7.org/fhir/StructureDefinition/implementationguide-page","valueUri":"ServiceRequest-ucgh241p17-1.html"}],"reference":{"reference":"ServiceRequest/ucgh241p17-1"},"name":"ucgh241p17-1","exampleCanonical":"https://www.ehealth.fgov.be/standards/fhir/referral/StructureDefinition/be-referralprescription-nursing","groupingId":"-ex-example"},{"extension":[{"url":"http://hl7.org/fhir/StructureDefinition/implementationguide-page","valueUri":"PractitionerRole-ucgh241p17-1-1.html"}],"reference":{"reference":"PractitionerRole/ucgh241p17-1-1"},"name":"ucgh241p17-1-1","exampleBoolean":true,"groupingId":"-ex-example"},{"extension":[{"url":"http://hl7.org/fhir/StructureDefinition/implementationguide-page","valueUri":"ServiceRequest-ucgh241p18-1.html"}],"reference":{"reference":"ServiceRequest/ucgh241p18-1"},"name":"ucgh241p18-1","exampleCanonical":"https://www.ehealth.fgov.be/standards/fhir/referral/StructureDefinition/be-referralprescription-nursing","groupingId":"-ex-example"},{"extension":[{"url":"http://hl7.org/fhir/StructureDefinition/implementationguide-page","valueUri":"PractitionerRole-ucgh241p18-1-1.html"}],"reference":{"reference":"PractitionerRole/ucgh241p18-1-1"},"name":"ucgh241p18-1-1","exampleBoolean":true,"groupingId":"-ex-example"},{"extension":[{"url":"http://hl7.org/fhir/StructureDefinition/implementationguide-page","valueUri":"ServiceRequest-ucgh241p19-1.html"}],"reference":{"reference":"ServiceRequest/ucgh241p19-1"},"name":"ucgh241p19-1","exampleCanonical":"https://www.ehealth.fgov.be/standards/fhir/referral/StructureDefinition/be-referralprescription-nursing","groupingId":"-ex-example"},{"extension":[{"url":"http://hl7.org/fhir/StructureDefinition/implementationguide-page","valueUri":"PractitionerRole-ucgh241p19-1-1.html"}],"reference":{"reference":"PractitionerRole/ucgh241p19-1-1"},"name":"ucgh241p19-1-1","exampleBoolean":true,"groupingId":"-ex-example"},{"extension":[{"url":"http://hl7.org/fhir/StructureDefinition/implementationguide-page","valueUri":"StructureMap-be-map-model-referral-prescription.html"}],"reference":{"reference":"StructureMap/be-map-model-referral-prescription"},"groupingId":"-map-structuremap"}],"page":{"extension":[{"url":"http://hl7.org/fhir/tools/StructureDefinition/ig-page-name","valueUrl":"toc.html"}],"nameUrl":"toc.html","title":"Table of Contents","generation":"html","page":[{"extension":[{"url":"http://hl7.org/fhir/tools/StructureDefinition/ig-page-name","valueUrl":"index.html"}],"nameUrl":"index.html","title":"Home","generation":"html"},{"extension":[{"url":"http://hl7.org/fhir/tools/StructureDefinition/ig-page-name","valueUrl":"guidance.html"}],"nameUrl":"guidance.html","title":"Guidance","generation":"markdown"},{"extension":[{"url":"http://hl7.org/fhir/tools/StructureDefinition/ig-page-name","valueUrl":"changes.html"}],"nameUrl":"changes.html","title":"Changes","generation":"markdown"},{"extension":[{"url":"http://hl7.org/fhir/tools/StructureDefinition/ig-page-name","valueUrl":"downloads.html"}],"nameUrl":"downloads.html","title":"Downloads","generation":"html"},{"extension":[{"url":"http://hl7.org/fhir/tools/StructureDefinition/ig-page-name","valueUrl":"mapping.html"}],"nameUrl":"mapping.html","title":"Mapping","generation":"markdown"},{"extension":[{"url":"http://hl7.org/fhir/tools/StructureDefinition/ig-page-name","valueUrl":"artifacts.html"}],"nameUrl":"artifacts.html","title":"Artifacts Summary","generation":"html","page":[{"extension":[{"url":"http://hl7.org/fhir/tools/StructureDefinition/ig-page-name","valueUrl":"OperationDefinition-be-op-cancel.html"}],"nameUrl":"OperationDefinition-be-op-cancel.html","title":"be-op-cancel","generation":"generated"},{"extension":[{"url":"http://hl7.org/fhir/tools/StructureDefinition/ig-page-name","valueUrl":"StructureDefinition-BeDiagnosticImagingPrescription.html"}],"nameUrl":"StructureDefinition-BeDiagnosticImagingPrescription.html","title":"BeDiagnosticImagingPrescription","generation":"generated"},{"extension":[{"url":"http://hl7.org/fhir/tools/StructureDefinition/ig-page-name","valueUrl":"StructureDefinition-BeLaboratoryPrescription.html"}],"nameUrl":"StructureDefinition-BeLaboratoryPrescription.html","title":"BeLaboratoryPrescription","generation":"generated"},{"extension":[{"url":"http://hl7.org/fhir/tools/StructureDefinition/ig-page-name","valueUrl":"StructureDefinition-BeModelNursingPrescription.html"}],"nameUrl":"StructureDefinition-BeModelNursingPrescription.html","title":"BeModelNursingPrescription","generation":"generated"},{"extension":[{"url":"http://hl7.org/fhir/tools/StructureDefinition/ig-page-name","valueUrl":"StructureDefinition-BeModelReferralPrescription.html"}],"nameUrl":"StructureDefinition-BeModelReferralPrescription.html","title":"BeModelReferralPrescription","generation":"generated"},{"extension":[{"url":"http://hl7.org/fhir/tools/StructureDefinition/ig-page-name","valueUrl":"StructureDefinition-BeModelReferralRequestGroup.html"}],"nameUrl":"StructureDefinition-BeModelReferralRequestGroup.html","title":"BeModelReferralRequestGroup","generation":"generated"},{"extension":[{"url":"http://hl7.org/fhir/tools/StructureDefinition/ig-page-name","valueUrl":"StructureDefinition-BePhysiotherapyPrescription.html"}],"nameUrl":"StructureDefinition-BePhysiotherapyPrescription.html","title":"BePhysiotherapyPrescription","generation":"generated"},{"extension":[{"url":"http://hl7.org/fhir/tools/StructureDefinition/ig-page-name","valueUrl":"StructureDefinition-be-lab-prescription.html"}],"nameUrl":"StructureDefinition-be-lab-prescription.html","title":"BeLabPrescription","generation":"generated"},{"extension":[{"url":"http://hl7.org/fhir/tools/StructureDefinition/ig-page-name","valueUrl":"StructureDefinition-be-performer-task.html"}],"nameUrl":"StructureDefinition-be-performer-task.html","title":"BePerformerTask","generation":"generated"},{"extension":[{"url":"http://hl7.org/fhir/tools/StructureDefinition/ig-page-name","valueUrl":"StructureDefinition-be-referralprescription.html"}],"nameUrl":"StructureDefinition-be-referralprescription.html","title":"BeReferralPrescription","generation":"generated"},{"extension":[{"url":"http://hl7.org/fhir/tools/StructureDefinition/ig-page-name","valueUrl":"StructureDefinition-be-referralprescription-diagnosticimaging.html"}],"nameUrl":"StructureDefinition-be-referralprescription-diagnosticimaging.html","title":"BeReferralPrescriptionDiagnosticImaging","generation":"generated"},{"extension":[{"url":"http://hl7.org/fhir/tools/StructureDefinition/ig-page-name","valueUrl":"StructureDefinition-be-referralprescription-nursing.html"}],"nameUrl":"StructureDefinition-be-referralprescription-nursing.html","title":"BeReferralPrescriptionNursing","generation":"generated"},{"extension":[{"url":"http://hl7.org/fhir/tools/StructureDefinition/ig-page-name","valueUrl":"StructureDefinition-be-referralprescription-request-group.html"}],"nameUrl":"StructureDefinition-be-referralprescription-request-group.html","title":"BeReferralPrescriptionRequestGroup","generation":"generated"},{"extension":[{"url":"http://hl7.org/fhir/tools/StructureDefinition/ig-page-name","valueUrl":"StructureDefinition-be-referral-task.html"}],"nameUrl":"StructureDefinition-be-referral-task.html","title":"BeReferralTask","generation":"generated"},{"extension":[{"url":"http://hl7.org/fhir/tools/StructureDefinition/ig-page-name","valueUrl":"StructureDefinition-be-contained-or-logical-reference.html"}],"nameUrl":"StructureDefinition-be-contained-or-logical-reference.html","title":"BeContainedOrLogicalReference","generation":"generated"},{"extension":[{"url":"http://hl7.org/fhir/tools/StructureDefinition/ig-page-name","valueUrl":"StructureDefinition-be-year-month-day.html"}],"nameUrl":"StructureDefinition-be-year-month-day.html","title":"BeYearMonthDay","generation":"generated"},{"extension":[{"url":"http://hl7.org/fhir/tools/StructureDefinition/ig-page-name","valueUrl":"StructureDefinition-be-ext-contraindication.html"}],"nameUrl":"StructureDefinition-be-ext-contraindication.html","title":"BeContraindication","generation":"generated"},{"extension":[{"url":"http://hl7.org/fhir/tools/StructureDefinition/ig-page-name","valueUrl":"StructureDefinition-be-ext-contrastfluiduse.html"}],"nameUrl":"StructureDefinition-be-ext-contrastfluiduse.html","title":"BeContrastFluidUse","generation":"generated"},{"extension":[{"url":"http://hl7.org/fhir/tools/StructureDefinition/ig-page-name","valueUrl":"StructureDefinition-be-co-prescriber.html"}],"nameUrl":"StructureDefinition-be-co-prescriber.html","title":"BeCoPrescriber","generation":"generated"},{"extension":[{"url":"http://hl7.org/fhir/tools/StructureDefinition/ig-page-name","valueUrl":"StructureDefinition-be-co-prescriber-info.html"}],"nameUrl":"StructureDefinition-be-co-prescriber-info.html","title":"BeCoPrescriberInfo","generation":"generated"},{"extension":[{"url":"http://hl7.org/fhir/tools/StructureDefinition/ig-page-name","valueUrl":"StructureDefinition-be-ext-feedback-to-prescriber.html"}],"nameUrl":"StructureDefinition-be-ext-feedback-to-prescriber.html","title":"BeFeedbackToPrescriber","generation":"generated"},{"extension":[{"url":"http://hl7.org/fhir/tools/StructureDefinition/ig-page-name","valueUrl":"StructureDefinition-be-ext-inform-party.html"}],"nameUrl":"StructureDefinition-be-ext-inform-party.html","title":"BeInformParty","generation":"generated"},{"extension":[{"url":"http://hl7.org/fhir/tools/StructureDefinition/ig-page-name","valueUrl":"StructureDefinition-be-ext-latest-draft-date.html"}],"nameUrl":"StructureDefinition-be-ext-latest-draft-date.html","title":"BeLatestDraftDate","generation":"generated"},{"extension":[{"url":"http://hl7.org/fhir/tools/StructureDefinition/ig-page-name","valueUrl":"StructureDefinition-be-ext-latest-end-date.html"}],"nameUrl":"StructureDefinition-be-ext-latest-end-date.html","title":"BeLatestEndDate","generation":"generated"},{"extension":[{"url":"http://hl7.org/fhir/tools/StructureDefinition/ig-page-name","valueUrl":"StructureDefinition-be-ext-performer-reference.html"}],"nameUrl":"StructureDefinition-be-ext-performer-reference.html","title":"BePerformerReference","generation":"generated"},{"extension":[{"url":"http://hl7.org/fhir/tools/StructureDefinition/ig-page-name","valueUrl":"StructureDefinition-be-ext-proposal-type.html"}],"nameUrl":"StructureDefinition-be-ext-proposal-type.html","title":"BeProposalType","generation":"generated"},{"extension":[{"url":"http://hl7.org/fhir/tools/StructureDefinition/ig-page-name","valueUrl":"StructureDefinition-be-ext-pss-info.html"}],"nameUrl":"StructureDefinition-be-ext-pss-info.html","title":"BePSSInfo","generation":"generated"},{"extension":[{"url":"http://hl7.org/fhir/tools/StructureDefinition/ig-page-name","valueUrl":"StructureDefinition-be-ext-supporting-info.html"}],"nameUrl":"StructureDefinition-be-ext-supporting-info.html","title":"BeSupportingInfo","generation":"generated"},{"extension":[{"url":"http://hl7.org/fhir/tools/StructureDefinition/ig-page-name","valueUrl":"StructureDefinition-be-ext-urgent-communication.html"}],"nameUrl":"StructureDefinition-be-ext-urgent-communication.html","title":"BeUrgentCommunication","generation":"generated"},{"extension":[{"url":"http://hl7.org/fhir/tools/StructureDefinition/ig-page-name","valueUrl":"StructureDefinition-be-ext-validity-period.html"}],"nameUrl":"StructureDefinition-be-ext-validity-period.html","title":"BeValidityPeriod","generation":"generated"},{"extension":[{"url":"http://hl7.org/fhir/tools/StructureDefinition/ig-page-name","valueUrl":"ValueSet-be-vs-communication-method.html"}],"nameUrl":"ValueSet-be-vs-communication-method.html","title":"BeCommunicationMethod","generation":"generated"},{"extension":[{"url":"http://hl7.org/fhir/tools/StructureDefinition/ig-page-name","valueUrl":"ValueSet-be-vs-contrastfluid-use.html"}],"nameUrl":"ValueSet-be-vs-contrastfluid-use.html","title":"BeContrastFluidUse","generation":"generated"},{"extension":[{"url":"http://hl7.org/fhir/tools/StructureDefinition/ig-page-name","valueUrl":"ValueSet-be-vs-co-prescription-status.html"}],"nameUrl":"ValueSet-be-vs-co-prescription-status.html","title":"BeCoPrescriptionStatus","generation":"generated"},{"extension":[{"url":"http://hl7.org/fhir/tools/StructureDefinition/ig-page-name","valueUrl":"ValueSet-be-vs-referral-category.html"}],"nameUrl":"ValueSet-be-vs-referral-category.html","title":"BeReferralCategory","generation":"generated"},{"extension":[{"url":"http://hl7.org/fhir/tools/StructureDefinition/ig-page-name","valueUrl":"ValueSet-be-vs-co-prescriber-choice.html"}],"nameUrl":"ValueSet-be-vs-co-prescriber-choice.html","title":"BeVsCoPrescriberChoice","generation":"generated"},{"extension":[{"url":"http://hl7.org/fhir/tools/StructureDefinition/ig-page-name","valueUrl":"ValueSet-be-vs-performer-task-status-reason.html"}],"nameUrl":"ValueSet-be-vs-performer-task-status-reason.html","title":"BeVSPerformerTaskStatusReason","generation":"generated"},{"extension":[{"url":"http://hl7.org/fhir/tools/StructureDefinition/ig-page-name","valueUrl":"ValueSet-be-vs-prescription-status-reason.html"}],"nameUrl":"ValueSet-be-vs-prescription-status-reason.html","title":"BeVSPrescriptionStatusReason","generation":"generated"},{"extension":[{"url":"http://hl7.org/fhir/tools/StructureDefinition/ig-page-name","valueUrl":"ValueSet-be-vs-proposal-type.html"}],"nameUrl":"ValueSet-be-vs-proposal-type.html","title":"BeVsProposalType","generation":"generated"},{"extension":[{"url":"http://hl7.org/fhir/tools/StructureDefinition/ig-page-name","valueUrl":"ValueSet-be-vs-requested-services-nurse.html"}],"nameUrl":"ValueSet-be-vs-requested-services-nurse.html","title":"BeVSRequestedServicesNurse","generation":"generated"},{"extension":[{"url":"http://hl7.org/fhir/tools/StructureDefinition/ig-page-name","valueUrl":"ValueSet-be-vs-requested-services-nurse-detail.html"}],"nameUrl":"ValueSet-be-vs-requested-services-nurse-detail.html","title":"BeVSRequestedServicesNurseDetail","generation":"generated"},{"extension":[{"url":"http://hl7.org/fhir/tools/StructureDefinition/ig-page-name","valueUrl":"ValueSet-be-vs-request-intent.html"}],"nameUrl":"ValueSet-be-vs-request-intent.html","title":"BeVsRequestIntent","generation":"generated"},{"extension":[{"url":"http://hl7.org/fhir/tools/StructureDefinition/ig-page-name","valueUrl":"ValueSet-be-vs-request-note-type.html"}],"nameUrl":"ValueSet-be-vs-request-note-type.html","title":"BeVSRequestNoteType","generation":"generated"},{"extension":[{"url":"http://hl7.org/fhir/tools/StructureDefinition/ig-page-name","valueUrl":"ValueSet-be-vs-treatment-status-reason.html"}],"nameUrl":"ValueSet-be-vs-treatment-status-reason.html","title":"BeVSTreatmentStatusReason","generation":"generated"},{"extension":[{"url":"http://hl7.org/fhir/tools/StructureDefinition/ig-page-name","valueUrl":"ValueSet-be-vs-bodysite-nursing.html"}],"nameUrl":"ValueSet-be-vs-bodysite-nursing.html","title":"Body Site","generation":"generated"},{"extension":[{"url":"http://hl7.org/fhir/tools/StructureDefinition/ig-page-name","valueUrl":"CodeSystem-be-communication-code.html"}],"nameUrl":"CodeSystem-be-communication-code.html","title":"BeCommunicationCode","generation":"generated"},{"extension":[{"url":"http://hl7.org/fhir/tools/StructureDefinition/ig-page-name","valueUrl":"CodeSystem-be-vs-contrastfluid-use.html"}],"nameUrl":"CodeSystem-be-vs-contrastfluid-use.html","title":"BeContrastFluidUse","generation":"generated"},{"extension":[{"url":"http://hl7.org/fhir/tools/StructureDefinition/ig-page-name","valueUrl":"CodeSystem-be-cs-co-prescriber-choice.html"}],"nameUrl":"CodeSystem-be-cs-co-prescriber-choice.html","title":"BeCSCoPrescriberChoice","generation":"generated"},{"extension":[{"url":"http://hl7.org/fhir/tools/StructureDefinition/ig-page-name","valueUrl":"CodeSystem-be-prescription-proposal-type.html"}],"nameUrl":"CodeSystem-be-prescription-proposal-type.html","title":"BePrescriptionProposalType","generation":"generated"},{"extension":[{"url":"http://hl7.org/fhir/tools/StructureDefinition/ig-page-name","valueUrl":"CodeSystem-be-prescription-status-reason.html"}],"nameUrl":"CodeSystem-be-prescription-status-reason.html","title":"BePrescriptionStatusReason","generation":"generated"},{"extension":[{"url":"http://hl7.org/fhir/tools/StructureDefinition/ig-page-name","valueUrl":"CodeSystem-be-cs-temp-requested-service.html"}],"nameUrl":"CodeSystem-be-cs-temp-requested-service.html","title":"BeTempRequestedService","generation":"generated"},{"extension":[{"url":"http://hl7.org/fhir/tools/StructureDefinition/ig-page-name","valueUrl":"CodeSystem-be-cs-temp-requested-service-detail.html"}],"nameUrl":"CodeSystem-be-cs-temp-requested-service-detail.html","title":"BeTempRequestedServiceDetail","generation":"generated"},{"extension":[{"url":"http://hl7.org/fhir/tools/StructureDefinition/ig-page-name","valueUrl":"CodeSystem-be-treatment-status-reason.html"}],"nameUrl":"CodeSystem-be-treatment-status-reason.html","title":"BeTreatmentStatusReason","generation":"generated"},{"extension":[{"url":"http://hl7.org/fhir/tools/StructureDefinition/ig-page-name","valueUrl":"NamingSystem-be-ns-coronalertcode.html"}],"nameUrl":"NamingSystem-be-ns-coronalertcode.html","title":"BeNSCoronalertcode","generation":"generated"},{"extension":[{"url":"http://hl7.org/fhir/tools/StructureDefinition/ig-page-name","valueUrl":"NamingSystem-be-ns-specimen.html"}],"nameUrl":"NamingSystem-be-ns-specimen.html","title":"BeNSSpecimen","generation":"generated"},{"extension":[{"url":"http://hl7.org/fhir/tools/StructureDefinition/ig-page-name","valueUrl":"NamingSystem-be-ns-uhmep.html"}],"nameUrl":"NamingSystem-be-ns-uhmep.html","title":"BeUnadressedHealthMessageExchangePlatform","generation":"generated"},{"extension":[{"url":"http://hl7.org/fhir/tools/StructureDefinition/ig-page-name","valueUrl":"StructureMap-be-map-model-referral-prescription.html"}],"nameUrl":"StructureMap-be-map-model-referral-prescription.html","generation":"generated"},{"extension":[{"url":"http://hl7.org/fhir/tools/StructureDefinition/ig-page-name","valueUrl":"Condition-condition1.html"}],"nameUrl":"Condition-condition1.html","title":"condition1","generation":"generated"},{"extension":[{"url":"http://hl7.org/fhir/tools/StructureDefinition/ig-page-name","valueUrl":"ServiceRequest-diagnostic-imaging-basic-example-concreteWithDetails.html"}],"nameUrl":"ServiceRequest-diagnostic-imaging-basic-example-concreteWithDetails.html","title":"diagnostic-imaging-basic-example-concreteWithDetails","generation":"generated"},{"extension":[{"url":"http://hl7.org/fhir/tools/StructureDefinition/ig-page-name","valueUrl":"ServiceRequest-diagnostic-imaging-basic-example-concreteWithText.html"}],"nameUrl":"ServiceRequest-diagnostic-imaging-basic-example-concreteWithText.html","title":"diagnostic-imaging-basic-example-concreteWithText","generation":"generated"},{"extension":[{"url":"http://hl7.org/fhir/tools/StructureDefinition/ig-page-name","valueUrl":"ServiceRequest-diagnostic-imaging-basic-example-everything-contained.html"}],"nameUrl":"ServiceRequest-diagnostic-imaging-basic-example-everything-contained.html","title":"diagnostic-imaging-basic-example-everything-contained","generation":"generated"},{"extension":[{"url":"http://hl7.org/fhir/tools/StructureDefinition/ig-page-name","valueUrl":"ServiceRequest-diagnostic-imaging-basic-example-useOfModality.html"}],"nameUrl":"ServiceRequest-diagnostic-imaging-basic-example-useOfModality.html","title":"diagnostic-imaging-basic-example-useOfModality","generation":"generated"},{"extension":[{"url":"http://hl7.org/fhir/tools/StructureDefinition/ig-page-name","valueUrl":"ServiceRequest-example01-care02-colon-cleansing.html"}],"nameUrl":"ServiceRequest-example01-care02-colon-cleansing.html","title":"example01-care02-colon-cleansing","generation":"generated"},{"extension":[{"url":"http://hl7.org/fhir/tools/StructureDefinition/ig-page-name","valueUrl":"Task-example01-care02-colon-cleansing-performer-task.html"}],"nameUrl":"Task-example01-care02-colon-cleansing-performer-task.html","title":"example01-care02-colon-cleansing-performer-task","generation":"generated"},{"extension":[{"url":"http://hl7.org/fhir/tools/StructureDefinition/ig-page-name","valueUrl":"Task-example01-care02-colon-cleansing-referral-task.html"}],"nameUrl":"Task-example01-care02-colon-cleansing-referral-task.html","title":"example01-care02-colon-cleansing-referral-task","generation":"generated"},{"extension":[{"url":"http://hl7.org/fhir/tools/StructureDefinition/ig-page-name","valueUrl":"ServiceRequest-example02-referralprescription-nursing-digestive-system-care.html"}],"nameUrl":"ServiceRequest-example02-referralprescription-nursing-digestive-system-care.html","title":"example02-referralprescription-nursing-digestive-system-care","generation":"generated"},{"extension":[{"url":"http://hl7.org/fhir/tools/StructureDefinition/ig-page-name","valueUrl":"ServiceRequest-example03-referralprescription-nursing-compressiontherapy.html"}],"nameUrl":"ServiceRequest-example03-referralprescription-nursing-compressiontherapy.html","title":"example03-referralprescription-nursing-compressiontherapy","generation":"generated"},{"extension":[{"url":"http://hl7.org/fhir/tools/StructureDefinition/ig-page-name","valueUrl":"ServiceRequest-example04-referralprescription-nursing-bladder-care.html"}],"nameUrl":"ServiceRequest-example04-referralprescription-nursing-bladder-care.html","title":"example04-referralprescription-nursing-bladder-care","generation":"generated"},{"extension":[{"url":"http://hl7.org/fhir/tools/StructureDefinition/ig-page-name","valueUrl":"ServiceRequest-example05-referralprescription-nursing-digestive-system-care.html"}],"nameUrl":"ServiceRequest-example05-referralprescription-nursing-digestive-system-care.html","title":"example05-referralprescription-nursing-digestive-system-care","generation":"generated"},{"extension":[{"url":"http://hl7.org/fhir/tools/StructureDefinition/ig-page-name","valueUrl":"ServiceRequest-example06-referralprescription-nursing-compression-therapy.html"}],"nameUrl":"ServiceRequest-example06-referralprescription-nursing-compression-therapy.html","title":"example06-referralprescription-nursing-compression-therapy","generation":"generated"},{"extension":[{"url":"http://hl7.org/fhir/tools/StructureDefinition/ig-page-name","valueUrl":"ServiceRequest-example09-referralprescription-nursing-woundcare.html"}],"nameUrl":"ServiceRequest-example09-referralprescription-nursing-woundcare.html","title":"example09-referralprescription-nursing-woundcare","generation":"generated"},{"extension":[{"url":"http://hl7.org/fhir/tools/StructureDefinition/ig-page-name","valueUrl":"ServiceRequest-example12-referralprescription-nursing-annex81.html"}],"nameUrl":"ServiceRequest-example12-referralprescription-nursing-annex81.html","title":"example12-referralprescription-nursing-annex81","generation":"generated"},{"extension":[{"url":"http://hl7.org/fhir/tools/StructureDefinition/ig-page-name","valueUrl":"ServiceRequest-example16-referralprescription-nursing-bladder-care.html"}],"nameUrl":"ServiceRequest-example16-referralprescription-nursing-bladder-care.html","title":"example16-referralprescription-nursing-bladder-care","generation":"generated"},{"extension":[{"url":"http://hl7.org/fhir/tools/StructureDefinition/ig-page-name","valueUrl":"ServiceRequest-example24-referralprescription-nursing-non-reimbursable.html"}],"nameUrl":"ServiceRequest-example24-referralprescription-nursing-non-reimbursable.html","title":"example24-referralprescription-nursing-non-reimbursable","generation":"generated"},{"extension":[{"url":"http://hl7.org/fhir/tools/StructureDefinition/ig-page-name","valueUrl":"ServiceRequest-example26-referralprescription-nursing-other.html"}],"nameUrl":"ServiceRequest-example26-referralprescription-nursing-other.html","title":"example26-referralprescription-nursing-other","generation":"generated"},{"extension":[{"url":"http://hl7.org/fhir/tools/StructureDefinition/ig-page-name","valueUrl":"ServiceRequest-example32-referralprescription-nursing-chronical-psychiatric.html"}],"nameUrl":"ServiceRequest-example32-referralprescription-nursing-chronical-psychiatric.html","title":"example32-referralprescription-nursing-chronical-psychiatric","generation":"generated"},{"extension":[{"url":"http://hl7.org/fhir/tools/StructureDefinition/ig-page-name","valueUrl":"CarePlan-gpvisit.html"}],"nameUrl":"CarePlan-gpvisit.html","title":"gpvisit","generation":"generated"},{"extension":[{"url":"http://hl7.org/fhir/tools/StructureDefinition/ig-page-name","valueUrl":"ServiceRequest-laboratory-order-example1.html"}],"nameUrl":"ServiceRequest-laboratory-order-example1.html","title":"laboratory-order-example1","generation":"generated"},{"extension":[{"url":"http://hl7.org/fhir/tools/StructureDefinition/ig-page-name","valueUrl":"Patient-patient1.html"}],"nameUrl":"Patient-patient1.html","title":"patient1","generation":"generated"},{"extension":[{"url":"http://hl7.org/fhir/tools/StructureDefinition/ig-page-name","valueUrl":"Task-performer-task.html"}],"nameUrl":"Task-performer-task.html","title":"performer-task","generation":"generated"},{"extension":[{"url":"http://hl7.org/fhir/tools/StructureDefinition/ig-page-name","valueUrl":"Task-performer-task-1-uc2a-1.html"}],"nameUrl":"Task-performer-task-1-uc2a-1.html","title":"performer-task-1-uc2a-1","generation":"generated"},{"extension":[{"url":"http://hl7.org/fhir/tools/StructureDefinition/ig-page-name","valueUrl":"Task-performer-task-1-uc5a-1.html"}],"nameUrl":"Task-performer-task-1-uc5a-1.html","title":"performer-task-1-uc5a-1","generation":"generated"},{"extension":[{"url":"http://hl7.org/fhir/tools/StructureDefinition/ig-page-name","valueUrl":"Task-performer-task-2-uc2a-1.html"}],"nameUrl":"Task-performer-task-2-uc2a-1.html","title":"performer-task-2-uc2a-1","generation":"generated"},{"extension":[{"url":"http://hl7.org/fhir/tools/StructureDefinition/ig-page-name","valueUrl":"Practitioner-Performer1.html"}],"nameUrl":"Practitioner-Performer1.html","title":"Performer1","generation":"generated"},{"extension":[{"url":"http://hl7.org/fhir/tools/StructureDefinition/ig-page-name","valueUrl":"Practitioner-practitioner1.html"}],"nameUrl":"Practitioner-practitioner1.html","title":"practitioner1","generation":"generated"},{"extension":[{"url":"http://hl7.org/fhir/tools/StructureDefinition/ig-page-name","valueUrl":"Practitioner-practitioner2.html"}],"nameUrl":"Practitioner-practitioner2.html","title":"practitioner2","generation":"generated"},{"extension":[{"url":"http://hl7.org/fhir/tools/StructureDefinition/ig-page-name","valueUrl":"PractitionerRole-practitionerrole1.html"}],"nameUrl":"PractitionerRole-practitionerrole1.html","title":"practitionerrole1","generation":"generated"},{"extension":[{"url":"http://hl7.org/fhir/tools/StructureDefinition/ig-page-name","valueUrl":"Task-referral-task.html"}],"nameUrl":"Task-referral-task.html","title":"referral-task","generation":"generated"},{"extension":[{"url":"http://hl7.org/fhir/tools/StructureDefinition/ig-page-name","valueUrl":"Task-referral-task-uc2a-1.html"}],"nameUrl":"Task-referral-task-uc2a-1.html","title":"referral-task-uc2a-1","generation":"generated"},{"extension":[{"url":"http://hl7.org/fhir/tools/StructureDefinition/ig-page-name","valueUrl":"Task-referral-task-uc5a-1.html"}],"nameUrl":"Task-referral-task-uc5a-1.html","title":"referral-task-uc5a-1","generation":"generated"},{"extension":[{"url":"http://hl7.org/fhir/tools/StructureDefinition/ig-page-name","valueUrl":"ServiceRequest-referralprescription-nursing-example2-digestive-system-care.html"}],"nameUrl":"ServiceRequest-referralprescription-nursing-example2-digestive-system-care.html","title":"referralprescription-nursing-example2-digestive-system-care","generation":"generated"},{"extension":[{"url":"http://hl7.org/fhir/tools/StructureDefinition/ig-page-name","valueUrl":"ServiceRequest-referralprescription-nursing-example3-compression-therapy.html"}],"nameUrl":"ServiceRequest-referralprescription-nursing-example3-compression-therapy.html","title":"referralprescription-nursing-example3-compression-therapy","generation":"generated"},{"extension":[{"url":"http://hl7.org/fhir/tools/StructureDefinition/ig-page-name","valueUrl":"ServiceRequest-referralprescription-nursing-example5-digestive-system-care.html"}],"nameUrl":"ServiceRequest-referralprescription-nursing-example5-digestive-system-care.html","title":"referralprescription-nursing-example5-digestive-system-care","generation":"generated"},{"extension":[{"url":"http://hl7.org/fhir/tools/StructureDefinition/ig-page-name","valueUrl":"ServiceRequest-referralprescription-nursing-example6-compression-therapy.html"}],"nameUrl":"ServiceRequest-referralprescription-nursing-example6-compression-therapy.html","title":"referralprescription-nursing-example6-compression-therapy","generation":"generated"},{"extension":[{"url":"http://hl7.org/fhir/tools/StructureDefinition/ig-page-name","valueUrl":"Practitioner-Requester1.html"}],"nameUrl":"Practitioner-Requester1.html","title":"Requester1","generation":"generated"},{"extension":[{"url":"http://hl7.org/fhir/tools/StructureDefinition/ig-page-name","valueUrl":"PractitionerRole-requesterrole1.html"}],"nameUrl":"PractitionerRole-requesterrole1.html","title":"requesterrole1","generation":"generated"},{"extension":[{"url":"http://hl7.org/fhir/tools/StructureDefinition/ig-page-name","valueUrl":"Parameters-terminology-expansion.html"}],"nameUrl":"Parameters-terminology-expansion.html","title":"terminology-expansion","generation":"generated"},{"extension":[{"url":"http://hl7.org/fhir/tools/StructureDefinition/ig-page-name","valueUrl":"RequestGroup-uc2a.html"}],"nameUrl":"RequestGroup-uc2a.html","title":"uc2a","generation":"generated"},{"extension":[{"url":"http://hl7.org/fhir/tools/StructureDefinition/ig-page-name","valueUrl":"ServiceRequest-uc2a-1.html"}],"nameUrl":"ServiceRequest-uc2a-1.html","title":"uc2a-1","generation":"generated"},{"extension":[{"url":"http://hl7.org/fhir/tools/StructureDefinition/ig-page-name","valueUrl":"ServiceRequest-uc2a-2.html"}],"nameUrl":"ServiceRequest-uc2a-2.html","title":"uc2a-2","generation":"generated"},{"extension":[{"url":"http://hl7.org/fhir/tools/StructureDefinition/ig-page-name","valueUrl":"ServiceRequest-uc2a-3.html"}],"nameUrl":"ServiceRequest-uc2a-3.html","title":"uc2a-3","generation":"generated"},{"extension":[{"url":"http://hl7.org/fhir/tools/StructureDefinition/ig-page-name","valueUrl":"ServiceRequest-uc5a-1.html"}],"nameUrl":"ServiceRequest-uc5a-1.html","title":"uc5a-1","generation":"generated"},{"extension":[{"url":"http://hl7.org/fhir/tools/StructureDefinition/ig-page-name","valueUrl":"ServiceRequest-ucgh211-1.html"}],"nameUrl":"ServiceRequest-ucgh211-1.html","title":"ucgh211-1","generation":"generated"},{"extension":[{"url":"http://hl7.org/fhir/tools/StructureDefinition/ig-page-name","valueUrl":"ServiceRequest-ucgh222p12-1.html"}],"nameUrl":"ServiceRequest-ucgh222p12-1.html","title":"ucgh222p12-1","generation":"generated"},{"extension":[{"url":"http://hl7.org/fhir/tools/StructureDefinition/ig-page-name","valueUrl":"PractitionerRole-ucgh222p12-1-1.html"}],"nameUrl":"PractitionerRole-ucgh222p12-1-1.html","title":"ucgh222p12-1-1","generation":"generated"},{"extension":[{"url":"http://hl7.org/fhir/tools/StructureDefinition/ig-page-name","valueUrl":"ServiceRequest-ucgh222p12-2.html"}],"nameUrl":"ServiceRequest-ucgh222p12-2.html","title":"ucgh222p12-2","generation":"generated"},{"extension":[{"url":"http://hl7.org/fhir/tools/StructureDefinition/ig-page-name","valueUrl":"ServiceRequest-ucgh222p12-3.html"}],"nameUrl":"ServiceRequest-ucgh222p12-3.html","title":"ucgh222p12-3","generation":"generated"},{"extension":[{"url":"http://hl7.org/fhir/tools/StructureDefinition/ig-page-name","valueUrl":"RequestGroup-ucgh222p13.html"}],"nameUrl":"RequestGroup-ucgh222p13.html","title":"ucgh222p13","generation":"generated"},{"extension":[{"url":"http://hl7.org/fhir/tools/StructureDefinition/ig-page-name","valueUrl":"ServiceRequest-ucgh222p13-1.html"}],"nameUrl":"ServiceRequest-ucgh222p13-1.html","title":"ucgh222p13-1","generation":"generated"},{"extension":[{"url":"http://hl7.org/fhir/tools/StructureDefinition/ig-page-name","valueUrl":"PractitionerRole-ucgh222p13-1-1.html"}],"nameUrl":"PractitionerRole-ucgh222p13-1-1.html","title":"ucgh222p13-1-1","generation":"generated"},{"extension":[{"url":"http://hl7.org/fhir/tools/StructureDefinition/ig-page-name","valueUrl":"ServiceRequest-ucgh222p13-2.html"}],"nameUrl":"ServiceRequest-ucgh222p13-2.html","title":"ucgh222p13-2","generation":"generated"},{"extension":[{"url":"http://hl7.org/fhir/tools/StructureDefinition/ig-page-name","valueUrl":"ServiceRequest-ucgh241p110-1.html"}],"nameUrl":"ServiceRequest-ucgh241p110-1.html","title":"ucgh241p110-1","generation":"generated"},{"extension":[{"url":"http://hl7.org/fhir/tools/StructureDefinition/ig-page-name","valueUrl":"PractitionerRole-ucgh241p110-1-1.html"}],"nameUrl":"PractitionerRole-ucgh241p110-1-1.html","title":"ucgh241p110-1-1","generation":"generated"},{"extension":[{"url":"http://hl7.org/fhir/tools/StructureDefinition/ig-page-name","valueUrl":"ServiceRequest-ucgh241p111-1.html"}],"nameUrl":"ServiceRequest-ucgh241p111-1.html","title":"ucgh241p111-1","generation":"generated"},{"extension":[{"url":"http://hl7.org/fhir/tools/StructureDefinition/ig-page-name","valueUrl":"PractitionerRole-ucgh241p111-1-1.html"}],"nameUrl":"PractitionerRole-ucgh241p111-1-1.html","title":"ucgh241p111-1-1","generation":"generated"},{"extension":[{"url":"http://hl7.org/fhir/tools/StructureDefinition/ig-page-name","valueUrl":"ServiceRequest-ucgh241p15-1.html"}],"nameUrl":"ServiceRequest-ucgh241p15-1.html","title":"ucgh241p15-1","generation":"generated"},{"extension":[{"url":"http://hl7.org/fhir/tools/StructureDefinition/ig-page-name","valueUrl":"PractitionerRole-ucgh241p15-1-1.html"}],"nameUrl":"PractitionerRole-ucgh241p15-1-1.html","title":"ucgh241p15-1-1","generation":"generated"},{"extension":[{"url":"http://hl7.org/fhir/tools/StructureDefinition/ig-page-name","valueUrl":"ServiceRequest-ucgh241p16-1.html"}],"nameUrl":"ServiceRequest-ucgh241p16-1.html","title":"ucgh241p16-1","generation":"generated"},{"extension":[{"url":"http://hl7.org/fhir/tools/StructureDefinition/ig-page-name","valueUrl":"PractitionerRole-ucgh241p16-1-1.html"}],"nameUrl":"PractitionerRole-ucgh241p16-1-1.html","title":"ucgh241p16-1-1","generation":"generated"},{"extension":[{"url":"http://hl7.org/fhir/tools/StructureDefinition/ig-page-name","valueUrl":"ServiceRequest-ucgh241p17-1.html"}],"nameUrl":"ServiceRequest-ucgh241p17-1.html","title":"ucgh241p17-1","generation":"generated"},{"extension":[{"url":"http://hl7.org/fhir/tools/StructureDefinition/ig-page-name","valueUrl":"PractitionerRole-ucgh241p17-1-1.html"}],"nameUrl":"PractitionerRole-ucgh241p17-1-1.html","title":"ucgh241p17-1-1","generation":"generated"},{"extension":[{"url":"http://hl7.org/fhir/tools/StructureDefinition/ig-page-name","valueUrl":"ServiceRequest-ucgh241p18-1.html"}],"nameUrl":"ServiceRequest-ucgh241p18-1.html","title":"ucgh241p18-1","generation":"generated"},{"extension":[{"url":"http://hl7.org/fhir/tools/StructureDefinition/ig-page-name","valueUrl":"PractitionerRole-ucgh241p18-1-1.html"}],"nameUrl":"PractitionerRole-ucgh241p18-1-1.html","title":"ucgh241p18-1-1","generation":"generated"},{"extension":[{"url":"http://hl7.org/fhir/tools/StructureDefinition/ig-page-name","valueUrl":"ServiceRequest-ucgh241p19-1.html"}],"nameUrl":"ServiceRequest-ucgh241p19-1.html","title":"ucgh241p19-1","generation":"generated"},{"extension":[{"url":"http://hl7.org/fhir/tools/StructureDefinition/ig-page-name","valueUrl":"PractitionerRole-ucgh241p19-1-1.html"}],"nameUrl":"PractitionerRole-ucgh241p19-1-1.html","title":"ucgh241p19-1-1","generation":"generated"}]}]},"parameter":[{"code":"path-resource","value":"input/capabilities"},{"code":"path-resource","value":"input/examples"},{"code":"path-resource","value":"input/extensions"},{"code":"path-resource","value":"input/models"},{"code":"path-resource","value":"input/operations"},{"code":"path-resource","value":"input/profiles"},{"code":"path-resource","value":"input/resources"},{"code":"path-resource","value":"input/vocabulary"},{"code":"path-resource","value":"input/maps"},{"code":"path-resource","value":"input/testing"},{"code":"path-resource","value":"input/history"},{"code":"path-resource","value":"fsh-generated/resources"},{"code":"path-pages","value":"template/config"},{"code":"path-pages","value":"input/images"},{"code":"path-tx-cache","value":"input-cache/txcache"}]}}