{"resourceType":"NamingSystem","id":"be-ns-specimen","text":{"status":"generated","div":"<div xmlns=\"http://www.w3.org/1999/xhtml\"><h3>Summary</h3><table class=\"grid\"><tr><td>Defining URL</td><td>https://www.ehealth.fgov.be/standards/fhir/referral/NamingSystem/be-ns-specimen</td></tr><tr><td>Version</td><td>1.0.0</td></tr><tr><td>Name</td><td>BeNSSpecimen</td></tr><tr><td>Status</td><td>active</td></tr><tr><td>Definition</td><td><div><p>National identifier for a specimen when needed.</p>\n</div></td></tr><tr><td>Publisher</td><td>HL7 Belgium</td></tr></table><h3>Identifiers</h3><table class=\"grid\"><tr><td><b>Type</b></td><td><b>Value</b></td><td><b>Preferred</b></td></tr><tr><td>URI</td><td>https://www.ehealth.fgov.be/standards/fhir/lab/NamingSystem/specimen</td><td>true</td></tr></table></div>"},"name":"BeNSSpecimen","status":"active","kind":"identifier","date":"2020-07-24","publisher":"HL7 Belgium","contact":[{"name":"HL7 Belgium","telecom":[{"system":"url","value":"http://hl7belgium.org"}]},{"name":"Message-Structure","telecom":[{"system":"email","value":"message-structure@ehealth.fgov.be","use":"work"}]}],"description":"National identifier for a specimen when needed.","jurisdiction":[{"coding":[{"system":"urn:iso:std:iso:3166","code":"BE","display":"Belgium"}]}],"uniqueId":[{"type":"uri","value":"https://www.ehealth.fgov.be/standards/fhir/lab/NamingSystem/specimen","preferred":true}]}