{"resourceType":"SearchParameter","id":"be-sp-serviceRequest-statusReason","text":{"status":"generated","div":"<div xmlns=\"http://www.w3.org/1999/xhtml\"><p class=\"res-header-id\"><b>Generated Narrative: SearchParameter be-sp-serviceRequest-statusReason</b></p><a name=\"be-sp-serviceRequest-statusReason\"> </a><a name=\"hcbe-sp-serviceRequest-statusReason\"> </a><a name=\"be-sp-serviceRequest-statusReason-en-US\"> </a><h2>statusReason</h2><p>Parameter <code>statusReason</code>:<code>token</code></p><div><p>This SearchParameter enables query of ServiceRequests by the statusReason extension.</p>\n</div><table class=\"grid\"><tr><td>Resource</td><td><a href=\"http://hl7.org/fhir/R4/servicerequest.html\">ServiceRequest</a></td></tr><tr><td>Expression</td><td><code>extension.where(url= 'http://hl7.org/fhir/StructureDefinition/request-statusReason').value.ofType(CodeableConcept)</code></td></tr><tr><td>Multiples</td><td><ul><li>multipleAnd: The parameter may only appear once</li><li>multipleOr: The parameter may have multiple values (separated by comma) where at least one must be true</li></ul></td></tr></table></div>"},"url":"https://www.ehealth.fgov.be/standards/fhir/referral/SearchParameter/be-sp-serviceRequest-statusReason","version":"1.0.0","name":"statusReason","status":"active","date":"2024-09-24T14:41:18+00:00","description":"This SearchParameter enables query of ServiceRequests by the statusReason extension.","jurisdiction":[{"coding":[{"system":"urn:iso:std:iso:3166","code":"BE","display":"Belgium"}]}],"code":"statusReason","base":["ServiceRequest"],"type":"token","expression":"extension.where(url= 'http://hl7.org/fhir/StructureDefinition/request-statusReason').value.ofType(CodeableConcept)","multipleOr":true,"multipleAnd":false}