{"resourceType":"ValueSet","id":"be-vs-type-of-bladder-care","text":{"status":"generated","div":"<div xmlns=\"http://www.w3.org/1999/xhtml\"><ul><li>Include all codes defined in <a href=\"CodeSystem-codesystem-be-type-of-bladder-care.html\"><code>https://www.ehealth.fgov.be/standards/fhir/CodeSystem/be-cs-type-of-bladder-care</code></a></li></ul></div>"},"url":"https://www.ehealth.fgov.be/standards/fhir/ValueSet/be-vs-type-of-bladder-care","version":"0.2.0","name":"BeBladderCareType","status":"draft","date":"2022-02-14T11:05:42+00:00","publisher":"HL7 Belgium","contact":[{"name":"HL7 Belgium","telecom":[{"system":"url","value":"http://hl7belgium.org"}]},{"name":"Message-Structure","telecom":[{"system":"email","value":"message-structure@ehealth.fgov.be","use":"work"}]}],"description":"Codes to define a type of bladder care.","jurisdiction":[{"coding":[{"system":"http://unstats.un.org/unsd/methods/m49/m49.htm","code":"056","display":"Belgium"}]}],"compose":{"include":[{"system":"https://www.ehealth.fgov.be/standards/fhir/CodeSystem/be-cs-type-of-bladder-care"}]}}