{"resourceType":"ValueSet","id":"be-vs-nursing-medication-perfusion","text":{"status":"generated","div":"<div xmlns=\"http://www.w3.org/1999/xhtml\"><ul><li>Include all codes defined in <a href=\"CodeSystem-be-nursing-medication-perfusion.html\"><code>https://www.ehealth.fgov.be/standards/fhir/CodeSystem/be-nursing-medication-perfusion</code></a></li></ul></div>"},"url":"https://www.ehealth.fgov.be/standards/fhir/ValueSet/be-vs-nursing-medication-perfusion","version":"0.2.0","name":"BeNursingMedicationPerfusion","status":"draft","date":"2021-07-12T13:54:48+00:00","publisher":"HL7 Belgium","contact":[{"telecom":[{"system":"url","value":"http://hl7belgium.org"}]}],"description":"Codes to define a type of nursing medication perfusion.","jurisdiction":[{"coding":[{"system":"http://unstats.un.org/unsd/methods/m49/m49.htm","code":"001"}]}],"compose":{"include":[{"system":"https://www.ehealth.fgov.be/standards/fhir/CodeSystem/be-nursing-medication-perfusion"}]}}