{"resourceType":"ValueSet","id":"be-vs-treatment-status-reason","text":{"status":"generated","div":"<div xmlns=\"http://www.w3.org/1999/xhtml\"><ul><li>Include all codes defined in <a href=\"CodeSystem-be-treatment-status-reason.html\"><code>https://www.ehealth.fgov.be/standards/fhir/referral/CodeSystem/be-treatment-status-reason</code></a></li></ul></div>"},"url":"https://www.ehealth.fgov.be/standards/fhir/referral/ValueSet/be-vs-treatment-status-reason","version":"1.0.0","name":"BeVSTreatmentStatusReason","title":"BeVSTreatmentStatusReason","status":"draft","experimental":false,"date":"2023-06-14T06:47:29+00:00","description":"Codes to explain the current status of a treatment in a referral prescription.","jurisdiction":[{"coding":[{"system":"urn:iso:std:iso:3166","code":"BE","display":"Belgium"}]}],"compose":{"include":[{"system":"https://www.ehealth.fgov.be/standards/fhir/referral/CodeSystem/be-treatment-status-reason"}]}}