{"resourceType":"ValueSet","id":"be-vs-reason-referral-status","text":{"status":"extensions","div":"<div xmlns=\"http://www.w3.org/1999/xhtml\"><p>This value set includes codes based on the following rules:</p><ul><li>Include all codes defined in <a href=\"CodeSystem-be-status-reason.html\"><code>https://www.ehealth.fgov.be/standards/fhir/referral/CodeSystem/be-status-reason</code></a></li><li>Include these codes as defined in <a href=\"https://build.fhir.org/ig/HL7/UTG//CodeSystem-v3-ActReason.html\"><code>http://terminology.hl7.org/CodeSystem/v3-ActReason</code></a><table class=\"none\"><tr><td style=\"white-space:nowrap\"><b>Code</b></td><td><b>Display</b></td><td><b>Definition</b></td></tr><tr><td><a href=\"https://build.fhir.org/ig/HL7/UTG//CodeSystem-v3-ActReason.html#v3-ActReason-MEDPREC\">MEDPREC</a></td><td>Medical Precaution</td><td>**Definition:**The patient currently has a medical condition for which the vaccine is contraindicated or for which precaution is warranted.</td></tr><tr><td><a href=\"https://build.fhir.org/ig/HL7/UTG//CodeSystem-v3-ActReason.html#v3-ActReason-OSTOCK\">OSTOCK</a></td><td>Out of Stock</td><td>**Definition:**There was no supply of the product on hand to perform the service.</td></tr><tr><td><a href=\"https://build.fhir.org/ig/HL7/UTG//CodeSystem-v3-ActReason.html#v3-ActReason-PATOBJ\">PATOBJ</a></td><td>Patient Objection</td><td>**Definition:**The patient or their guardian objects to receiving the vaccine.</td></tr><tr><td><a href=\"https://build.fhir.org/ig/HL7/UTG//CodeSystem-v3-ActReason.html#v3-ActReason-DECSD\">DECSD</a></td><td>deceased</td><td>Client deceased.</td></tr><tr><td><a href=\"https://build.fhir.org/ig/HL7/UTG//CodeSystem-v3-ActReason.html#v3-ActReason-SALG\">SALG</a></td><td>allergy</td><td>**Description:**The patient is believed to be allergic to a substance that is part of the therapy and the therapy is being temporarily withdrawn to confirm.</td></tr><tr><td><a href=\"https://build.fhir.org/ig/HL7/UTG//CodeSystem-v3-ActReason.html#v3-ActReason-MODIFY\">MODIFY</a></td><td>modified prescription exists</td><td>**Definition:**Therapy has been changed and new prescription issued</td></tr><tr><td><a href=\"https://build.fhir.org/ig/HL7/UTG//CodeSystem-v3-ActReason.html#v3-ActReason-CONTRA\">CONTRA</a></td><td>contraindication</td><td>**Definition:**Contraindication identified</td></tr></table></li></ul></div>"},"url":"https://www.ehealth.fgov.be/standards/fhir/referral/ValueSet/be-vs-reason-referral-status","version":"0.2.0","name":"BeReasonReferralStatus","status":"active","date":"2021-10-07T15:14:36+02:00","publisher":"HL7 Belgium","contact":[{"name":"HL7 Belgium","telecom":[{"system":"url","value":"http://hl7belgium.org"}]},{"name":"Message-Structure","telecom":[{"system":"email","value":"message-structure@ehealth.fgov.be","use":"work"}]}],"description":"Codes to explain the current status of a referral prescription.","jurisdiction":[{"coding":[{"system":"urn:iso:std:iso:3166","code":"BE","display":"Belgium"}]}],"compose":{"include":[{"system":"https://www.ehealth.fgov.be/standards/fhir/referral/CodeSystem/be-status-reason"},{"system":"http://terminology.hl7.org/CodeSystem/v3-ActReason","concept":[{"code":"MEDPREC","display":"Medical Precaution"},{"code":"OSTOCK","display":"Out of Stock"},{"code":"PATOBJ","display":"Patient Objection"},{"code":"DECSD"},{"code":"SALG"},{"code":"MODIFY"},{"code":"CONTRA"}]}]}}