{"resourceType":"ValueSet","id":"be-vs-communication-method","text":{"status":"generated","div":"<div xmlns=\"http://www.w3.org/1999/xhtml\"><p>This value set includes codes based on the following rules:</p><ul><li>Include all codes defined in <a href=\"CodeSystem-be-communication-code.html\"><code>https://www.ehealth.fgov.be/standards/fhir/CodeSystem/be-communication-code</code></a></li><li>Include all codes defined in <code>http://hl7.org/fhir/ValueSet/contact-point-system</code></li></ul></div>"},"url":"https://www.ehealth.fgov.be/standards/fhir/ValueSet/be-communication-method","version":"0.2.0","name":"BeCommunicationMethod","status":"draft","date":"2021-10-19T13:42:10+00:00","publisher":"HL7 Belgium","contact":[{"name":"HL7 Belgium","telecom":[{"system":"url","value":"http://hl7belgium.org"}]},{"name":"Bart Decuypere","telecom":[{"system":"email","value":"bart.decuypere@ehealth.fgov.be","use":"work"}]}],"description":"Codes to define a communication method.","jurisdiction":[{"coding":[{"system":"http://unstats.un.org/unsd/methods/m49/m49.htm","code":"001","display":"World"}]}],"compose":{"include":[{"system":"https://www.ehealth.fgov.be/standards/fhir/CodeSystem/be-communication-code"},{"system":"http://hl7.org/fhir/ValueSet/contact-point-system"}]}}