{"resourceType":"ValueSet","id":"be-vs-requested-services-nurse","text":{"status":"generated","div":"<div xmlns=\"http://www.w3.org/1999/xhtml\"><p>This value set includes codes based on the following rules:</p><ul><li>Include these codes as defined in <a href=\"http://www.snomed.org/\"><code>http://snomed.info/sct</code></a> version <code>http://snomed.info/sct/11000172109</code><table class=\"none\"><tr><td style=\"white-space:nowrap\"><b>Code</b></td><td><b>Display</b></td></tr><tr><td><a href=\"http://snomed.info/id/103713001\">103713001</a></td><td>Replacement of catheter</td></tr><tr><td><a href=\"http://snomed.info/id/103715008\">103715008</a></td><td>Removal of catheter</td></tr><tr><td><a href=\"http://snomed.info/id/113154008\">113154008</a></td><td>Subcutaneous clysis of patient for fluid administration</td></tr><tr><td><a href=\"http://snomed.info/id/127606004\">127606004</a></td><td>Therapeutic phlebotomy</td></tr><tr><td><a href=\"http://snomed.info/id/166900001\">166900001</a></td><td>Glucometer blood sugar</td></tr><tr><td><a href=\"http://snomed.info/id/173765009\">173765009</a></td><td>Attention to gastrostomy tube</td></tr><tr><td><a href=\"http://snomed.info/id/174297001\">174297001</a></td><td>Manual removal of impacted faeces from rectum</td></tr><tr><td><a href=\"http://snomed.info/id/175852005\">175852005</a></td><td>Flushing of central line</td></tr><tr><td><a href=\"http://snomed.info/id/17636008\">17636008</a></td><td>Specimen collection</td></tr><tr><td><a href=\"http://snomed.info/id/18011004\">18011004</a></td><td>Instillation of bladder</td></tr><tr><td><a href=\"http://snomed.info/id/182777000\">182777000</a></td><td>Monitoring of patient</td></tr><tr><td><a href=\"http://snomed.info/id/183232006\">183232006</a></td><td>Provision of penile sheath</td></tr><tr><td><a href=\"http://snomed.info/id/18629005\">18629005</a></td><td>Administration of medication</td></tr><tr><td><a href=\"http://snomed.info/id/225230008\">225230008</a></td><td>Chronic peritoneal dialysis</td></tr><tr><td><a href=\"http://snomed.info/id/225268005\">225268005</a></td><td>Vulval toilet</td></tr><tr><td><a href=\"http://snomed.info/id/225358003\">225358003</a></td><td>Wound care</td></tr><tr><td><a href=\"http://snomed.info/id/225420001\">225420001</a></td><td>Application of anti-embolic stockings</td></tr><tr><td><a href=\"http://snomed.info/id/225964003\">225964003</a></td><td>Assisting with personal hygiene</td></tr><tr><td><a href=\"http://snomed.info/id/2267008\">2267008</a></td><td>Changing tracheostomy tube</td></tr><tr><td><a href=\"http://snomed.info/id/233520008\">233520008</a></td><td>Peripheral venous cannula insertion</td></tr><tr><td><a href=\"http://snomed.info/id/276737004\">276737004</a></td><td>Domiciliary ventilation</td></tr><tr><td><a href=\"http://snomed.info/id/28177007\">28177007</a></td><td>Rectal irrigation</td></tr><tr><td><a href=\"http://snomed.info/id/385796006\">385796006</a></td><td>Medication prefill preparation (procedure)</td></tr><tr><td><a href=\"http://snomed.info/id/385805005\">385805005</a></td><td>Diabetic care education</td></tr><tr><td><a href=\"http://snomed.info/id/385966005\">385966005</a></td><td>Bladder instillation management</td></tr><tr><td><a href=\"http://snomed.info/id/386225006\">386225006</a></td><td>Irrigation of bowel (procedure)</td></tr><tr><td><a href=\"http://snomed.info/id/397958003\">397958003</a></td><td>Accessing of implantable venous access port (procedure)</td></tr><tr><td><a href=\"http://snomed.info/id/41351007\">41351007</a></td><td>Suction and cleaning of tracheostomy tube</td></tr><tr><td><a href=\"http://snomed.info/id/413899004\">413899004</a></td><td>Compression bandaging</td></tr><tr><td><a href=\"http://snomed.info/id/427391006\">427391006</a></td><td>Clearance of secretions of respiratory tract (procedure)</td></tr><tr><td><a href=\"http://snomed.info/id/429723008\">429723008</a></td><td>Procedure involving urinary catheter (procedure)</td></tr><tr><td><a href=\"http://snomed.info/id/445191009\">445191009</a></td><td>Care of suprapubic urinary catheter (procedure)</td></tr><tr><td><a href=\"http://snomed.info/id/48817005\">48817005</a></td><td>Irrigation of gastrostomy</td></tr><tr><td><a href=\"http://snomed.info/id/56993006\">56993006</a></td><td>Vaginal irrigation</td></tr><tr><td><a href=\"http://snomed.info/id/57485005\">57485005</a></td><td>Oxygen therapy</td></tr><tr><td><a href=\"http://snomed.info/id/6125005\">6125005</a></td><td>Change of gastrostomy tube</td></tr><tr><td><a href=\"http://snomed.info/id/75325006\">75325006</a></td><td>Removal of cystostomy tube</td></tr><tr><td><a href=\"http://snomed.info/id/762238003\">762238003</a></td><td>Attention to nasogastric tube</td></tr><tr><td><a href=\"http://snomed.info/id/79165006\">79165006</a></td><td>Change of cystostomy tube</td></tr><tr><td><a href=\"http://snomed.info/id/81011003\">81011003</a></td><td>Nasogastric tube removal</td></tr><tr><td><a href=\"http://snomed.info/id/87750000\">87750000</a></td><td>Insertion of nasogastric tube</td></tr><tr><td><a href=\"http://snomed.info/id/89826002\">89826002</a></td><td>Nasogastric tube irrigation</td></tr><tr><td><a href=\"http://snomed.info/id/90838004\">90838004</a></td><td>Removal of gastrostomy tube</td></tr></table></li><li>Include all codes defined in <a href=\"CodeSystem-be-cs-temp-requested-service.html\"><code>https://www.ehealth.fgov.be/standards/fhir/referral/CodeSystem/be-cs-temp-requested-service</code></a></li></ul></div>"},"url":"https://www.ehealth.fgov.be/standards/fhir/referral/ValueSet/be-vs-requested-services-nurse","version":"1.0.0","name":"BeVSRequestedServicesNurse","title":"BeVSRequestedServicesNurse","status":"draft","experimental":false,"date":"2023-06-08T08:31:26+00:00","description":"Codes indicating the requests that can be asked from a nurse.","jurisdiction":[{"coding":[{"system":"urn:iso:std:iso:3166","code":"BE","display":"Belgium"}]}],"compose":{"include":[{"system":"http://snomed.info/sct","version":"http://snomed.info/sct/11000172109","concept":[{"code":"103713001"},{"code":"103715008"},{"code":"113154008"},{"code":"127606004"},{"code":"166900001"},{"code":"173765009"},{"code":"174297001"},{"code":"175852005"},{"code":"17636008"},{"code":"18011004"},{"code":"182777000"},{"code":"183232006"},{"code":"18629005"},{"code":"225230008"},{"code":"225268005"},{"code":"225358003"},{"code":"225420001"},{"code":"225964003"},{"code":"2267008"},{"code":"233520008"},{"code":"276737004"},{"code":"28177007"},{"code":"385796006"},{"code":"385805005"},{"code":"385966005"},{"code":"386225006"},{"code":"397958003"},{"code":"41351007"},{"code":"413899004"},{"code":"427391006"},{"code":"429723008"},{"code":"445191009"},{"code":"48817005"},{"code":"56993006"},{"code":"57485005"},{"code":"6125005"},{"code":"75325006"},{"code":"762238003"},{"code":"79165006"},{"code":"81011003"},{"code":"87750000"},{"code":"89826002"},{"code":"90838004"}]},{"system":"https://www.ehealth.fgov.be/standards/fhir/referral/CodeSystem/be-cs-temp-requested-service"}]}}