{
  "resourceType": "CodeSystem",
  "id": "be-cs-nursing-code",
  "text": {
    "status": "generated",
    "div": "<div xmlns=\"http://www.w3.org/1999/xhtml\"><p>This code system https://www.ehealth.fgov.be/standards/fhir/CodeSystem/be-cs-nursing-code defines many codes, of which the following are a subset:</p><table class=\"codes\"><tr><td style=\"white-space:nowrap\"><b>Code</b></td><td><b>Display</b></td></tr><tr><td style=\"white-space:nowrap\">bladder-care<a name=\"be-cs-nursing-code-bladder-care\"> </a></td><td>Bladder care</td></tr><tr><td style=\"white-space:nowrap\">digestive-system-care<a name=\"be-cs-nursing-code-digestive-system-care\"> </a></td><td>Digestive system care</td></tr><tr><td style=\"white-space:nowrap\">wound-care<a name=\"be-cs-nursing-code-wound-care\"> </a></td><td>Wound care</td></tr><tr><td style=\"white-space:nowrap\">compression-therapy<a name=\"be-cs-nursing-code-compression-therapy\"> </a></td><td>Compression therapy</td></tr><tr><td style=\"white-space:nowrap\">medication<a name=\"be-cs-nursing-code-medication\"> </a></td><td>Medication</td></tr><tr><td style=\"white-space:nowrap\">appendix-81-preparation-of-medications<a name=\"be-cs-nursing-code-appendix-81-preparation-of-medications\"> </a></td><td>Appendix 81 preparation of medications</td></tr><tr><td style=\"white-space:nowrap\">preparation-and-administration-of-medication-to-chronical-psychiatric-patient<a name=\"be-cs-nursing-code-preparation-and-administration-of-medication-to-chronical-psychiatric-patient\"> </a></td><td>Preparation and administration of medication to chronical psychiatric patient</td></tr><tr><td style=\"white-space:nowrap\">diabetic-patient-services<a name=\"be-cs-nursing-code-diabetic-patient-services\"> </a></td><td>Diabetic patient services</td></tr><tr><td style=\"white-space:nowrap\">non-reimbursed-services<a name=\"be-cs-nursing-code-non-reimbursed-services\"> </a></td><td>Non reimbursed services</td></tr><tr><td style=\"white-space:nowrap\">other<a name=\"be-cs-nursing-code-other\"> </a></td><td>Other</td></tr></table><p><b>Additional Language Displays</b></p><table class=\"codes\"><tr><td><b>Code</b></td><td><b>French (Belgium) (fr)</b></td><td><b>Nederlands (België) (Dutch (Belgium), nl)</b></td></tr><tr><td>bladder-care</td><td>Soins de la vessie</td><td>Blaas zorg</td></tr><tr><td>digestive-system-care</td><td>Soins du système digestif</td><td>Zorg voor het spijsverteringsstelsel</td></tr><tr><td>wound-care</td><td>Soin de plaie</td><td>Wondzorg</td></tr><tr><td>compression-therapy</td><td>Thérapie de compression</td><td>Compressietherapie</td></tr><tr><td>medication</td><td>Administration ou application de médicaments</td><td>Toedienen of aanbrengen van medicatie</td></tr><tr><td>appendix-81-preparation-of-medications</td><td>Annexe 81 préparation de médicaments</td><td>Bijlage 81 voorbereiding geneesmiddelen</td></tr><tr><td>preparation-and-administration-of-medication-to-chronical-psychiatric-patient</td><td>Préparation et administration de médicaments pour patient psychiatrique chronique</td><td>Voorbereiden en toedienen van medicatie chronisch psychiatrische patient</td></tr><tr><td>diabetic-patient-services</td><td>Prestations patient diabetique</td><td>Zorg voor diabetespatiënten</td></tr><tr><td>non-reimbursed-services</td><td>Prestations non-remboursable</td><td>Niet vergoede diensten</td></tr><tr><td>other</td><td>Autre</td><td>Andere</td></tr></table></div>"
  },
  "url": "https://www.ehealth.fgov.be/standards/fhir/CodeSystem/be-cs-nursing-code",
  "version": "0.2.0",
  "name": "BeNursingCode",
  "title": "BeNursingCode",
  "status": "draft",
  "experimental": false,
  "date": "2021-09-20T13:23:12+00:00",
  "publisher": "HL7 Belgium",
  "contact": [
    {
      "telecom": [
        {
          "system": "url",
          "value": "http://hl7belgium.org"
        }
      ]
    }
  ],
  "description": "Nursing codes in Belgium. To define a high level in nursing activities. Initially defined as supporting CodeSystem for the referral prescription.",
  "jurisdiction": [
    {
      "coding": [
        {
          "system": "http://unstats.un.org/unsd/methods/m49/m49.htm",
          "code": "001"
        }
      ]
    }
  ],
  "caseSensitive": false,
  "content": "fragment",
  "concept": [
    {
      "code": "bladder-care",
      "display": "Bladder care",
      "designation": [
        {
          "language": "nl-BE",
          "value": "Blaas zorg"
        },
        {
          "language": "fr-BE",
          "value": "Soins de la vessie"
        }
      ]
    },
    {
      "code": "digestive-system-care",
      "display": "Digestive system care",
      "designation": [
        {
          "language": "nl-BE",
          "value": "Zorg voor het spijsverteringsstelsel"
        },
        {
          "language": "fr-BE",
          "value": "Soins du système digestif"
        }
      ]
    },
    {
      "code": "wound-care",
      "display": "Wound care",
      "designation": [
        {
          "language": "nl-BE",
          "value": "Wondzorg"
        },
        {
          "language": "fr-BE",
          "value": "Soin de plaie"
        }
      ]
    },
    {
      "code": "compression-therapy",
      "display": "Compression therapy",
      "designation": [
        {
          "language": "nl-BE",
          "value": "Compressietherapie"
        },
        {
          "language": "fr-BE",
          "value": "Thérapie de compression"
        }
      ]
    },
    {
      "code": "medication",
      "display": "Medication",
      "designation": [
        {
          "language": "nl-BE",
          "value": "Toedienen of aanbrengen van medicatie"
        },
        {
          "language": "fr-BE",
          "value": "Administration ou application de médicaments"
        }
      ]
    },
    {
      "code": "appendix-81-preparation-of-medications",
      "display": "Appendix 81 preparation of medications",
      "designation": [
        {
          "language": "nl-BE",
          "value": "Bijlage 81 voorbereiding geneesmiddelen"
        },
        {
          "language": "fr-BE",
          "value": "Annexe 81 préparation de médicaments"
        }
      ]
    },
    {
      "code": "preparation-and-administration-of-medication-to-chronical-psychiatric-patient",
      "display": "Preparation and administration of medication to chronical psychiatric patient",
      "designation": [
        {
          "language": "nl-BE",
          "value": "Voorbereiden en toedienen van medicatie chronisch psychiatrische patient"
        },
        {
          "language": "fr-BE",
          "value": "Préparation et administration de médicaments pour patient psychiatrique chronique"
        }
      ]
    },
    {
      "code": "diabetic-patient-services",
      "display": "Diabetic patient services",
      "designation": [
        {
          "language": "nl-BE",
          "value": "Zorg voor diabetespatiënten"
        },
        {
          "language": "fr-BE",
          "value": "Prestations patient diabetique"
        }
      ]
    },
    {
      "code": "non-reimbursed-services",
      "display": "Non reimbursed services",
      "designation": [
        {
          "language": "nl-BE",
          "value": "Niet vergoede diensten"
        },
        {
          "language": "fr-BE",
          "value": "Prestations non-remboursable"
        }
      ]
    },
    {
      "code": "other",
      "display": "Other",
      "designation": [
        {
          "language": "nl-BE",
          "value": "Andere"
        },
        {
          "language": "fr-BE",
          "value": "Autre"
        }
      ]
    }
  ]
}