{
  "resourceType": "CodeSystem",
  "id": "be-cs-nursing-code-non-reimbursable",
  "text": {
    "status": "generated",
    "div": "<div xmlns=\"http://www.w3.org/1999/xhtml\"><p>This code system https://www.ehealth.fgov.be/standards/fhir/CodeSystem/be-cs-nursing-code-non-reimbursable defines many codes, of which the following are a subset:</p><table class=\"codes\"><tr><td style=\"white-space:nowrap\"><b>Code</b></td><td><b>Display</b></td></tr><tr><td style=\"white-space:nowrap\">bloodpressure-measure<a name=\"be-cs-nursing-code-non-reimbursable-bloodpressure-measure\"> </a></td><td>Bloodpressure measure</td></tr><tr><td style=\"white-space:nowrap\">glycemic-measure<a name=\"be-cs-nursing-code-non-reimbursable-glycemic-measure\"> </a></td><td>Glycemic measure</td></tr><tr><td style=\"white-space:nowrap\">prepare-medications<a name=\"be-cs-nursing-code-non-reimbursable-prepare-medications\"> </a></td><td>Prepare medications</td></tr></table><p><b>Additional Language Displays</b></p><table class=\"codes\"><tr><td><b>Code</b></td><td><b>French (Belgium) (fr)</b></td><td><b>Nederlands (België) (Dutch (Belgium), nl)</b></td></tr><tr><td>bloodpressure-measure</td><td>Mesure de la pression artérielle</td><td>Bloeddrukmeting</td></tr><tr><td>glycemic-measure</td><td>mesure glycémique</td><td>Glycemie meting</td></tr><tr><td>prepare-medications</td><td>Préparer des médicaments</td><td>Voorbereiding geneesmiddelen</td></tr></table></div>"
  },
  "url": "https://www.ehealth.fgov.be/standards/fhir/CodeSystem/be-cs-nursing-code-non-reimbursable",
  "version": "0.2.0",
  "name": "BeNursingCodeNonReimbursable",
  "title": "BeNursingCodeNonReimbursable",
  "status": "draft",
  "experimental": false,
  "date": "2022-02-17T07:59:14+00:00",
  "publisher": "HL7 Belgium",
  "contact": [
    {
      "name": "HL7 Belgium",
      "telecom": [
        {
          "system": "url",
          "value": "http://hl7belgium.org"
        }
      ]
    },
    {
      "name": "Message-Structure",
      "telecom": [
        {
          "system": "email",
          "value": "message-structure@ehealth.fgov.be",
          "use": "work"
        }
      ]
    }
  ],
  "description": "Nursing codes in Belgium. To define details in nursing activities for the non reimbursable category. Initially defined as supporting CodeSystem for the referral prescription.",
  "jurisdiction": [
    {
      "coding": [
        {
          "system": "http://unstats.un.org/unsd/methods/m49/m49.htm",
          "code": "056",
          "display": "Belgium"
        }
      ]
    }
  ],
  "caseSensitive": false,
  "content": "fragment",
  "concept": [
    {
      "code": "bloodpressure-measure",
      "display": "Bloodpressure measure",
      "designation": [
        {
          "language": "nl-BE",
          "value": "Bloeddrukmeting"
        },
        {
          "language": "fr-BE",
          "value": "Mesure de la pression artérielle"
        }
      ]
    },
    {
      "code": "glycemic-measure",
      "display": "Glycemic measure",
      "designation": [
        {
          "language": "nl-BE",
          "value": "Glycemie meting"
        },
        {
          "language": "fr-BE",
          "value": "mesure glycémique"
        }
      ]
    },
    {
      "code": "prepare-medications",
      "display": "Prepare medications",
      "designation": [
        {
          "language": "nl-BE",
          "value": "Voorbereiding geneesmiddelen"
        },
        {
          "language": "fr-BE",
          "value": "Préparer des médicaments"
        }
      ]
    }
  ]
}