{
  "resourceType": "CodeSystem",
  "id": "be-prescription-status",
  "text": {
    "status": "generated",
    "div": "<div xmlns=\"http://www.w3.org/1999/xhtml\"><p>This code system https://www.ehealth.fgov.be/standards/fhir/referral/CodeSystem/be-prescription-status defines the following codes:</p><table class=\"codes\"><tr><td style=\"white-space:nowrap\"><b>Code</b></td><td><b>Display</b></td></tr><tr><td style=\"white-space:nowrap\">open<a name=\"be-prescription-status-open\"> </a></td><td>open</td></tr><tr><td style=\"white-space:nowrap\">stopped<a name=\"be-prescription-status-stopped\"> </a></td><td>stopped</td></tr><tr><td style=\"white-space:nowrap\">not-done<a name=\"be-prescription-status-not-done\"> </a></td><td>not done</td></tr><tr><td style=\"white-space:nowrap\">other<a name=\"be-prescription-status-other\"> </a></td><td>other</td></tr></table><p><b>Additional Language Displays</b></p><table class=\"codes\"><tr><td><b>Code</b></td><td><b>English (English, en)</b></td></tr><tr><td>open</td><td>The prescription is complete and ready to be processed</td></tr><tr><td>stopped</td><td>The prescription is stopped before completion</td></tr><tr><td>not-done</td><td>The prescription was not executed at all</td></tr><tr><td>other</td><td>other</td></tr></table></div>"
  },
  "url": "https://www.ehealth.fgov.be/standards/fhir/referral/CodeSystem/be-prescription-status",
  "version": "0.2.0",
  "name": "BePrescriptionStatus",
  "title": "BePrescriptionStatus",
  "status": "draft",
  "experimental": false,
  "date": "2021-10-07T15:14:36+02:00",
  "publisher": "HL7 Belgium",
  "contact": [
    {
      "name": "HL7 Belgium",
      "telecom": [
        {
          "system": "url",
          "value": "http://hl7belgium.org"
        }
      ]
    },
    {
      "name": "Message-Structure",
      "telecom": [
        {
          "system": "email",
          "value": "message-structure@ehealth.fgov.be",
          "use": "work"
        }
      ]
    }
  ],
  "description": "Prescription status in Belgium. Initially defined as supporting CodeSystem for the referral prescription.",
  "jurisdiction": [
    {
      "coding": [
        {
          "system": "urn:iso:std:iso:3166",
          "code": "BE",
          "display": "Belgium"
        }
      ]
    }
  ],
  "caseSensitive": false,
  "content": "complete",
  "count": 4,
  "concept": [
    {
      "code": "open",
      "display": "open",
      "designation": [
        {
          "language": "en",
          "value": "The prescription is complete and ready to be processed"
        }
      ]
    },
    {
      "code": "stopped",
      "display": "stopped",
      "designation": [
        {
          "language": "en",
          "value": "The prescription is stopped before completion"
        }
      ]
    },
    {
      "code": "not-done",
      "display": "not done",
      "designation": [
        {
          "language": "en",
          "value": "The prescription was not executed at all"
        }
      ]
    },
    {
      "code": "other",
      "display": "other",
      "designation": [
        {
          "language": "en",
          "value": "other"
        }
      ]
    }
  ]
}