{
  "resourceType" : "MedicationRequest",
  "id" : "ucgh222p13-1-2",
  "text" : {
    "status" : "generated",
    "div" : "<div xmlns=\"http://www.w3.org/1999/xhtml\"><p><b>Generated Narrative: MedicationRequest</b><a name=\"ucgh222p13-1-2\"> </a></p><div style=\"display: inline-block; background-color: #d9e0e7; padding: 6px; margin: 4px; border: 1px solid #8da1b4; border-radius: 5px; line-height: 60%\"><p style=\"margin-bottom: 0px\">Resource MedicationRequest &quot;ucgh222p13-1-2&quot; </p></div><p><b>status</b>: draft</p><p><b>intent</b>: plan</p><p><b>medication</b>: 093746-01 <span style=\"background: LightGoldenRodYellow; margin: 4px; border: 1px solid khaki\"> (cti-extended-code#093746-01)</span></p><p><b>subject</b>: <span>id:\u00a038012699993</span></p><p><b>basedOn</b>: <a href=\"ServiceRequest-ucgh222p13-1.html\">ServiceRequest/ucgh222p13-1</a></p><p><b>note</b>: Flamazine</p></div>"
  },
  "status" : "draft",
  "intent" : "plan",
  "medicationCodeableConcept" : {
    "coding" : [{
      "system" : "https://www.ehealth.fgov.be/standards/fhir/medication/NamingSystem/cti-extended-code",
      "code" : "093746-01"
    }]
  },
  "subject" : {
    "identifier" : {
      "system" : "https://www.ehealth.fgov.be/standards/fhir/core/NamingSystem/ssin",
      "value" : "38012699993"
    }
  },
  "basedOn" : [{
    "reference" : "ServiceRequest/ucgh222p13-1"
  }],
  "note" : [{
    "text" : "Flamazine"
  }]
}