{
  "resourceType": "MedicationRequest",
  "id": "example08-referralprescription-nursing-medication",
  "meta": {
    "profile": [
      "https://www.ehealth.fgov.be/standards/fhir/referral/StructureDefinition/be-referralprescription-nursing-medication"
    ]
  },
  "text": {
    "status": "extensions",
    "div": "<div xmlns=\"http://www.w3.org/1999/xhtml\"><p><b>Generated Narrative: MedicationRequest</b><a name=\"example08-referralprescription-nursing-medication\"> </a></p><div style=\"display: inline-block; background-color: #d9e0e7; padding: 6px; margin: 4px; border: 1px solid #8da1b4; border-radius: 5px; line-height: 60%\"><p style=\"margin-bottom: 0px\">Resource MedicationRequest \"example08-referralprescription-nursing-medication\" </p><p style=\"margin-bottom: 0px\">Profile: <a href=\"StructureDefinition-be-referralprescription-nursing-medication.html\">BeReferralPrescriptionNursingMedication</a></p></div><p><b>BeValidityPeriod</b>: 2022-10-12 --&gt; (ongoing)</p><p><b>BePerformerTaskReference</b>: <a href=\"Task-performer-task.html\">Task/performer-task</a></p><p><b>BeFeedbackToPrescriber</b>: true</p><p><b>identifier</b>: id: UHMEPVALUE</p><p><b>status</b>: active</p><p><b>statusReason</b>: In Progress <span style=\"background: LightGoldenRodYellow; margin: 4px; border: 1px solid khaki\"> (<a href=\"CodeSystem-be-prescription-status-reason.html\">BePrescriptionStatusReason</a>#inProgress)</span></p><p><b>intent</b>: order</p><p><b>category</b>: Intramuscular injection <span style=\"background: LightGoldenRodYellow; margin: 4px; border: 1px solid khaki\"> (<a href=\"https://browser.ihtsdotools.org/\">SNOMED CT</a>#76601001)</span></p><p><b>priority</b>: routine</p><p><b>medication</b>: Hydroxocobalamine Acetate Sterop inj./drinkb. oploss. i.m./i.v./or. [amp.] 3 x 10 mg / 2 ml <span style=\"background: LightGoldenRodYellow; margin: 4px; border: 1px solid khaki\"> (be-ns-cnk-codes#0048454)</span></p><p><b>subject</b>: <a name=\"patient1\"> </a></p><blockquote><p></p><p><a name=\"patient1\"> </a></p><p><b>identifier</b>: id: 9999999999(use: OFFICIAL)</p><p><b>name</b>: Jane Doe </p><p><b>gender</b>: female</p><p><b>birthDate</b>: 1956-05-27</p></blockquote><p><b>authoredOn</b>: 2022-10-31</p><p><b>requester</b>: <a name=\"practitioner1\"> </a></p><blockquote><p></p><p><a name=\"practitioner1\"> </a></p><p><b>identifier</b>: id: 8888888888(use: OFFICIAL)</p><p><b>name</b>: Leonard McCoy (OFFICIAL), Bones (NICKNAME)</p></blockquote><p><b>note</b>: Vitamine B12</p><h3>DosageInstructions</h3><table class=\"grid\"><tr><td>-</td><td><b>Text</b></td><td><b>Timing</b></td></tr><tr><td>*</td><td>Frequency: 6 months - 1 X every 3 weeks</td><td>Do Once per 3 weeks</td></tr></table><hr/><blockquote><p style=\"border: 1px #661aff solid; background-color: #e6e6ff; padding: 10px;\"><b>Jane Doe </b> female, DoB: 1956-05-27 ( id: 9999999999(use: OFFICIAL))</p><hr/></blockquote><hr/><blockquote><p><b>Generated Narrative: Practitioner #practitioner1</b><a name=\"practitioner1\"> </a></p><p><b>identifier</b>: id: 8888888888(use: OFFICIAL)</p><p><b>name</b>: Leonard McCoy (OFFICIAL), Bones (NICKNAME)</p></blockquote></div>"
  },
  "contained": [
    {
      "resourceType": "Patient",
      "id": "patient1",
      "meta": {
        "profile": [
          "https://www.ehealth.fgov.be/standards/fhir/core/StructureDefinition/be-patient"
        ]
      },
      "identifier": [
        {
          "use": "official",
          "system": "https://www.ehealth.fgov.be/standards/fhir/core/NamingSystem/ssin",
          "value": "9999999999"
        }
      ],
      "name": [
        {
          "family": "Doe",
          "given": [
            "Jane"
          ]
        }
      ],
      "gender": "female",
      "birthDate": "1956-05-27"
    },
    {
      "resourceType": "Practitioner",
      "id": "practitioner1",
      "meta": {
        "profile": [
          "https://www.ehealth.fgov.be/standards/fhir/core/StructureDefinition/be-practitioner"
        ]
      },
      "identifier": [
        {
          "use": "official",
          "system": "https://www.ehealth.fgov.be/standards/fhir/core/NamingSystem/nihdi",
          "value": "8888888888"
        }
      ],
      "name": [
        {
          "use": "official",
          "family": "McCoy",
          "given": [
            "Leonard"
          ]
        },
        {
          "use": "nickname",
          "given": [
            "Bones"
          ]
        }
      ]
    }
  ],
  "extension": [
    {
      "url": "https://www.ehealth.fgov.be/standards/fhir/referral/StructureDefinition/be-ext-validity-period",
      "valuePeriod": {
        "start": "2022-10-12"
      }
    },
    {
      "url": "https://www.ehealth.fgov.be/standards/fhir/referral/StructureDefinition/be-ext-performer-task-reference",
      "valueReference": {
        "reference": "Task/performer-task"
      }
    },
    {
      "url": "https://www.ehealth.fgov.be/standards/fhir/referral/StructureDefinition/be-ext-feedback-to-prescriber",
      "valueBoolean": true
    }
  ],
  "identifier": [
    {
      "system": "https://www.ehealth.fgov.be/standards/fhir/referral/NamingSystem/uhmep",
      "value": "UHMEPVALUE"
    }
  ],
  "status": "active",
  "statusReason": {
    "coding": [
      {
        "system": "https://www.ehealth.fgov.be/standards/fhir/referral/CodeSystem/be-prescription-status-reason",
        "code": "inProgress",
        "display": "In Progress"
      }
    ]
  },
  "intent": "order",
  "category": [
    {
      "coding": [
        {
          "system": "http://snomed.info/sct",
          "code": "76601001"
        }
      ]
    }
  ],
  "priority": "routine",
  "medicationCodeableConcept": {
    "coding": [
      {
        "system": "https://www.ehealth.fgov.be/standards/fhir/medication/NamingSystem/be-ns-cnk-codes",
        "code": "0048454",
        "display": "Hydroxocobalamine Acetate Sterop inj./drinkb. oploss. i.m./i.v./or. [amp.] 3 x 10 mg / 2 ml"
      }
    ]
  },
  "subject": {
    "reference": "#patient1"
  },
  "authoredOn": "2022-10-31",
  "requester": {
    "reference": "#practitioner1"
  },
  "note": [
    {
      "text": "Vitamine B12"
    }
  ],
  "dosageInstruction": [
    {
      "text": "Frequency: 6 months - 1 X every 3 weeks",
      "timing": {
        "repeat": {
          "boundsDuration": {
            "value": 6,
            "unit": "mo",
            "system": "http://hl7.org/fhir/ValueSet/ucum-units"
          },
          "frequency": 1,
          "period": 3,
          "periodUnit": "wk"
        }
      }
    }
  ]
}