{
  "resourceType": "MedicationRequest",
  "id": "example08-referralprescription-nursing-medication",
  "meta": {
    "profile": [
      "https://www.ehealth.fgov.be/standards/fhir/referral/StructureDefinition/be-referralprescription-nursing-gen-medication"
    ]
  },
  "text": {
    "status": "extensions",
    "div": "<div xmlns=\"http://www.w3.org/1999/xhtml\"><p><b>Generated Narrative: MedicationRequest</b><a name=\"example08-referralprescription-nursing-medication\"> </a></p><div style=\"display: inline-block; background-color: #d9e0e7; padding: 6px; margin: 4px; border: 1px solid #8da1b4; border-radius: 5px; line-height: 60%\"><p style=\"margin-bottom: 0px\">Resource MedicationRequest \"example08-referralprescription-nursing-medication\" </p><p style=\"margin-bottom: 0px\">Profile: <a href=\"StructureDefinition-be-referralprescription-nursing-gen-medication.html\">BeReferralPrescriptionNursingGenMedication</a></p></div><blockquote><p><b>BeIntendedPerformer</b></p><p><b>value</b>: Nurse <span style=\"background: LightGoldenRodYellow; margin: 4px; border: 1px solid khaki\"> (<a href=\"https://browser.ihtsdotools.org/\">SNOMED CT</a>#106292003)</span></p><p><b>value</b>: <a href=\"Practitioner-practitioner2.html\">Practitioner/practitioner2</a> \" CHAPEL\"</p></blockquote><p><b>identifier</b>: id: UHMEPVALUE</p><p><b>status</b>: active</p><p><b>statusReason</b>: Refused <span style=\"background: LightGoldenRodYellow; margin: 4px; border: 1px solid khaki\"> (<a href=\"http://terminology.hl7.org/3.1.0/CodeSystem-v3-ActReason.html\">ActReason</a>#PATOBJ)</span></p><p><b>intent</b>: order</p><p><b>category</b>: Intramuscular injection <span style=\"background: LightGoldenRodYellow; margin: 4px; border: 1px solid khaki\"> (<a href=\"https://browser.ihtsdotools.org/\">SNOMED CT</a>#76601001)</span></p><p><b>priority</b>: routine</p><p><b>medication</b>: Hydroxocobalamine Acetate Sterop inj./drinkb. oploss. i.m./i.v./or. [amp.] 3 x 10 mg / 2 ml <span style=\"background: LightGoldenRodYellow; margin: 4px; border: 1px solid khaki\"> (be-ns-cnk-codes#0048454)</span></p><p><b>subject</b>: <a href=\"Patient-patient1.html\">Patient/patient1</a> \" DOE\"</p><p><b>requester</b>: <a href=\"Practitioner-practitioner1.html\">Practitioner/practitioner1</a> \" MCCOY\"</p><p><b>note</b>: Vitamine B12</p><h3>DosageInstructions</h3><table class=\"grid\"><tr><td>-</td><td><b>Text</b></td><td><b>Timing</b></td></tr><tr><td>*</td><td>Frequency: 6 months - 1 X every 3 weeks</td><td>Do Once per 3 weeks</td></tr></table></div>"
  },
  "extension": [
    {
      "extension": [
        {
          "url": "role",
          "valueCodeableConcept": {
            "coding": [
              {
                "system": "http://snomed.info/sct",
                "code": "106292003",
                "display": "Nurse"
              }
            ]
          }
        },
        {
          "url": "actor",
          "valueReference": {
            "reference": "Practitioner/practitioner2"
          }
        }
      ],
      "url": "https://www.ehealth.fgov.be/standards/fhir/referral/StructureDefinition/be-intended-performer"
    }
  ],
  "identifier": [
    {
      "system": "https://www.ehealth.fgov.be/standards/fhir/referral/NamingSystem/uhmep",
      "value": "UHMEPVALUE"
    }
  ],
  "status": "active",
  "statusReason": {
    "coding": [
      {
        "system": "http://terminology.hl7.org/CodeSystem/v3-ActReason",
        "code": "PATOBJ",
        "display": "Refused"
      }
    ]
  },
  "intent": "order",
  "category": [
    {
      "coding": [
        {
          "system": "http://snomed.info/sct",
          "code": "76601001"
        }
      ]
    }
  ],
  "priority": "routine",
  "medicationCodeableConcept": {
    "coding": [
      {
        "system": "https://www.ehealth.fgov.be/standards/fhir/medication/NamingSystem/be-ns-cnk-codes",
        "code": "0048454",
        "display": "Hydroxocobalamine Acetate Sterop inj./drinkb. oploss. i.m./i.v./or. [amp.] 3 x 10 mg / 2 ml"
      }
    ]
  },
  "subject": {
    "reference": "Patient/patient1"
  },
  "requester": {
    "reference": "Practitioner/practitioner1"
  },
  "note": [
    {
      "text": "Vitamine B12"
    }
  ],
  "dosageInstruction": [
    {
      "text": "Frequency: 6 months - 1 X every 3 weeks",
      "timing": {
        "repeat": {
          "boundsDuration": {
            "value": 6,
            "unit": "mo",
            "system": "http://hl7.org/fhir/ValueSet/ucum-units"
          },
          "frequency": 1,
          "period": 3,
          "periodUnit": "wk"
        }
      }
    }
  ]
}