{
  "resourceType": "NamingSystem",
  "id": "be-ns-amp-codes",
  "text": {
    "status": "generated",
    "div": "<div xmlns=\"http://www.w3.org/1999/xhtml\"><h3>Summary</h3><table class=\"grid\"><tr><td>Defining URL</td><td>https://www.ehealth.fgov.be/standards/fhir/referral/NamingSystem/be-ns-amp-codes</td></tr><tr><td>Version</td><td>0.2.0</td></tr><tr><td>Name</td><td>BeNSamp</td></tr><tr><td>Status</td><td>active</td></tr><tr><td>Definition</td><td><div><p>Naming System - amp Product Codes</p>\n</div></td></tr><tr><td>Publisher</td><td>HL7 Belgium</td></tr></table><h3>Identifiers</h3><table class=\"grid\"><tr><td><b>Type</b></td><td><b>Value</b></td><td><b>Preferred</b></td></tr><tr><td>URI</td><td>https://www.ehealth.fgov.be/standards/fhir/NamingSystem/amp-codes</td><td>true</td></tr></table></div>"
  },
  "name": "BeNSamp",
  "status": "active",
  "kind": "codesystem",
  "date": "2020-07-24",
  "publisher": "HL7 Belgium",
  "contact": [
    {
      "name": "HL7 Belgium",
      "telecom": [
        {
          "system": "url",
          "value": "http://hl7belgium.org"
        }
      ]
    },
    {
      "name": "Message-Structure",
      "telecom": [
        {
          "system": "email",
          "value": "message-structure@ehealth.fgov.be",
          "use": "work"
        }
      ]
    }
  ],
  "description": "Naming System - amp Product Codes",
  "jurisdiction": [
    {
      "coding": [
        {
          "system": "urn:iso:std:iso:3166",
          "code": "BE",
          "display": "Belgium"
        }
      ]
    }
  ],
  "uniqueId": [
    {
      "type": "uri",
      "value": "https://www.ehealth.fgov.be/standards/fhir/NamingSystem/amp-codes",
      "preferred": true
    }
  ]
}