{
  "resourceType": "Practitioner",
  "id": "practitioner2",
  "meta": {
    "profile": [
      "https://www.ehealth.fgov.be/standards/fhir/StructureDefinition/be-practitioner"
    ]
  },
  "text": {
    "status": "generated",
    "div": "<div xmlns=\"http://www.w3.org/1999/xhtml\"><p><b>Generated Narrative</b></p><div style=\"display: inline-block; background-color: #d9e0e7; padding: 6px; margin: 4px; border: 1px solid #8da1b4; border-radius: 5px; line-height: 60%\"><p style=\"margin-bottom: 0px\">Resource \"practitioner2\" </p><p style=\"margin-bottom: 0px\">Profile: <a href=\"https://build.fhir.org/ig/hl7-be/hl7-be-fhir//StructureDefinition-be-practitioner.html\">BePractitioner</a></p></div><p><b>identifier</b>: id: 8888888888 (OFFICIAL)</p><p><b>name</b>: Christopher Chapel (OFFICIAL), Mr.Nurse (NICKNAME)</p></div>"
  },
  "identifier": [
    {
      "use": "official",
      "system": "https://www.ehealth.fgov.be/standards/fhir/NamingSystem/nihdi",
      "value": "8888888888"
    }
  ],
  "name": [
    {
      "use": "official",
      "family": "Chapel",
      "given": [
        "Christopher"
      ]
    },
    {
      "use": "nickname",
      "given": [
        "Mr.Nurse"
      ]
    }
  ]
}