{
  "resourceType": "ServiceRequest",
  "id": "diagnostic-imaging-basic-example-everything-contained",
  "meta": {
    "profile": [
      "https://www.ehealth.fgov.be/standards/fhir/referral/StructureDefinition/be-referralprescription-diagnosticimaging"
    ]
  },
  "text": {
    "status": "extensions",
    "div": "<div xmlns=\"http://www.w3.org/1999/xhtml\"><p><b>Generated Narrative: ServiceRequest</b><a name=\"diagnostic-imaging-basic-example-everything-contained\"> </a></p><div style=\"display: inline-block; background-color: #d9e0e7; padding: 6px; margin: 4px; border: 1px solid #8da1b4; border-radius: 5px; line-height: 60%\"><p style=\"margin-bottom: 0px\">Resource ServiceRequest \"diagnostic-imaging-basic-example-everything-contained\" </p><p style=\"margin-bottom: 0px\">Profile: <a href=\"StructureDefinition-be-referralprescription-diagnosticimaging.html\">BeReferralPrescriptionDiagnosticImaging</a></p></div><p><b>Reason for current status</b>: Some relevant supporting information</p><p><b>BeValidityPeriod</b>: 2020-01-01 --&gt; 2021-01-01</p><p><b>status</b>: active</p><p><b>intent</b>: order</p><p><b>category</b>: Clinical imaging <span style=\"background: LightGoldenRodYellow; margin: 4px; border: 1px solid khaki\"> (<a href=\"https://browser.ihtsdotools.org/\">SNOMED CT</a>#363679005)</span></p><p><b>priority</b>: routine</p><p><b>code</b>: Some suggestion of what to do (this could also be expressed in a coding system) <span style=\"background: LightGoldenRodYellow; margin: 4px; border: 1px solid khaki\"> ()</span></p><p><b>subject</b>: <a name=\"patient1\"> </a></p><blockquote><p></p><p><a name=\"patient1\"> </a></p><p><b>identifier</b>: id: 9999999999 (OFFICIAL)</p><p><b>name</b>: Jane Doe </p><p><b>gender</b>: female</p><p><b>birthDate</b>: 1956-05-27</p></blockquote><p><b>authoredOn</b>: 2020-01-01</p><p><b>requester</b>: <a name=\"Requester1\"> </a></p><blockquote><p></p><p><a name=\"Requester1\"> </a></p><p><b>identifier</b>: id: 8888888888 (OFFICIAL)</p><p><b>name</b>: Henry Seven (OFFICIAL)</p></blockquote><p><b>performer</b>: </p><ul><li><a href=\"PractitionerRole-practitionerrole1.html\">PractitionerRole/practitionerrole1</a></li><li><a href=\"PractitionerRole-practitionerrole1.html\">PractitionerRole/practitionerrole1</a></li></ul><p><b>reasonCode</b>: Patient mobility problems. Possibly arthritis of knee <span style=\"background: LightGoldenRodYellow; margin: 4px; border: 1px solid khaki\"> (<a href=\"https://browser.ihtsdotools.org/\">SNOMED CT</a>#371081002 \"Arthritis of knee\")</span></p></div>"
  },
  "contained": [
    {
      "resourceType": "Patient",
      "id": "patient1",
      "meta": {
        "profile": [
          "https://www.ehealth.fgov.be/standards/fhir/core/StructureDefinition/be-patient"
        ]
      },
      "identifier": [
        {
          "use": "official",
          "system": "https://www.ehealth.fgov.be/standards/fhir/core/NamingSystem/ssin",
          "value": "9999999999"
        }
      ],
      "name": [
        {
          "family": "Doe",
          "given": [
            "Jane"
          ]
        }
      ],
      "gender": "female",
      "birthDate": "1956-05-27"
    },
    {
      "resourceType": "Practitioner",
      "id": "Requester1",
      "meta": {
        "profile": [
          "https://www.ehealth.fgov.be/standards/fhir/core/StructureDefinition/be-practitioner"
        ]
      },
      "identifier": [
        {
          "use": "official",
          "system": "https://www.ehealth.fgov.be/standards/fhir/core/NamingSystem/nihdi",
          "value": "8888888888"
        }
      ],
      "name": [
        {
          "use": "official",
          "family": "Seven",
          "given": [
            "Henry"
          ]
        }
      ]
    },
    {
      "resourceType": "Practitioner",
      "id": "Performer1",
      "meta": {
        "profile": [
          "https://www.ehealth.fgov.be/standards/fhir/core/StructureDefinition/be-practitioner"
        ]
      },
      "identifier": [
        {
          "use": "official",
          "system": "https://www.ehealth.fgov.be/standards/fhir/core/NamingSystem/nihdi",
          "value": "9876543210"
        }
      ],
      "name": [
        {
          "use": "official",
          "family": "Lisa",
          "given": [
            "Hermans"
          ]
        }
      ]
    }
  ],
  "extension": [
    {
      "url": "http://hl7.org/fhir/StructureDefinition/request-statusReason",
      "valueAnnotation": {
        "text": "Some relevant supporting information"
      }
    },
    {
      "url": "https://www.ehealth.fgov.be/standards/fhir/referral/StructureDefinition/be-ext-validity-period",
      "valuePeriod": {
        "start": "2020-01-01",
        "end": "2021-01-01"
      }
    }
  ],
  "modifierExtension": [
    {
      "url": "https://www.ehealth.fgov.be/standards/fhir/referral/StructureDefinition/be-ext-contraindication",
      "valueAnnotation": {
        "text": "Patient has serious kidney problems."
      }
    }
  ],
  "status": "active",
  "intent": "order",
  "category": [
    {
      "coding": [
        {
          "system": "http://snomed.info/sct",
          "code": "363679005",
          "display": "Clinical imaging"
        }
      ]
    }
  ],
  "priority": "routine",
  "code": {
    "text": "Some suggestion of what to do (this could also be expressed in a coding system)"
  },
  "subject": {
    "reference": "#patient1"
  },
  "authoredOn": "2020-01-01",
  "requester": {
    "reference": "#Requester1"
  },
  "performer": [
    {
      "reference": "PractitionerRole/practitionerrole1"
    },
    {
      "reference": "PractitionerRole/practitionerrole1"
    }
  ],
  "reasonCode": [
    {
      "coding": [
        {
          "system": "http://snomed.info/sct",
          "code": "371081002",
          "display": "Arthritis of knee"
        }
      ],
      "text": "Patient mobility problems. Possibly arthritis of knee"
    }
  ]
}