{
  "resourceType": "ServiceRequest",
  "id": "example30-referralprescription-nursing-woundcare",
  "meta": {
    "profile": [
      "https://www.ehealth.fgov.be/standards/fhir/StructureDefinition/be-referralprescription-nursing-woundcare"
    ]
  },
  "text": {
    "status": "extensions",
    "div": "<div xmlns=\"http://www.w3.org/1999/xhtml\"><p><b>Generated Narrative</b></p><div style=\"display: inline-block; background-color: #d9e0e7; padding: 6px; margin: 4px; border: 1px solid #8da1b4; border-radius: 5px; line-height: 60%\"><p style=\"margin-bottom: 0px\">Resource \"example30-referralprescription-nursing-woundcare\" </p><p style=\"margin-bottom: 0px\">Profile: <a href=\"StructureDefinition-be-referralprescription-nursing-woundcare.html\">BeReferralPrescriptionNursingWoundcare</a></p></div><p><b>Reason for current status</b>: Created <span style=\"background: LightGoldenRodYellow; margin: 4px; border: 1px solid khaki\"> (<a href=\"CodeSystem-be-status-reason.html\">BeStatusReason</a>#created)</span></p><p><b>identifier</b>: id: UHMEPVALUE</p><p><b>status</b>: active</p><p><b>intent</b>: order</p><p><b>category</b>: Nursing procedure <span style=\"background: LightGoldenRodYellow; margin: 4px; border: 1px solid khaki\"> (<a href=\"https://browser.ihtsdotools.org/\">SNOMED CT</a>#9632001)</span></p><p><b>priority</b>: routine</p><p><b>code</b>: Wound care <span style=\"background: LightGoldenRodYellow; margin: 4px; border: 1px solid khaki\"> (<a href=\"CodeSystem-be-cs-nursing-code.html\">BeNursingCode</a>#wound-care)</span></p><p><b>orderDetail</b>: Manual removal of faecal omen <span style=\"background: LightGoldenRodYellow; margin: 4px; border: 1px solid khaki\"> (<a href=\"CodeSystem-codesystem-be-digestive-system-care.html\">BeDigestiveSystemCare</a>#manual-removal-of-faecal-omen)</span></p><p><b>subject</b>: <a href=\"Patient-patient1.html\">Patient/patient1</a> \" DOE\"</p><p><b>occurrence</b>: Do Once per 1 days</p><p><b>requester</b>: <a href=\"Practitioner-practitioner1.html\">Practitioner/practitioner1</a> \" MCCOY\"</p><p><b>performerType</b>: Nurse <span style=\"background: LightGoldenRodYellow; margin: 4px; border: 1px solid khaki\"> (<a href=\"https://browser.ihtsdotools.org/\">SNOMED CT</a>#106292003)</span></p><p><b>performer</b>: <a href=\"Practitioner-practitioner2.html\">Practitioner/practitioner2</a> \" CHAPEL\"</p><p><b>reasonCode</b>: Infected varicose ulcer <span style=\"background: LightGoldenRodYellow; margin: 4px; border: 1px solid khaki\"> (<a href=\"https://browser.ihtsdotools.org/\">SNOMED CT</a>#195450002)</span></p><p><b>bodySite</b>: Structure of superficial palmar arch of right hand (body structure) <span style=\"background: LightGoldenRodYellow; margin: 4px; border: 1px solid khaki\"> (<a href=\"https://browser.ihtsdotools.org/\">SNOMED CT</a>#771354004)</span></p><p><b>note</b>: wound care codeset/valueset is still missing (see orderDetail)/ waar komt de medicatie Flaminal Hydro</p></div>"
  },
  "extension": [
    {
      "url": "http://hl7.org/fhir/StructureDefinition/request-statusReason",
      "valueCodeableConcept": {
        "coding": [
          {
            "system": "https://www.ehealth.fgov.be/standards/fhir/CodeSystem/be-status-reason",
            "code": "created",
            "display": "Created"
          }
        ]
      }
    }
  ],
  "identifier": [
    {
      "system": "https://www.ehealth.fgov.be/standards/fhir/NamingSystem/uhmep",
      "value": "UHMEPVALUE"
    }
  ],
  "status": "active",
  "intent": "order",
  "category": [
    {
      "coding": [
        {
          "system": "http://snomed.info/sct",
          "code": "9632001"
        }
      ],
      "text": "Nursing procedure"
    }
  ],
  "priority": "routine",
  "code": {
    "coding": [
      {
        "system": "https://www.ehealth.fgov.be/standards/fhir/CodeSystem/be-cs-nursing-code",
        "code": "wound-care"
      }
    ]
  },
  "orderDetail": [
    {
      "coding": [
        {
          "system": "https://www.ehealth.fgov.be/standards/fhir/CodeSystem/be-cs-digestive-system-care",
          "code": "manual-removal-of-faecal-omen"
        }
      ]
    }
  ],
  "subject": {
    "reference": "Patient/patient1"
  },
  "occurrenceTiming": {
    "repeat": {
      "frequency": 1,
      "period": 1,
      "periodUnit": "d"
    }
  },
  "requester": {
    "reference": "Practitioner/practitioner1"
  },
  "performerType": {
    "coding": [
      {
        "system": "http://snomed.info/sct",
        "code": "106292003",
        "display": "Nurse"
      }
    ]
  },
  "performer": [
    {
      "reference": "Practitioner/practitioner2"
    }
  ],
  "reasonCode": [
    {
      "coding": [
        {
          "system": "http://snomed.info/sct",
          "code": "195450002"
        }
      ]
    }
  ],
  "bodySite": [
    {
      "coding": [
        {
          "system": "http://snomed.info/sct",
          "code": "771354004"
        }
      ]
    }
  ],
  "note": [
    {
      "text": "wound care codeset/valueset is still missing (see orderDetail)/ waar komt de medicatie Flaminal Hydro"
    }
  ]
}