{
  "resourceType": "ServiceRequest",
  "id": "example07-referralprescription-nursing-medication-service",
  "meta": {
    "profile": [
      "https://www.ehealth.fgov.be/standards/fhir/StructureDefinition/be-referralprescription-nursing-medication-service"
    ]
  },
  "text": {
    "status": "extensions",
    "div": "<div xmlns=\"http://www.w3.org/1999/xhtml\"><p><b>Generated Narrative</b></p><p><b>Reason for current status</b>: <span title=\"Codes: {https://www.ehealth.fgov.be/standards/fhir/CodeSystem/be-status-reason created}\">Created</span></p><p><b>identifier</b>: id: UHMEPVALUE</p><p><b>basedOn</b>: <a name=\"example07-medication01-minimal\"> </a></p><blockquote><p><b>status</b>: active</p><p><b>intent</b>: order</p><p><b>medication</b>: <span title=\"Codes: {https://www.ehealth.fgov.be/standards/fhir/NamingSystem/cnk-codes 1728104}\">Neupogen inj./inf. oploss. (conc.) i.v./s.c. [voorgev. spuit] 5 x 48 ME / 0,5 ml</span></p><p><b>subject</b>: <a href=\"Patient-patient1.html\">Generated Summary: id: 9999999999 (OFFICIAL); Jane Doe ; gender: female; birthDate: 1956-05-27</a></p></blockquote><p><b>status</b>: active</p><p><b>intent</b>: order</p><p><b>category</b>: <span title=\"Codes: {http://snomed.info/sct 9632001}\">Nursing procedure</span></p><p><b>priority</b>: routine</p><p><b>code</b>: <span title=\"Codes: {https://www.ehealth.fgov.be/standards/fhir/CodeSystem/be-cs-nursing-code medication}\">Medication</span></p><p><b>orderDetail</b>: <span title=\"Codes: {https://www.ehealth.fgov.be/standards/fhir/CodeSystem/be-nursing-medication-injection SC}\">Subcutaan</span></p><p><b>subject</b>: <a href=\"Patient-patient1.html\">Generated Summary: id: 9999999999 (OFFICIAL); Jane Doe ; gender: female; birthDate: 1956-05-27</a></p><p><b>occurrence</b>: 2022-04-19 --&gt; 2022-04-24</p><p><b>requester</b>: <a href=\"Practitioner-practitioner1.html\">Generated Summary: id: 8888888888 (OFFICIAL); Leonard McCoy (OFFICIAL), Bones (NICKNAME)</a></p></div>"
  },
  "contained": [
    {
      "resourceType": "MedicationRequest",
      "id": "example07-medication01-minimal",
      "meta": {
        "profile": [
          "https://www.ehealth.fgov.be/standards/fhir/StructureDefinition/be-referralprescription-nursing-medication"
        ]
      },
      "status": "active",
      "intent": "order",
      "medicationCodeableConcept": {
        "coding": [
          {
            "system": "https://www.ehealth.fgov.be/standards/fhir/NamingSystem/cnk-codes",
            "code": "1728104",
            "display": "Neupogen inj./inf. oploss. (conc.) i.v./s.c. [voorgev. spuit] 5 x 48 ME / 0,5 ml"
          }
        ]
      },
      "subject": {
        "reference": "Patient/patient1"
      },
      "dosageInstruction": [
        {
          "text": "2 spuiten simultaan te geven.  5 days ‘s avonds rond 20.00u"
        }
      ]
    }
  ],
  "extension": [
    {
      "url": "http://hl7.org/fhir/StructureDefinition/request-statusReason",
      "valueCodeableConcept": {
        "coding": [
          {
            "system": "https://www.ehealth.fgov.be/standards/fhir/CodeSystem/be-status-reason",
            "code": "created",
            "display": "Created"
          }
        ]
      }
    }
  ],
  "identifier": [
    {
      "system": "https://www.ehealth.fgov.be/standards/fhir/NamingSystem/uhmep",
      "value": "UHMEPVALUE"
    }
  ],
  "basedOn": [
    {
      "reference": "#example07-medication01-minimal"
    }
  ],
  "status": "active",
  "intent": "order",
  "category": [
    {
      "coding": [
        {
          "system": "http://snomed.info/sct",
          "code": "9632001"
        }
      ],
      "text": "Nursing procedure"
    }
  ],
  "priority": "routine",
  "code": {
    "coding": [
      {
        "system": "https://www.ehealth.fgov.be/standards/fhir/CodeSystem/be-cs-nursing-code",
        "code": "medication"
      }
    ]
  },
  "orderDetail": [
    {
      "coding": [
        {
          "system": "https://www.ehealth.fgov.be/standards/fhir/CodeSystem/be-nursing-medication-injection",
          "code": "SC"
        }
      ],
      "text": "Subcutaan"
    }
  ],
  "subject": {
    "reference": "Patient/patient1"
  },
  "occurrencePeriod": {
    "start": "2022-04-19",
    "end": "2022-04-24"
  },
  "requester": {
    "reference": "Practitioner/practitioner1"
  }
}