{
  "resourceType" : "ServiceRequest",
  "id" : "diagnostic-imaging-basic-example-useOfModality",
  "meta" : {
    "profile" : ["https://www.ehealth.fgov.be/standards/fhir/referral/StructureDefinition/be-referralprescription-diagnosticimaging"]
  },
  "text" : {
    "status" : "extensions",
    "div" : "<div xmlns=\"http://www.w3.org/1999/xhtml\"><p><b>Generated Narrative: ServiceRequest</b><a name=\"diagnostic-imaging-basic-example-useOfModality\"> </a></p><div style=\"display: inline-block; background-color: #d9e0e7; padding: 6px; margin: 4px; border: 1px solid #8da1b4; border-radius: 5px; line-height: 60%\"><p style=\"margin-bottom: 0px\">Resource ServiceRequest &quot;diagnostic-imaging-basic-example-useOfModality&quot; </p><p style=\"margin-bottom: 0px\">Profile: <a href=\"StructureDefinition-be-referralprescription-diagnosticimaging.html\">BeReferralPrescriptionDiagnosticImaging</a></p></div><p><b>BeFeedbackToPrescriber</b>: true</p><p><b>BeValidityPeriod</b>: 2020-01-01 --&gt; 2021-01-01</p><p><b>Reason for current status</b>: In progress <span style=\"background: LightGoldenRodYellow; margin: 4px; border: 1px solid khaki\"> (<a href=\"CodeSystem-be-prescription-status-reason.html\">BePrescriptionStatusReason</a>#inProgress)</span></p><blockquote><p><b>modifierExtension[https://www.ehealth.fgov.be/standards/fhir/referral/StructureDefinition/be-ext-contraindication]</b></p></blockquote><blockquote><p><b>modifierExtension[https://www.ehealth.fgov.be/standards/fhir/referral/StructureDefinition/be-ext-contrastfluiduse]</b></p></blockquote><p><b>status</b>: active</p><p><b>intent</b>: order</p><p><b>category</b>: Clinical imaging <span style=\"background: LightGoldenRodYellow; margin: 4px; border: 1px solid khaki\"> (<a href=\"https://browser.ihtsdotools.org/\">SNOMED CT[BE]</a>#363679005)</span></p><p><b>priority</b>: routine</p><p><b>code</b>: Rx + echo rechtervoet <span style=\"background: LightGoldenRodYellow; margin: 4px; border: 1px solid khaki\"> ()</span></p><p><b>orderDetail</b>: Digital Radiography <span style=\"background: LightGoldenRodYellow; margin: 4px; border: 1px solid khaki\"> (<a href=\"http://hl7.org/fhir/R4/codesystem-dicom-dcim.html\">DICOM</a>#DX)</span>, Ultrasound <span style=\"background: LightGoldenRodYellow; margin: 4px; border: 1px solid khaki\"> (<a href=\"http://hl7.org/fhir/R4/codesystem-dicom-dcim.html\">DICOM</a>#US)</span></p><p><b>subject</b>: <a name=\"patient1\"> </a></p><blockquote><p/><p><a name=\"patient1\"> </a></p><p><b>identifier</b>: id:\u00a09999999999\u00a0(use:\u00a0OFFICIAL)</p><p><b>name</b>: Jane Doe </p><p><b>gender</b>: female</p><p><b>birthDate</b>: 1956-05-27</p></blockquote><p><b>authoredOn</b>: 2022-01-01</p><p><b>requester</b>: <a name=\"practitioner1\"> </a></p><blockquote><p/><p><a name=\"practitioner1\"> </a></p><p><b>identifier</b>: id:\u00a08888888888\u00a0(use:\u00a0OFFICIAL)</p><p><b>name</b>: Leonard McCoy (OFFICIAL), Bones (NICKNAME)</p></blockquote><p><b>reasonCode</b>: Fractuur? Ligamentair letsel? <span style=\"background: LightGoldenRodYellow; margin: 4px; border: 1px solid khaki\"> ()</span></p><p><b>supportingInfo</b>: <a href=\"Condition-condition1.html\">Condition/condition1</a></p><p><b>bodySite</b>: The right foot <span style=\"background: LightGoldenRodYellow; margin: 4px; border: 1px solid khaki\"> (<a href=\"https://browser.ihtsdotools.org/\">SNOMED CT[BE]</a>#7769000 &quot;Structure of right foot (body structure)&quot;)</span></p><hr/><blockquote><p style=\"border: 1px #661aff solid; background-color: #e6e6ff; padding: 10px;\"><b>Jane Doe </b> female, DoB: 1956-05-27 ( id:\u00a09999999999\u00a0(use:\u00a0OFFICIAL))</p><hr/></blockquote><hr/><blockquote><p><b>Generated Narrative: Practitioner #practitioner1</b><a name=\"practitioner1\"> </a></p><p><b>identifier</b>: id:\u00a08888888888\u00a0(use:\u00a0OFFICIAL)</p><p><b>name</b>: Leonard McCoy (OFFICIAL), Bones (NICKNAME)</p></blockquote></div>"
  },
  "contained" : [{
    "resourceType" : "Patient",
    "id" : "patient1",
    "meta" : {
      "profile" : ["https://www.ehealth.fgov.be/standards/fhir/core/StructureDefinition/be-patient"]
    },
    "identifier" : [{
      "use" : "official",
      "system" : "https://www.ehealth.fgov.be/standards/fhir/core/NamingSystem/ssin",
      "value" : "9999999999"
    }],
    "name" : [{
      "family" : "Doe",
      "given" : ["Jane"]
    }],
    "gender" : "female",
    "birthDate" : "1956-05-27"
  },
  {
    "resourceType" : "Practitioner",
    "id" : "practitioner1",
    "meta" : {
      "profile" : ["https://www.ehealth.fgov.be/standards/fhir/core/StructureDefinition/be-practitioner"]
    },
    "identifier" : [{
      "use" : "official",
      "system" : "https://www.ehealth.fgov.be/standards/fhir/core/NamingSystem/nihdi",
      "value" : "8888888888"
    }],
    "name" : [{
      "use" : "official",
      "family" : "McCoy",
      "given" : ["Leonard"]
    },
    {
      "use" : "nickname",
      "given" : ["Bones"]
    }]
  }],
  "extension" : [{
    "url" : "https://www.ehealth.fgov.be/standards/fhir/referral/StructureDefinition/be-ext-feedback-to-prescriber",
    "valueBoolean" : true
  },
  {
    "url" : "https://www.ehealth.fgov.be/standards/fhir/referral/StructureDefinition/be-ext-validity-period",
    "valuePeriod" : {
      "start" : "2020-01-01",
      "end" : "2021-01-01"
    }
  },
  {
    "url" : "http://hl7.org/fhir/StructureDefinition/request-statusReason",
    "valueCodeableConcept" : {
      "coding" : [{
        "system" : "https://www.ehealth.fgov.be/standards/fhir/referral/CodeSystem/be-prescription-status-reason",
        "code" : "inProgress",
        "display" : "In progress"
      }]
    }
  }],
  "modifierExtension" : [{
    "url" : "https://www.ehealth.fgov.be/standards/fhir/referral/StructureDefinition/be-ext-contraindication",
    "valueCodeableConcept" : {
      "coding" : [{
        "system" : "http://terminology.hl7.org/CodeSystem/v3-NullFlavor",
        "code" : "ASKU",
        "display" : "asked but unknown"
      }]
    }
  },
  {
    "url" : "https://www.ehealth.fgov.be/standards/fhir/referral/StructureDefinition/be-ext-contrastfluiduse",
    "valueCode" : "if-necessary"
  }],
  "status" : "active",
  "intent" : "order",
  "category" : [{
    "coding" : [{
      "system" : "http://snomed.info/sct",
      "version" : "http://snomed.info/sct/11000172109",
      "code" : "363679005",
      "display" : "Clinical imaging"
    }]
  }],
  "priority" : "routine",
  "code" : {
    "text" : "Rx + echo rechtervoet"
  },
  "orderDetail" : [{
    "coding" : [{
      "system" : "http://dicom.nema.org/resources/ontology/DCM",
      "code" : "DX"
    }]
  },
  {
    "coding" : [{
      "system" : "http://dicom.nema.org/resources/ontology/DCM",
      "code" : "US",
      "display" : "Ultrasound"
    }]
  }],
  "subject" : {
    "reference" : "#patient1"
  },
  "authoredOn" : "2022-01-01",
  "requester" : {
    "reference" : "#practitioner1"
  },
  "reasonCode" : [{
    "text" : "Fractuur? Ligamentair letsel?"
  }],
  "supportingInfo" : [{
    "reference" : "Condition/condition1"
  }],
  "bodySite" : [{
    "coding" : [{
      "system" : "http://snomed.info/sct",
      "version" : "http://snomed.info/sct/11000172109",
      "code" : "7769000",
      "display" : "Structure of right foot (body structure)"
    }],
    "text" : "The right foot"
  }]
}