{
  "resourceType" : "ServiceRequest",
  "id" : "ucgh241p17-1",
  "meta" : {
    "profile" : ["https://www.ehealth.fgov.be/standards/fhir/referral/StructureDefinition/be-referralprescription-nursing"]
  },
  "text" : {
    "status" : "extensions",
    "div" : "<div xmlns=\"http://www.w3.org/1999/xhtml\"><p><b>Generated Narrative: ServiceRequest</b><a name=\"ucgh241p17-1\"> </a><a name=\"hcucgh241p17-1\"> </a></p><div style=\"display: inline-block; background-color: #d9e0e7; padding: 6px; margin: 4px; border: 1px solid #8da1b4; border-radius: 5px; line-height: 60%\"><p style=\"margin-bottom: 0px\">Resource ServiceRequest &quot;ucgh241p17-1&quot; </p><p style=\"margin-bottom: 0px\">Profile: <a href=\"StructureDefinition-be-referralprescription-nursing.html\">BeReferralPrescriptionNursing</a></p></div><p><b>BeFeedbackToPrescriber</b>: false</p><p><b>BeValidityPeriod</b>: 2022-10-03 --&gt; 2023-04-03</p><p><b>BePerformerType</b>: nurse <span style=\"background: LightGoldenRodYellow; margin: 4px; border: 1px solid khaki\"> (<a href=\"https://build.fhir.org/ig/hl7-be/core//CodeSystem-cd-hcparty.html\">BeCdHcParty</a>#persnurse)</span></p><p><b>BePerformerType</b>: diabetis educator <span style=\"background: LightGoldenRodYellow; margin: 4px; border: 1px solid khaki\"> (<a href=\"https://build.fhir.org/ig/hl7-be/core//CodeSystem-cd-hcparty.html\">BeCdHcParty</a>#persdiabeticeducator)</span></p><p><b>status</b>: draft</p><p><b>intent</b>: order</p><p><b>category</b>: Nursing procedure <span style=\"background: LightGoldenRodYellow; margin: 4px; border: 1px solid khaki\"> (<a href=\"https://browser.ihtsdotools.org/\">SNOMED CT[BE]</a>#9632001)</span></p><p><b>code</b>: Diabetic care education <span style=\"background: LightGoldenRodYellow; margin: 4px; border: 1px solid khaki\"> (<a href=\"https://browser.ihtsdotools.org/\">SNOMED CT[BE]</a>#385805005)</span></p><p><b>orderDetail</b>: Within progression <span style=\"background: LightGoldenRodYellow; margin: 4px; border: 1px solid khaki\"> (<a href=\"CodeSystem-be-cs-temp-requested-service-detail.html\">BeTempRequestedServiceDetail</a>#tmp-with-sion-8)</span>, Individual session <span style=\"background: LightGoldenRodYellow; margin: 4px; border: 1px solid khaki\"> (<a href=\"CodeSystem-be-cs-temp-requested-service-detail.html\">BeTempRequestedServiceDetail</a>#tmp-indi-sion-8)</span></p><p><b>subject</b>: <span>BeSSINNamingSystem/38012699993</span></p><p><b>occurrence</b>: Count 4 times, Once, Until 2023-12-31</p><p><b>authoredOn</b>: 2022-10-03 00:00:00+0100</p><p><b>requester</b>: <a name=\"hcucgh241p17-1-1\"> </a></p><blockquote><p/><p><a name=\"ucgh241p17-1-1\"> </a></p><p><a name=\"hcucgh241p17-1-1\"> </a></p><p><b>practitioner</b>: <span>BeNIHDINamingSystem/10829059004</span></p><p><b>code</b>: physician <span style=\"background: LightGoldenRodYellow; margin: 4px; border: 1px solid khaki\"> (<a href=\"https://build.fhir.org/ig/hl7-be/core//CodeSystem-cd-hcparty.html\">BeCdHcParty</a>#persphysician)</span></p></blockquote><p><b>reasonCode</b>: Diabetes type 2 <span style=\"background: LightGoldenRodYellow; margin: 4px; border: 1px solid khaki\"> ([not stated])</span></p><hr/><blockquote><p><b>Generated Narrative: PractitionerRole #ucgh241p17-1-1</b><a name=\"ucgh241p17-1-1\"> </a><a name=\"hcucgh241p17-1-1\"> </a></p><p><b>practitioner</b>: <span>BeNIHDINamingSystem/10829059004</span></p><p><b>code</b>: physician <span style=\"background: LightGoldenRodYellow; margin: 4px; border: 1px solid khaki\"> (<a href=\"https://build.fhir.org/ig/hl7-be/core//CodeSystem-cd-hcparty.html\">BeCdHcParty</a>#persphysician)</span></p></blockquote></div>"
  },
  "contained" : [{
    "resourceType" : "PractitionerRole",
    "id" : "ucgh241p17-1-1",
    "meta" : {
      "profile" : ["https://www.ehealth.fgov.be/standards/fhir/core/StructureDefinition/be-practitionerrole"]
    },
    "practitioner" : {
      "identifier" : {
        "system" : "https://www.ehealth.fgov.be/standards/fhir/core/NamingSystem/nihdi",
        "value" : "10829059004"
      }
    },
    "code" : [{
      "coding" : [{
        "system" : "https://www.ehealth.fgov.be/standards/fhir/core/CodeSystem/cd-hcparty",
        "code" : "persphysician"
      }]
    }]
  }],
  "extension" : [{
    "url" : "https://www.ehealth.fgov.be/standards/fhir/referral/StructureDefinition/be-ext-feedback-to-prescriber",
    "valueBoolean" : false
  },
  {
    "url" : "https://www.ehealth.fgov.be/standards/fhir/referral/StructureDefinition/be-ext-validity-period",
    "valuePeriod" : {
      "start" : "2022-10-03",
      "end" : "2023-04-03"
    }
  },
  {
    "url" : "https://www.ehealth.fgov.be/standards/fhir/referral/StructureDefinition/be-ext-performer-type",
    "valueCodeableConcept" : {
      "coding" : [{
        "system" : "https://www.ehealth.fgov.be/standards/fhir/core/CodeSystem/cd-hcparty",
        "code" : "persnurse"
      }]
    }
  },
  {
    "url" : "https://www.ehealth.fgov.be/standards/fhir/referral/StructureDefinition/be-ext-performer-type",
    "valueCodeableConcept" : {
      "coding" : [{
        "system" : "https://www.ehealth.fgov.be/standards/fhir/core/CodeSystem/cd-hcparty",
        "code" : "persdiabeticeducator"
      }]
    }
  }],
  "status" : "draft",
  "intent" : "order",
  "category" : [{
    "coding" : [{
      "system" : "http://snomed.info/sct",
      "version" : "http://snomed.info/sct/11000172109",
      "code" : "9632001"
    }]
  }],
  "code" : {
    "coding" : [{
      "system" : "http://snomed.info/sct",
      "version" : "http://snomed.info/sct/11000172109",
      "code" : "385805005"
    }]
  },
  "orderDetail" : [{
    "coding" : [{
      "system" : "https://www.ehealth.fgov.be/standards/fhir/referral/CodeSystem/be-cs-temp-requested-service-detail",
      "code" : "tmp-with-sion-8"
    }]
  },
  {
    "coding" : [{
      "system" : "https://www.ehealth.fgov.be/standards/fhir/referral/CodeSystem/be-cs-temp-requested-service-detail",
      "code" : "tmp-indi-sion-8"
    }]
  }],
  "subject" : {
    "identifier" : {
      "system" : "https://www.ehealth.fgov.be/standards/fhir/core/NamingSystem/ssin",
      "value" : "38012699993"
    }
  },
  "occurrenceTiming" : {
    "repeat" : {
      "boundsPeriod" : {
        "end" : "2023-12-31"
      },
      "count" : 4
    }
  },
  "authoredOn" : "2022-10-03T00:00:00+01:00",
  "requester" : {
    "reference" : "#ucgh241p17-1-1"
  },
  "reasonCode" : [{
    "coding" : [{
      "display" : "Diabetes type 2"
    }]
  }]
}