{
  "resourceType": "ServiceRequest",
  "id": "example16-referralprescription-nursing-bladder-care",
  "meta": {
    "profile": [
      "https://www.ehealth.fgov.be/standards/fhir/StructureDefinition/be-referralprescription-nursing",
      "https://www.ehealth.fgov.be/standards/fhir/StructureDefinition/be-referralprescription-nursing-bladder-care"
    ]
  },
  "text": {
    "status": "extensions",
    "div": "<div xmlns=\"http://www.w3.org/1999/xhtml\"><p><b>Generated Narrative</b></p><div style=\"display: inline-block; background-color: #d9e0e7; padding: 6px; margin: 4px; border: 1px solid #8da1b4; border-radius: 5px; line-height: 60%\"><p style=\"margin-bottom: 0px\">Resource \"example16-referralprescription-nursing-bladder-care\" </p><p style=\"margin-bottom: 0px\">Profiles: <a href=\"StructureDefinition-be-referralprescription-nursing.html\">BeReferralPrescriptionNursing</a>, <a href=\"StructureDefinition-be-referralprescription-nursing-bladder-care.html\">BeReferralPrescriptionNursingBladderCare</a></p></div><p><b>Reason for current status</b>: Created <span style=\"background: LightGoldenRodYellow; margin: 4px; border: 1px solid khaki\"> (<a href=\"CodeSystem-be-status-reason.html\">BeStatusReason</a>#created)</span></p><p><b>status</b>: active</p><p><b>intent</b>: order</p><p><b>category</b>: Nursing procedure <span style=\"background: LightGoldenRodYellow; margin: 4px; border: 1px solid khaki\"> (<a href=\"https://browser.ihtsdotools.org/\">SNOMED CT</a>#9632001)</span></p><p><b>priority</b>: routine</p><p><b>code</b>: Bladder care <span style=\"background: LightGoldenRodYellow; margin: 4px; border: 1px solid khaki\"> (<a href=\"CodeSystem-be-cs-nursing-code.html\">BeNursingCode</a>#bladder-care)</span></p><p><b>orderDetail</b>: Bladder probe in/out <span style=\"background: LightGoldenRodYellow; margin: 4px; border: 1px solid khaki\"> (<a href=\"CodeSystem-codesystem-be-type-of-bladder-care.html\">BeBladderCareType</a>#bladder-probe-in-out)</span></p><p><b>subject</b>: <a href=\"Patient-patient1.html\">Patient/patient1</a> \" DOE\"</p><p><b>occurrence</b>: Starting 2021-07-06, Do 2 per 1 days, Until 2022-07-20</p><p><b>requester</b>: <a href=\"Practitioner-practitioner1.html\">Practitioner/practitioner1</a> \" MCCOY\"</p><p><b>performerType</b>: Nurse <span style=\"background: LightGoldenRodYellow; margin: 4px; border: 1px solid khaki\"> (<a href=\"https://browser.ihtsdotools.org/\">SNOMED CT</a>#106292003)</span></p><p><b>performer</b>: <a href=\"Practitioner-practitioner2.html\">Practitioner/practitioner2</a> \" CHAPEL\"</p></div>"
  },
  "extension": [
    {
      "url": "http://hl7.org/fhir/StructureDefinition/request-statusReason",
      "valueCodeableConcept": {
        "coding": [
          {
            "system": "https://www.ehealth.fgov.be/standards/fhir/CodeSystem/be-status-reason",
            "code": "created",
            "display": "Created"
          }
        ]
      }
    }
  ],
  "status": "active",
  "intent": "order",
  "category": [
    {
      "coding": [
        {
          "system": "http://snomed.info/sct",
          "code": "9632001"
        }
      ],
      "text": "Nursing procedure"
    }
  ],
  "priority": "routine",
  "code": {
    "coding": [
      {
        "system": "https://www.ehealth.fgov.be/standards/fhir/CodeSystem/be-cs-nursing-code",
        "code": "bladder-care"
      }
    ]
  },
  "orderDetail": [
    {
      "coding": [
        {
          "system": "https://www.ehealth.fgov.be/standards/fhir/CodeSystem/be-cs-type-of-bladder-care",
          "code": "bladder-probe-in-out"
        }
      ]
    }
  ],
  "subject": {
    "reference": "Patient/patient1"
  },
  "occurrenceTiming": {
    "repeat": {
      "boundsPeriod": {
        "start": "2021-07-06",
        "end": "2022-07-20"
      },
      "frequency": 2,
      "period": 1,
      "periodUnit": "d"
    }
  },
  "requester": {
    "reference": "Practitioner/practitioner1"
  },
  "performerType": {
    "coding": [
      {
        "system": "http://snomed.info/sct",
        "code": "106292003",
        "display": "Nurse"
      }
    ]
  },
  "performer": [
    {
      "reference": "Practitioner/practitioner2"
    }
  ]
}