{
  "resourceType" : "ServiceRequest",
  "id" : "ucgh222p13-1",
  "meta" : {
    "profile" : ["https://www.ehealth.fgov.be/standards/fhir/referral/StructureDefinition/be-referralprescription-nursing"]
  },
  "text" : {
    "status" : "extensions",
    "div" : "<div xmlns=\"http://www.w3.org/1999/xhtml\"><p><b>Generated Narrative: ServiceRequest</b><a name=\"ucgh222p13-1\"> </a></p><div style=\"display: inline-block; background-color: #d9e0e7; padding: 6px; margin: 4px; border: 1px solid #8da1b4; border-radius: 5px; line-height: 60%\"><p style=\"margin-bottom: 0px\">Resource ServiceRequest &quot;ucgh222p13-1&quot; </p><p style=\"margin-bottom: 0px\">Profile: <a href=\"StructureDefinition-be-referralprescription-nursing.html\">BeReferralPrescriptionNursing</a></p></div><p><b>BeFeedbackToPrescriber</b>: false</p><p><b>BeValidityPeriod</b>: 2022-10-03 --&gt; 2023-04-03</p><p><b>BePerformerType</b>: nurse <span style=\"background: LightGoldenRodYellow; margin: 4px; border: 1px solid khaki\"> (<a href=\"https://build.fhir.org/ig/hl7-be/core//CodeSystem-cd-hcparty.html\">BeCdHcParty</a>#persnurse)</span></p><p><b>status</b>: draft</p><p><b>intent</b>: order</p><p><b>category</b>: 9632001 <span style=\"background: LightGoldenRodYellow; margin: 4px; border: 1px solid khaki\"> (<a href=\"https://browser.ihtsdotools.org/\">SNOMED CT[BE]</a>#9632001)</span></p><p><b>code</b>: 18629005 <span style=\"background: LightGoldenRodYellow; margin: 4px; border: 1px solid khaki\"> (<a href=\"https://browser.ihtsdotools.org/\">SNOMED CT[BE]</a>#18629005)</span></p><p><b>subject</b>: <span>id:\u00a038012699993</span></p><p><b>authoredOn</b>: 2022-10-03</p><p><b>requester</b>: <a name=\"ucgh222p13-1-1\"> </a></p><blockquote><p/><p><a name=\"ucgh222p13-1-1\"> </a></p><p><b>practitioner</b>: <span>id:\u00a010829059</span></p><p><b>code</b>: physician <span style=\"background: LightGoldenRodYellow; margin: 4px; border: 1px solid khaki\"> (<a href=\"https://build.fhir.org/ig/hl7-be/core//CodeSystem-cd-hcparty.html\">BeCdHcParty</a>#persphysician)</span></p></blockquote><p><b>reasonCode</b>: 46541008 <span style=\"background: LightGoldenRodYellow; margin: 4px; border: 1px solid khaki\"> (<a href=\"https://browser.ihtsdotools.org/\">SNOMED CT[BE]</a>#46541008)</span></p><p><b>bodySite</b>: 14975008 <span style=\"background: LightGoldenRodYellow; margin: 4px; border: 1px solid khaki\"> (<a href=\"https://browser.ihtsdotools.org/\">SNOMED CT[BE]</a>#14975008)</span></p><p><b>note</b>: Flamazine</p><hr/><blockquote><p><b>Generated Narrative: PractitionerRole #ucgh222p13-1-1</b><a name=\"ucgh222p13-1-1\"> </a></p><p><b>practitioner</b>: <span>id:\u00a010829059</span></p><p><b>code</b>: physician <span style=\"background: LightGoldenRodYellow; margin: 4px; border: 1px solid khaki\"> (<a href=\"https://build.fhir.org/ig/hl7-be/core//CodeSystem-cd-hcparty.html\">BeCdHcParty</a>#persphysician)</span></p></blockquote></div>"
  },
  "contained" : [{
    "resourceType" : "PractitionerRole",
    "id" : "ucgh222p13-1-1",
    "meta" : {
      "profile" : ["https://www.ehealth.fgov.be/standards/fhir/core/StructureDefinition/be-practitionerrole"]
    },
    "practitioner" : {
      "identifier" : {
        "system" : "https://www.ehealth.fgov.be/standards/fhir/core/NamingSystem/nihdi",
        "value" : "10829059"
      }
    },
    "code" : [{
      "coding" : [{
        "system" : "https://www.ehealth.fgov.be/standards/fhir/core/CodeSystem/cd-hcparty",
        "code" : "persphysician"
      }]
    }]
  }],
  "extension" : [{
    "url" : "https://www.ehealth.fgov.be/standards/fhir/referral/StructureDefinition/be-ext-feedback-to-prescriber",
    "valueBoolean" : false
  },
  {
    "url" : "https://www.ehealth.fgov.be/standards/fhir/referral/StructureDefinition/be-ext-validity-period",
    "valuePeriod" : {
      "start" : "2022-10-03",
      "end" : "2023-04-03"
    }
  },
  {
    "url" : "https://www.ehealth.fgov.be/standards/fhir/referral/StructureDefinition/be-ext-performer-type",
    "valueCodeableConcept" : {
      "coding" : [{
        "system" : "https://www.ehealth.fgov.be/standards/fhir/core/CodeSystem/cd-hcparty",
        "code" : "persnurse"
      }]
    }
  }],
  "status" : "draft",
  "intent" : "order",
  "category" : [{
    "coding" : [{
      "system" : "http://snomed.info/sct",
      "version" : "http://snomed.info/sct/11000172109",
      "code" : "9632001"
    }]
  }],
  "code" : {
    "coding" : [{
      "system" : "http://snomed.info/sct",
      "version" : "http://snomed.info/sct/11000172109",
      "code" : "18629005"
    }]
  },
  "subject" : {
    "identifier" : {
      "system" : "https://www.ehealth.fgov.be/standards/fhir/core/NamingSystem/ssin",
      "value" : "38012699993"
    }
  },
  "authoredOn" : "2022-10-03",
  "requester" : {
    "reference" : "#ucgh222p13-1-1"
  },
  "reasonCode" : [{
    "coding" : [{
      "system" : "http://snomed.info/sct",
      "version" : "http://snomed.info/sct/11000172109",
      "code" : "46541008"
    }]
  }],
  "bodySite" : [{
    "extension" : [{
      "url" : "https://www.ehealth.fgov.be/standards/fhir/core-clinical/StructureDefinition/be-ext-laterality",
      "valueCoding" : {
        "system" : "http://snomed.info/sct",
        "version" : "http://snomed.info/sct/11000172109",
        "code" : "419161000"
      }
    }],
    "coding" : [{
      "system" : "http://snomed.info/sct",
      "version" : "http://snomed.info/sct/11000172109",
      "code" : "14975008"
    }]
  }],
  "note" : [{
    "text" : "Flamazine"
  }]
}