{
  "resourceType" : "ServiceRequest",
  "id" : "example05-referralprescription-nursing-digestive-system-care",
  "meta" : {
    "profile" : ["https://www.ehealth.fgov.be/standards/fhir/referral/StructureDefinition/be-referral-servicerequest-nursing"]
  },
  "text" : {
    "status" : "extensions",
    "div" : "<div xmlns=\"http://www.w3.org/1999/xhtml\"><p class=\"res-header-id\"><b>Generated Narrative: ServiceRequest example05-referralprescription-nursing-digestive-system-care</b></p><a name=\"example05-referralprescription-nursing-digestive-system-care\"> </a><a name=\"hcexample05-referralprescription-nursing-digestive-system-care\"> </a><a name=\"example05-referralprescription-nursing-digestive-system-care-en-US\"> </a><p><b>BeValidityPeriod</b>: 2022-04-19 --&gt; 2023-04-19</p><p><b>BePerformerType</b>: <span title=\"Codes:{https://www.ehealth.fgov.be/standards/fhir/core/CodeSystem/cd-hcparty persnurse}\">nurse</span></p><p><b>identifier</b>: <a href=\"NamingSystem-be-ns-uhmep.html\" title=\"UHMEP naming system\">BeUnadressedHealthMessageExchangePlatform</a>/UHMEPVALUE, <a href=\"NamingSystem-be-ns-uhmep-short.html\" title=\"UHMEP userfriendly namingsystem\">BeNsUhmepShort</a>/AB12EF</p><p><b>status</b>: Active</p><p><b>intent</b>: Order</p><p><b>category</b>: <span title=\"Codes:{http://snomed.info/sct 9632001}\">Nursing procedure</span></p><p><b>priority</b>: Routine</p><p><b>code</b>: <span title=\"Codes:{http://snomed.info/sct 174297001}\">Manual removal of impacted faeces from rectum</span></p><p><b>subject</b>: Identifier: <a href=\"https://build.fhir.org/ig/hl7-be/core/NamingSystem-be-ssin.html\" title=\"NISS/INSZ\">BeSSINNamingSystem</a>/99999999999</p><p><b>occurrence</b>: Once per1 days</p><p><b>authoredOn</b>: 2022-10-31 00:00:00+0100</p><p><b>requester</b>: <a href=\"PractitionerRole-DOCTOR-10829059004.html\">PractitionerRole physician</a></p><p><b>reasonCode</b>: <span title=\"Codes:{http://snomed.info/sct 309256001}\">Cold foot</span></p></div>"
  },
  "extension" : [{
    "url" : "https://www.ehealth.fgov.be/standards/fhir/referral/StructureDefinition/be-ext-validity-period",
    "valuePeriod" : {
      "start" : "2022-04-19",
      "end" : "2023-04-19"
    }
  },
  {
    "url" : "https://www.ehealth.fgov.be/standards/fhir/referral/StructureDefinition/be-ext-performer-type",
    "valueCodeableConcept" : {
      "coding" : [{
        "system" : "https://www.ehealth.fgov.be/standards/fhir/core/CodeSystem/cd-hcparty",
        "code" : "persnurse"
      }]
    }
  }],
  "identifier" : [{
    "system" : "https://www.ehealth.fgov.be/standards/fhir/referral/NamingSystem/uhmep",
    "value" : "UHMEPVALUE"
  },
  {
    "system" : "https://www.ehealth.fgov.be/standards/fhir/referral/NamingSystem/uhmep-short",
    "value" : "AB12EF"
  }],
  "status" : "active",
  "intent" : "order",
  "category" : [{
    "coding" : [{
      "system" : "http://snomed.info/sct",
      "version" : "http://snomed.info/sct/11000172109",
      "code" : "9632001"
    }],
    "text" : "Nursing procedure"
  }],
  "priority" : "routine",
  "code" : {
    "coding" : [{
      "system" : "http://snomed.info/sct",
      "version" : "http://snomed.info/sct/11000172109",
      "code" : "174297001"
    }]
  },
  "subject" : {
    "identifier" : {
      "system" : "https://www.ehealth.fgov.be/standards/fhir/core/NamingSystem/ssin",
      "value" : "99999999999"
    }
  },
  "occurrenceTiming" : {
    "repeat" : {
      "boundsPeriod" : {
        "start" : "2021-04-23",
        "end" : "2022-04-22"
      },
      "frequency" : 1,
      "period" : 1,
      "periodUnit" : "d"
    }
  },
  "authoredOn" : "2022-10-31T00:00:00+01:00",
  "requester" : {
    "reference" : "PractitionerRole/DOCTOR-10829059004"
  },
  "reasonCode" : [{
    "coding" : [{
      "system" : "http://snomed.info/sct",
      "version" : "http://snomed.info/sct/11000172109",
      "code" : "309256001"
    }]
  }]
}