{
  "resourceType": "StructureDefinition",
  "id": "be-model-diagnosticimagingprescription",
  "text": {
    "status": "extensions",
    "div": "<div xmlns=\"http://www.w3.org/1999/xhtml\"><table border=\"0\" cellpadding=\"0\" cellspacing=\"0\" style=\"border: 0px #F0F0F0 solid; font-size: 11px; font-family: verdana; vertical-align: top;\"><tr style=\"border: 1px #F0F0F0 solid; font-size: 11px; font-family: verdana; vertical-align: top\"><th style=\"vertical-align: top; text-align : left; background-color: white; border: 0px #F0F0F0 solid; padding:0px 4px 0px 4px\" class=\"hierarchy\"><a href=\"http://hl7.org/fhir/R4/formats.html#table\" title=\"The logical name of the element\">Name</a></th><th style=\"vertical-align: top; text-align : left; background-color: white; border: 0px #F0F0F0 solid; padding:0px 4px 0px 4px\" class=\"hierarchy\"><a href=\"http://hl7.org/fhir/R4/formats.html#table\" title=\"Information about the use of the element\">Flags</a></th><th style=\"vertical-align: top; text-align : left; background-color: white; border: 0px #F0F0F0 solid; padding:0px 4px 0px 4px\" class=\"hierarchy\"><a href=\"http://hl7.org/fhir/R4/formats.html#table\" title=\"Minimum and Maximum # of times the the element can appear in the instance\">Card.</a></th><th style=\"width: 100px\" class=\"hierarchy\"><a href=\"http://hl7.org/fhir/R4/formats.html#table\" title=\"Reference to the type of the element\">Type</a></th><th style=\"vertical-align: top; text-align : left; background-color: white; border: 0px #F0F0F0 solid; padding:0px 4px 0px 4px\" class=\"hierarchy\"><a href=\"http://hl7.org/fhir/R4/formats.html#table\" title=\"Additional information about the element\">Description &amp; Constraints</a><span style=\"float: right\"><a href=\"http://hl7.org/fhir/R4/formats.html#table\" title=\"Legend for this format\"><img src=\"http://hl7.org/fhir/R4/help16.png\" alt=\"doco\" style=\"background-color: inherit\"/></a></span></th></tr><tr style=\"border: 0px #F0F0F0 solid; padding:0px; vertical-align: top; background-color: white\"><td style=\"vertical-align: top; text-align : left; background-color: white; border: 0px #F0F0F0 solid; padding:0px 4px 0px 4px; white-space: nowrap; background-image: url(tbl_bck1.png)\" class=\"hierarchy\"><img src=\"tbl_spacer.png\" alt=\".\" style=\"background-color: inherit\" class=\"hierarchy\"/><img src=\"icon_element.gif\" alt=\".\" style=\"background-color: white; background-color: inherit\" title=\"Element\" class=\"hierarchy\"/> <a href=\"StructureDefinition-be-model-diagnosticimagingprescription-definitions.html#BeDiagnosticImagingPrescription\" title=\"Logical model describing the model for the diagnostic imaging prescription. This draft is used in the HL7 Belgian workgroup for referral.\">BeDiagnosticImagingPrescription</a><a name=\"BeDiagnosticImagingPrescription\"> </a></td><td style=\"vertical-align: top; text-align : left; background-color: white; border: 0px #F0F0F0 solid; padding:0px 4px 0px 4px\" class=\"hierarchy\"/><td style=\"vertical-align: top; text-align : left; background-color: white; border: 0px #F0F0F0 solid; padding:0px 4px 0px 4px\" class=\"hierarchy\"><span style=\"opacity: 0.5\">0</span><span style=\"opacity: 0.5\">..</span><span style=\"opacity: 0.5\">*</span></td><td style=\"vertical-align: top; text-align : left; background-color: white; border: 0px #F0F0F0 solid; padding:0px 4px 0px 4px\" class=\"hierarchy\"><a href=\"StructureDefinition-be-model-referralprescription.html\">BeModelReferralPrescription</a></td><td style=\"vertical-align: top; text-align : left; background-color: white; border: 0px #F0F0F0 solid; padding:0px 4px 0px 4px\" class=\"hierarchy\"/></tr>\r\n<tr style=\"border: 0px #F0F0F0 solid; padding:0px; vertical-align: top; background-color: #F7F7F7\"><td style=\"vertical-align: top; text-align : left; background-color: #F7F7F7; border: 0px #F0F0F0 solid; padding:0px 4px 0px 4px; white-space: nowrap; background-image: url(tbl_bck10.png)\" class=\"hierarchy\"><img src=\"tbl_spacer.png\" alt=\".\" style=\"background-color: inherit\" class=\"hierarchy\"/><img src=\"tbl_vjoin.png\" alt=\".\" style=\"background-color: inherit\" class=\"hierarchy\"/><img src=\"icon_resource.png\" alt=\".\" style=\"background-color: #F7F7F7; background-color: inherit\" title=\"Resource\" class=\"hierarchy\"/> <a href=\"StructureDefinition-be-model-diagnosticimagingprescription-definitions.html#BeDiagnosticImagingPrescription.BeReferralPrescription\" title=\"test\">BeReferralPrescription</a><a name=\"BeDiagnosticImagingPrescription.BeReferralPrescription\"> </a></td><td style=\"vertical-align: top; text-align : left; background-color: #F7F7F7; border: 0px #F0F0F0 solid; padding:0px 4px 0px 4px\" class=\"hierarchy\"/><td style=\"vertical-align: top; text-align : left; background-color: #F7F7F7; border: 0px #F0F0F0 solid; padding:0px 4px 0px 4px\" class=\"hierarchy\">1..1</td><td style=\"vertical-align: top; text-align : left; background-color: #F7F7F7; border: 0px #F0F0F0 solid; padding:0px 4px 0px 4px\" class=\"hierarchy\"><a href=\"StructureDefinition-be-model-referralprescription.html\" title=\"BeReferralPrescription\">BeModelReferralPrescription</a></td><td style=\"vertical-align: top; text-align : left; background-color: #F7F7F7; border: 0px #F0F0F0 solid; padding:0px 4px 0px 4px\" class=\"hierarchy\">test</td></tr>\r\n<tr style=\"border: 0px #F0F0F0 solid; padding:0px; vertical-align: top; background-color: white\"><td style=\"vertical-align: top; text-align : left; background-color: white; border: 0px #F0F0F0 solid; padding:0px 4px 0px 4px; white-space: nowrap; background-image: url(tbl_bck11.png)\" class=\"hierarchy\"><img src=\"tbl_spacer.png\" alt=\".\" style=\"background-color: inherit\" class=\"hierarchy\"/><img src=\"tbl_vjoin.png\" alt=\".\" style=\"background-color: inherit\" class=\"hierarchy\"/><img src=\"icon_choice.gif\" alt=\".\" style=\"background-color: white; background-color: inherit\" title=\"Choice of Types\" class=\"hierarchy\"/> <a href=\"StructureDefinition-be-model-diagnosticimagingprescription-definitions.html#BeDiagnosticImagingPrescription.relevantClinicalInformation[x]\" title=\"e.g. stomach ache during 10 days, echo suspected damage kidneys, complaints of patients, allergies,...\">relevantClinicalInformation[x]</a><a name=\"BeDiagnosticImagingPrescription.relevantClinicalInformation_x_\"> </a></td><td style=\"vertical-align: top; text-align : left; background-color: white; border: 0px #F0F0F0 solid; padding:0px 4px 0px 4px\" class=\"hierarchy\"/><td style=\"vertical-align: top; text-align : left; background-color: white; border: 0px #F0F0F0 solid; padding:0px 4px 0px 4px\" class=\"hierarchy\">0..*</td><td style=\"vertical-align: top; text-align : left; background-color: white; border: 0px #F0F0F0 solid; padding:0px 4px 0px 4px\" class=\"hierarchy\"/><td style=\"vertical-align: top; text-align : left; background-color: white; border: 0px #F0F0F0 solid; padding:0px 4px 0px 4px\" class=\"hierarchy\">Relevant information in the context of this prescription concerning for example allergies, kidney function, diabetic. When detailed information can be given, it is RECOMMENDED to express it as structured as possible.<br/></td></tr>\r\n<tr style=\"border: 0px #F0F0F0 solid; padding:0px; vertical-align: top; background-color: #F7F7F7\"><td style=\"vertical-align: top; text-align : left; background-color: #F7F7F7; border: 0px #F0F0F0 solid; padding:0px 4px 0px 4px; white-space: nowrap; background-image: url(tbl_bck110.png)\" class=\"hierarchy\"><img src=\"tbl_spacer.png\" alt=\".\" style=\"background-color: inherit\" class=\"hierarchy\"/><img src=\"tbl_vline.png\" alt=\".\" style=\"background-color: inherit\" class=\"hierarchy\"/><img src=\"tbl_vjoin.png\" alt=\".\" style=\"background-color: inherit\" class=\"hierarchy\"/><img src=\"icon_datatype.gif\" alt=\".\" style=\"background-color: #F7F7F7; background-color: inherit\" title=\"Data Type\" class=\"hierarchy\"/> <span title=\"Base StructureDefinition for Annotation Type: A  text note which also  contains information about who made the statement and when.\">relevantClinicalInformationAnnotation</span></td><td style=\"vertical-align: top; text-align : left; background-color: #F7F7F7; border: 0px #F0F0F0 solid; padding:0px 4px 0px 4px\" class=\"hierarchy\"/><td style=\"vertical-align: top; text-align : left; background-color: #F7F7F7; border: 0px #F0F0F0 solid; padding:0px 4px 0px 4px\" class=\"hierarchy\"></td><td style=\"vertical-align: top; text-align : left; background-color: #F7F7F7; border: 0px #F0F0F0 solid; padding:0px 4px 0px 4px\" class=\"hierarchy\"><a href=\"http://hl7.org/fhir/R4/datatypes.html#Annotation\">Annotation</a></td><td style=\"vertical-align: top; text-align : left; background-color: #F7F7F7; border: 0px #F0F0F0 solid; padding:0px 4px 0px 4px\" class=\"hierarchy\"/></tr>\r\n<tr style=\"border: 0px #F0F0F0 solid; padding:0px; vertical-align: top; background-color: white\"><td style=\"vertical-align: top; text-align : left; background-color: white; border: 0px #F0F0F0 solid; padding:0px 4px 0px 4px; white-space: nowrap; background-image: url(tbl_bck110.png)\" class=\"hierarchy\"><img src=\"tbl_spacer.png\" alt=\".\" style=\"background-color: inherit\" class=\"hierarchy\"/><img src=\"tbl_vline.png\" alt=\".\" style=\"background-color: inherit\" class=\"hierarchy\"/><img src=\"tbl_vjoin.png\" alt=\".\" style=\"background-color: inherit\" class=\"hierarchy\"/><img src=\"icon_datatype.gif\" alt=\".\" style=\"background-color: white; background-color: inherit\" title=\"Data Type\" class=\"hierarchy\"/> <span title=\"Base StructureDefinition for CodeableConcept Type: A concept that may be defined by a formal reference to a terminology or ontology or may be provided by text.\">relevantClinicalInformationCodeableConcept</span></td><td style=\"vertical-align: top; text-align : left; background-color: white; border: 0px #F0F0F0 solid; padding:0px 4px 0px 4px\" class=\"hierarchy\"/><td style=\"vertical-align: top; text-align : left; background-color: white; border: 0px #F0F0F0 solid; padding:0px 4px 0px 4px\" class=\"hierarchy\"></td><td style=\"vertical-align: top; text-align : left; background-color: white; border: 0px #F0F0F0 solid; padding:0px 4px 0px 4px\" class=\"hierarchy\"><a href=\"http://hl7.org/fhir/R4/datatypes.html#CodeableConcept\">CodeableConcept</a></td><td style=\"vertical-align: top; text-align : left; background-color: white; border: 0px #F0F0F0 solid; padding:0px 4px 0px 4px\" class=\"hierarchy\"/></tr>\r\n<tr style=\"border: 0px #F0F0F0 solid; padding:0px; vertical-align: top; background-color: #F7F7F7\"><td style=\"vertical-align: top; text-align : left; background-color: #F7F7F7; border: 0px #F0F0F0 solid; padding:0px 4px 0px 4px; white-space: nowrap; background-image: url(tbl_bck100.png)\" class=\"hierarchy\"><img src=\"tbl_spacer.png\" alt=\".\" style=\"background-color: inherit\" class=\"hierarchy\"/><img src=\"tbl_vline.png\" alt=\".\" style=\"background-color: inherit\" class=\"hierarchy\"/><img src=\"tbl_vjoin_end.png\" alt=\".\" style=\"background-color: inherit\" class=\"hierarchy\"/><img src=\"icon_reference.png\" alt=\".\" style=\"background-color: #F7F7F7; background-color: inherit\" title=\"Reference to another Resource\" class=\"hierarchy\"/> relevantClinicalInformationReference</td><td style=\"vertical-align: top; text-align : left; background-color: #F7F7F7; border: 0px #F0F0F0 solid; padding:0px 4px 0px 4px\" class=\"hierarchy\"/><td style=\"vertical-align: top; text-align : left; background-color: #F7F7F7; border: 0px #F0F0F0 solid; padding:0px 4px 0px 4px\" class=\"hierarchy\"></td><td style=\"vertical-align: top; text-align : left; background-color: #F7F7F7; border: 0px #F0F0F0 solid; padding:0px 4px 0px 4px\" class=\"hierarchy\"><a href=\"http://hl7.org/fhir/R4/references.html#Reference\">Reference</a>(<a href=\"http://hl7.org/fhir/R4/procedure.html\">Procedure</a> | <a href=\"http://hl7.org/fhir/R4/condition.html\">Condition</a> | <a href=\"http://hl7.org/fhir/R4/observation.html\">Observation</a> | <a href=\"http://hl7.org/fhir/R4/allergyintolerance.html\">AllergyIntolerance</a> | <a href=\"http://hl7.org/fhir/R4/medicationstatement.html\">MedicationStatement</a>)</td><td style=\"vertical-align: top; text-align : left; background-color: #F7F7F7; border: 0px #F0F0F0 solid; padding:0px 4px 0px 4px\" class=\"hierarchy\"/></tr>\r\n<tr style=\"border: 0px #F0F0F0 solid; padding:0px; vertical-align: top; background-color: white\"><td style=\"vertical-align: top; text-align : left; background-color: white; border: 0px #F0F0F0 solid; padding:0px 4px 0px 4px; white-space: nowrap; background-image: url(tbl_bck11.png)\" class=\"hierarchy\"><img src=\"tbl_spacer.png\" alt=\".\" style=\"background-color: inherit\" class=\"hierarchy\"/><img src=\"tbl_vjoin.png\" alt=\".\" style=\"background-color: inherit\" class=\"hierarchy\"/><img src=\"icon_choice.gif\" alt=\".\" style=\"background-color: white; background-color: inherit\" title=\"Choice of Types\" class=\"hierarchy\"/> <a href=\"StructureDefinition-be-model-diagnosticimagingprescription-definitions.html#BeDiagnosticImagingPrescription.diagnosticQuestion[x]\" title=\"e.g. Cyste? Metastasis?\">diagnosticQuestion[x]</a><a name=\"BeDiagnosticImagingPrescription.diagnosticQuestion_x_\"> </a></td><td style=\"vertical-align: top; text-align : left; background-color: white; border: 0px #F0F0F0 solid; padding:0px 4px 0px 4px\" class=\"hierarchy\"/><td style=\"vertical-align: top; text-align : left; background-color: white; border: 0px #F0F0F0 solid; padding:0px 4px 0px 4px\" class=\"hierarchy\">0..*</td><td style=\"vertical-align: top; text-align : left; background-color: white; border: 0px #F0F0F0 solid; padding:0px 4px 0px 4px\" class=\"hierarchy\"/><td style=\"vertical-align: top; text-align : left; background-color: white; border: 0px #F0F0F0 solid; padding:0px 4px 0px 4px\" class=\"hierarchy\">Either in text or in a coded format. At the discretion of the prescribing party.<br/></td></tr>\r\n<tr style=\"border: 0px #F0F0F0 solid; padding:0px; vertical-align: top; background-color: #F7F7F7\"><td style=\"vertical-align: top; text-align : left; background-color: #F7F7F7; border: 0px #F0F0F0 solid; padding:0px 4px 0px 4px; white-space: nowrap; background-image: url(tbl_bck110.png)\" class=\"hierarchy\"><img src=\"tbl_spacer.png\" alt=\".\" style=\"background-color: inherit\" class=\"hierarchy\"/><img src=\"tbl_vline.png\" alt=\".\" style=\"background-color: inherit\" class=\"hierarchy\"/><img src=\"tbl_vjoin.png\" alt=\".\" style=\"background-color: inherit\" class=\"hierarchy\"/><img src=\"icon_datatype.gif\" alt=\".\" style=\"background-color: #F7F7F7; background-color: inherit\" title=\"Data Type\" class=\"hierarchy\"/> <span title=\"Base StructureDefinition for Annotation Type: A  text note which also  contains information about who made the statement and when.\">diagnosticQuestionAnnotation</span></td><td style=\"vertical-align: top; text-align : left; background-color: #F7F7F7; border: 0px #F0F0F0 solid; padding:0px 4px 0px 4px\" class=\"hierarchy\"/><td style=\"vertical-align: top; text-align : left; background-color: #F7F7F7; border: 0px #F0F0F0 solid; padding:0px 4px 0px 4px\" class=\"hierarchy\"></td><td style=\"vertical-align: top; text-align : left; background-color: #F7F7F7; border: 0px #F0F0F0 solid; padding:0px 4px 0px 4px\" class=\"hierarchy\"><a href=\"http://hl7.org/fhir/R4/datatypes.html#Annotation\">Annotation</a></td><td style=\"vertical-align: top; text-align : left; background-color: #F7F7F7; border: 0px #F0F0F0 solid; padding:0px 4px 0px 4px\" class=\"hierarchy\"/></tr>\r\n<tr style=\"border: 0px #F0F0F0 solid; padding:0px; vertical-align: top; background-color: white\"><td style=\"vertical-align: top; text-align : left; background-color: white; border: 0px #F0F0F0 solid; padding:0px 4px 0px 4px; white-space: nowrap; background-image: url(tbl_bck100.png)\" class=\"hierarchy\"><img src=\"tbl_spacer.png\" alt=\".\" style=\"background-color: inherit\" class=\"hierarchy\"/><img src=\"tbl_vline.png\" alt=\".\" style=\"background-color: inherit\" class=\"hierarchy\"/><img src=\"tbl_vjoin_end.png\" alt=\".\" style=\"background-color: inherit\" class=\"hierarchy\"/><img src=\"icon_datatype.gif\" alt=\".\" style=\"background-color: white; background-color: inherit\" title=\"Data Type\" class=\"hierarchy\"/> <span title=\"Base StructureDefinition for CodeableConcept Type: A concept that may be defined by a formal reference to a terminology or ontology or may be provided by text.\">diagnosticQuestionCodeableConcept</span></td><td style=\"vertical-align: top; text-align : left; background-color: white; border: 0px #F0F0F0 solid; padding:0px 4px 0px 4px\" class=\"hierarchy\"/><td style=\"vertical-align: top; text-align : left; background-color: white; border: 0px #F0F0F0 solid; padding:0px 4px 0px 4px\" class=\"hierarchy\"></td><td style=\"vertical-align: top; text-align : left; background-color: white; border: 0px #F0F0F0 solid; padding:0px 4px 0px 4px\" class=\"hierarchy\"><a href=\"http://hl7.org/fhir/R4/datatypes.html#CodeableConcept\">CodeableConcept</a></td><td style=\"vertical-align: top; text-align : left; background-color: white; border: 0px #F0F0F0 solid; padding:0px 4px 0px 4px\" class=\"hierarchy\"/></tr>\r\n<tr style=\"border: 0px #F0F0F0 solid; padding:0px; vertical-align: top; background-color: #F7F7F7\"><td style=\"vertical-align: top; text-align : left; background-color: #F7F7F7; border: 0px #F0F0F0 solid; padding:0px 4px 0px 4px; white-space: nowrap; background-image: url(tbl_bck11.png)\" class=\"hierarchy\"><img src=\"tbl_spacer.png\" alt=\".\" style=\"background-color: inherit\" class=\"hierarchy\"/><img src=\"tbl_vjoin.png\" alt=\".\" style=\"background-color: inherit\" class=\"hierarchy\"/><img src=\"icon_choice.gif\" alt=\".\" style=\"background-color: #F7F7F7; background-color: inherit\" title=\"Choice of Types\" class=\"hierarchy\"/> <a href=\"StructureDefinition-be-model-diagnosticimagingprescription-definitions.html#BeDiagnosticImagingPrescription.contraIndication[x]\" title=\"e.g.pregnancy, devices, kidney functioning\">contraIndication[x]</a><a name=\"BeDiagnosticImagingPrescription.contraIndication_x_\"> </a></td><td style=\"vertical-align: top; text-align : left; background-color: #F7F7F7; border: 0px #F0F0F0 solid; padding:0px 4px 0px 4px\" class=\"hierarchy\"/><td style=\"vertical-align: top; text-align : left; background-color: #F7F7F7; border: 0px #F0F0F0 solid; padding:0px 4px 0px 4px\" class=\"hierarchy\">1..*</td><td style=\"vertical-align: top; text-align : left; background-color: #F7F7F7; border: 0px #F0F0F0 solid; padding:0px 4px 0px 4px\" class=\"hierarchy\"/><td style=\"vertical-align: top; text-align : left; background-color: #F7F7F7; border: 0px #F0F0F0 solid; padding:0px 4px 0px 4px\" class=\"hierarchy\">Relevant information in the context of this prescription concerning possible contra indication. For example presence of devices or (suspected) pregnancy. When detailed information can be given, it is RECOMMENDED to express it as structured as possible. If prescriber has no knowledge of contra indication, this SHALL be expressed with a 'ASKU' nullFlavor ( = Information was sought but not found  ) in codeableConcept.<br/></td></tr>\r\n<tr style=\"border: 0px #F0F0F0 solid; padding:0px; vertical-align: top; background-color: white\"><td style=\"vertical-align: top; text-align : left; background-color: white; border: 0px #F0F0F0 solid; padding:0px 4px 0px 4px; white-space: nowrap; background-image: url(tbl_bck110.png)\" class=\"hierarchy\"><img src=\"tbl_spacer.png\" alt=\".\" style=\"background-color: inherit\" class=\"hierarchy\"/><img src=\"tbl_vline.png\" alt=\".\" style=\"background-color: inherit\" class=\"hierarchy\"/><img src=\"tbl_vjoin.png\" alt=\".\" style=\"background-color: inherit\" class=\"hierarchy\"/><img src=\"icon_datatype.gif\" alt=\".\" style=\"background-color: white; background-color: inherit\" title=\"Data Type\" class=\"hierarchy\"/> <span title=\"Base StructureDefinition for CodeableConcept Type: A concept that may be defined by a formal reference to a terminology or ontology or may be provided by text.\">contraIndicationCodeableConcept</span></td><td style=\"vertical-align: top; text-align : left; background-color: white; border: 0px #F0F0F0 solid; padding:0px 4px 0px 4px\" class=\"hierarchy\"/><td style=\"vertical-align: top; text-align : left; background-color: white; border: 0px #F0F0F0 solid; padding:0px 4px 0px 4px\" class=\"hierarchy\"></td><td style=\"vertical-align: top; text-align : left; background-color: white; border: 0px #F0F0F0 solid; padding:0px 4px 0px 4px\" class=\"hierarchy\"><a href=\"http://hl7.org/fhir/R4/datatypes.html#CodeableConcept\">CodeableConcept</a></td><td style=\"vertical-align: top; text-align : left; background-color: white; border: 0px #F0F0F0 solid; padding:0px 4px 0px 4px\" class=\"hierarchy\"/></tr>\r\n<tr style=\"border: 0px #F0F0F0 solid; padding:0px; vertical-align: top; background-color: #F7F7F7\"><td style=\"vertical-align: top; text-align : left; background-color: #F7F7F7; border: 0px #F0F0F0 solid; padding:0px 4px 0px 4px; white-space: nowrap; background-image: url(tbl_bck110.png)\" class=\"hierarchy\"><img src=\"tbl_spacer.png\" alt=\".\" style=\"background-color: inherit\" class=\"hierarchy\"/><img src=\"tbl_vline.png\" alt=\".\" style=\"background-color: inherit\" class=\"hierarchy\"/><img src=\"tbl_vjoin.png\" alt=\".\" style=\"background-color: inherit\" class=\"hierarchy\"/><img src=\"icon_datatype.gif\" alt=\".\" style=\"background-color: #F7F7F7; background-color: inherit\" title=\"Data Type\" class=\"hierarchy\"/> <span title=\"Base StructureDefinition for Annotation Type: A  text note which also  contains information about who made the statement and when.\">contraIndicationAnnotation</span></td><td style=\"vertical-align: top; text-align : left; background-color: #F7F7F7; border: 0px #F0F0F0 solid; padding:0px 4px 0px 4px\" class=\"hierarchy\"/><td style=\"vertical-align: top; text-align : left; background-color: #F7F7F7; border: 0px #F0F0F0 solid; padding:0px 4px 0px 4px\" class=\"hierarchy\"></td><td style=\"vertical-align: top; text-align : left; background-color: #F7F7F7; border: 0px #F0F0F0 solid; padding:0px 4px 0px 4px\" class=\"hierarchy\"><a href=\"http://hl7.org/fhir/R4/datatypes.html#Annotation\">Annotation</a></td><td style=\"vertical-align: top; text-align : left; background-color: #F7F7F7; border: 0px #F0F0F0 solid; padding:0px 4px 0px 4px\" class=\"hierarchy\"/></tr>\r\n<tr style=\"border: 0px #F0F0F0 solid; padding:0px; vertical-align: top; background-color: white\"><td style=\"vertical-align: top; text-align : left; background-color: white; border: 0px #F0F0F0 solid; padding:0px 4px 0px 4px; white-space: nowrap; background-image: url(tbl_bck100.png)\" class=\"hierarchy\"><img src=\"tbl_spacer.png\" alt=\".\" style=\"background-color: inherit\" class=\"hierarchy\"/><img src=\"tbl_vline.png\" alt=\".\" style=\"background-color: inherit\" class=\"hierarchy\"/><img src=\"tbl_vjoin_end.png\" alt=\".\" style=\"background-color: inherit\" class=\"hierarchy\"/><img src=\"icon_reference.png\" alt=\".\" style=\"background-color: white; background-color: inherit\" title=\"Reference to another Resource\" class=\"hierarchy\"/> contraIndicationReference</td><td style=\"vertical-align: top; text-align : left; background-color: white; border: 0px #F0F0F0 solid; padding:0px 4px 0px 4px\" class=\"hierarchy\"/><td style=\"vertical-align: top; text-align : left; background-color: white; border: 0px #F0F0F0 solid; padding:0px 4px 0px 4px\" class=\"hierarchy\"></td><td style=\"vertical-align: top; text-align : left; background-color: white; border: 0px #F0F0F0 solid; padding:0px 4px 0px 4px\" class=\"hierarchy\"><a href=\"http://hl7.org/fhir/R4/references.html#Reference\">Reference</a>(<a href=\"http://hl7.org/fhir/R4/device.html\">Device</a> | <a href=\"http://hl7.org/fhir/R4/condition.html\">Condition</a> | <a href=\"http://hl7.org/fhir/R4/observation.html\">Observation</a> | <a href=\"http://hl7.org/fhir/R4/medicationstatement.html\">MedicationStatement</a> | <a href=\"http://hl7.org/fhir/R4/allergyintolerance.html\">AllergyIntolerance</a>)</td><td style=\"vertical-align: top; text-align : left; background-color: white; border: 0px #F0F0F0 solid; padding:0px 4px 0px 4px\" class=\"hierarchy\"/></tr>\r\n<tr style=\"border: 0px #F0F0F0 solid; padding:0px; vertical-align: top; background-color: #F7F7F7\"><td style=\"vertical-align: top; text-align : left; background-color: #F7F7F7; border: 0px #F0F0F0 solid; padding:0px 4px 0px 4px; white-space: nowrap; background-image: url(tbl_bck11.png)\" class=\"hierarchy\"><img src=\"tbl_spacer.png\" alt=\".\" style=\"background-color: inherit\" class=\"hierarchy\"/><img src=\"tbl_vjoin.png\" alt=\".\" style=\"background-color: inherit\" class=\"hierarchy\"/><img src=\"icon_datatype.gif\" alt=\".\" style=\"background-color: #F7F7F7; background-color: inherit\" title=\"Data Type\" class=\"hierarchy\"/> <a href=\"StructureDefinition-be-model-diagnosticimagingprescription-definitions.html#BeDiagnosticImagingPrescription.supportingInformation[x]\" title=\"test\">supportingInformation[x]</a><a name=\"BeDiagnosticImagingPrescription.supportingInformation_x_\"> </a></td><td style=\"vertical-align: top; text-align : left; background-color: #F7F7F7; border: 0px #F0F0F0 solid; padding:0px 4px 0px 4px\" class=\"hierarchy\"/><td style=\"vertical-align: top; text-align : left; background-color: #F7F7F7; border: 0px #F0F0F0 solid; padding:0px 4px 0px 4px\" class=\"hierarchy\">0..*</td><td style=\"vertical-align: top; text-align : left; background-color: #F7F7F7; border: 0px #F0F0F0 solid; padding:0px 4px 0px 4px\" class=\"hierarchy\"><a href=\"http://hl7.org/fhir/R4/datatypes.html#BackboneElement\">BackboneElement</a></td><td style=\"vertical-align: top; text-align : left; background-color: #F7F7F7; border: 0px #F0F0F0 solid; padding:0px 4px 0px 4px\" class=\"hierarchy\">test<br/></td></tr>\r\n<tr style=\"border: 0px #F0F0F0 solid; padding:0px; vertical-align: top; background-color: white\"><td style=\"vertical-align: top; text-align : left; background-color: white; border: 0px #F0F0F0 solid; padding:0px 4px 0px 4px; white-space: nowrap; background-image: url(tbl_bck110.png)\" class=\"hierarchy\"><img src=\"tbl_spacer.png\" alt=\".\" style=\"background-color: inherit\" class=\"hierarchy\"/><img src=\"tbl_vline.png\" alt=\".\" style=\"background-color: inherit\" class=\"hierarchy\"/><img src=\"tbl_vjoin.png\" alt=\".\" style=\"background-color: inherit\" class=\"hierarchy\"/><img src=\"icon_reference.png\" alt=\".\" style=\"background-color: white; background-color: inherit\" title=\"Reference to another Resource\" class=\"hierarchy\"/> <a href=\"StructureDefinition-be-model-diagnosticimagingprescription-definitions.html#BeDiagnosticImagingPrescription.supportingInformation[x].questionnaireResponse\" title=\"Questionnaire responses\">questionnaireResponse</a><a name=\"BeDiagnosticImagingPrescription.supportingInformation_x_.questionnaireResponse\"> </a></td><td style=\"vertical-align: top; text-align : left; background-color: white; border: 0px #F0F0F0 solid; padding:0px 4px 0px 4px\" class=\"hierarchy\"/><td style=\"vertical-align: top; text-align : left; background-color: white; border: 0px #F0F0F0 solid; padding:0px 4px 0px 4px\" class=\"hierarchy\">0..*</td><td style=\"vertical-align: top; text-align : left; background-color: white; border: 0px #F0F0F0 solid; padding:0px 4px 0px 4px\" class=\"hierarchy\"><a href=\"http://hl7.org/fhir/R4/references.html\">Reference</a>(<a href=\"http://hl7.org/fhir/R4/questionnaireresponse.html\">QuestionnaireResponse</a>)</td><td style=\"vertical-align: top; text-align : left; background-color: white; border: 0px #F0F0F0 solid; padding:0px 4px 0px 4px\" class=\"hierarchy\">Questionnaire responses<br/></td></tr>\r\n<tr style=\"border: 0px #F0F0F0 solid; padding:0px; vertical-align: top; background-color: #F7F7F7\"><td style=\"vertical-align: top; text-align : left; background-color: #F7F7F7; border: 0px #F0F0F0 solid; padding:0px 4px 0px 4px; white-space: nowrap; background-image: url(tbl_bck110.png)\" class=\"hierarchy\"><img src=\"tbl_spacer.png\" alt=\".\" style=\"background-color: inherit\" class=\"hierarchy\"/><img src=\"tbl_vline.png\" alt=\".\" style=\"background-color: inherit\" class=\"hierarchy\"/><img src=\"tbl_vjoin.png\" alt=\".\" style=\"background-color: inherit\" class=\"hierarchy\"/><img src=\"icon_reference.png\" alt=\".\" style=\"background-color: #F7F7F7; background-color: inherit\" title=\"Reference to another Resource\" class=\"hierarchy\"/> <a href=\"StructureDefinition-be-model-diagnosticimagingprescription-definitions.html#BeDiagnosticImagingPrescription.supportingInformation[x].document\" title=\"Any document added as extra information\">document</a><a name=\"BeDiagnosticImagingPrescription.supportingInformation_x_.document\"> </a></td><td style=\"vertical-align: top; text-align : left; background-color: #F7F7F7; border: 0px #F0F0F0 solid; padding:0px 4px 0px 4px\" class=\"hierarchy\"/><td style=\"vertical-align: top; text-align : left; background-color: #F7F7F7; border: 0px #F0F0F0 solid; padding:0px 4px 0px 4px\" class=\"hierarchy\">0..*</td><td style=\"vertical-align: top; text-align : left; background-color: #F7F7F7; border: 0px #F0F0F0 solid; padding:0px 4px 0px 4px\" class=\"hierarchy\"><a href=\"http://hl7.org/fhir/R4/references.html\">Reference</a>(<a href=\"http://hl7.org/fhir/R4/documentreference.html\">DocumentReference</a>)</td><td style=\"vertical-align: top; text-align : left; background-color: #F7F7F7; border: 0px #F0F0F0 solid; padding:0px 4px 0px 4px\" class=\"hierarchy\">Any document added as extra information<br/></td></tr>\r\n<tr style=\"border: 0px #F0F0F0 solid; padding:0px; vertical-align: top; background-color: white\"><td style=\"vertical-align: top; text-align : left; background-color: white; border: 0px #F0F0F0 solid; padding:0px 4px 0px 4px; white-space: nowrap; background-image: url(tbl_bck100.png)\" class=\"hierarchy\"><img src=\"tbl_spacer.png\" alt=\".\" style=\"background-color: inherit\" class=\"hierarchy\"/><img src=\"tbl_vline.png\" alt=\".\" style=\"background-color: inherit\" class=\"hierarchy\"/><img src=\"tbl_vjoin_end.png\" alt=\".\" style=\"background-color: inherit\" class=\"hierarchy\"/><img src=\"icon_reference.png\" alt=\".\" style=\"background-color: white; background-color: inherit\" title=\"Reference to another Resource\" class=\"hierarchy\"/> <a href=\"StructureDefinition-be-model-diagnosticimagingprescription-definitions.html#BeDiagnosticImagingPrescription.supportingInformation[x].imagingStudy\" title=\"If vital to this request, references may be given to previous diagnostic imaging\">imagingStudy</a><a name=\"BeDiagnosticImagingPrescription.supportingInformation_x_.imagingStudy\"> </a></td><td style=\"vertical-align: top; text-align : left; background-color: white; border: 0px #F0F0F0 solid; padding:0px 4px 0px 4px\" class=\"hierarchy\"/><td style=\"vertical-align: top; text-align : left; background-color: white; border: 0px #F0F0F0 solid; padding:0px 4px 0px 4px\" class=\"hierarchy\">0..*</td><td style=\"vertical-align: top; text-align : left; background-color: white; border: 0px #F0F0F0 solid; padding:0px 4px 0px 4px\" class=\"hierarchy\"><a href=\"http://hl7.org/fhir/R4/references.html\">Reference</a>(<a href=\"http://hl7.org/fhir/R4/imagingstudy.html\">ImagingStudy</a>)</td><td style=\"vertical-align: top; text-align : left; background-color: white; border: 0px #F0F0F0 solid; padding:0px 4px 0px 4px\" class=\"hierarchy\">If vital to this request, references may be given to previous diagnostic imaging<br/></td></tr>\r\n<tr style=\"border: 0px #F0F0F0 solid; padding:0px; vertical-align: top; background-color: #F7F7F7\"><td style=\"vertical-align: top; text-align : left; background-color: #F7F7F7; border: 0px #F0F0F0 solid; padding:0px 4px 0px 4px; white-space: nowrap; background-image: url(tbl_bck10.png)\" class=\"hierarchy\"><img src=\"tbl_spacer.png\" alt=\".\" style=\"background-color: inherit\" class=\"hierarchy\"/><img src=\"tbl_vjoin.png\" alt=\".\" style=\"background-color: inherit\" class=\"hierarchy\"/><img src=\"icon_datatype.gif\" alt=\".\" style=\"background-color: #F7F7F7; background-color: inherit\" title=\"Data Type\" class=\"hierarchy\"/> <a href=\"StructureDefinition-be-model-diagnosticimagingprescription-definitions.html#BeDiagnosticImagingPrescription.bodySite\" title=\"bodySite, e.g. using a SNOMED-CT code\">bodySite</a><a name=\"BeDiagnosticImagingPrescription.bodySite\"> </a></td><td style=\"vertical-align: top; text-align : left; background-color: #F7F7F7; border: 0px #F0F0F0 solid; padding:0px 4px 0px 4px\" class=\"hierarchy\"/><td style=\"vertical-align: top; text-align : left; background-color: #F7F7F7; border: 0px #F0F0F0 solid; padding:0px 4px 0px 4px\" class=\"hierarchy\">0..*</td><td style=\"vertical-align: top; text-align : left; background-color: #F7F7F7; border: 0px #F0F0F0 solid; padding:0px 4px 0px 4px\" class=\"hierarchy\"><a href=\"http://hl7.org/fhir/R4/datatypes.html#CodeableConcept\">CodeableConcept</a></td><td style=\"vertical-align: top; text-align : left; background-color: #F7F7F7; border: 0px #F0F0F0 solid; padding:0px 4px 0px 4px\" class=\"hierarchy\">bodySite, e.g. using a SNOMED-CT code<br/></td></tr>\r\n<tr style=\"border: 0px #F0F0F0 solid; padding:0px; vertical-align: top; background-color: white\"><td style=\"vertical-align: top; text-align : left; background-color: white; border: 0px #F0F0F0 solid; padding:0px 4px 0px 4px; white-space: nowrap; background-image: url(tbl_bck10.png)\" class=\"hierarchy\"><img src=\"tbl_spacer.png\" alt=\".\" style=\"background-color: inherit\" class=\"hierarchy\"/><img src=\"tbl_vjoin.png\" alt=\".\" style=\"background-color: inherit\" class=\"hierarchy\"/><img src=\"icon_datatype.gif\" alt=\".\" style=\"background-color: white; background-color: inherit\" title=\"Data Type\" class=\"hierarchy\"/> <a href=\"StructureDefinition-be-model-diagnosticimagingprescription-definitions.html#BeDiagnosticImagingPrescription.proposedInvestigation\" title=\"What to do - coded or as text within the codeableConcept\">proposedInvestigation</a><a name=\"BeDiagnosticImagingPrescription.proposedInvestigation\"> </a></td><td style=\"vertical-align: top; text-align : left; background-color: white; border: 0px #F0F0F0 solid; padding:0px 4px 0px 4px\" class=\"hierarchy\"/><td style=\"vertical-align: top; text-align : left; background-color: white; border: 0px #F0F0F0 solid; padding:0px 4px 0px 4px\" class=\"hierarchy\">0..*</td><td style=\"vertical-align: top; text-align : left; background-color: white; border: 0px #F0F0F0 solid; padding:0px 4px 0px 4px\" class=\"hierarchy\"><a href=\"http://hl7.org/fhir/R4/datatypes.html#CodeableConcept\">CodeableConcept</a></td><td style=\"vertical-align: top; text-align : left; background-color: white; border: 0px #F0F0F0 solid; padding:0px 4px 0px 4px\" class=\"hierarchy\">What to do - coded or as text within the codeableConcept<br/></td></tr>\r\n<tr style=\"border: 0px #F0F0F0 solid; padding:0px; vertical-align: top; background-color: #F7F7F7\"><td style=\"vertical-align: top; text-align : left; background-color: #F7F7F7; border: 0px #F0F0F0 solid; padding:0px 4px 0px 4px; white-space: nowrap; background-image: url(tbl_bck00.png)\" class=\"hierarchy\"><img src=\"tbl_spacer.png\" alt=\".\" style=\"background-color: inherit\" class=\"hierarchy\"/><img src=\"tbl_vjoin_end.png\" alt=\".\" style=\"background-color: inherit\" class=\"hierarchy\"/><img src=\"icon_primitive.png\" alt=\".\" style=\"background-color: #F7F7F7; background-color: inherit\" title=\"Primitive Data Type\" class=\"hierarchy\"/> <a href=\"StructureDefinition-be-model-diagnosticimagingprescription-definitions.html#BeDiagnosticImagingPrescription.contrastFluid\" title=\"ifNecessary|notPermitted\">contrastFluid</a><a name=\"BeDiagnosticImagingPrescription.contrastFluid\"> </a></td><td style=\"vertical-align: top; text-align : left; background-color: #F7F7F7; border: 0px #F0F0F0 solid; padding:0px 4px 0px 4px\" class=\"hierarchy\"/><td style=\"vertical-align: top; text-align : left; background-color: #F7F7F7; border: 0px #F0F0F0 solid; padding:0px 4px 0px 4px\" class=\"hierarchy\">0..1</td><td style=\"vertical-align: top; text-align : left; background-color: #F7F7F7; border: 0px #F0F0F0 solid; padding:0px 4px 0px 4px\" class=\"hierarchy\"><a href=\"http://hl7.org/fhir/R4/datatypes.html#code\">code</a></td><td style=\"vertical-align: top; text-align : left; background-color: #F7F7F7; border: 0px #F0F0F0 solid; padding:0px 4px 0px 4px\" class=\"hierarchy\">ifNecessary|notPermitted</td></tr>\r\n<tr><td colspan=\"5\" class=\"hierarchy\"><br/><a href=\"http://hl7.org/fhir/R4/formats.html#table\" title=\"Legend for this format\"><img src=\"http://hl7.org/fhir/R4/help16.png\" alt=\"doco\" style=\"background-color: inherit\"/> Documentation for this format</a></td></tr></table></div>"
  },
  "url": "https://www.ehealth.fgov.be/standards/fhir/referral/StructureDefinition/be-model-diagnosticimagingprescription",
  "version": "0.2.0",
  "name": "BeDiagnosticImagingPrescription",
  "status": "draft",
  "date": "2020-05-12T13:07:15+00:00",
  "publisher": "HL7 Belgium",
  "contact": [
    {
      "name": "HL7 Belgium",
      "telecom": [
        {
          "system": "url",
          "value": "http://hl7belgium.org"
        }
      ]
    },
    {
      "name": "Message-Structure",
      "telecom": [
        {
          "system": "email",
          "value": "message-structure@ehealth.fgov.be",
          "use": "work"
        }
      ]
    }
  ],
  "description": "Logical model describing the model for the diagnostic imaging prescription. This draft is used in the HL7 Belgian workgroup for referral.",
  "jurisdiction": [
    {
      "coding": [
        {
          "system": "urn:iso:std:iso:3166",
          "code": "BE",
          "display": "Belgium"
        }
      ]
    }
  ],
  "fhirVersion": "4.0.1",
  "mapping": [
    {
      "identity": "rim",
      "uri": "http://hl7.org/v3",
      "name": "RIM Mapping"
    }
  ],
  "kind": "logical",
  "abstract": false,
  "type": "BeDiagnosticImagingPrescription",
  "baseDefinition": "https://www.ehealth.fgov.be/standards/fhir/referral/StructureDefinition/be-model-referralprescription",
  "derivation": "specialization",
  "snapshot": {
    "element": [
      {
        "id": "BeDiagnosticImagingPrescription",
        "path": "BeDiagnosticImagingPrescription",
        "definition": "Logical model describing the model for the diagnostic imaging prescription. This draft is used in the HL7 Belgian workgroup for referral.",
        "min": 0,
        "max": "*",
        "base": {
          "path": "Base",
          "min": 0,
          "max": "*"
        },
        "isModifier": false
      },
      {
        "id": "BeDiagnosticImagingPrescription.recordedDate",
        "path": "BeDiagnosticImagingPrescription.recordedDate",
        "short": "When this prescription was created",
        "definition": "When this prescription was created",
        "min": 1,
        "max": "1",
        "base": {
          "path": "BeReferralPrescription.recordedDate",
          "min": 1,
          "max": "1"
        },
        "type": [
          {
            "code": "dateTime"
          }
        ]
      },
      {
        "id": "BeDiagnosticImagingPrescription.prescriber",
        "path": "BeDiagnosticImagingPrescription.prescriber",
        "short": "The prescribing healthcare party",
        "definition": "The prescribing healthcare party",
        "min": 1,
        "max": "1",
        "base": {
          "path": "BeReferralPrescription.prescriber",
          "min": 1,
          "max": "1"
        },
        "type": [
          {
            "code": "Reference"
          }
        ]
      },
      {
        "id": "BeDiagnosticImagingPrescription.co-prescriber",
        "path": "BeDiagnosticImagingPrescription.co-prescriber",
        "short": "Information about co prescribers",
        "definition": "Information about co prescribers",
        "min": 0,
        "max": "*",
        "base": {
          "path": "BeReferralPrescription.co-prescriber",
          "min": 0,
          "max": "*"
        },
        "type": [
          {
            "code": "BackboneElement"
          }
        ]
      },
      {
        "id": "BeDiagnosticImagingPrescription.co-prescriber.co-prescriber",
        "path": "BeDiagnosticImagingPrescription.co-prescriber.co-prescriber",
        "short": "The co-prescriber party",
        "definition": "The co-prescriber party",
        "min": 0,
        "max": "1",
        "base": {
          "path": "BeReferralPrescription.co-prescriber.co-prescriber",
          "min": 0,
          "max": "1"
        },
        "type": [
          {
            "code": "Reference"
          }
        ]
      },
      {
        "id": "BeDiagnosticImagingPrescription.co-prescriber.co-prescriberType",
        "path": "BeDiagnosticImagingPrescription.co-prescriber.co-prescriberType",
        "short": "Type of the practitioner",
        "definition": "Type of the practitioner",
        "min": 0,
        "max": "1",
        "base": {
          "path": "BeReferralPrescription.co-prescriber.co-prescriberType",
          "min": 0,
          "max": "1"
        },
        "type": [
          {
            "code": "code"
          }
        ]
      },
      {
        "id": "BeDiagnosticImagingPrescription.co-prescriber.status",
        "path": "BeDiagnosticImagingPrescription.co-prescriber.status",
        "short": "Status of co prescribing status (to sign, signed or refused)",
        "definition": "Status of co prescribing status (to sign, signed or refused)",
        "min": 0,
        "max": "1",
        "base": {
          "path": "BeReferralPrescription.co-prescriber.status",
          "min": 0,
          "max": "1"
        },
        "type": [
          {
            "code": "code"
          }
        ]
      },
      {
        "id": "BeDiagnosticImagingPrescription.patient",
        "path": "BeDiagnosticImagingPrescription.patient",
        "short": "The SSIN of the person for which the referral is prescribed.",
        "definition": "The SSIN of the person for which the referral is prescribed.",
        "min": 1,
        "max": "1",
        "base": {
          "path": "BeReferralPrescription.patient",
          "min": 1,
          "max": "1"
        },
        "type": [
          {
            "code": "Reference"
          }
        ]
      },
      {
        "id": "BeDiagnosticImagingPrescription.prescriptionNumber",
        "path": "BeDiagnosticImagingPrescription.prescriptionNumber",
        "short": "An identifier for the ReferralPrescription, e.g. the UHMEP identifier, once available",
        "definition": "An identifier for the ReferralPrescription, e.g. the UHMEP identifier, once available",
        "min": 0,
        "max": "1",
        "base": {
          "path": "BeReferralPrescription.prescriptionNumber",
          "min": 0,
          "max": "1"
        },
        "type": [
          {
            "code": "Identifier"
          }
        ]
      },
      {
        "id": "BeDiagnosticImagingPrescription.basedOn",
        "path": "BeDiagnosticImagingPrescription.basedOn",
        "short": "The original request or prescription triggered this prescription",
        "definition": "The original request or prescription that is the reason for this request - for example when a detailed request is created by a broader request.",
        "min": 0,
        "max": "*",
        "base": {
          "path": "BeReferralPrescription.basedOn",
          "min": 0,
          "max": "*"
        },
        "type": [
          {
            "code": "Reference"
          }
        ]
      },
      {
        "id": "BeDiagnosticImagingPrescription.validitionPeriod",
        "path": "BeDiagnosticImagingPrescription.validitionPeriod",
        "short": "Period of validity of prescription",
        "definition": "Period of validity of prescription",
        "min": 1,
        "max": "1",
        "base": {
          "path": "BeReferralPrescription.validitionPeriod",
          "min": 1,
          "max": "1"
        },
        "type": [
          {
            "code": "Period"
          }
        ]
      },
      {
        "id": "BeDiagnosticImagingPrescription.treatmentPeriod",
        "path": "BeDiagnosticImagingPrescription.treatmentPeriod",
        "short": "When this prescription is executed, available after start of execution",
        "definition": "When this prescription is executed, available after start of execution",
        "min": 0,
        "max": "1",
        "base": {
          "path": "BeReferralPrescription.treatmentPeriod",
          "min": 0,
          "max": "1"
        },
        "type": [
          {
            "code": "Period"
          }
        ]
      },
      {
        "id": "BeDiagnosticImagingPrescription.treatmentValidationEndDate",
        "path": "BeDiagnosticImagingPrescription.treatmentValidationEndDate",
        "short": "The latest moment to end this treatment",
        "definition": "The latest moment to end this treatment",
        "min": 0,
        "max": "1",
        "base": {
          "path": "BeReferralPrescription.treatmentValidationEndDate",
          "min": 0,
          "max": "1"
        },
        "type": [
          {
            "code": "dateTime"
          }
        ]
      },
      {
        "id": "BeDiagnosticImagingPrescription.intendedProvider",
        "path": "BeDiagnosticImagingPrescription.intendedProvider",
        "short": "The intended provider, i.e. who is expected to perform the procedure - a specific person or a speciality",
        "definition": "The intended provider, i.e. who is expected to perform the procedure - a specific person or a speciality",
        "min": 0,
        "max": "*",
        "base": {
          "path": "BeReferralPrescription.intendedProvider",
          "min": 0,
          "max": "*"
        },
        "type": [
          {
            "code": "BackboneElement"
          }
        ]
      },
      {
        "id": "BeDiagnosticImagingPrescription.intendedProvider.provider",
        "path": "BeDiagnosticImagingPrescription.intendedProvider.provider",
        "short": "A reference to the provider party (e.g. a NIHDI number for a healthcare professional, a SSIN or only a displaystring for a non professional caregiver,...)",
        "definition": "A reference to the provider party (e.g. a NIHDI number for a healthcare professional, a SSIN or only a displaystring for a non professional caregiver,...)",
        "min": 0,
        "max": "*",
        "base": {
          "path": "BeReferralPrescription.intendedProvider.provider",
          "min": 0,
          "max": "*"
        },
        "type": [
          {
            "code": "Reference"
          }
        ]
      },
      {
        "id": "BeDiagnosticImagingPrescription.intendedProvider.discipline",
        "path": "BeDiagnosticImagingPrescription.intendedProvider.discipline",
        "short": "The required discipline of the provider party",
        "definition": "The required discipline of the provider party",
        "min": 1,
        "max": "1",
        "base": {
          "path": "BeReferralPrescription.intendedProvider.discipline",
          "min": 1,
          "max": "1"
        },
        "type": [
          {
            "code": "CodeableConcept"
          }
        ]
      },
      {
        "id": "BeDiagnosticImagingPrescription.serviceRequested",
        "path": "BeDiagnosticImagingPrescription.serviceRequested",
        "short": "What is prescribed",
        "definition": "What is prescribed",
        "min": 1,
        "max": "1",
        "base": {
          "path": "BeReferralPrescription.serviceRequested",
          "min": 1,
          "max": "1"
        },
        "type": [
          {
            "code": "CodeableConcept"
          }
        ]
      },
      {
        "id": "BeDiagnosticImagingPrescription.problemCode",
        "path": "BeDiagnosticImagingPrescription.problemCode",
        "short": "The problem (code or reference) that is the main reason for this prescription",
        "definition": "The problem (code or reference) that is the main reason for this prescription",
        "min": 1,
        "max": "1",
        "base": {
          "path": "BeReferralPrescription.problemCode",
          "min": 1,
          "max": "1"
        },
        "type": [
          {
            "code": "Reference"
          }
        ]
      },
      {
        "id": "BeDiagnosticImagingPrescription.supportingInfo",
        "path": "BeDiagnosticImagingPrescription.supportingInfo",
        "short": "Care Set Problem",
        "definition": "Care Set Problem",
        "min": 0,
        "max": "1",
        "base": {
          "path": "BeReferralPrescription.supportingInfo",
          "min": 0,
          "max": "1"
        },
        "type": [
          {
            "code": "Reference"
          }
        ]
      },
      {
        "id": "BeDiagnosticImagingPrescription.resultReceiver",
        "path": "BeDiagnosticImagingPrescription.resultReceiver",
        "short": "Parties that shall be informed of the results of the prescription other then the prescriber.",
        "definition": "Parties that shall be informed of the results of the prescription other then the prescriber.",
        "min": 0,
        "max": "*",
        "base": {
          "path": "BeReferralPrescription.resultReceiver",
          "min": 0,
          "max": "*"
        },
        "type": [
          {
            "code": "Reference"
          }
        ]
      },
      {
        "id": "BeDiagnosticImagingPrescription.status",
        "path": "BeDiagnosticImagingPrescription.status",
        "short": "Current status",
        "definition": "Current status",
        "min": 0,
        "max": "1",
        "base": {
          "path": "BeReferralPrescription.status",
          "min": 0,
          "max": "1"
        },
        "type": [
          {
            "code": "code"
          }
        ],
        "binding": {
          "strength": "required",
          "valueSet": "http://hl7.org/fhir/ValueSet/request-status"
        }
      },
      {
        "id": "BeDiagnosticImagingPrescription.statusReason",
        "path": "BeDiagnosticImagingPrescription.statusReason",
        "short": "Reason current status",
        "definition": "Reason current status",
        "min": 0,
        "max": "1",
        "base": {
          "path": "BeReferralPrescription.statusReason",
          "min": 0,
          "max": "1"
        },
        "type": [
          {
            "code": "CodeableConcept"
          }
        ]
      },
      {
        "id": "BeDiagnosticImagingPrescription.bodySite",
        "path": "BeDiagnosticImagingPrescription.bodySite",
        "short": "bodySite, e.g. using a SNOMED-CT code",
        "definition": "bodySite, e.g. using a SNOMED-CT code",
        "min": 0,
        "max": "*",
        "base": {
          "path": "BeReferralPrescription.bodySite",
          "min": 0,
          "max": "*"
        },
        "type": [
          {
            "code": "CodeableConcept"
          }
        ]
      },
      {
        "id": "BeDiagnosticImagingPrescription.note",
        "path": "BeDiagnosticImagingPrescription.note",
        "short": "Additional text notes about the request.",
        "definition": "Additional text notes about the request.",
        "min": 0,
        "max": "*",
        "base": {
          "path": "BeReferralPrescription.note",
          "min": 0,
          "max": "*"
        },
        "type": [
          {
            "code": "Annotation"
          }
        ]
      },
      {
        "id": "BeDiagnosticImagingPrescription.intent",
        "path": "BeDiagnosticImagingPrescription.intent",
        "short": "Proposal, Prolongation, Prescription",
        "definition": "Proposal, Prolongation, Prescription",
        "min": 1,
        "max": "1",
        "base": {
          "path": "BeReferralPrescription.intent",
          "min": 1,
          "max": "1"
        },
        "type": [
          {
            "code": "code"
          }
        ]
      },
      {
        "id": "BeDiagnosticImagingPrescription.BeReferralPrescription",
        "path": "BeDiagnosticImagingPrescription.BeReferralPrescription",
        "short": "test",
        "definition": "test",
        "min": 1,
        "max": "1",
        "base": {
          "path": "BeDiagnosticImagingPrescription.BeReferralPrescription",
          "min": 1,
          "max": "1"
        },
        "type": [
          {
            "code": "BeReferralPrescription",
            "profile": [
              "https://www.ehealth.fgov.be/standards/fhir/referral/StructureDefinition/be-model-referralprescription"
            ]
          }
        ]
      },
      {
        "id": "BeDiagnosticImagingPrescription.relevantClinicalInformation[x]",
        "path": "BeDiagnosticImagingPrescription.relevantClinicalInformation[x]",
        "short": "Relevant information in the context of this prescription concerning for example allergies, kidney function, diabetic. When detailed information can be given, it is RECOMMENDED to express it as structured as possible.",
        "definition": "e.g. stomach ache during 10 days, echo suspected damage kidneys, complaints of patients, allergies,...",
        "min": 0,
        "max": "*",
        "base": {
          "path": "BeDiagnosticImagingPrescription.relevantClinicalInformation[x]",
          "min": 0,
          "max": "*"
        },
        "type": [
          {
            "code": "Annotation"
          },
          {
            "code": "CodeableConcept"
          },
          {
            "code": "Reference",
            "targetProfile": [
              "http://hl7.org/fhir/StructureDefinition/Procedure",
              "http://hl7.org/fhir/StructureDefinition/Condition",
              "http://hl7.org/fhir/StructureDefinition/Observation",
              "http://hl7.org/fhir/StructureDefinition/AllergyIntolerance",
              "http://hl7.org/fhir/StructureDefinition/MedicationStatement"
            ]
          }
        ]
      },
      {
        "id": "BeDiagnosticImagingPrescription.diagnosticQuestion[x]",
        "path": "BeDiagnosticImagingPrescription.diagnosticQuestion[x]",
        "short": "Either in text or in a coded format. At the discretion of the prescribing party.",
        "definition": "e.g. Cyste? Metastasis?",
        "min": 0,
        "max": "*",
        "base": {
          "path": "BeDiagnosticImagingPrescription.diagnosticQuestion[x]",
          "min": 0,
          "max": "*"
        },
        "type": [
          {
            "code": "Annotation"
          },
          {
            "code": "CodeableConcept"
          }
        ]
      },
      {
        "id": "BeDiagnosticImagingPrescription.contraIndication[x]",
        "path": "BeDiagnosticImagingPrescription.contraIndication[x]",
        "short": "Relevant information in the context of this prescription concerning possible contra indication. For example presence of devices or (suspected) pregnancy. When detailed information can be given, it is RECOMMENDED to express it as structured as possible. If prescriber has no knowledge of contra indication, this SHALL be expressed with a 'ASKU' nullFlavor ( = Information was sought but not found  ) in codeableConcept.",
        "definition": "e.g.pregnancy, devices, kidney functioning",
        "min": 1,
        "max": "*",
        "base": {
          "path": "BeDiagnosticImagingPrescription.contraIndication[x]",
          "min": 1,
          "max": "*"
        },
        "type": [
          {
            "code": "CodeableConcept"
          },
          {
            "code": "Annotation"
          },
          {
            "code": "Reference",
            "targetProfile": [
              "http://hl7.org/fhir/StructureDefinition/Device",
              "http://hl7.org/fhir/StructureDefinition/Condition",
              "http://hl7.org/fhir/StructureDefinition/Observation",
              "http://hl7.org/fhir/StructureDefinition/MedicationStatement",
              "http://hl7.org/fhir/StructureDefinition/AllergyIntolerance"
            ]
          }
        ]
      },
      {
        "id": "BeDiagnosticImagingPrescription.supportingInformation[x]",
        "path": "BeDiagnosticImagingPrescription.supportingInformation[x]",
        "short": "test",
        "definition": "test",
        "min": 0,
        "max": "*",
        "base": {
          "path": "BeDiagnosticImagingPrescription.supportingInformation[x]",
          "min": 0,
          "max": "*"
        },
        "type": [
          {
            "code": "BackboneElement"
          }
        ]
      },
      {
        "id": "BeDiagnosticImagingPrescription.supportingInformation[x].questionnaireResponse",
        "path": "BeDiagnosticImagingPrescription.supportingInformation[x].questionnaireResponse",
        "short": "Questionnaire responses",
        "definition": "Questionnaire responses",
        "min": 0,
        "max": "*",
        "base": {
          "path": "BeDiagnosticImagingPrescription.supportingInformation[x].questionnaireResponse",
          "min": 0,
          "max": "*"
        },
        "type": [
          {
            "code": "Reference",
            "targetProfile": [
              "http://hl7.org/fhir/StructureDefinition/QuestionnaireResponse"
            ]
          }
        ]
      },
      {
        "id": "BeDiagnosticImagingPrescription.supportingInformation[x].document",
        "path": "BeDiagnosticImagingPrescription.supportingInformation[x].document",
        "short": "Any document added as extra information",
        "definition": "Any document added as extra information",
        "min": 0,
        "max": "*",
        "base": {
          "path": "BeDiagnosticImagingPrescription.supportingInformation[x].document",
          "min": 0,
          "max": "*"
        },
        "type": [
          {
            "code": "Reference",
            "targetProfile": [
              "http://hl7.org/fhir/StructureDefinition/DocumentReference"
            ]
          }
        ]
      },
      {
        "id": "BeDiagnosticImagingPrescription.supportingInformation[x].imagingStudy",
        "path": "BeDiagnosticImagingPrescription.supportingInformation[x].imagingStudy",
        "short": "If vital to this request, references may be given to previous diagnostic imaging",
        "definition": "If vital to this request, references may be given to previous diagnostic imaging",
        "min": 0,
        "max": "*",
        "base": {
          "path": "BeDiagnosticImagingPrescription.supportingInformation[x].imagingStudy",
          "min": 0,
          "max": "*"
        },
        "type": [
          {
            "code": "Reference",
            "targetProfile": [
              "http://hl7.org/fhir/StructureDefinition/ImagingStudy"
            ]
          }
        ]
      },
      {
        "id": "BeDiagnosticImagingPrescription.proposedInvestigation",
        "path": "BeDiagnosticImagingPrescription.proposedInvestigation",
        "short": "What to do - coded or as text within the codeableConcept",
        "definition": "What to do - coded or as text within the codeableConcept",
        "min": 0,
        "max": "*",
        "base": {
          "path": "BeDiagnosticImagingPrescription.proposedInvestigation",
          "min": 0,
          "max": "*"
        },
        "type": [
          {
            "code": "CodeableConcept"
          }
        ]
      },
      {
        "id": "BeDiagnosticImagingPrescription.contrastFluid",
        "path": "BeDiagnosticImagingPrescription.contrastFluid",
        "short": "ifNecessary|notPermitted",
        "definition": "ifNecessary|notPermitted",
        "min": 0,
        "max": "1",
        "base": {
          "path": "BeDiagnosticImagingPrescription.contrastFluid",
          "min": 0,
          "max": "1"
        },
        "type": [
          {
            "code": "code"
          }
        ]
      }
    ]
  },
  "differential": {
    "element": [
      {
        "id": "BeDiagnosticImagingPrescription",
        "path": "BeDiagnosticImagingPrescription",
        "definition": "Logical model describing the model for the diagnostic imaging prescription. This draft is used in the HL7 Belgian workgroup for referral."
      },
      {
        "id": "BeDiagnosticImagingPrescription.BeReferralPrescription",
        "path": "BeDiagnosticImagingPrescription.BeReferralPrescription",
        "short": "test",
        "definition": "test",
        "min": 1,
        "max": "1",
        "type": [
          {
            "code": "BeReferralPrescription",
            "profile": [
              "https://www.ehealth.fgov.be/standards/fhir/referral/StructureDefinition/be-model-referralprescription"
            ]
          }
        ]
      },
      {
        "id": "BeDiagnosticImagingPrescription.relevantClinicalInformation[x]",
        "path": "BeDiagnosticImagingPrescription.relevantClinicalInformation[x]",
        "short": "Relevant information in the context of this prescription concerning for example allergies, kidney function, diabetic. When detailed information can be given, it is RECOMMENDED to express it as structured as possible.",
        "definition": "e.g. stomach ache during 10 days, echo suspected damage kidneys, complaints of patients, allergies,...",
        "min": 0,
        "max": "*",
        "type": [
          {
            "code": "Annotation"
          },
          {
            "code": "CodeableConcept"
          },
          {
            "code": "Reference",
            "targetProfile": [
              "http://hl7.org/fhir/StructureDefinition/Procedure",
              "http://hl7.org/fhir/StructureDefinition/Condition",
              "http://hl7.org/fhir/StructureDefinition/Observation",
              "http://hl7.org/fhir/StructureDefinition/AllergyIntolerance",
              "http://hl7.org/fhir/StructureDefinition/MedicationStatement"
            ]
          }
        ]
      },
      {
        "id": "BeDiagnosticImagingPrescription.diagnosticQuestion[x]",
        "path": "BeDiagnosticImagingPrescription.diagnosticQuestion[x]",
        "short": "Either in text or in a coded format. At the discretion of the prescribing party.",
        "definition": "e.g. Cyste? Metastasis?",
        "min": 0,
        "max": "*",
        "type": [
          {
            "code": "Annotation"
          },
          {
            "code": "CodeableConcept"
          }
        ]
      },
      {
        "id": "BeDiagnosticImagingPrescription.contraIndication[x]",
        "path": "BeDiagnosticImagingPrescription.contraIndication[x]",
        "short": "Relevant information in the context of this prescription concerning possible contra indication. For example presence of devices or (suspected) pregnancy. When detailed information can be given, it is RECOMMENDED to express it as structured as possible. If prescriber has no knowledge of contra indication, this SHALL be expressed with a 'ASKU' nullFlavor ( = Information was sought but not found  ) in codeableConcept.",
        "definition": "e.g.pregnancy, devices, kidney functioning",
        "min": 1,
        "max": "*",
        "type": [
          {
            "code": "CodeableConcept"
          },
          {
            "code": "Annotation"
          },
          {
            "code": "Reference",
            "targetProfile": [
              "http://hl7.org/fhir/StructureDefinition/Device",
              "http://hl7.org/fhir/StructureDefinition/Condition",
              "http://hl7.org/fhir/StructureDefinition/Observation",
              "http://hl7.org/fhir/StructureDefinition/MedicationStatement",
              "http://hl7.org/fhir/StructureDefinition/AllergyIntolerance"
            ]
          }
        ]
      },
      {
        "id": "BeDiagnosticImagingPrescription.supportingInformation[x]",
        "path": "BeDiagnosticImagingPrescription.supportingInformation[x]",
        "short": "test",
        "definition": "test",
        "min": 0,
        "max": "*",
        "type": [
          {
            "code": "BackboneElement"
          }
        ]
      },
      {
        "id": "BeDiagnosticImagingPrescription.supportingInformation[x].questionnaireResponse",
        "path": "BeDiagnosticImagingPrescription.supportingInformation[x].questionnaireResponse",
        "short": "Questionnaire responses",
        "definition": "Questionnaire responses",
        "min": 0,
        "max": "*",
        "type": [
          {
            "code": "Reference",
            "targetProfile": [
              "http://hl7.org/fhir/StructureDefinition/QuestionnaireResponse"
            ]
          }
        ]
      },
      {
        "id": "BeDiagnosticImagingPrescription.supportingInformation[x].document",
        "path": "BeDiagnosticImagingPrescription.supportingInformation[x].document",
        "short": "Any document added as extra information",
        "definition": "Any document added as extra information",
        "min": 0,
        "max": "*",
        "type": [
          {
            "code": "Reference",
            "targetProfile": [
              "http://hl7.org/fhir/StructureDefinition/DocumentReference"
            ]
          }
        ]
      },
      {
        "id": "BeDiagnosticImagingPrescription.supportingInformation[x].imagingStudy",
        "path": "BeDiagnosticImagingPrescription.supportingInformation[x].imagingStudy",
        "short": "If vital to this request, references may be given to previous diagnostic imaging",
        "definition": "If vital to this request, references may be given to previous diagnostic imaging",
        "min": 0,
        "max": "*",
        "type": [
          {
            "code": "Reference",
            "targetProfile": [
              "http://hl7.org/fhir/StructureDefinition/ImagingStudy"
            ]
          }
        ]
      },
      {
        "id": "BeDiagnosticImagingPrescription.bodySite",
        "path": "BeDiagnosticImagingPrescription.bodySite",
        "short": "bodySite, e.g. using a SNOMED-CT code",
        "definition": "bodySite, e.g. using a SNOMED-CT code",
        "min": 0,
        "max": "*",
        "type": [
          {
            "code": "CodeableConcept"
          }
        ]
      },
      {
        "id": "BeDiagnosticImagingPrescription.proposedInvestigation",
        "path": "BeDiagnosticImagingPrescription.proposedInvestigation",
        "short": "What to do - coded or as text within the codeableConcept",
        "definition": "What to do - coded or as text within the codeableConcept",
        "min": 0,
        "max": "*",
        "type": [
          {
            "code": "CodeableConcept"
          }
        ]
      },
      {
        "id": "BeDiagnosticImagingPrescription.contrastFluid",
        "path": "BeDiagnosticImagingPrescription.contrastFluid",
        "short": "ifNecessary|notPermitted",
        "definition": "ifNecessary|notPermitted",
        "min": 0,
        "max": "1",
        "type": [
          {
            "code": "code"
          }
        ]
      }
    ]
  }
}