{
  "resourceType" : "Task",
  "id" : "referral-task",
  "meta" : {
    "profile" : ["https://www.ehealth.fgov.be/standards/fhir/referral/StructureDefinition/be-referral-task"]
  },
  "text" : {
    "status" : "generated",
    "div" : "<div xmlns=\"http://www.w3.org/1999/xhtml\"><p><b>Generated Narrative: Task</b><a name=\"referral-task\"> </a><a name=\"hcreferral-task\"> </a></p><div style=\"display: inline-block; background-color: #d9e0e7; padding: 6px; margin: 4px; border: 1px solid #8da1b4; border-radius: 5px; line-height: 60%\"><p style=\"margin-bottom: 0px\">Resource Task &quot;referral-task&quot; </p><p style=\"margin-bottom: 0px\">Profile: <a href=\"StructureDefinition-be-referral-task.html\">BeReferralTask</a></p></div><p><b>status</b>: draft</p><p><b>intent</b>: order</p></div>"
  },
  "status" : "draft",
  "intent" : "order"
}