{
  "resourceType": "CodeSystem",
  "id": "be-nursing-medication-percutaneous",
  "text": {
    "status": "generated",
    "div": "<div xmlns=\"http://www.w3.org/1999/xhtml\"><p>This code system https://www.ehealth.fgov.be/standards/fhir/CodeSystem/be-nursing-medication-percutaneous defines the following codes:</p><table class=\"codes\"><tr><td style=\"white-space:nowrap\"><b>Code</b></td><td><b>Display</b></td></tr><tr><td style=\"white-space:nowrap\">ointment-or-medicinal-product<a name=\"be-nursing-medication-percutaneous-ointment-or-medicinal-product\"> </a></td><td>Ointment or medicinal product</td></tr><tr><td style=\"white-space:nowrap\">patch<a name=\"be-nursing-medication-percutaneous-patch\"> </a></td><td>Patch</td></tr><tr><td style=\"white-space:nowrap\">ointment-or-medicinal-product-sepwd<a name=\"be-nursing-medication-percutaneous-ointment-or-medicinal-product-sepwd\"> </a></td><td>Ointment or medicinal product shingles / eczema / psoriasis / warts / dermatomycoses</td></tr></table><p><b>Additional Language Displays</b></p><table class=\"codes\"><tr><td><b>Code</b></td><td><b>English (English, en)</b></td><td><b>French (fr)</b></td><td><b>Nederlands (Dutch, nl)</b></td></tr><tr><td>ointment-or-medicinal-product</td><td>Ointment or medicinal product</td><td>Pommade ou produit médicamenteux</td><td>Zalf of geneeskrachtig product</td></tr><tr><td>patch</td><td>Patch</td><td>Patch</td><td>Pleister</td></tr><tr><td>ointment-or-medicinal-product-sepwd</td><td>Ointment or medicinal product shingles / eczema / psoriasis / warts / dermatomycoses</td><td>Pommade ou produit médicamenteux zona / eczéma / psoriasis / verrues / dermatomycoses</td><td>Zalf of geneeskrachtig product zona / eczema / psoriasis / wratten / dermatomycoses</td></tr></table></div>"
  },
  "url": "https://www.ehealth.fgov.be/standards/fhir/CodeSystem/be-nursing-medication-percutaneous",
  "version": "0.2.0",
  "name": "BeNursingMedicationPercutaneous",
  "title": "BeNursingMedicationPercutaneous",
  "status": "draft",
  "experimental": false,
  "date": "2021-07-12T12:34:30+00:00",
  "publisher": "HL7 Belgium",
  "contact": [
    {
      "telecom": [
        {
          "system": "url",
          "value": "http://hl7belgium.org"
        }
      ]
    }
  ],
  "description": "Different types of nursing medication percutaneous.",
  "jurisdiction": [
    {
      "coding": [
        {
          "system": "http://unstats.un.org/unsd/methods/m49/m49.htm",
          "code": "001"
        }
      ]
    }
  ],
  "caseSensitive": false,
  "content": "complete",
  "concept": [
    {
      "code": "ointment-or-medicinal-product",
      "display": "Ointment or medicinal product",
      "designation": [
        {
          "language": "en",
          "value": "Ointment or medicinal product"
        },
        {
          "language": "nl",
          "value": "Zalf of geneeskrachtig product"
        },
        {
          "language": "fr",
          "value": "Pommade ou produit médicamenteux"
        }
      ]
    },
    {
      "code": "patch",
      "display": "Patch",
      "designation": [
        {
          "language": "en",
          "value": "Patch"
        },
        {
          "language": "nl",
          "value": "Pleister"
        },
        {
          "language": "fr",
          "value": "Patch"
        }
      ]
    },
    {
      "code": "ointment-or-medicinal-product-sepwd",
      "display": "Ointment or medicinal product shingles / eczema / psoriasis / warts / dermatomycoses",
      "designation": [
        {
          "language": "en",
          "value": "Ointment or medicinal product shingles / eczema / psoriasis / warts / dermatomycoses"
        },
        {
          "language": "nl",
          "value": "Zalf of geneeskrachtig product zona / eczema / psoriasis / wratten / dermatomycoses"
        },
        {
          "language": "fr",
          "value": "Pommade ou produit médicamenteux zona / eczéma / psoriasis / verrues / dermatomycoses"
        }
      ]
    }
  ]
}