<?xml version="1.0" encoding="UTF-8"?>

<CodeSystem xmlns="http://hl7.org/fhir">
  <id value="codesystem-be-enteral-feeding-way"/>
  <text>
    <status value="generated"/><div xmlns="http://www.w3.org/1999/xhtml"><p>This code system https://www.ehealth.fgov.be/standards/fhir/CodeSystem/be-cs-enteral-feeding-way defines the following codes:</p><table class="codes"><tr><td style="white-space:nowrap"><b>Code</b></td><td><b>Display</b></td></tr><tr><td style="white-space:nowrap">enteral-feeding<a name="codesystem-be-enteral-feeding-way-enteral-feeding"> </a></td><td>Enteral feeding</td></tr><tr><td style="white-space:nowrap">colonic-cleansing<a name="codesystem-be-enteral-feeding-way-colonic-cleansing"> </a></td><td>colonic-cleansing</td></tr><tr><td style="white-space:nowrap">gastrointestinal-tubing-and-drainage<a name="codesystem-be-enteral-feeding-way-gastrointestinal-tubing-and-drainage"> </a></td><td>gastrointestinal-tubing-and-drainage</td></tr><tr><td style="white-space:nowrap">manual-removal-of-faecal-omen<a name="codesystem-be-enteral-feeding-way-manual-removal-of-faecal-omen"> </a></td><td>Manual removal of faecal omen</td></tr><tr><td style="white-space:nowrap">clyster<a name="codesystem-be-enteral-feeding-way-clyster"> </a></td><td>Clyster</td></tr><tr><td style="white-space:nowrap">administering-drug-solutions-through-rectal-probe<a name="codesystem-be-enteral-feeding-way-administering-drug-solutions-through-rectal-probe"> </a></td><td>Administering drug solutions through rectal probe</td></tr></table><p><b>Additional Language Displays</b></p><table class="codes"><tr><td><b>Code</b></td><td><b>French (fr)</b></td><td><b>French (Belgium) (fr)</b></td><td><b>Nederlands (Dutch, nl)</b></td><td><b>Nederlands (België) (Dutch (Belgium), nl)</b></td></tr><tr><td>enteral-feeding</td><td></td><td>Nutrition entérale</td><td></td><td>Enterale voeding</td></tr><tr><td>colonic-cleansing</td><td>Lavage intestinal</td><td></td><td>Darmspoeling</td><td></td></tr><tr><td>gastrointestinal-tubing-and-drainage</td><td>Tubage et drainage gastro-intestinal</td><td></td><td>Gastro-intestinale tubage en drainage</td><td></td></tr><tr><td>manual-removal-of-faecal-omen</td><td>Evacuation manuelle de fécalome</td><td></td><td>Manueel verwijderen van faecalomen</td><td></td></tr><tr><td>clyster</td><td>Lavement</td><td></td><td>Lavement</td><td></td></tr><tr><td>administering-drug-solutions-through-rectal-probe</td><td>Administration de solution médicamenteuse via sonde rectale</td><td></td><td>Toediening van medicamenteuze oplossingen via rectale sonde</td><td></td></tr></table></div>
  </text>
  <url value="https://www.ehealth.fgov.be/standards/fhir/CodeSystem/be-cs-enteral-feeding-way"/>
  <version value="0.2.0"/>
  <name value="BeEnteralFeedingWay"/>
  <title value="BeEnteralFeedingWay"/>
  <status value="draft"/>
  <experimental value="false"/>
  <date value="2021-06-22T15:13:43+00:00"/>
  <publisher value="HL7 Belgium"/>
  <contact>
    <telecom>
      <system value="url"/>
      <value value="http://hl7belgium.org"/>
    </telecom>
  </contact>
  <description value="Way of enteral feeding"/>
  <jurisdiction>
    <coding>
      <system value="http://unstats.un.org/unsd/methods/m49/m49.htm"/>
      <code value="001"/>
    </coding>
  </jurisdiction>
  <caseSensitive value="false"/>
  <content value="complete"/>
  <concept>
    <code value="enteral-feeding"/>
    <display value="Enteral feeding"/>
    <designation>
      <language value="nl-BE"/>
      <value value="Enterale voeding"/>
    </designation>
    <designation>
      <language value="fr-BE"/>
      <value value="Nutrition ent&#xE9;rale"/>
    </designation>
  </concept>
  <concept>
    <code value="colonic-cleansing"/>
    <display value="colonic-cleansing"/>
    <designation>
      <language value="nl"/>
      <value value="Darmspoeling"/>
    </designation>
    <designation>
      <language value="fr"/>
      <value value="Lavage intestinal"/>
    </designation>
  </concept>
  <concept>
    <code value="gastrointestinal-tubing-and-drainage"/>
    <display value="gastrointestinal-tubing-and-drainage"/>
    <designation>
      <language value="nl"/>
      <value value="Gastro-intestinale tubage en drainage"/>
    </designation>
    <designation>
      <language value="fr"/>
      <value value="Tubage et drainage gastro-intestinal"/>
    </designation>
  </concept>
  <concept>
    <code value="manual-removal-of-faecal-omen"/>
    <display value="Manual removal of faecal omen"/>
    <designation>
      <language value="nl"/>
      <value value="Manueel verwijderen van faecalomen"/>
    </designation>
    <designation>
      <language value="fr"/>
      <value value="Evacuation manuelle de f&#xE9;calome"/>
    </designation>
  </concept>
  <concept>
    <code value="clyster"/>
    <display value="Clyster"/>
    <designation>
      <language value="nl"/>
      <value value="Lavement"/>
    </designation>
    <designation>
      <language value="fr"/>
      <value value="Lavement"/>
    </designation>
  </concept>
  <concept>
    <code value="administering-drug-solutions-through-rectal-probe"/>
    <display value="Administering drug solutions through rectal probe"/>
    <designation>
      <language value="nl"/>
      <value value="Toediening van medicamenteuze oplossingen via rectale sonde"/>
    </designation>
    <designation>
      <language value="fr"/>
      <value value="Administration de solution m&#xE9;dicamenteuse via sonde rectale"/>
    </designation>
  </concept>
</CodeSystem>