{
  "resourceType": "CodeSystem",
  "id": "be-nursing-medication-injection",
  "text": {
    "status": "generated",
    "div": "<div xmlns=\"http://www.w3.org/1999/xhtml\"><p>This code system https://www.ehealth.fgov.be/standards/fhir/CodeSystem/be-nursing-medication-injection defines the following codes:</p><table class=\"codes\"><tr><td style=\"white-space:nowrap\"><b>Code</b></td><td><b>Display</b></td></tr><tr><td style=\"white-space:nowrap\">IM<a name=\"be-nursing-medication-injection-IM\"> </a></td><td>IM</td></tr><tr><td style=\"white-space:nowrap\">SC<a name=\"be-nursing-medication-injection-SC\"> </a></td><td>SC</td></tr><tr><td style=\"white-space:nowrap\">ID<a name=\"be-nursing-medication-injection-ID\"> </a></td><td>ID</td></tr><tr><td style=\"white-space:nowrap\">IV<a name=\"be-nursing-medication-injection-IV\"> </a></td><td>IV</td></tr></table><p><b>Additional Language Displays</b></p><table class=\"codes\"><tr><td><b>Code</b></td><td><b>English (English, en)</b></td></tr><tr><td>IM</td><td>IM.</td></tr><tr><td>SC</td><td>SC.</td></tr><tr><td>ID</td><td>ID.</td></tr><tr><td>IV</td><td>IV.</td></tr></table></div>"
  },
  "url": "https://www.ehealth.fgov.be/standards/fhir/CodeSystem/be-nursing-medication-injection",
  "version": "0.2.0",
  "name": "BeNursingMedicationInjection",
  "title": "BeNursingMedicationInjection",
  "status": "draft",
  "experimental": false,
  "date": "2022-01-07T08:56:15+00:00",
  "publisher": "HL7 Belgium",
  "contact": [
    {
      "name": "HL7 Belgium",
      "telecom": [
        {
          "system": "url",
          "value": "http://hl7belgium.org"
        }
      ]
    },
    {
      "name": "Message-Structure",
      "telecom": [
        {
          "system": "email",
          "value": "message-structure@ehealth.fgov.be",
          "use": "work"
        }
      ]
    }
  ],
  "description": "Nursing codes in Belgium. To define details in nursing activities for the medication injection category. Initially defined as supporting CodeSystem for the referral prescription.",
  "jurisdiction": [
    {
      "coding": [
        {
          "system": "http://unstats.un.org/unsd/methods/m49/m49.htm",
          "code": "056",
          "display": "Belgium"
        }
      ]
    }
  ],
  "caseSensitive": false,
  "content": "complete",
  "concept": [
    {
      "code": "IM",
      "display": "IM",
      "designation": [
        {
          "language": "en",
          "value": "IM."
        }
      ]
    },
    {
      "code": "SC",
      "display": "SC",
      "designation": [
        {
          "language": "en",
          "value": "SC."
        }
      ]
    },
    {
      "code": "ID",
      "display": "ID",
      "designation": [
        {
          "language": "en",
          "value": "ID."
        }
      ]
    },
    {
      "code": "IV",
      "display": "IV",
      "designation": [
        {
          "language": "en",
          "value": "IV."
        }
      ]
    }
  ]
}