{
  "resourceType" : "Bundle",
  "id" : "3aa4315e-7e9a-4165-a9e8-34b0f62618a0",
  "meta" : {
    "lastUpdated" : "2022-02-08T09:37:29.928+00:00"
  },
  "type" : "collection",
  "entry" : [{
    "fullUrl" : "https://www.ehealth.fgov.be/standards/fhir/ValueSet/be-vs-co-prescription-status",
    "resource" : {
      "resourceType" : "ValueSet",
      "id" : "be-vs-co-prescription-status",
      "text" : {
        "status" : "generated",
        "div" : "<div xmlns=\"http://www.w3.org/1999/xhtml\"><p>This value set contains 3 concepts</p><p style=\"border: black 1px dotted; background-color: #EEEEEE; padding: 8px; margin-bottom: 8px\">Expansion based on <a href=\"http://hl7.org/fhir/R4/codesystem-task-status.html\">TaskStatus v4.0.1 (CodeSystem)</a></p><p>All codes in this table are from the system <a href=\"http://hl7.org/fhir/R4/codesystem-task-status.html\"><code>http://hl7.org/fhir/task-status</code></a></p><table class=\"codes\"><tr><td style=\"white-space:nowrap\"><b>Code</b></td><td><b>Display</b></td><td><b>Definition</b></td></tr><tr><td style=\"white-space:nowrap\"><a name=\"http---hl7.org-fhir-task-status-requested\"> </a><a href=\"http://hl7.org/fhir/R4/codesystem-task-status.html#task-status-requested\">requested</a></td><td>Requested</td><td>The task is ready to be acted upon and action is sought.</td></tr><tr><td style=\"white-space:nowrap\"><a name=\"http---hl7.org-fhir-task-status-accepted\"> </a><a href=\"http://hl7.org/fhir/R4/codesystem-task-status.html#task-status-accepted\">accepted</a></td><td>Accepted</td><td>The potential performer has agreed to execute the task but has not yet started work.</td></tr><tr><td style=\"white-space:nowrap\"><a name=\"http---hl7.org-fhir-task-status-rejected\"> </a><a href=\"http://hl7.org/fhir/R4/codesystem-task-status.html#task-status-rejected\">rejected</a></td><td>Rejected</td><td>The potential performer who claimed ownership of the task has decided not to execute it prior to performing any action.</td></tr></table></div>"
      },
      "url" : "https://www.ehealth.fgov.be/standards/fhir/ValueSet/be-vs-co-prescription-status",
      "version" : "0.2.0",
      "name" : "BeCoPrescriptionStatus",
      "status" : "active",
      "date" : "2022-02-08T09:37:29+00:00",
      "publisher" : "HL7 Belgium",
      "contact" : [{
        "name" : "HL7 Belgium",
        "telecom" : [{
          "system" : "url",
          "value" : "http://hl7belgium.org"
        }]
      },
      {
        "name" : "Message-Structure",
        "telecom" : [{
          "system" : "email",
          "value" : "message-structure@ehealth.fgov.be",
          "use" : "work"
        }]
      }],
      "description" : "This is the status of the prescription for the coprescriber",
      "jurisdiction" : [{
        "coding" : [{
          "system" : "http://unstats.un.org/unsd/methods/m49/m49.htm",
          "code" : "056",
          "display" : "Belgium"
        }]
      }],
      "expansion" : {
        "identifier" : "urn:uuid:748749e8-0869-4dc6-8149-1928f536afb2",
        "timestamp" : "2022-02-08T09:37:59+00:00",
        "total" : 3,
        "parameter" : [{
          "name" : "excludeNested",
          "valueBoolean" : false
        },
        {
          "name" : "version",
          "valueUri" : "http://hl7.org/fhir/task-status|4.0.1"
        }],
        "contains" : [{
          "system" : "http://hl7.org/fhir/task-status",
          "code" : "requested",
          "display" : "Requested"
        },
        {
          "system" : "http://hl7.org/fhir/task-status",
          "code" : "accepted",
          "display" : "Accepted"
        },
        {
          "system" : "http://hl7.org/fhir/task-status",
          "code" : "rejected",
          "display" : "Rejected"
        }]
      }
    }
  },
  {
    "fullUrl" : "https://www.ehealth.fgov.be/standards/fhir/ValueSet/be-vs-nursing-annex81-inadequate-adherence",
    "resource" : {
      "resourceType" : "ValueSet",
      "id" : "be-vs-nursing-annex81-inadequate-adherence",
      "text" : {
        "status" : "generated",
        "div" : "<div xmlns=\"http://www.w3.org/1999/xhtml\"><p>This value set contains 8 concepts</p><p style=\"border: black 1px dotted; background-color: #EEEEEE; padding: 8px; margin-bottom: 8px\">Expansion based on <a href=\"CodeSystem-be-nursing-annex81-inadequate-adherence.html\">BeNursingAnnex81InadequateAdherence v0.2.0 (CodeSystem)</a></p><p>All codes in this table are from the system <a href=\"CodeSystem-be-nursing-annex81-inadequate-adherence.html\"><code>https://www.ehealth.fgov.be/standards/fhir/CodeSystem/be-nursing-annex81-inadequate-adherence</code></a></p><table class=\"codes\"><tr><td style=\"white-space:nowrap\"><b>Code</b></td><td><b>Display</b></td></tr><tr><td style=\"white-space:nowrap\"><a name=\"https---www.ehealth.fgov.be-standards-fhir-CodeSystem-be-nursing-annex81-inadequate-adherence-expressed\"> </a><a href=\"CodeSystem-be-nursing-annex81-inadequate-adherence.html#be-nursing-annex81-inadequate-adherence-expressed\">expressed</a></td><td>Expressing difficulty in cooperating with the prescribed treatment</td></tr><tr><td style=\"white-space:nowrap\"><a name=\"https---www.ehealth.fgov.be-standards-fhir-CodeSystem-be-nursing-annex81-inadequate-adherence-confused\"> </a><a href=\"CodeSystem-be-nursing-annex81-inadequate-adherence.html#be-nursing-annex81-inadequate-adherence-confused\">confused</a></td><td>Confused about the treatment</td></tr><tr><td style=\"white-space:nowrap\"><a name=\"https---www.ehealth.fgov.be-standards-fhir-CodeSystem-be-nursing-annex81-inadequate-adherence-observed-behavior\"> </a><a href=\"CodeSystem-be-nursing-annex81-inadequate-adherence.html#be-nursing-annex81-inadequate-adherence-observed-behavior\">observed-behavior</a></td><td>Directly observed behavior that indicates a lack of adherence</td></tr><tr><td style=\"white-space:nowrap\"><a name=\"https---www.ehealth.fgov.be-standards-fhir-CodeSystem-be-nursing-annex81-inadequate-adherence-unused-medication\"> </a><a href=\"CodeSystem-be-nursing-annex81-inadequate-adherence.html#be-nursing-annex81-inadequate-adherence-unused-medication\">unused-medication</a></td><td>Medicines that have not been used or have been partially used</td></tr><tr><td style=\"white-space:nowrap\"><a name=\"https---www.ehealth.fgov.be-standards-fhir-CodeSystem-be-nursing-annex81-inadequate-adherence-persistent-complaints\"> </a><a href=\"CodeSystem-be-nursing-annex81-inadequate-adherence.html#be-nursing-annex81-inadequate-adherence-persistent-complaints\">persistent-complaints</a></td><td>Persistent complaints</td></tr><tr><td style=\"white-space:nowrap\"><a name=\"https---www.ehealth.fgov.be-standards-fhir-CodeSystem-be-nursing-annex81-inadequate-adherence-progressive-disease\"> </a><a href=\"CodeSystem-be-nursing-annex81-inadequate-adherence.html#be-nursing-annex81-inadequate-adherence-progressive-disease\">progressive-disease</a></td><td>Progressive disease</td></tr><tr><td style=\"white-space:nowrap\"><a name=\"https---www.ehealth.fgov.be-standards-fhir-CodeSystem-be-nursing-annex81-inadequate-adherence-side-effects\"> </a><a href=\"CodeSystem-be-nursing-annex81-inadequate-adherence.html#be-nursing-annex81-inadequate-adherence-side-effects\">side-effects</a></td><td>Side effects therapy</td></tr><tr><td style=\"white-space:nowrap\"><a name=\"https---www.ehealth.fgov.be-standards-fhir-CodeSystem-be-nursing-annex81-inadequate-adherence-no-support\"> </a><a href=\"CodeSystem-be-nursing-annex81-inadequate-adherence.html#be-nursing-annex81-inadequate-adherence-no-support\">no-support</a></td><td>No support from family, friends, social environment</td></tr></table></div>"
      },
      "url" : "https://www.ehealth.fgov.be/standards/fhir/ValueSet/be-vs-nursing-annex81-inadequate-adherence",
      "version" : "0.2.0",
      "name" : "BeNursingAnnex81InadequateAdherence",
      "status" : "draft",
      "date" : "2021-10-07T15:14:36+02:00",
      "publisher" : "HL7 Belgium",
      "contact" : [{
        "name" : "HL7 Belgium",
        "telecom" : [{
          "system" : "url",
          "value" : "http://hl7belgium.org"
        }]
      },
      {
        "name" : "Message-Structure",
        "telecom" : [{
          "system" : "email",
          "value" : "message-structure@ehealth.fgov.be",
          "use" : "work"
        }]
      }],
      "description" : "Codes to define a type of nursing annex81 inadequate adherence.",
      "jurisdiction" : [{
        "coding" : [{
          "system" : "http://unstats.un.org/unsd/methods/m49/m49.htm",
          "code" : "056",
          "display" : "Belgium"
        }]
      }],
      "expansion" : {
        "identifier" : "urn:uuid:a6833830-dc4b-413d-846f-bead8df38647",
        "timestamp" : "2022-02-08T09:37:59+00:00",
        "total" : 8,
        "parameter" : [{
          "name" : "excludeNested",
          "valueBoolean" : false
        },
        {
          "name" : "version",
          "valueUri" : "https://www.ehealth.fgov.be/standards/fhir/CodeSystem/be-nursing-annex81-inadequate-adherence|0.2.0"
        }],
        "contains" : [{
          "system" : "https://www.ehealth.fgov.be/standards/fhir/CodeSystem/be-nursing-annex81-inadequate-adherence",
          "code" : "expressed",
          "display" : "Expressing difficulty in cooperating with the prescribed treatment"
        },
        {
          "system" : "https://www.ehealth.fgov.be/standards/fhir/CodeSystem/be-nursing-annex81-inadequate-adherence",
          "code" : "confused",
          "display" : "Confused about the treatment"
        },
        {
          "system" : "https://www.ehealth.fgov.be/standards/fhir/CodeSystem/be-nursing-annex81-inadequate-adherence",
          "code" : "observed-behavior",
          "display" : "Directly observed behavior that indicates a lack of adherence"
        },
        {
          "system" : "https://www.ehealth.fgov.be/standards/fhir/CodeSystem/be-nursing-annex81-inadequate-adherence",
          "code" : "unused-medication",
          "display" : "Medicines that have not been used or have been partially used"
        },
        {
          "system" : "https://www.ehealth.fgov.be/standards/fhir/CodeSystem/be-nursing-annex81-inadequate-adherence",
          "code" : "persistent-complaints",
          "display" : "Persistent complaints"
        },
        {
          "system" : "https://www.ehealth.fgov.be/standards/fhir/CodeSystem/be-nursing-annex81-inadequate-adherence",
          "code" : "progressive-disease",
          "display" : "Progressive disease"
        },
        {
          "system" : "https://www.ehealth.fgov.be/standards/fhir/CodeSystem/be-nursing-annex81-inadequate-adherence",
          "code" : "side-effects",
          "display" : "Side effects therapy"
        },
        {
          "system" : "https://www.ehealth.fgov.be/standards/fhir/CodeSystem/be-nursing-annex81-inadequate-adherence",
          "code" : "no-support",
          "display" : "No support from family, friends, social environment"
        }]
      }
    }
  },
  {
    "fullUrl" : "https://www.ehealth.fgov.be/standards/fhir/ValueSet/be-vs-nursing-annex81-inadequate-adherence-link",
    "resource" : {
      "resourceType" : "ValueSet",
      "id" : "be-vs-nursing-annex81-inadequate-adherence-link",
      "text" : {
        "status" : "generated",
        "div" : "<div xmlns=\"http://www.w3.org/1999/xhtml\"><p>This value set contains 5 concepts</p><p style=\"border: black 1px dotted; background-color: #EEEEEE; padding: 8px; margin-bottom: 8px\">Expansion based on <a href=\"CodeSystem-be-nursing-annex81-inadequate-adherence-link.html\">BeNursingAnnex81InadequateAdherenceLink v0.2.0 (CodeSystem)</a></p><p>All codes in this table are from the system <a href=\"CodeSystem-be-nursing-annex81-inadequate-adherence-link.html\"><code>https://www.ehealth.fgov.be/standards/fhir/CodeSystem/be-nursing-annex81-inadequate-adherence-link</code></a></p><table class=\"codes\"><tr><td style=\"white-space:nowrap\"><b>Code</b></td><td><b>Display</b></td></tr><tr><td style=\"white-space:nowrap\"><a name=\"https---www.ehealth.fgov.be-standards-fhir-CodeSystem-be-nursing-annex81-inadequate-adherence-link-dementia\"> </a><a href=\"CodeSystem-be-nursing-annex81-inadequate-adherence-link.html#be-nursing-annex81-inadequate-adherence-link-dementia\">dementia</a></td><td>Dementia: the diagnosis of dementia was established by a physician</td></tr><tr><td style=\"white-space:nowrap\"><a name=\"https---www.ehealth.fgov.be-standards-fhir-CodeSystem-be-nursing-annex81-inadequate-adherence-link-visual-defects\"> </a><a href=\"CodeSystem-be-nursing-annex81-inadequate-adherence-link.html#be-nursing-annex81-inadequate-adherence-link-visual-defects\">visual-defects</a></td><td>Uncorrected Visual Defects</td></tr><tr><td style=\"white-space:nowrap\"><a name=\"https---www.ehealth.fgov.be-standards-fhir-CodeSystem-be-nursing-annex81-inadequate-adherence-link-temporary-deficit\"> </a><a href=\"CodeSystem-be-nursing-annex81-inadequate-adherence-link.html#be-nursing-annex81-inadequate-adherence-link-temporary-deficit\">temporary-deficit</a></td><td>A temporary motor deficit of one or both upper limbs that makes it impossible to manipulate the packs</td></tr><tr><td style=\"white-space:nowrap\"><a name=\"https---www.ehealth.fgov.be-standards-fhir-CodeSystem-be-nursing-annex81-inadequate-adherence-link-definitive-deficit\"> </a><a href=\"CodeSystem-be-nursing-annex81-inadequate-adherence-link.html#be-nursing-annex81-inadequate-adherence-link-definitive-deficit\">definitive-deficit</a></td><td>A definitive motor deficit of one or both upper limbs that makes it impossible to manipulate the packs</td></tr><tr><td style=\"white-space:nowrap\"><a name=\"https---www.ehealth.fgov.be-standards-fhir-CodeSystem-be-nursing-annex81-inadequate-adherence-link-complex-medication\"> </a><a href=\"CodeSystem-be-nursing-annex81-inadequate-adherence-link.html#be-nursing-annex81-inadequate-adherence-link-complex-medication\">complex-medication</a></td><td>A complex medication: intake of at least 5 different molecules per day divided over at least 3 intakes per day</td></tr></table></div>"
      },
      "url" : "https://www.ehealth.fgov.be/standards/fhir/ValueSet/be-vs-nursing-annex81-inadequate-adherence-link",
      "version" : "0.2.0",
      "name" : "BeNursingAnnex81InadequateAdherenceLink",
      "status" : "draft",
      "date" : "2021-10-07T15:14:36+02:00",
      "publisher" : "HL7 Belgium",
      "contact" : [{
        "name" : "HL7 Belgium",
        "telecom" : [{
          "system" : "url",
          "value" : "http://hl7belgium.org"
        }]
      },
      {
        "name" : "Message-Structure",
        "telecom" : [{
          "system" : "email",
          "value" : "message-structure@ehealth.fgov.be",
          "use" : "work"
        }]
      }],
      "description" : "Codes to define a type of nursing annex81 inadequate adherence link.",
      "jurisdiction" : [{
        "coding" : [{
          "system" : "http://unstats.un.org/unsd/methods/m49/m49.htm",
          "code" : "056",
          "display" : "Belgium"
        }]
      }],
      "expansion" : {
        "identifier" : "urn:uuid:090a75b1-d914-4a2e-be4a-1f26dd038a40",
        "timestamp" : "2022-02-08T09:37:59+00:00",
        "total" : 5,
        "parameter" : [{
          "name" : "excludeNested",
          "valueBoolean" : false
        },
        {
          "name" : "version",
          "valueUri" : "https://www.ehealth.fgov.be/standards/fhir/CodeSystem/be-nursing-annex81-inadequate-adherence-link|0.2.0"
        }],
        "contains" : [{
          "system" : "https://www.ehealth.fgov.be/standards/fhir/CodeSystem/be-nursing-annex81-inadequate-adherence-link",
          "code" : "dementia",
          "display" : "Dementia: the diagnosis of dementia was established by a physician"
        },
        {
          "system" : "https://www.ehealth.fgov.be/standards/fhir/CodeSystem/be-nursing-annex81-inadequate-adherence-link",
          "code" : "visual-defects",
          "display" : "Uncorrected Visual Defects"
        },
        {
          "system" : "https://www.ehealth.fgov.be/standards/fhir/CodeSystem/be-nursing-annex81-inadequate-adherence-link",
          "code" : "temporary-deficit",
          "display" : "A temporary motor deficit of one or both upper limbs that makes it impossible to manipulate the packs"
        },
        {
          "system" : "https://www.ehealth.fgov.be/standards/fhir/CodeSystem/be-nursing-annex81-inadequate-adherence-link",
          "code" : "definitive-deficit",
          "display" : "A definitive motor deficit of one or both upper limbs that makes it impossible to manipulate the packs"
        },
        {
          "system" : "https://www.ehealth.fgov.be/standards/fhir/CodeSystem/be-nursing-annex81-inadequate-adherence-link",
          "code" : "complex-medication",
          "display" : "A complex medication: intake of at least 5 different molecules per day divided over at least 3 intakes per day"
        }]
      }
    }
  },
  {
    "fullUrl" : "https://www.ehealth.fgov.be/standards/fhir/ValueSet/be-vs-prescription-status",
    "resource" : {
      "resourceType" : "ValueSet",
      "id" : "be-vs-prescription-status",
      "text" : {
        "status" : "generated",
        "div" : "<div xmlns=\"http://www.w3.org/1999/xhtml\"><p>This value set contains 11 concepts</p><div style=\"border: black 1px dotted; background-color: #EEEEEE; padding: 8px; margin-bottom: 8px\"><p>Expansion based on: </p><ul><li><a href=\"http://hl7.org/fhir/R4/codesystem-request-status.html\">RequestStatus v4.0.1 (CodeSystem)</a></li><li><a href=\"CodeSystem-be-prescription-status.html\">BePrescriptionStatus v0.2.0 (CodeSystem)</a></li></ul></div><table class=\"codes\"><tr><td style=\"white-space:nowrap\"><b>Code</b></td><td><b>System</b></td><td><b>Display</b></td><td><b>Definition</b></td></tr><tr><td style=\"white-space:nowrap\"><a name=\"http---hl7.org-fhir-request-status-draft\"> </a><a href=\"http://hl7.org/fhir/R4/codesystem-request-status.html#request-status-draft\">draft</a></td><td>http://hl7.org/fhir/request-status</td><td>Draft</td><td>The request has been created but is not yet complete or ready for action.</td></tr><tr><td style=\"white-space:nowrap\"><a name=\"http---hl7.org-fhir-request-status-active\"> </a><a href=\"http://hl7.org/fhir/R4/codesystem-request-status.html#request-status-active\">active</a></td><td>http://hl7.org/fhir/request-status</td><td>Active</td><td>The request is in force and ready to be acted upon.</td></tr><tr><td style=\"white-space:nowrap\"><a name=\"http---hl7.org-fhir-request-status-on-hold\"> </a><a href=\"http://hl7.org/fhir/R4/codesystem-request-status.html#request-status-on-hold\">on-hold</a></td><td>http://hl7.org/fhir/request-status</td><td>On Hold</td><td>The request (and any implicit authorization to act) has been temporarily withdrawn but is expected to resume in the future.</td></tr><tr><td style=\"white-space:nowrap\"><a name=\"http---hl7.org-fhir-request-status-revoked\"> </a><a href=\"http://hl7.org/fhir/R4/codesystem-request-status.html#request-status-revoked\">revoked</a></td><td>http://hl7.org/fhir/request-status</td><td>Revoked</td><td>The request (and any implicit authorization to act) has been terminated prior to the known full completion of the intended actions.  No further activity should occur.</td></tr><tr><td style=\"white-space:nowrap\"><a name=\"http---hl7.org-fhir-request-status-completed\"> </a><a href=\"http://hl7.org/fhir/R4/codesystem-request-status.html#request-status-completed\">completed</a></td><td>http://hl7.org/fhir/request-status</td><td>Completed</td><td>The activity described by the request has been fully performed.  No further activity will occur.</td></tr><tr><td style=\"white-space:nowrap\"><a name=\"http---hl7.org-fhir-request-status-entered-in-error\"> </a><a href=\"http://hl7.org/fhir/R4/codesystem-request-status.html#request-status-entered-in-error\">entered-in-error</a></td><td>http://hl7.org/fhir/request-status</td><td>Entered in Error</td><td>This request should never have existed and should be considered 'void'.  (It is possible that real-world decisions were based on it.  If real-world activity has occurred, the status should be &quot;revoked&quot; rather than &quot;entered-in-error&quot;.).</td></tr><tr><td style=\"white-space:nowrap\"><a name=\"http---hl7.org-fhir-request-status-unknown\"> </a><a href=\"http://hl7.org/fhir/R4/codesystem-request-status.html#request-status-unknown\">unknown</a></td><td>http://hl7.org/fhir/request-status</td><td>Unknown</td><td>The authoring/source system does not know which of the status values currently applies for this request.  Note: This concept is not to be used for &quot;other&quot; - one of the listed statuses is presumed to apply,  but the authoring/source system does not know which.</td></tr><tr><td style=\"white-space:nowrap\"><a name=\"https---www.ehealth.fgov.be-standards-fhir-CodeSystem-be-prescription-status-open\"> </a><a href=\"CodeSystem-be-prescription-status.html#be-prescription-status-open\">open</a></td><td>https://www.ehealth.fgov.be/standards/fhir/CodeSystem/be-prescription-status</td><td>open</td><td/></tr><tr><td style=\"white-space:nowrap\"><a name=\"https---www.ehealth.fgov.be-standards-fhir-CodeSystem-be-prescription-status-stopped\"> </a><a href=\"CodeSystem-be-prescription-status.html#be-prescription-status-stopped\">stopped</a></td><td>https://www.ehealth.fgov.be/standards/fhir/CodeSystem/be-prescription-status</td><td>stopped</td><td/></tr><tr><td style=\"white-space:nowrap\"><a name=\"https---www.ehealth.fgov.be-standards-fhir-CodeSystem-be-prescription-status-not-done\"> </a><a href=\"CodeSystem-be-prescription-status.html#be-prescription-status-not-done\">not-done</a></td><td>https://www.ehealth.fgov.be/standards/fhir/CodeSystem/be-prescription-status</td><td>not done</td><td/></tr><tr><td style=\"white-space:nowrap\"><a name=\"https---www.ehealth.fgov.be-standards-fhir-CodeSystem-be-prescription-status-other\"> </a><a href=\"CodeSystem-be-prescription-status.html#be-prescription-status-other\">other</a></td><td>https://www.ehealth.fgov.be/standards/fhir/CodeSystem/be-prescription-status</td><td>other</td><td/></tr></table></div>"
      },
      "url" : "https://www.ehealth.fgov.be/standards/fhir/ValueSet/be-vs-prescription-status",
      "version" : "0.2.0",
      "name" : "BePrescriptionStatus",
      "status" : "active",
      "date" : "2022-02-08T09:37:29+00:00",
      "publisher" : "HL7 Belgium",
      "contact" : [{
        "name" : "HL7 Belgium",
        "telecom" : [{
          "system" : "url",
          "value" : "http://hl7belgium.org"
        }]
      },
      {
        "name" : "Message-Structure",
        "telecom" : [{
          "system" : "email",
          "value" : "message-structure@ehealth.fgov.be",
          "use" : "work"
        }]
      }],
      "description" : "This is the status of the prescription",
      "jurisdiction" : [{
        "coding" : [{
          "system" : "http://unstats.un.org/unsd/methods/m49/m49.htm",
          "code" : "056",
          "display" : "Belgium"
        }]
      }],
      "expansion" : {
        "identifier" : "urn:uuid:9050d773-8713-40d2-a88c-5ec7fa8b99dc",
        "timestamp" : "2022-02-08T09:37:59+00:00",
        "total" : 11,
        "parameter" : [{
          "name" : "excludeNested",
          "valueBoolean" : false
        },
        {
          "name" : "version",
          "valueUri" : "http://hl7.org/fhir/request-status|4.0.1"
        },
        {
          "name" : "version",
          "valueUri" : "https://www.ehealth.fgov.be/standards/fhir/CodeSystem/be-prescription-status|0.2.0"
        }],
        "contains" : [{
          "system" : "http://hl7.org/fhir/request-status",
          "code" : "draft",
          "display" : "Draft"
        },
        {
          "system" : "http://hl7.org/fhir/request-status",
          "code" : "active",
          "display" : "Active"
        },
        {
          "system" : "http://hl7.org/fhir/request-status",
          "code" : "on-hold",
          "display" : "On Hold"
        },
        {
          "system" : "http://hl7.org/fhir/request-status",
          "code" : "revoked",
          "display" : "Revoked"
        },
        {
          "system" : "http://hl7.org/fhir/request-status",
          "code" : "completed",
          "display" : "Completed"
        },
        {
          "system" : "http://hl7.org/fhir/request-status",
          "code" : "entered-in-error",
          "display" : "Entered in Error"
        },
        {
          "system" : "http://hl7.org/fhir/request-status",
          "code" : "unknown",
          "display" : "Unknown"
        },
        {
          "system" : "https://www.ehealth.fgov.be/standards/fhir/CodeSystem/be-prescription-status",
          "code" : "open",
          "display" : "open"
        },
        {
          "system" : "https://www.ehealth.fgov.be/standards/fhir/CodeSystem/be-prescription-status",
          "code" : "stopped",
          "display" : "stopped"
        },
        {
          "system" : "https://www.ehealth.fgov.be/standards/fhir/CodeSystem/be-prescription-status",
          "code" : "not-done",
          "display" : "not done"
        },
        {
          "system" : "https://www.ehealth.fgov.be/standards/fhir/CodeSystem/be-prescription-status",
          "code" : "other",
          "display" : "other"
        }]
      }
    }
  },
  {
    "fullUrl" : "https://www.ehealth.fgov.be/standards/fhir/ValueSet/be-referral-category",
    "resource" : {
      "resourceType" : "ValueSet",
      "id" : "be-vs-referral-category",
      "text" : {
        "status" : "generated",
        "div" : "<div xmlns=\"http://www.w3.org/1999/xhtml\"><p>This value set contains 7 concepts</p><p style=\"border: black 1px dotted; background-color: #EEEEEE; padding: 8px; margin-bottom: 8px\">Expansion based on SNOMED CT International edition 31-Jul 2021</p><p>All codes in this table are from the system <a href=\"http://terminology.hl7.org/3.0.0/CodeSystem-v3-snomed-CT.html\"><code>http://snomed.info/sct</code></a></p><table class=\"codes\"><tr><td style=\"white-space:nowrap\"><b>Code</b></td><td><b>Display</b></td></tr><tr><td style=\"white-space:nowrap\"><a name=\"http---snomed.info-sct-363679005\"> </a><a href=\"http://snomed.info/id/363679005\">363679005</a></td><td>Imaging (procedure)</td></tr><tr><td style=\"white-space:nowrap\"><a name=\"http---snomed.info-sct-91251008\"> </a><a href=\"http://snomed.info/id/91251008\">91251008</a></td><td>Physical therapy procedure (regime/therapy)</td></tr><tr><td style=\"white-space:nowrap\"><a name=\"http---snomed.info-sct-9632001\"> </a><a href=\"http://snomed.info/id/9632001\">9632001</a></td><td>Nursing procedure (procedure)</td></tr><tr><td style=\"white-space:nowrap\"><a name=\"http---snomed.info-sct-15220000\"> </a><a href=\"http://snomed.info/id/15220000\">15220000</a></td><td>Laboratory test (procedure)</td></tr><tr><td style=\"white-space:nowrap\"><a name=\"http---snomed.info-sct-312856000\"> </a><a href=\"http://snomed.info/id/312856000\">312856000</a></td><td>Referral to diabetes nurse (procedure)</td></tr><tr><td style=\"white-space:nowrap\"><a name=\"http---snomed.info-sct-183545006\"> </a><a href=\"http://snomed.info/id/183545006\">183545006</a></td><td>Orthopedic referral (procedure)</td></tr><tr><td style=\"white-space:nowrap\"><a name=\"http---snomed.info-sct-69377005\"> </a><a href=\"http://snomed.info/id/69377005\">69377005</a></td><td>Patient referral for rehabilitation, psychological (procedure)</td></tr></table></div>"
      },
      "url" : "https://www.ehealth.fgov.be/standards/fhir/ValueSet/be-referral-category",
      "version" : "0.2.0",
      "name" : "BeReferralCategory",
      "status" : "draft",
      "date" : "2021-10-07T15:14:36+02:00",
      "publisher" : "HL7 Belgium",
      "contact" : [{
        "name" : "HL7 Belgium",
        "telecom" : [{
          "system" : "url",
          "value" : "http://hl7belgium.org"
        }]
      },
      {
        "name" : "Message-Structure",
        "telecom" : [{
          "system" : "email",
          "value" : "message-structure@ehealth.fgov.be",
          "use" : "work"
        }]
      }],
      "description" : "Codes to define the high level category for a referral prescription. SNOMED-CT codes in this valueset are just a draft proposal to give a general idea - pending an official valueset.",
      "jurisdiction" : [{
        "coding" : [{
          "system" : "http://unstats.un.org/unsd/methods/m49/m49.htm",
          "code" : "056",
          "display" : "Belgium"
        }]
      }],
      "expansion" : {
        "identifier" : "urn:uuid:8573761e-fd27-4443-85a8-fed2c3266529",
        "timestamp" : "2022-02-08T09:38:00+00:00",
        "total" : 7,
        "parameter" : [{
          "name" : "excludeNested",
          "valueBoolean" : false
        },
        {
          "name" : "limitedExpansion",
          "valueBoolean" : true
        },
        {
          "name" : "version",
          "valueUri" : "http://snomed.info/sct|http://snomed.info/sct/900000000000207008/version/20210731"
        }],
        "contains" : [{
          "system" : "http://snomed.info/sct",
          "code" : "363679005",
          "display" : "Imaging (procedure)"
        },
        {
          "system" : "http://snomed.info/sct",
          "code" : "91251008",
          "display" : "Physical therapy procedure (regime/therapy)"
        },
        {
          "system" : "http://snomed.info/sct",
          "code" : "9632001",
          "display" : "Nursing procedure (procedure)"
        },
        {
          "system" : "http://snomed.info/sct",
          "code" : "15220000",
          "display" : "Laboratory test (procedure)"
        },
        {
          "system" : "http://snomed.info/sct",
          "code" : "312856000",
          "display" : "Referral to diabetes nurse (procedure)"
        },
        {
          "system" : "http://snomed.info/sct",
          "code" : "183545006",
          "display" : "Orthopedic referral (procedure)"
        },
        {
          "system" : "http://snomed.info/sct",
          "code" : "69377005",
          "display" : "Patient referral for rehabilitation, psychological (procedure)"
        }]
      }
    }
  },
  {
    "fullUrl" : "https://www.ehealth.fgov.be/standards/fhir/ValueSet/be-contrastfluid-use",
    "resource" : {
      "resourceType" : "ValueSet",
      "id" : "be-vs-contrastfluid-use",
      "text" : {
        "status" : "generated",
        "div" : "<div xmlns=\"http://www.w3.org/1999/xhtml\"><p>This value set contains 2 concepts</p><p style=\"border: black 1px dotted; background-color: #EEEEEE; padding: 8px; margin-bottom: 8px\">Expansion based on <a href=\"CodeSystem-be-contrastfluid-use.html\">BeContrastFluidUse v0.2.0 (CodeSystem)</a></p><p>All codes in this table are from the system <a href=\"CodeSystem-be-contrastfluid-use.html\"><code>https://www.ehealth.fgov.be/standards/fhir/CodeSystem/be-contrastfluid-use</code></a></p><table class=\"codes\"><tr><td style=\"white-space:nowrap\"><b>Code</b></td><td><b>Display</b></td></tr><tr><td style=\"white-space:nowrap\"><a name=\"https---www.ehealth.fgov.be-standards-fhir-CodeSystem-be-contrastfluid-use-if-necessary\"> </a><a href=\"CodeSystem-be-contrastfluid-use.html#be-contrastfluid-use-if-necessary\">if-necessary</a></td><td>if-necessary</td></tr><tr><td style=\"white-space:nowrap\"><a name=\"https---www.ehealth.fgov.be-standards-fhir-CodeSystem-be-contrastfluid-use-not-permitted\"> </a><a href=\"CodeSystem-be-contrastfluid-use.html#be-contrastfluid-use-not-permitted\">not-permitted</a></td><td>not-permitted</td></tr></table></div>"
      },
      "url" : "https://www.ehealth.fgov.be/standards/fhir/ValueSet/be-contrastfluid-use",
      "version" : "0.2.0",
      "name" : "BeContrastFluidUse",
      "status" : "draft",
      "date" : "2022-02-08T09:37:29+00:00",
      "publisher" : "HL7 Belgium",
      "contact" : [{
        "name" : "HL7 Belgium",
        "telecom" : [{
          "system" : "url",
          "value" : "http://hl7belgium.org"
        }]
      },
      {
        "name" : "Message-Structure",
        "telecom" : [{
          "system" : "email",
          "value" : "message-structure@ehealth.fgov.be",
          "use" : "work"
        }]
      }],
      "description" : "Codes to define the use of contrast fluid.",
      "jurisdiction" : [{
        "coding" : [{
          "system" : "http://unstats.un.org/unsd/methods/m49/m49.htm",
          "code" : "056",
          "display" : "Belgium"
        }]
      }],
      "expansion" : {
        "identifier" : "urn:uuid:754b94f2-5171-4bbe-9e51-b85424f65d9e",
        "timestamp" : "2022-02-08T09:38:04+00:00",
        "total" : 2,
        "parameter" : [{
          "name" : "excludeNested",
          "valueBoolean" : false
        },
        {
          "name" : "version",
          "valueUri" : "https://www.ehealth.fgov.be/standards/fhir/CodeSystem/be-contrastfluid-use|0.2.0"
        }],
        "contains" : [{
          "system" : "https://www.ehealth.fgov.be/standards/fhir/CodeSystem/be-contrastfluid-use",
          "code" : "if-necessary",
          "display" : "if-necessary"
        },
        {
          "system" : "https://www.ehealth.fgov.be/standards/fhir/CodeSystem/be-contrastfluid-use",
          "code" : "not-permitted",
          "display" : "not-permitted"
        }]
      }
    }
  },
  {
    "fullUrl" : "https://www.ehealth.fgov.be/standards/fhir/ValueSet/be-vs-digestive-system-care",
    "resource" : {
      "resourceType" : "ValueSet",
      "id" : "be-vs-digestive-system-care",
      "text" : {
        "status" : "generated",
        "div" : "<div xmlns=\"http://www.w3.org/1999/xhtml\"><p>This value set contains 9 concepts</p><p style=\"border: black 1px dotted; background-color: #EEEEEE; padding: 8px; margin-bottom: 8px\">Expansion based on <a href=\"CodeSystem-codesystem-be-digestive-system-care.html\">BeDigestiveSystemCare v0.2.0 (CodeSystem)</a></p><p>All codes in this table are from the system <a href=\"CodeSystem-codesystem-be-digestive-system-care.html\"><code>https://www.ehealth.fgov.be/standards/fhir/CodeSystem/be-cs-digestive-system-care</code></a></p><table class=\"codes\"><tr><td style=\"white-space:nowrap\"><b>Code</b></td><td><b>Display</b></td></tr><tr><td style=\"white-space:nowrap\"><a name=\"https---www.ehealth.fgov.be-standards-fhir-CodeSystem-be-cs-digestive-system-care-enteral-feeding-stomach-probe\"> </a><a href=\"CodeSystem-codesystem-be-digestive-system-care.html#codesystem-be-digestive-system-care-enteral-feeding-stomach-probe\">enteral-feeding-stomach-probe</a></td><td>Enteral feeding stomach probe</td></tr><tr><td style=\"white-space:nowrap\"><a name=\"https---www.ehealth.fgov.be-standards-fhir-CodeSystem-be-cs-digestive-system-care-enteral-feeding-gastrostomy-probe\"> </a><a href=\"CodeSystem-codesystem-be-digestive-system-care.html#codesystem-be-digestive-system-care-enteral-feeding-gastrostomy-probe\">enteral-feeding-gastrostomy-probe</a></td><td>Enteral feeding gastrostomy probe</td></tr><tr><td style=\"white-space:nowrap\"><a name=\"https---www.ehealth.fgov.be-standards-fhir-CodeSystem-be-cs-digestive-system-care-enteral-feeding-enterostomy-probe\"> </a><a href=\"CodeSystem-codesystem-be-digestive-system-care.html#codesystem-be-digestive-system-care-enteral-feeding-enterostomy-probe\">enteral-feeding-enterostomy-probe</a></td><td>Enteral feeding enterostomy probe</td></tr><tr><td style=\"white-space:nowrap\"><a name=\"https---www.ehealth.fgov.be-standards-fhir-CodeSystem-be-cs-digestive-system-care-enteral-feeding-enterostomy-probe-jejunostomy\"> </a><a href=\"CodeSystem-codesystem-be-digestive-system-care.html#codesystem-be-digestive-system-care-enteral-feeding-enterostomy-probe-jejunostomy\">enteral-feeding-enterostomy-probe-jejunostomy</a></td><td>Enteral feeding enterostomy probe jejunostomy</td></tr><tr><td style=\"white-space:nowrap\"><a name=\"https---www.ehealth.fgov.be-standards-fhir-CodeSystem-be-cs-digestive-system-care-enteral-feeding-enterostomy-probe-ileostomy\"> </a><a href=\"CodeSystem-codesystem-be-digestive-system-care.html#codesystem-be-digestive-system-care-enteral-feeding-enterostomy-probe-ileostomy\">enteral-feeding-enterostomy-probe-ileostomy</a></td><td>Enteral feeding enterostomy probe ileostomy</td></tr><tr><td style=\"white-space:nowrap\"><a name=\"https---www.ehealth.fgov.be-standards-fhir-CodeSystem-be-cs-digestive-system-care-colonic-cleansing\"> </a><a href=\"CodeSystem-codesystem-be-digestive-system-care.html#codesystem-be-digestive-system-care-colonic-cleansing\">colonic-cleansing</a></td><td>colonic-cleansing</td></tr><tr><td style=\"white-space:nowrap\"><a name=\"https---www.ehealth.fgov.be-standards-fhir-CodeSystem-be-cs-digestive-system-care-gastrointestinal-tubing-and-drainage\"> </a><a href=\"CodeSystem-codesystem-be-digestive-system-care.html#codesystem-be-digestive-system-care-gastrointestinal-tubing-and-drainage\">gastrointestinal-tubing-and-drainage</a></td><td>gastrointestinal-tubing-and-drainage</td></tr><tr><td style=\"white-space:nowrap\"><a name=\"https---www.ehealth.fgov.be-standards-fhir-CodeSystem-be-cs-digestive-system-care-manual-removal-of-faecal-omen\"> </a><a href=\"CodeSystem-codesystem-be-digestive-system-care.html#codesystem-be-digestive-system-care-manual-removal-of-faecal-omen\">manual-removal-of-faecal-omen</a></td><td>Manual removal of faecal omen</td></tr><tr><td style=\"white-space:nowrap\"><a name=\"https---www.ehealth.fgov.be-standards-fhir-CodeSystem-be-cs-digestive-system-care-clyster\"> </a><a href=\"CodeSystem-codesystem-be-digestive-system-care.html#codesystem-be-digestive-system-care-clyster\">clyster</a></td><td>Clyster</td></tr></table></div>"
      },
      "url" : "https://www.ehealth.fgov.be/standards/fhir/ValueSet/be-vs-digestive-system-care",
      "version" : "0.2.0",
      "name" : "BeDigestiveSystemCare",
      "status" : "draft",
      "date" : "2022-02-08T09:37:29+00:00",
      "publisher" : "HL7 Belgium",
      "contact" : [{
        "name" : "HL7 Belgium",
        "telecom" : [{
          "system" : "url",
          "value" : "http://hl7belgium.org"
        }]
      },
      {
        "name" : "Message-Structure",
        "telecom" : [{
          "system" : "email",
          "value" : "message-structure@ehealth.fgov.be",
          "use" : "work"
        }]
      }],
      "description" : "Codes to define digestive system care",
      "jurisdiction" : [{
        "coding" : [{
          "system" : "http://unstats.un.org/unsd/methods/m49/m49.htm",
          "code" : "056",
          "display" : "Belgium"
        }]
      }],
      "expansion" : {
        "identifier" : "urn:uuid:7132af41-996c-4fe4-b61d-442298ea72b4",
        "timestamp" : "2022-02-08T09:38:04+00:00",
        "total" : 9,
        "parameter" : [{
          "name" : "excludeNested",
          "valueBoolean" : false
        },
        {
          "name" : "version",
          "valueUri" : "https://www.ehealth.fgov.be/standards/fhir/CodeSystem/be-cs-digestive-system-care|0.2.0"
        }],
        "contains" : [{
          "system" : "https://www.ehealth.fgov.be/standards/fhir/CodeSystem/be-cs-digestive-system-care",
          "code" : "enteral-feeding-stomach-probe",
          "display" : "Enteral feeding stomach probe"
        },
        {
          "system" : "https://www.ehealth.fgov.be/standards/fhir/CodeSystem/be-cs-digestive-system-care",
          "code" : "enteral-feeding-gastrostomy-probe",
          "display" : "Enteral feeding gastrostomy probe"
        },
        {
          "system" : "https://www.ehealth.fgov.be/standards/fhir/CodeSystem/be-cs-digestive-system-care",
          "code" : "enteral-feeding-enterostomy-probe",
          "display" : "Enteral feeding enterostomy probe"
        },
        {
          "system" : "https://www.ehealth.fgov.be/standards/fhir/CodeSystem/be-cs-digestive-system-care",
          "code" : "enteral-feeding-enterostomy-probe-jejunostomy",
          "display" : "Enteral feeding enterostomy probe jejunostomy"
        },
        {
          "system" : "https://www.ehealth.fgov.be/standards/fhir/CodeSystem/be-cs-digestive-system-care",
          "code" : "enteral-feeding-enterostomy-probe-ileostomy",
          "display" : "Enteral feeding enterostomy probe ileostomy"
        },
        {
          "system" : "https://www.ehealth.fgov.be/standards/fhir/CodeSystem/be-cs-digestive-system-care",
          "code" : "colonic-cleansing",
          "display" : "colonic-cleansing"
        },
        {
          "system" : "https://www.ehealth.fgov.be/standards/fhir/CodeSystem/be-cs-digestive-system-care",
          "code" : "gastrointestinal-tubing-and-drainage",
          "display" : "gastrointestinal-tubing-and-drainage"
        },
        {
          "system" : "https://www.ehealth.fgov.be/standards/fhir/CodeSystem/be-cs-digestive-system-care",
          "code" : "manual-removal-of-faecal-omen",
          "display" : "Manual removal of faecal omen"
        },
        {
          "system" : "https://www.ehealth.fgov.be/standards/fhir/CodeSystem/be-cs-digestive-system-care",
          "code" : "clyster",
          "display" : "Clyster"
        }]
      }
    }
  },
  {
    "fullUrl" : "https://www.ehealth.fgov.be/standards/fhir/ValueSet/be-vs-nursing-medication-category",
    "resource" : {
      "resourceType" : "ValueSet",
      "id" : "be-vs-nursing-medication-category",
      "text" : {
        "status" : "generated",
        "div" : "<div xmlns=\"http://www.w3.org/1999/xhtml\"><p>This value set contains 9 concepts</p><p style=\"border: black 1px dotted; background-color: #EEEEEE; padding: 8px; margin-bottom: 8px\">Expansion based on <a href=\"CodeSystem-be-nursing-medication-category.html\">BeNursingMedicationCategory v0.2.0 (CodeSystem)</a></p><p>All codes in this table are from the system <a href=\"CodeSystem-be-nursing-medication-category.html\"><code>https://www.ehealth.fgov.be/standards/fhir/CodeSystem/be-nursing-medication-category</code></a></p><table class=\"codes\"><tr><td style=\"white-space:nowrap\"><b>Code</b></td><td><b>Display</b></td></tr><tr><td style=\"white-space:nowrap\"><a name=\"https---www.ehealth.fgov.be-standards-fhir-CodeSystem-be-nursing-medication-category-eyedrops-ointment-post-oper\"> </a><a href=\"CodeSystem-be-nursing-medication-category.html#be-nursing-medication-category-eyedrops-ointment-post-oper\">eyedrops-ointment-post-oper</a></td><td>eyedrops ointment post oper</td></tr><tr><td style=\"white-space:nowrap\"><a name=\"https---www.ehealth.fgov.be-standards-fhir-CodeSystem-be-nursing-medication-category-eyedrops-ointment-not-post-oper\"> </a><a href=\"CodeSystem-be-nursing-medication-category.html#be-nursing-medication-category-eyedrops-ointment-not-post-oper\">eyedrops-ointment-not-post-oper</a></td><td>eyedrops ointment not post oper</td></tr><tr><td style=\"white-space:nowrap\"><a name=\"https---www.ehealth.fgov.be-standards-fhir-CodeSystem-be-nursing-medication-category-oral\"> </a><a href=\"CodeSystem-be-nursing-medication-category.html#be-nursing-medication-category-oral\">oral</a></td><td>oral</td></tr><tr><td style=\"white-space:nowrap\"><a name=\"https---www.ehealth.fgov.be-standards-fhir-CodeSystem-be-nursing-medication-category-rectal\"> </a><a href=\"CodeSystem-be-nursing-medication-category.html#be-nursing-medication-category-rectal\">rectal</a></td><td>rectal</td></tr><tr><td style=\"white-space:nowrap\"><a name=\"https---www.ehealth.fgov.be-standards-fhir-CodeSystem-be-nursing-medication-category-vaginal\"> </a><a href=\"CodeSystem-be-nursing-medication-category.html#be-nursing-medication-category-vaginal\">vaginal</a></td><td>vaginal</td></tr><tr><td style=\"white-space:nowrap\"><a name=\"https---www.ehealth.fgov.be-standards-fhir-CodeSystem-be-nursing-medication-category-pulmonary\"> </a><a href=\"CodeSystem-be-nursing-medication-category.html#be-nursing-medication-category-pulmonary\">pulmonary</a></td><td>pulmonary</td></tr><tr><td style=\"white-space:nowrap\"><a name=\"https---www.ehealth.fgov.be-standards-fhir-CodeSystem-be-nursing-medication-category-nasal\"> </a><a href=\"CodeSystem-be-nursing-medication-category.html#be-nursing-medication-category-nasal\">nasal</a></td><td>nasal</td></tr><tr><td style=\"white-space:nowrap\"><a name=\"https---www.ehealth.fgov.be-standards-fhir-CodeSystem-be-nursing-medication-category-auricular\"> </a><a href=\"CodeSystem-be-nursing-medication-category.html#be-nursing-medication-category-auricular\">auricular</a></td><td>auricular</td></tr><tr><td style=\"white-space:nowrap\"><a name=\"https---www.ehealth.fgov.be-standards-fhir-CodeSystem-be-nursing-medication-category-other\"> </a><a href=\"CodeSystem-be-nursing-medication-category.html#be-nursing-medication-category-other\">other</a></td><td>other</td></tr></table></div>"
      },
      "url" : "https://www.ehealth.fgov.be/standards/fhir/ValueSet/be-vs-nursing-medication-category",
      "version" : "0.2.0",
      "name" : "BeNursingMedicationCategory",
      "status" : "draft",
      "date" : "2022-02-08T09:37:29+00:00",
      "publisher" : "HL7 Belgium",
      "contact" : [{
        "name" : "HL7 Belgium",
        "telecom" : [{
          "system" : "url",
          "value" : "http://hl7belgium.org"
        }]
      },
      {
        "name" : "Message-Structure",
        "telecom" : [{
          "system" : "email",
          "value" : "message-structure@ehealth.fgov.be",
          "use" : "work"
        }]
      }],
      "description" : "Codes to define a type of nursing medication category.",
      "jurisdiction" : [{
        "coding" : [{
          "system" : "http://unstats.un.org/unsd/methods/m49/m49.htm",
          "code" : "056",
          "display" : "Belgium"
        }]
      }],
      "expansion" : {
        "identifier" : "urn:uuid:775eb278-8b46-4e3d-8c54-3a4be6b0fafc",
        "timestamp" : "2022-02-08T09:38:04+00:00",
        "total" : 9,
        "parameter" : [{
          "name" : "excludeNested",
          "valueBoolean" : false
        },
        {
          "name" : "version",
          "valueUri" : "https://www.ehealth.fgov.be/standards/fhir/CodeSystem/be-nursing-medication-category|0.2.0"
        }],
        "contains" : [{
          "system" : "https://www.ehealth.fgov.be/standards/fhir/CodeSystem/be-nursing-medication-category",
          "code" : "eyedrops-ointment-post-oper",
          "display" : "eyedrops ointment post oper"
        },
        {
          "system" : "https://www.ehealth.fgov.be/standards/fhir/CodeSystem/be-nursing-medication-category",
          "code" : "eyedrops-ointment-not-post-oper",
          "display" : "eyedrops ointment not post oper"
        },
        {
          "system" : "https://www.ehealth.fgov.be/standards/fhir/CodeSystem/be-nursing-medication-category",
          "code" : "oral",
          "display" : "oral"
        },
        {
          "system" : "https://www.ehealth.fgov.be/standards/fhir/CodeSystem/be-nursing-medication-category",
          "code" : "rectal",
          "display" : "rectal"
        },
        {
          "system" : "https://www.ehealth.fgov.be/standards/fhir/CodeSystem/be-nursing-medication-category",
          "code" : "vaginal",
          "display" : "vaginal"
        },
        {
          "system" : "https://www.ehealth.fgov.be/standards/fhir/CodeSystem/be-nursing-medication-category",
          "code" : "pulmonary",
          "display" : "pulmonary"
        },
        {
          "system" : "https://www.ehealth.fgov.be/standards/fhir/CodeSystem/be-nursing-medication-category",
          "code" : "nasal",
          "display" : "nasal"
        },
        {
          "system" : "https://www.ehealth.fgov.be/standards/fhir/CodeSystem/be-nursing-medication-category",
          "code" : "auricular",
          "display" : "auricular"
        },
        {
          "system" : "https://www.ehealth.fgov.be/standards/fhir/CodeSystem/be-nursing-medication-category",
          "code" : "other",
          "display" : "other"
        }]
      }
    }
  },
  {
    "fullUrl" : "https://www.ehealth.fgov.be/standards/fhir/ValueSet/be-vs-nursing-medication-injection",
    "resource" : {
      "resourceType" : "ValueSet",
      "id" : "be-vs-nursing-medication-injection",
      "text" : {
        "status" : "generated",
        "div" : "<div xmlns=\"http://www.w3.org/1999/xhtml\"><p>This value set contains 4 concepts</p><p style=\"border: black 1px dotted; background-color: #EEEEEE; padding: 8px; margin-bottom: 8px\">Expansion based on <a href=\"CodeSystem-be-nursing-medication-injection.html\">BeNursingMedicationInjection v0.2.0 (CodeSystem)</a></p><p>All codes in this table are from the system <a href=\"CodeSystem-be-nursing-medication-injection.html\"><code>https://www.ehealth.fgov.be/standards/fhir/CodeSystem/be-nursing-medication-injection</code></a></p><table class=\"codes\"><tr><td style=\"white-space:nowrap\"><b>Code</b></td><td><b>Display</b></td></tr><tr><td style=\"white-space:nowrap\"><a name=\"https---www.ehealth.fgov.be-standards-fhir-CodeSystem-be-nursing-medication-injection-IM\"> </a><a href=\"CodeSystem-be-nursing-medication-injection.html#be-nursing-medication-injection-IM\">IM</a></td><td>IM</td></tr><tr><td style=\"white-space:nowrap\"><a name=\"https---www.ehealth.fgov.be-standards-fhir-CodeSystem-be-nursing-medication-injection-SC\"> </a><a href=\"CodeSystem-be-nursing-medication-injection.html#be-nursing-medication-injection-SC\">SC</a></td><td>SC</td></tr><tr><td style=\"white-space:nowrap\"><a name=\"https---www.ehealth.fgov.be-standards-fhir-CodeSystem-be-nursing-medication-injection-ID\"> </a><a href=\"CodeSystem-be-nursing-medication-injection.html#be-nursing-medication-injection-ID\">ID</a></td><td>ID</td></tr><tr><td style=\"white-space:nowrap\"><a name=\"https---www.ehealth.fgov.be-standards-fhir-CodeSystem-be-nursing-medication-injection-IV\"> </a><a href=\"CodeSystem-be-nursing-medication-injection.html#be-nursing-medication-injection-IV\">IV</a></td><td>IV</td></tr></table></div>"
      },
      "url" : "https://www.ehealth.fgov.be/standards/fhir/ValueSet/be-vs-nursing-medication-injection",
      "version" : "0.2.0",
      "name" : "BeNursingMedicationInjection",
      "status" : "draft",
      "date" : "2022-02-08T09:37:29+00:00",
      "publisher" : "HL7 Belgium",
      "contact" : [{
        "name" : "HL7 Belgium",
        "telecom" : [{
          "system" : "url",
          "value" : "http://hl7belgium.org"
        }]
      },
      {
        "name" : "Message-Structure",
        "telecom" : [{
          "system" : "email",
          "value" : "message-structure@ehealth.fgov.be",
          "use" : "work"
        }]
      }],
      "description" : "Codes to define a type of nursing medication injection.",
      "jurisdiction" : [{
        "coding" : [{
          "system" : "http://unstats.un.org/unsd/methods/m49/m49.htm",
          "code" : "056",
          "display" : "Belgium"
        }]
      }],
      "expansion" : {
        "identifier" : "urn:uuid:6e7658dd-b3b0-4df6-9c1b-b4870c4c1ba5",
        "timestamp" : "2022-02-08T09:38:04+00:00",
        "total" : 4,
        "parameter" : [{
          "name" : "excludeNested",
          "valueBoolean" : false
        },
        {
          "name" : "version",
          "valueUri" : "https://www.ehealth.fgov.be/standards/fhir/CodeSystem/be-nursing-medication-injection|0.2.0"
        }],
        "contains" : [{
          "system" : "https://www.ehealth.fgov.be/standards/fhir/CodeSystem/be-nursing-medication-injection",
          "code" : "IM",
          "display" : "IM"
        },
        {
          "system" : "https://www.ehealth.fgov.be/standards/fhir/CodeSystem/be-nursing-medication-injection",
          "code" : "SC",
          "display" : "SC"
        },
        {
          "system" : "https://www.ehealth.fgov.be/standards/fhir/CodeSystem/be-nursing-medication-injection",
          "code" : "ID",
          "display" : "ID"
        },
        {
          "system" : "https://www.ehealth.fgov.be/standards/fhir/CodeSystem/be-nursing-medication-injection",
          "code" : "IV",
          "display" : "IV"
        }]
      }
    }
  },
  {
    "fullUrl" : "https://www.ehealth.fgov.be/standards/fhir/ValueSet/be-vs-nursing-medication-percutaneous",
    "resource" : {
      "resourceType" : "ValueSet",
      "id" : "be-vs-nursing-medication-percutaneous",
      "text" : {
        "status" : "generated",
        "div" : "<div xmlns=\"http://www.w3.org/1999/xhtml\"><p>This value set contains 3 concepts</p><p style=\"border: black 1px dotted; background-color: #EEEEEE; padding: 8px; margin-bottom: 8px\">Expansion based on <a href=\"CodeSystem-be-nursing-medication-percutaneous.html\">BeNursingMedicationPercutaneous v0.2.0 (CodeSystem)</a></p><p>All codes in this table are from the system <a href=\"CodeSystem-be-nursing-medication-percutaneous.html\"><code>https://www.ehealth.fgov.be/standards/fhir/CodeSystem/be-nursing-medication-percutaneous</code></a></p><table class=\"codes\"><tr><td style=\"white-space:nowrap\"><b>Code</b></td><td><b>Display</b></td></tr><tr><td style=\"white-space:nowrap\"><a name=\"https---www.ehealth.fgov.be-standards-fhir-CodeSystem-be-nursing-medication-percutaneous-ointment-or-medicinal-product\"> </a><a href=\"CodeSystem-be-nursing-medication-percutaneous.html#be-nursing-medication-percutaneous-ointment-or-medicinal-product\">ointment-or-medicinal-product</a></td><td>Ointment or medicinal product</td></tr><tr><td style=\"white-space:nowrap\"><a name=\"https---www.ehealth.fgov.be-standards-fhir-CodeSystem-be-nursing-medication-percutaneous-patch\"> </a><a href=\"CodeSystem-be-nursing-medication-percutaneous.html#be-nursing-medication-percutaneous-patch\">patch</a></td><td>Patch</td></tr><tr><td style=\"white-space:nowrap\"><a name=\"https---www.ehealth.fgov.be-standards-fhir-CodeSystem-be-nursing-medication-percutaneous-ointment-or-medicinal-product-sepwd\"> </a><a href=\"CodeSystem-be-nursing-medication-percutaneous.html#be-nursing-medication-percutaneous-ointment-or-medicinal-product-sepwd\">ointment-or-medicinal-product-sepwd</a></td><td>Ointment or medicinal product shingles / eczema / psoriasis / warts / dermatomycoses</td></tr></table></div>"
      },
      "url" : "https://www.ehealth.fgov.be/standards/fhir/ValueSet/be-vs-nursing-medication-percutaneous",
      "version" : "0.2.0",
      "name" : "BeNursingMedicationPercutaneous",
      "status" : "draft",
      "date" : "2022-02-08T09:37:29+00:00",
      "publisher" : "HL7 Belgium",
      "contact" : [{
        "name" : "HL7 Belgium",
        "telecom" : [{
          "system" : "url",
          "value" : "http://hl7belgium.org"
        }]
      },
      {
        "name" : "Message-Structure",
        "telecom" : [{
          "system" : "email",
          "value" : "message-structure@ehealth.fgov.be",
          "use" : "work"
        }]
      }],
      "description" : "Codes to define a type of nursing medication percutaneous.",
      "jurisdiction" : [{
        "coding" : [{
          "system" : "http://unstats.un.org/unsd/methods/m49/m49.htm",
          "code" : "056",
          "display" : "Belgium"
        }]
      }],
      "expansion" : {
        "identifier" : "urn:uuid:6ddd985d-43b7-4cae-af2b-5f70a4b08234",
        "timestamp" : "2022-02-08T09:38:05+00:00",
        "total" : 3,
        "parameter" : [{
          "name" : "excludeNested",
          "valueBoolean" : false
        },
        {
          "name" : "version",
          "valueUri" : "https://www.ehealth.fgov.be/standards/fhir/CodeSystem/be-nursing-medication-percutaneous|0.2.0"
        }],
        "contains" : [{
          "system" : "https://www.ehealth.fgov.be/standards/fhir/CodeSystem/be-nursing-medication-percutaneous",
          "code" : "ointment-or-medicinal-product",
          "display" : "Ointment or medicinal product"
        },
        {
          "system" : "https://www.ehealth.fgov.be/standards/fhir/CodeSystem/be-nursing-medication-percutaneous",
          "code" : "patch",
          "display" : "Patch"
        },
        {
          "system" : "https://www.ehealth.fgov.be/standards/fhir/CodeSystem/be-nursing-medication-percutaneous",
          "code" : "ointment-or-medicinal-product-sepwd",
          "display" : "Ointment or medicinal product shingles / eczema / psoriasis / warts / dermatomycoses"
        }]
      }
    }
  },
  {
    "fullUrl" : "https://www.ehealth.fgov.be/standards/fhir/ValueSet/be-vs-nursing-medication-perfusion",
    "resource" : {
      "resourceType" : "ValueSet",
      "id" : "be-vs-nursing-medication-perfusion",
      "text" : {
        "status" : "generated",
        "div" : "<div xmlns=\"http://www.w3.org/1999/xhtml\"><p>This value set contains 5 concepts</p><p style=\"border: black 1px dotted; background-color: #EEEEEE; padding: 8px; margin-bottom: 8px\">Expansion based on <a href=\"CodeSystem-be-nursing-medication-perfusion.html\">BeNursingMedicationPerfusion v0.2.0 (CodeSystem)</a></p><p>All codes in this table are from the system <a href=\"CodeSystem-be-nursing-medication-perfusion.html\"><code>https://www.ehealth.fgov.be/standards/fhir/CodeSystem/be-nursing-medication-perfusion</code></a></p><table class=\"codes\"><tr><td style=\"white-space:nowrap\"><b>Code</b></td><td><b>Display</b></td></tr><tr><td style=\"white-space:nowrap\"><a name=\"https---www.ehealth.fgov.be-standards-fhir-CodeSystem-be-nursing-medication-perfusion-subcutaneous\"> </a><a href=\"CodeSystem-be-nursing-medication-perfusion.html#be-nursing-medication-perfusion-subcutaneous\">subcutaneous</a></td><td>Subcutaneous</td></tr><tr><td style=\"white-space:nowrap\"><a name=\"https---www.ehealth.fgov.be-standards-fhir-CodeSystem-be-nursing-medication-perfusion-intravenous\"> </a><a href=\"CodeSystem-be-nursing-medication-perfusion.html#be-nursing-medication-perfusion-intravenous\">intravenous</a></td><td>Intravenous</td></tr><tr><td style=\"white-space:nowrap\"><a name=\"https---www.ehealth.fgov.be-standards-fhir-CodeSystem-be-nursing-medication-perfusion-implantable-chamber\"> </a><a href=\"CodeSystem-be-nursing-medication-perfusion.html#be-nursing-medication-perfusion-implantable-chamber\">implantable-chamber</a></td><td>Implantable chamber</td></tr><tr><td style=\"white-space:nowrap\"><a name=\"https---www.ehealth.fgov.be-standards-fhir-CodeSystem-be-nursing-medication-perfusion-epidural-cathether-or-intrathecal\"> </a><a href=\"CodeSystem-be-nursing-medication-perfusion.html#be-nursing-medication-perfusion-epidural-cathether-or-intrathecal\">epidural-cathether-or-intrathecal</a></td><td>Epidural cathether or intrathecal</td></tr><tr><td style=\"white-space:nowrap\"><a name=\"https---www.ehealth.fgov.be-standards-fhir-CodeSystem-be-nursing-medication-perfusion-parenteral-feeding\"> </a><a href=\"CodeSystem-be-nursing-medication-perfusion.html#be-nursing-medication-perfusion-parenteral-feeding\">parenteral-feeding</a></td><td>Parenteral feeding</td></tr></table></div>"
      },
      "url" : "https://www.ehealth.fgov.be/standards/fhir/ValueSet/be-vs-nursing-medication-perfusion",
      "version" : "0.2.0",
      "name" : "BeNursingMedicationPerfusion",
      "status" : "draft",
      "date" : "2022-02-08T09:37:29+00:00",
      "publisher" : "HL7 Belgium",
      "contact" : [{
        "name" : "HL7 Belgium",
        "telecom" : [{
          "system" : "url",
          "value" : "http://hl7belgium.org"
        }]
      },
      {
        "name" : "Message-Structure",
        "telecom" : [{
          "system" : "email",
          "value" : "message-structure@ehealth.fgov.be",
          "use" : "work"
        }]
      }],
      "description" : "Codes to define a type of nursing medication perfusion.",
      "jurisdiction" : [{
        "coding" : [{
          "system" : "http://unstats.un.org/unsd/methods/m49/m49.htm",
          "code" : "056",
          "display" : "Belgium"
        }]
      }],
      "expansion" : {
        "identifier" : "urn:uuid:6f7a19d3-2312-4763-aae7-a1a77e361fd8",
        "timestamp" : "2022-02-08T09:38:05+00:00",
        "total" : 5,
        "parameter" : [{
          "name" : "excludeNested",
          "valueBoolean" : false
        },
        {
          "name" : "version",
          "valueUri" : "https://www.ehealth.fgov.be/standards/fhir/CodeSystem/be-nursing-medication-perfusion|0.2.0"
        }],
        "contains" : [{
          "system" : "https://www.ehealth.fgov.be/standards/fhir/CodeSystem/be-nursing-medication-perfusion",
          "code" : "subcutaneous",
          "display" : "Subcutaneous"
        },
        {
          "system" : "https://www.ehealth.fgov.be/standards/fhir/CodeSystem/be-nursing-medication-perfusion",
          "code" : "intravenous",
          "display" : "Intravenous"
        },
        {
          "system" : "https://www.ehealth.fgov.be/standards/fhir/CodeSystem/be-nursing-medication-perfusion",
          "code" : "implantable-chamber",
          "display" : "Implantable chamber"
        },
        {
          "system" : "https://www.ehealth.fgov.be/standards/fhir/CodeSystem/be-nursing-medication-perfusion",
          "code" : "epidural-cathether-or-intrathecal",
          "display" : "Epidural cathether or intrathecal"
        },
        {
          "system" : "https://www.ehealth.fgov.be/standards/fhir/CodeSystem/be-nursing-medication-perfusion",
          "code" : "parenteral-feeding",
          "display" : "Parenteral feeding"
        }]
      }
    }
  },
  {
    "fullUrl" : "https://www.ehealth.fgov.be/standards/fhir/ValueSet/be-reason-referral-status",
    "resource" : {
      "resourceType" : "ValueSet",
      "id" : "be-vs-reason-referral-status",
      "text" : {
        "status" : "generated",
        "div" : "<div xmlns=\"http://www.w3.org/1999/xhtml\"><p>This value set contains 6 concepts</p><p style=\"border: black 1px dotted; background-color: #EEEEEE; padding: 8px; margin-bottom: 8px\">Expansion based on <a href=\"CodeSystem-be-status-reason.html\">BeStatusReason v0.2.0 (CodeSystem)</a></p><p>All codes in this table are from the system <a href=\"CodeSystem-be-status-reason.html\"><code>https://www.ehealth.fgov.be/standards/fhir/CodeSystem/be-status-reason</code></a></p><table class=\"codes\"><tr><td style=\"white-space:nowrap\"><b>Code</b></td><td><b>Display</b></td></tr><tr><td style=\"white-space:nowrap\"><a name=\"https---www.ehealth.fgov.be-standards-fhir-CodeSystem-be-status-reason-contra-indication\"> </a><a href=\"CodeSystem-be-status-reason.html#be-status-reason-contra-indication\">contra-indication</a></td><td>contra-indication</td></tr><tr><td style=\"white-space:nowrap\"><a name=\"https---www.ehealth.fgov.be-standards-fhir-CodeSystem-be-status-reason-modified\"> </a><a href=\"CodeSystem-be-status-reason.html#be-status-reason-modified\">modified</a></td><td>modified</td></tr><tr><td style=\"white-space:nowrap\"><a name=\"https---www.ehealth.fgov.be-standards-fhir-CodeSystem-be-status-reason-out-of-stock\"> </a><a href=\"CodeSystem-be-status-reason.html#be-status-reason-out-of-stock\">out-of-stock</a></td><td>out-of-stock</td></tr><tr><td style=\"white-space:nowrap\"><a name=\"https---www.ehealth.fgov.be-standards-fhir-CodeSystem-be-status-reason-allergy\"> </a><a href=\"CodeSystem-be-status-reason.html#be-status-reason-allergy\">allergy</a></td><td>allergy</td></tr><tr><td style=\"white-space:nowrap\"><a name=\"https---www.ehealth.fgov.be-standards-fhir-CodeSystem-be-status-reason-refused\"> </a><a href=\"CodeSystem-be-status-reason.html#be-status-reason-refused\">refused</a></td><td>refused</td></tr><tr><td style=\"white-space:nowrap\"><a name=\"https---www.ehealth.fgov.be-standards-fhir-CodeSystem-be-status-reason-other\"> </a><a href=\"CodeSystem-be-status-reason.html#be-status-reason-other\">other</a></td><td>other</td></tr></table></div>"
      },
      "url" : "https://www.ehealth.fgov.be/standards/fhir/ValueSet/be-reason-referral-status",
      "version" : "0.2.0",
      "name" : "BeReasonReferralStatus",
      "status" : "active",
      "date" : "2022-02-08T09:37:29+00:00",
      "publisher" : "HL7 Belgium",
      "contact" : [{
        "name" : "HL7 Belgium",
        "telecom" : [{
          "system" : "url",
          "value" : "http://hl7belgium.org"
        }]
      },
      {
        "name" : "Message-Structure",
        "telecom" : [{
          "system" : "email",
          "value" : "message-structure@ehealth.fgov.be",
          "use" : "work"
        }]
      }],
      "description" : "Codes to explain the current status of a referral prescription.",
      "jurisdiction" : [{
        "coding" : [{
          "system" : "http://unstats.un.org/unsd/methods/m49/m49.htm",
          "code" : "056",
          "display" : "Belgium"
        }]
      }],
      "expansion" : {
        "identifier" : "urn:uuid:588ad143-6d13-4d31-bd45-96764ba2d9a4",
        "timestamp" : "2022-02-08T09:38:05+00:00",
        "total" : 6,
        "parameter" : [{
          "name" : "excludeNested",
          "valueBoolean" : false
        },
        {
          "name" : "version",
          "valueUri" : "https://www.ehealth.fgov.be/standards/fhir/CodeSystem/be-status-reason|0.2.0"
        }],
        "contains" : [{
          "system" : "https://www.ehealth.fgov.be/standards/fhir/CodeSystem/be-status-reason",
          "code" : "contra-indication",
          "display" : "contra-indication"
        },
        {
          "system" : "https://www.ehealth.fgov.be/standards/fhir/CodeSystem/be-status-reason",
          "code" : "modified",
          "display" : "modified"
        },
        {
          "system" : "https://www.ehealth.fgov.be/standards/fhir/CodeSystem/be-status-reason",
          "code" : "out-of-stock",
          "display" : "out-of-stock"
        },
        {
          "system" : "https://www.ehealth.fgov.be/standards/fhir/CodeSystem/be-status-reason",
          "code" : "allergy",
          "display" : "allergy"
        },
        {
          "system" : "https://www.ehealth.fgov.be/standards/fhir/CodeSystem/be-status-reason",
          "code" : "refused",
          "display" : "refused"
        },
        {
          "system" : "https://www.ehealth.fgov.be/standards/fhir/CodeSystem/be-status-reason",
          "code" : "other",
          "display" : "other"
        }]
      }
    }
  },
  {
    "fullUrl" : "https://www.ehealth.fgov.be/standards/fhir/ValueSet/be-vs-type-of-bladder-care",
    "resource" : {
      "resourceType" : "ValueSet",
      "id" : "be-vs-type-of-bladder-care",
      "text" : {
        "status" : "generated",
        "div" : "<div xmlns=\"http://www.w3.org/1999/xhtml\"><p>This value set contains 5 concepts</p><p style=\"border: black 1px dotted; background-color: #EEEEEE; padding: 8px; margin-bottom: 8px\">Expansion based on <a href=\"CodeSystem-codesystem-be-type-of-bladder-care.html\">BeBladderCareType v0.2.0 (CodeSystem)</a></p><p>All codes in this table are from the system <a href=\"CodeSystem-codesystem-be-type-of-bladder-care.html\"><code>https://www.ehealth.fgov.be/standards/fhir/CodeSystem/be-cs-type-of-bladder-care</code></a></p><table class=\"codes\"><tr><td style=\"white-space:nowrap\"><b>Code</b></td><td><b>Display</b></td></tr><tr><td style=\"white-space:nowrap\"><a name=\"https---www.ehealth.fgov.be-standards-fhir-CodeSystem-be-cs-type-of-bladder-care-bladder-probe-indwelling\"> </a><a href=\"CodeSystem-codesystem-be-type-of-bladder-care.html#codesystem-be-type-of-bladder-care-bladder-probe-indwelling\">bladder-probe-indwelling</a></td><td>bladder-probe-indwelling</td></tr><tr><td style=\"white-space:nowrap\"><a name=\"https---www.ehealth.fgov.be-standards-fhir-CodeSystem-be-cs-type-of-bladder-care-bladder-probe-in-out\"> </a><a href=\"CodeSystem-codesystem-be-type-of-bladder-care.html#codesystem-be-type-of-bladder-care-bladder-probe-in-out\">bladder-probe-in-out</a></td><td>Bladder probe in/out</td></tr><tr><td style=\"white-space:nowrap\"><a name=\"https---www.ehealth.fgov.be-standards-fhir-CodeSystem-be-cs-type-of-bladder-care-bladder-instillation\"> </a><a href=\"CodeSystem-codesystem-be-type-of-bladder-care.html#codesystem-be-type-of-bladder-care-bladder-instillation\">bladder-instillation</a></td><td>bladder-instillation</td></tr><tr><td style=\"white-space:nowrap\"><a name=\"https---www.ehealth.fgov.be-standards-fhir-CodeSystem-be-cs-type-of-bladder-care-bladder-flushing\"> </a><a href=\"CodeSystem-codesystem-be-type-of-bladder-care.html#codesystem-be-type-of-bladder-care-bladder-flushing\">bladder-flushing</a></td><td>bladder-flushing</td></tr><tr><td style=\"white-space:nowrap\"><a name=\"https---www.ehealth.fgov.be-standards-fhir-CodeSystem-be-cs-type-of-bladder-care-suprapubic-probe\"> </a><a href=\"CodeSystem-codesystem-be-type-of-bladder-care.html#codesystem-be-type-of-bladder-care-suprapubic-probe\">suprapubic-probe</a></td><td>suprapubic-probe</td></tr></table></div>"
      },
      "url" : "https://www.ehealth.fgov.be/standards/fhir/ValueSet/be-vs-type-of-bladder-care",
      "version" : "0.2.0",
      "name" : "BeBladderCareType",
      "status" : "draft",
      "date" : "2022-02-08T09:37:29+00:00",
      "publisher" : "HL7 Belgium",
      "contact" : [{
        "name" : "HL7 Belgium",
        "telecom" : [{
          "system" : "url",
          "value" : "http://hl7belgium.org"
        }]
      },
      {
        "name" : "Message-Structure",
        "telecom" : [{
          "system" : "email",
          "value" : "message-structure@ehealth.fgov.be",
          "use" : "work"
        }]
      }],
      "description" : "Codes to define a type of bladder care.",
      "jurisdiction" : [{
        "coding" : [{
          "system" : "http://unstats.un.org/unsd/methods/m49/m49.htm",
          "code" : "056",
          "display" : "Belgium"
        }]
      }],
      "expansion" : {
        "identifier" : "urn:uuid:fef2cea6-f971-4b2d-9c93-aaabe168c495",
        "timestamp" : "2022-02-08T09:38:05+00:00",
        "total" : 5,
        "parameter" : [{
          "name" : "excludeNested",
          "valueBoolean" : false
        },
        {
          "name" : "version",
          "valueUri" : "https://www.ehealth.fgov.be/standards/fhir/CodeSystem/be-cs-type-of-bladder-care|0.2.0"
        }],
        "contains" : [{
          "system" : "https://www.ehealth.fgov.be/standards/fhir/CodeSystem/be-cs-type-of-bladder-care",
          "code" : "bladder-probe-indwelling",
          "display" : "bladder-probe-indwelling"
        },
        {
          "system" : "https://www.ehealth.fgov.be/standards/fhir/CodeSystem/be-cs-type-of-bladder-care",
          "code" : "bladder-probe-in-out",
          "display" : "Bladder probe in/out"
        },
        {
          "system" : "https://www.ehealth.fgov.be/standards/fhir/CodeSystem/be-cs-type-of-bladder-care",
          "code" : "bladder-instillation",
          "display" : "bladder-instillation"
        },
        {
          "system" : "https://www.ehealth.fgov.be/standards/fhir/CodeSystem/be-cs-type-of-bladder-care",
          "code" : "bladder-flushing",
          "display" : "bladder-flushing"
        },
        {
          "system" : "https://www.ehealth.fgov.be/standards/fhir/CodeSystem/be-cs-type-of-bladder-care",
          "code" : "suprapubic-probe",
          "display" : "suprapubic-probe"
        }]
      }
    }
  },
  {
    "fullUrl" : "https://www.ehealth.fgov.be/standards/fhir/ValueSet/be-vs-type-of-compression",
    "resource" : {
      "resourceType" : "ValueSet",
      "id" : "be-vs-type-of-compression",
      "text" : {
        "status" : "generated",
        "div" : "<div xmlns=\"http://www.w3.org/1999/xhtml\"><p>This value set contains 4 concepts</p><p style=\"border: black 1px dotted; background-color: #EEEEEE; padding: 8px; margin-bottom: 8px\">Expansion based on <a href=\"CodeSystem-be-cs-nursing-code-compressiontherapy.html\">BeNursingCodeCompressiontherapy v0.2.0 (CodeSystem)</a></p><p>All codes in this table are from the system <a href=\"CodeSystem-be-cs-nursing-code-compressiontherapy.html\"><code>https://www.ehealth.fgov.be/standards/fhir/CodeSystem/be-cs-nursing-code-compressiontherapy</code></a></p><table class=\"codes\"><tr><td style=\"white-space:nowrap\"><b>Code</b></td><td><b>Display</b></td></tr><tr><td style=\"white-space:nowrap\"><a name=\"https---www.ehealth.fgov.be-standards-fhir-CodeSystem-be-cs-nursing-code-compressiontherapy-compression-bandage-s--short-strech\"> </a><a href=\"CodeSystem-be-cs-nursing-code-compressiontherapy.html#be-cs-nursing-code-compressiontherapy-compression-bandage.40s.41-short-strech\">compression-bandage(s)-short-strech</a></td><td>Compression bandage(s) short strech</td></tr><tr><td style=\"white-space:nowrap\"><a name=\"https---www.ehealth.fgov.be-standards-fhir-CodeSystem-be-cs-nursing-code-compressiontherapy-compression-bandage-s--long-strech\"> </a><a href=\"CodeSystem-be-cs-nursing-code-compressiontherapy.html#be-cs-nursing-code-compressiontherapy-compression-bandage.40s.41-long-strech\">compression-bandage(s)-long-strech</a></td><td>Compression bandage(s) long strech</td></tr><tr><td style=\"white-space:nowrap\"><a name=\"https---www.ehealth.fgov.be-standards-fhir-CodeSystem-be-cs-nursing-code-compressiontherapy-compression-adhesive-s-\"> </a><a href=\"CodeSystem-be-cs-nursing-code-compressiontherapy.html#be-cs-nursing-code-compressiontherapy-compression-adhesive.40s.41\">compression-adhesive(s)</a></td><td>Compression adhesive(s)</td></tr><tr><td style=\"white-space:nowrap\"><a name=\"https---www.ehealth.fgov.be-standards-fhir-CodeSystem-be-cs-nursing-code-compressiontherapy-compression-stockings\"> </a><a href=\"CodeSystem-be-cs-nursing-code-compressiontherapy.html#be-cs-nursing-code-compressiontherapy-compression-stockings\">compression-stockings</a></td><td>Stockings</td></tr></table></div>"
      },
      "url" : "https://www.ehealth.fgov.be/standards/fhir/ValueSet/be-vs-type-of-compression",
      "version" : "0.2.0",
      "name" : "BeCompressionType",
      "status" : "draft",
      "date" : "2022-02-08T09:37:29+00:00",
      "publisher" : "HL7 Belgium",
      "contact" : [{
        "name" : "HL7 Belgium",
        "telecom" : [{
          "system" : "url",
          "value" : "http://hl7belgium.org"
        }]
      },
      {
        "name" : "Message-Structure",
        "telecom" : [{
          "system" : "email",
          "value" : "message-structure@ehealth.fgov.be",
          "use" : "work"
        }]
      }],
      "description" : "Codes to define a type of compression therapy.",
      "jurisdiction" : [{
        "coding" : [{
          "system" : "http://unstats.un.org/unsd/methods/m49/m49.htm",
          "code" : "056",
          "display" : "Belgium"
        }]
      }],
      "expansion" : {
        "identifier" : "urn:uuid:8281bbd7-76ea-416e-90cb-6849b58f1516",
        "timestamp" : "2022-02-08T09:38:05+00:00",
        "total" : 4,
        "parameter" : [{
          "name" : "excludeNested",
          "valueBoolean" : false
        },
        {
          "name" : "version",
          "valueUri" : "https://www.ehealth.fgov.be/standards/fhir/CodeSystem/be-cs-nursing-code-compressiontherapy|0.2.0"
        }],
        "contains" : [{
          "system" : "https://www.ehealth.fgov.be/standards/fhir/CodeSystem/be-cs-nursing-code-compressiontherapy",
          "code" : "compression-bandage(s)-short-strech",
          "display" : "Compression bandage(s) short strech"
        },
        {
          "system" : "https://www.ehealth.fgov.be/standards/fhir/CodeSystem/be-cs-nursing-code-compressiontherapy",
          "code" : "compression-bandage(s)-long-strech",
          "display" : "Compression bandage(s) long strech"
        },
        {
          "system" : "https://www.ehealth.fgov.be/standards/fhir/CodeSystem/be-cs-nursing-code-compressiontherapy",
          "code" : "compression-adhesive(s)",
          "display" : "Compression adhesive(s)"
        },
        {
          "system" : "https://www.ehealth.fgov.be/standards/fhir/CodeSystem/be-cs-nursing-code-compressiontherapy",
          "code" : "compression-stockings",
          "display" : "Stockings"
        }]
      }
    }
  },
  {
    "fullUrl" : "https://www.ehealth.fgov.be/standards/fhir/ValueSet/be-vs-type-of-non-reimbursable-nursing",
    "resource" : {
      "resourceType" : "ValueSet",
      "id" : "be-vs-type-of-non-reimbursable-nursing",
      "text" : {
        "status" : "generated",
        "div" : "<div xmlns=\"http://www.w3.org/1999/xhtml\"><p>This value set contains 3 concepts</p><p style=\"border: black 1px dotted; background-color: #ffcccc; padding: 8px; margin-bottom: 8px\">Expansion based on code system fragment <a href=\"CodeSystem-be-cs-nursing-code-non-reimbursable.html\">BeNursingCodeNonReimbursable v0.2.0 (CodeSystem)</a></p><p style=\"border: black 1px dotted; background-color: #EEEEEE; padding: 8px; margin-bottom: 8px\">Expansion based on <a href=\"CodeSystem-be-cs-nursing-code-non-reimbursable.html\">BeNursingCodeNonReimbursable v0.2.0 (CodeSystem)</a></p><p>All codes in this table are from the system <a href=\"CodeSystem-be-cs-nursing-code-non-reimbursable.html\"><code>https://www.ehealth.fgov.be/standards/fhir/CodeSystem/be-cs-nursing-code-non-reimbursable</code></a></p><table class=\"codes\"><tr><td style=\"white-space:nowrap\"><b>Code</b></td><td><b>Display</b></td></tr><tr><td style=\"white-space:nowrap\"><a name=\"https---www.ehealth.fgov.be-standards-fhir-CodeSystem-be-cs-nursing-code-non-reimbursable-bloodpressure-measure\"> </a>bloodpressure-measure</td><td>Bloodpressure measure</td></tr><tr><td style=\"white-space:nowrap\"><a name=\"https---www.ehealth.fgov.be-standards-fhir-CodeSystem-be-cs-nursing-code-non-reimbursable-glycemic-measure\"> </a>glycemic-measure</td><td>Glycemic measure</td></tr><tr><td style=\"white-space:nowrap\"><a name=\"https---www.ehealth.fgov.be-standards-fhir-CodeSystem-be-cs-nursing-code-non-reimbursable-prepare-medications\"> </a>prepare-medications</td><td>Prepare medications</td></tr></table></div>"
      },
      "url" : "https://www.ehealth.fgov.be/standards/fhir/ValueSet/be-vs-type-of-non-reimbursable-nursing",
      "version" : "0.2.0",
      "name" : "BeNonReimbursableNursing",
      "status" : "draft",
      "date" : "2022-02-08T09:37:29+00:00",
      "publisher" : "HL7 Belgium",
      "contact" : [{
        "name" : "HL7 Belgium",
        "telecom" : [{
          "system" : "url",
          "value" : "http://hl7belgium.org"
        }]
      },
      {
        "name" : "Message-Structure",
        "telecom" : [{
          "system" : "email",
          "value" : "message-structure@ehealth.fgov.be",
          "use" : "work"
        }]
      }],
      "description" : "Codes to define a type of non reimbursable nursing category.",
      "jurisdiction" : [{
        "coding" : [{
          "system" : "http://unstats.un.org/unsd/methods/m49/m49.htm",
          "code" : "056",
          "display" : "Belgium"
        }]
      }],
      "expansion" : {
        "identifier" : "urn:uuid:7930479f-2c79-4914-9724-54c17cd0b9d6",
        "timestamp" : "2022-02-08T09:38:05+00:00",
        "total" : 3,
        "parameter" : [{
          "name" : "excludeNested",
          "valueBoolean" : false
        },
        {
          "name" : "version",
          "valueUri" : "https://www.ehealth.fgov.be/standards/fhir/CodeSystem/be-cs-nursing-code-non-reimbursable|0.2.0"
        },
        {
          "name" : "fragment",
          "valueUri" : "https://www.ehealth.fgov.be/standards/fhir/CodeSystem/be-cs-nursing-code-non-reimbursable|0.2.0"
        }],
        "contains" : [{
          "system" : "https://www.ehealth.fgov.be/standards/fhir/CodeSystem/be-cs-nursing-code-non-reimbursable",
          "code" : "bloodpressure-measure",
          "display" : "Bloodpressure measure"
        },
        {
          "system" : "https://www.ehealth.fgov.be/standards/fhir/CodeSystem/be-cs-nursing-code-non-reimbursable",
          "code" : "glycemic-measure",
          "display" : "Glycemic measure"
        },
        {
          "system" : "https://www.ehealth.fgov.be/standards/fhir/CodeSystem/be-cs-nursing-code-non-reimbursable",
          "code" : "prepare-medications",
          "display" : "Prepare medications"
        }]
      }
    }
  },
  {
    "fullUrl" : "https://www.ehealth.fgov.be/standards/fhir/ValueSet/be-vs-type-of-nursing",
    "resource" : {
      "resourceType" : "ValueSet",
      "id" : "be-vs-type-of-nursing",
      "text" : {
        "status" : "generated",
        "div" : "<div xmlns=\"http://www.w3.org/1999/xhtml\"><p>This value set contains 10 concepts</p><p style=\"border: black 1px dotted; background-color: #ffcccc; padding: 8px; margin-bottom: 8px\">Expansion based on code system fragment <a href=\"CodeSystem-be-cs-nursing-code.html\">BeNursingCode v0.2.0 (CodeSystem)</a></p><p style=\"border: black 1px dotted; background-color: #EEEEEE; padding: 8px; margin-bottom: 8px\">Expansion based on <a href=\"CodeSystem-be-cs-nursing-code.html\">BeNursingCode v0.2.0 (CodeSystem)</a></p><p>All codes in this table are from the system <a href=\"CodeSystem-be-cs-nursing-code.html\"><code>https://www.ehealth.fgov.be/standards/fhir/CodeSystem/be-cs-nursing-code</code></a></p><table class=\"codes\"><tr><td style=\"white-space:nowrap\"><b>Code</b></td><td><b>Display</b></td></tr><tr><td style=\"white-space:nowrap\"><a name=\"https---www.ehealth.fgov.be-standards-fhir-CodeSystem-be-cs-nursing-code-bladder-care\"> </a>bladder-care</td><td>Bladder care</td></tr><tr><td style=\"white-space:nowrap\"><a name=\"https---www.ehealth.fgov.be-standards-fhir-CodeSystem-be-cs-nursing-code-digestive-system-care\"> </a>digestive-system-care</td><td>Digestive system care</td></tr><tr><td style=\"white-space:nowrap\"><a name=\"https---www.ehealth.fgov.be-standards-fhir-CodeSystem-be-cs-nursing-code-wound-care\"> </a>wound-care</td><td>Wound care</td></tr><tr><td style=\"white-space:nowrap\"><a name=\"https---www.ehealth.fgov.be-standards-fhir-CodeSystem-be-cs-nursing-code-compression-therapy\"> </a>compression-therapy</td><td>Compression therapy</td></tr><tr><td style=\"white-space:nowrap\"><a name=\"https---www.ehealth.fgov.be-standards-fhir-CodeSystem-be-cs-nursing-code-medication\"> </a>medication</td><td>Medication</td></tr><tr><td style=\"white-space:nowrap\"><a name=\"https---www.ehealth.fgov.be-standards-fhir-CodeSystem-be-cs-nursing-code-appendix-81-preparation-of-medications\"> </a>appendix-81-preparation-of-medications</td><td>Appendix 81 preparation of medications</td></tr><tr><td style=\"white-space:nowrap\"><a name=\"https---www.ehealth.fgov.be-standards-fhir-CodeSystem-be-cs-nursing-code-preparation-and-administration-of-medication-to-chronical-psychiatric-patient\"> </a>preparation-and-administration-of-medication-to-chronical-psychiatric-patient</td><td>Preparation and administration of medication to chronical psychiatric patient</td></tr><tr><td style=\"white-space:nowrap\"><a name=\"https---www.ehealth.fgov.be-standards-fhir-CodeSystem-be-cs-nursing-code-diabetic-patient-services\"> </a>diabetic-patient-services</td><td>Diabetic patient services</td></tr><tr><td style=\"white-space:nowrap\"><a name=\"https---www.ehealth.fgov.be-standards-fhir-CodeSystem-be-cs-nursing-code-non-reimbursed-services\"> </a>non-reimbursed-services</td><td>Non reimbursed services</td></tr><tr><td style=\"white-space:nowrap\"><a name=\"https---www.ehealth.fgov.be-standards-fhir-CodeSystem-be-cs-nursing-code-other\"> </a>other</td><td>Other</td></tr></table></div>"
      },
      "url" : "https://www.ehealth.fgov.be/standards/fhir/ValueSet/be-vs-type-of-nursing",
      "version" : "0.2.0",
      "name" : "BeNursingType",
      "status" : "draft",
      "date" : "2022-02-08T09:37:29+00:00",
      "publisher" : "HL7 Belgium",
      "contact" : [{
        "name" : "HL7 Belgium",
        "telecom" : [{
          "system" : "url",
          "value" : "http://hl7belgium.org"
        }]
      },
      {
        "name" : "Message-Structure",
        "telecom" : [{
          "system" : "email",
          "value" : "message-structure@ehealth.fgov.be",
          "use" : "work"
        }]
      }],
      "description" : "Codes to define a type of nursing.",
      "jurisdiction" : [{
        "coding" : [{
          "system" : "http://unstats.un.org/unsd/methods/m49/m49.htm",
          "code" : "056",
          "display" : "Belgium"
        }]
      }],
      "expansion" : {
        "identifier" : "urn:uuid:22b961ab-3754-44af-8598-88fc93492c54",
        "timestamp" : "2022-02-08T09:38:05+00:00",
        "total" : 10,
        "parameter" : [{
          "name" : "excludeNested",
          "valueBoolean" : false
        },
        {
          "name" : "version",
          "valueUri" : "https://www.ehealth.fgov.be/standards/fhir/CodeSystem/be-cs-nursing-code|0.2.0"
        },
        {
          "name" : "fragment",
          "valueUri" : "https://www.ehealth.fgov.be/standards/fhir/CodeSystem/be-cs-nursing-code|0.2.0"
        }],
        "contains" : [{
          "system" : "https://www.ehealth.fgov.be/standards/fhir/CodeSystem/be-cs-nursing-code",
          "code" : "bladder-care",
          "display" : "Bladder care"
        },
        {
          "system" : "https://www.ehealth.fgov.be/standards/fhir/CodeSystem/be-cs-nursing-code",
          "code" : "digestive-system-care",
          "display" : "Digestive system care"
        },
        {
          "system" : "https://www.ehealth.fgov.be/standards/fhir/CodeSystem/be-cs-nursing-code",
          "code" : "wound-care",
          "display" : "Wound care"
        },
        {
          "system" : "https://www.ehealth.fgov.be/standards/fhir/CodeSystem/be-cs-nursing-code",
          "code" : "compression-therapy",
          "display" : "Compression therapy"
        },
        {
          "system" : "https://www.ehealth.fgov.be/standards/fhir/CodeSystem/be-cs-nursing-code",
          "code" : "medication",
          "display" : "Medication"
        },
        {
          "system" : "https://www.ehealth.fgov.be/standards/fhir/CodeSystem/be-cs-nursing-code",
          "code" : "appendix-81-preparation-of-medications",
          "display" : "Appendix 81 preparation of medications"
        },
        {
          "system" : "https://www.ehealth.fgov.be/standards/fhir/CodeSystem/be-cs-nursing-code",
          "code" : "preparation-and-administration-of-medication-to-chronical-psychiatric-patient",
          "display" : "Preparation and administration of medication to chronical psychiatric patient"
        },
        {
          "system" : "https://www.ehealth.fgov.be/standards/fhir/CodeSystem/be-cs-nursing-code",
          "code" : "diabetic-patient-services",
          "display" : "Diabetic patient services"
        },
        {
          "system" : "https://www.ehealth.fgov.be/standards/fhir/CodeSystem/be-cs-nursing-code",
          "code" : "non-reimbursed-services",
          "display" : "Non reimbursed services"
        },
        {
          "system" : "https://www.ehealth.fgov.be/standards/fhir/CodeSystem/be-cs-nursing-code",
          "code" : "other",
          "display" : "Other"
        }]
      }
    }
  },
  {
    "fullUrl" : "https://www.ehealth.fgov.be/standards/fhir/ValueSet/be-vs-type-of-other-nursing",
    "resource" : {
      "resourceType" : "ValueSet",
      "id" : "be-vs-type-of-other-nursing",
      "text" : {
        "status" : "generated",
        "div" : "<div xmlns=\"http://www.w3.org/1999/xhtml\"><p>This value set contains 2 concepts</p><p style=\"border: black 1px dotted; background-color: #ffcccc; padding: 8px; margin-bottom: 8px\">Expansion based on code system fragment <a href=\"CodeSystem-be-cs-nursing-code-other.html\">BeNursingCodeOther v0.2.0 (CodeSystem)</a></p><p style=\"border: black 1px dotted; background-color: #EEEEEE; padding: 8px; margin-bottom: 8px\">Expansion based on <a href=\"CodeSystem-be-cs-nursing-code-other.html\">BeNursingCodeOther v0.2.0 (CodeSystem)</a></p><p>All codes in this table are from the system <a href=\"CodeSystem-be-cs-nursing-code-other.html\"><code>https://www.ehealth.fgov.be/standards/fhir/CodeSystem/be-cs-nursing-code-other</code></a></p><table class=\"codes\"><tr><td style=\"white-space:nowrap\"><b>Code</b></td><td><b>Display</b></td></tr><tr><td style=\"white-space:nowrap\"><a name=\"https---www.ehealth.fgov.be-standards-fhir-CodeSystem-be-cs-nursing-code-other-parameters\"> </a>parameters</td><td>Parameters</td></tr><tr><td style=\"white-space:nowrap\"><a name=\"https---www.ehealth.fgov.be-standards-fhir-CodeSystem-be-cs-nursing-code-other-sample-collection\"> </a>sample-collection</td><td>Sample collection</td></tr></table></div>"
      },
      "url" : "https://www.ehealth.fgov.be/standards/fhir/ValueSet/be-vs-type-of-other-nursing",
      "version" : "0.2.0",
      "name" : "BeOtherNursing",
      "status" : "draft",
      "date" : "2022-02-08T09:37:29+00:00",
      "publisher" : "HL7 Belgium",
      "contact" : [{
        "name" : "HL7 Belgium",
        "telecom" : [{
          "system" : "url",
          "value" : "http://hl7belgium.org"
        }]
      },
      {
        "name" : "Message-Structure",
        "telecom" : [{
          "system" : "email",
          "value" : "message-structure@ehealth.fgov.be",
          "use" : "work"
        }]
      }],
      "description" : "Codes to define a type of other nursing category.",
      "jurisdiction" : [{
        "coding" : [{
          "system" : "http://unstats.un.org/unsd/methods/m49/m49.htm",
          "code" : "056",
          "display" : "Belgium"
        }]
      }],
      "expansion" : {
        "identifier" : "urn:uuid:390aeae1-a8f8-4f08-ade2-fc55ff8aeebb",
        "timestamp" : "2022-02-08T09:38:05+00:00",
        "total" : 2,
        "parameter" : [{
          "name" : "excludeNested",
          "valueBoolean" : false
        },
        {
          "name" : "version",
          "valueUri" : "https://www.ehealth.fgov.be/standards/fhir/CodeSystem/be-cs-nursing-code-other|0.2.0"
        },
        {
          "name" : "fragment",
          "valueUri" : "https://www.ehealth.fgov.be/standards/fhir/CodeSystem/be-cs-nursing-code-other|0.2.0"
        }],
        "contains" : [{
          "system" : "https://www.ehealth.fgov.be/standards/fhir/CodeSystem/be-cs-nursing-code-other",
          "code" : "parameters",
          "display" : "Parameters"
        },
        {
          "system" : "https://www.ehealth.fgov.be/standards/fhir/CodeSystem/be-cs-nursing-code-other",
          "code" : "sample-collection",
          "display" : "Sample collection"
        }]
      }
    }
  }]
}