{
  "resourceType" : "Bundle",
  "id" : "a1f5fe56-9314-4d77-a139-e9dd278c1be9",
  "meta" : {
    "lastUpdated" : "2021-07-06T16:00:26.399+00:00"
  },
  "type" : "collection",
  "entry" : [{
    "fullUrl" : "https://www.ehealth.fgov.be/standards/fhir/ValueSet/be-vs-nursing-medication-category",
    "resource" : {
      "resourceType" : "ValueSet",
      "id" : "be-vs-nursing-medication-category",
      "text" : {
        "status" : "generated",
        "div" : "<div xmlns=\"http://www.w3.org/1999/xhtml\"><p>This value set contains 6 concepts</p><p style=\"border: black 1px dotted; background-color: #EEEEEE; padding: 8px; margin-bottom: 8px\">Expansion based on <a href=\"CodeSystem-be-nursing-medication-category.html\">BeNursingMedicationCategory v0.2.0 (CodeSystem)</a></p><p>All codes from system <a href=\"CodeSystem-be-nursing-medication-category.html\"><code>https://www.ehealth.fgov.be/standards/fhir/CodeSystem/be-nursing-medication-category</code></a></p><table class=\"codes\"><tr><td style=\"white-space:nowrap\"><b>Code</b></td><td><b>Display</b></td><td><b>Definition</b></td></tr><tr><td style=\"white-space:nowrap\"><a name=\"https---www.ehealth.fgov.be-standards-fhir-CodeSystem-be-nursing-medication-category-injection\"> </a><a href=\"CodeSystem-be-nursing-medication-category.html#be-nursing-medication-category-injection\">injection</a></td><td>injection</td><td/></tr><tr><td style=\"white-space:nowrap\"><a name=\"https---www.ehealth.fgov.be-standards-fhir-CodeSystem-be-nursing-medication-category-eyedrops\"> </a><a href=\"CodeSystem-be-nursing-medication-category.html#be-nursing-medication-category-eyedrops\">eyedrops</a></td><td>eyedrops.</td><td/></tr><tr><td style=\"white-space:nowrap\"><a name=\"https---www.ehealth.fgov.be-standards-fhir-CodeSystem-be-nursing-medication-category-oral\"> </a><a href=\"CodeSystem-be-nursing-medication-category.html#be-nursing-medication-category-oral\">oral</a></td><td>oral.</td><td/></tr><tr><td style=\"white-space:nowrap\"><a name=\"https---www.ehealth.fgov.be-standards-fhir-CodeSystem-be-nursing-medication-category-perfusion\"> </a><a href=\"CodeSystem-be-nursing-medication-category.html#be-nursing-medication-category-perfusion\">perfusion</a></td><td>perfusion.</td><td/></tr><tr><td style=\"white-space:nowrap\"><a name=\"https---www.ehealth.fgov.be-standards-fhir-CodeSystem-be-nursing-medication-category-percutaneous\"> </a><a href=\"CodeSystem-be-nursing-medication-category.html#be-nursing-medication-category-percutaneous\">percutaneous</a></td><td>percutaneous.</td><td/></tr><tr><td style=\"white-space:nowrap\"><a name=\"https---www.ehealth.fgov.be-standards-fhir-CodeSystem-be-nursing-medication-category-other\"> </a><a href=\"CodeSystem-be-nursing-medication-category.html#be-nursing-medication-category-other\">other</a></td><td>other.</td><td/></tr></table></div>"
      },
      "url" : "https://www.ehealth.fgov.be/standards/fhir/ValueSet/be-vs-nursing-medication-category",
      "version" : "0.2.0",
      "name" : "BeNursingMedicationCategory",
      "status" : "draft",
      "date" : "2021-07-06T16:00:26+00:00",
      "publisher" : "HL7 Belgium",
      "contact" : [{
        "telecom" : [{
          "system" : "url",
          "value" : "http://hl7belgium.org"
        }]
      }],
      "description" : "Codes to define a type of nursing medication category.",
      "jurisdiction" : [{
        "coding" : [{
          "system" : "http://unstats.un.org/unsd/methods/m49/m49.htm",
          "code" : "001"
        }]
      }],
      "expansion" : {
        "identifier" : "urn:uuid:cc41be9b-641e-4bfb-9253-ec380be5fa70",
        "timestamp" : "2021-07-06T16:00:57+00:00",
        "total" : 6,
        "parameter" : [{
          "name" : "excludeNested",
          "valueBoolean" : false
        },
        {
          "name" : "version",
          "valueUri" : "https://www.ehealth.fgov.be/standards/fhir/CodeSystem/be-nursing-medication-category|0.2.0"
        }],
        "contains" : [{
          "system" : "https://www.ehealth.fgov.be/standards/fhir/CodeSystem/be-nursing-medication-category",
          "code" : "injection",
          "display" : "injection"
        },
        {
          "system" : "https://www.ehealth.fgov.be/standards/fhir/CodeSystem/be-nursing-medication-category",
          "code" : "eyedrops",
          "display" : "eyedrops."
        },
        {
          "system" : "https://www.ehealth.fgov.be/standards/fhir/CodeSystem/be-nursing-medication-category",
          "code" : "oral",
          "display" : "oral."
        },
        {
          "system" : "https://www.ehealth.fgov.be/standards/fhir/CodeSystem/be-nursing-medication-category",
          "code" : "perfusion",
          "display" : "perfusion."
        },
        {
          "system" : "https://www.ehealth.fgov.be/standards/fhir/CodeSystem/be-nursing-medication-category",
          "code" : "percutaneous",
          "display" : "percutaneous."
        },
        {
          "system" : "https://www.ehealth.fgov.be/standards/fhir/CodeSystem/be-nursing-medication-category",
          "code" : "other",
          "display" : "other."
        }]
      }
    }
  },
  {
    "fullUrl" : "https://www.ehealth.fgov.be/standards/fhir/ValueSet/be-vs-nursing-medication-injection",
    "resource" : {
      "resourceType" : "ValueSet",
      "id" : "be-vs-nursing-medication-injection",
      "text" : {
        "status" : "generated",
        "div" : "<div xmlns=\"http://www.w3.org/1999/xhtml\"><p>This value set contains 4 concepts</p><p style=\"border: black 1px dotted; background-color: #EEEEEE; padding: 8px; margin-bottom: 8px\">Expansion based on <a href=\"CodeSystem-be-nursing-medication-injection.html\">BeNursingMedicationInjection v0.2.0 (CodeSystem)</a></p><p>All codes from system <a href=\"CodeSystem-be-nursing-medication-injection.html\"><code>https://www.ehealth.fgov.be/standards/fhir/CodeSystem/be-nursing-medication-injection</code></a></p><table class=\"codes\"><tr><td style=\"white-space:nowrap\"><b>Code</b></td><td><b>Display</b></td><td><b>Definition</b></td></tr><tr><td style=\"white-space:nowrap\"><a name=\"https---www.ehealth.fgov.be-standards-fhir-CodeSystem-be-nursing-medication-injection-IM\"> </a><a href=\"CodeSystem-be-nursing-medication-injection.html#be-nursing-medication-injection-IM\">IM</a></td><td>IM</td><td/></tr><tr><td style=\"white-space:nowrap\"><a name=\"https---www.ehealth.fgov.be-standards-fhir-CodeSystem-be-nursing-medication-injection-SC\"> </a><a href=\"CodeSystem-be-nursing-medication-injection.html#be-nursing-medication-injection-SC\">SC</a></td><td>SC</td><td/></tr><tr><td style=\"white-space:nowrap\"><a name=\"https---www.ehealth.fgov.be-standards-fhir-CodeSystem-be-nursing-medication-injection-ID\"> </a><a href=\"CodeSystem-be-nursing-medication-injection.html#be-nursing-medication-injection-ID\">ID</a></td><td>ID</td><td/></tr><tr><td style=\"white-space:nowrap\"><a name=\"https---www.ehealth.fgov.be-standards-fhir-CodeSystem-be-nursing-medication-injection-IV\"> </a><a href=\"CodeSystem-be-nursing-medication-injection.html#be-nursing-medication-injection-IV\">IV</a></td><td>IV</td><td/></tr></table></div>"
      },
      "url" : "https://www.ehealth.fgov.be/standards/fhir/ValueSet/be-vs-nursing-medication-injection",
      "version" : "0.2.0",
      "name" : "BeNursingMedicationInjection",
      "status" : "draft",
      "date" : "2021-07-06T16:00:26+00:00",
      "publisher" : "HL7 Belgium",
      "contact" : [{
        "telecom" : [{
          "system" : "url",
          "value" : "http://hl7belgium.org"
        }]
      }],
      "description" : "Codes to define a type of nursing medication injection.",
      "jurisdiction" : [{
        "coding" : [{
          "system" : "http://unstats.un.org/unsd/methods/m49/m49.htm",
          "code" : "001"
        }]
      }],
      "expansion" : {
        "identifier" : "urn:uuid:527c574d-47b9-445d-8309-02c7a1dd5f6e",
        "timestamp" : "2021-07-06T16:00:57+00:00",
        "total" : 4,
        "parameter" : [{
          "name" : "excludeNested",
          "valueBoolean" : false
        },
        {
          "name" : "version",
          "valueUri" : "https://www.ehealth.fgov.be/standards/fhir/CodeSystem/be-nursing-medication-injection|0.2.0"
        }],
        "contains" : [{
          "system" : "https://www.ehealth.fgov.be/standards/fhir/CodeSystem/be-nursing-medication-injection",
          "code" : "IM",
          "display" : "IM"
        },
        {
          "system" : "https://www.ehealth.fgov.be/standards/fhir/CodeSystem/be-nursing-medication-injection",
          "code" : "SC",
          "display" : "SC"
        },
        {
          "system" : "https://www.ehealth.fgov.be/standards/fhir/CodeSystem/be-nursing-medication-injection",
          "code" : "ID",
          "display" : "ID"
        },
        {
          "system" : "https://www.ehealth.fgov.be/standards/fhir/CodeSystem/be-nursing-medication-injection",
          "code" : "IV",
          "display" : "IV"
        }]
      }
    }
  },
  {
    "fullUrl" : "https://www.ehealth.fgov.be/standards/fhir/ValueSet/be-vs-type-of-nursing",
    "resource" : {
      "resourceType" : "ValueSet",
      "id" : "be-vs-type-of-nursing",
      "text" : {
        "status" : "generated",
        "div" : "<div xmlns=\"http://www.w3.org/1999/xhtml\"><p>This value set contains 7 concepts</p><div style=\"border: maroon 1px solid; background-color: #FFCCCC; padding: 8px\"><p>Warning: this expansion is generated from a fragment of the code system <a href=\"CodeSystem-be-cs-nursing-code.html\">BeNursingCode</a> and may be missing codes, or include codes that are not valid</p></div><p style=\"border: black 1px dotted; background-color: #EEEEEE; padding: 8px; margin-bottom: 8px\">Expansion based on <a href=\"CodeSystem-be-cs-nursing-code.html\">BeNursingCode v0.2.0 (CodeSystem)</a></p><p>All codes from system <a href=\"CodeSystem-be-cs-nursing-code.html\"><code>https://www.ehealth.fgov.be/standards/fhir/CodeSystem/be-cs-nursing-code</code></a></p><table class=\"codes\"><tr><td style=\"white-space:nowrap\"><b>Code</b></td><td><b>Display</b></td><td><b>Definition</b></td></tr><tr><td style=\"white-space:nowrap\"><a name=\"https---www.ehealth.fgov.be-standards-fhir-CodeSystem-be-cs-nursing-code-bladder-care\"> </a>bladder-care</td><td>Bladder care</td><td/></tr><tr><td style=\"white-space:nowrap\"><a name=\"https---www.ehealth.fgov.be-standards-fhir-CodeSystem-be-cs-nursing-code-digestive-system-care\"> </a>digestive-system-care</td><td>Digestive system care</td><td/></tr><tr><td style=\"white-space:nowrap\"><a name=\"https---www.ehealth.fgov.be-standards-fhir-CodeSystem-be-cs-nursing-code-wound-care\"> </a>wound-care</td><td>Wound care</td><td/></tr><tr><td style=\"white-space:nowrap\"><a name=\"https---www.ehealth.fgov.be-standards-fhir-CodeSystem-be-cs-nursing-code-compression-therapy\"> </a>compression-therapy</td><td>Compression therapy</td><td/></tr><tr><td style=\"white-space:nowrap\"><a name=\"https---www.ehealth.fgov.be-standards-fhir-CodeSystem-be-cs-nursing-code-medication\"> </a>medication</td><td>Medication</td><td/></tr><tr><td style=\"white-space:nowrap\"><a name=\"https---www.ehealth.fgov.be-standards-fhir-CodeSystem-be-cs-nursing-code-diabetic-patient-services\"> </a>diabetic-patient-services</td><td>Diabetic patient services</td><td/></tr><tr><td style=\"white-space:nowrap\"><a name=\"https---www.ehealth.fgov.be-standards-fhir-CodeSystem-be-cs-nursing-code-not-reimbursed-services\"> </a>not-reimbursed-services</td><td>Not reimbursed services</td><td/></tr></table></div>"
      },
      "url" : "https://www.ehealth.fgov.be/standards/fhir/ValueSet/be-vs-type-of-nursing",
      "version" : "0.2.0",
      "name" : "BeNursingType",
      "status" : "draft",
      "date" : "2021-07-06T16:00:26+00:00",
      "publisher" : "HL7 Belgium",
      "contact" : [{
        "telecom" : [{
          "system" : "url",
          "value" : "http://hl7belgium.org"
        }]
      }],
      "description" : "Codes to define a type of nursing.",
      "jurisdiction" : [{
        "coding" : [{
          "system" : "http://unstats.un.org/unsd/methods/m49/m49.htm",
          "code" : "001"
        }]
      }],
      "expansion" : {
        "extension" : [{
          "url" : "http://hl7.org/fhir/tools/StructureDefinition/expansion-codesystem-fragment",
          "valueUri" : "https://www.ehealth.fgov.be/standards/fhir/CodeSystem/be-cs-nursing-code"
        }],
        "identifier" : "urn:uuid:5d8f5d28-e45e-42f3-9e8c-9945afbf11b7",
        "timestamp" : "2021-07-06T16:00:59+00:00",
        "total" : 7,
        "parameter" : [{
          "name" : "excludeNested",
          "valueBoolean" : false
        },
        {
          "name" : "version",
          "valueUri" : "https://www.ehealth.fgov.be/standards/fhir/CodeSystem/be-cs-nursing-code|0.2.0"
        }],
        "contains" : [{
          "system" : "https://www.ehealth.fgov.be/standards/fhir/CodeSystem/be-cs-nursing-code",
          "code" : "bladder-care",
          "display" : "Bladder care"
        },
        {
          "system" : "https://www.ehealth.fgov.be/standards/fhir/CodeSystem/be-cs-nursing-code",
          "code" : "digestive-system-care",
          "display" : "Digestive system care"
        },
        {
          "system" : "https://www.ehealth.fgov.be/standards/fhir/CodeSystem/be-cs-nursing-code",
          "code" : "wound-care",
          "display" : "Wound care"
        },
        {
          "system" : "https://www.ehealth.fgov.be/standards/fhir/CodeSystem/be-cs-nursing-code",
          "code" : "compression-therapy",
          "display" : "Compression therapy"
        },
        {
          "system" : "https://www.ehealth.fgov.be/standards/fhir/CodeSystem/be-cs-nursing-code",
          "code" : "medication",
          "display" : "Medication"
        },
        {
          "system" : "https://www.ehealth.fgov.be/standards/fhir/CodeSystem/be-cs-nursing-code",
          "code" : "diabetic-patient-services",
          "display" : "Diabetic patient services"
        },
        {
          "system" : "https://www.ehealth.fgov.be/standards/fhir/CodeSystem/be-cs-nursing-code",
          "code" : "not-reimbursed-services",
          "display" : "Not reimbursed services"
        }]
      }
    }
  },
  {
    "fullUrl" : "https://www.ehealth.fgov.be/standards/fhir/ValueSet/be-vs-type-of-compression",
    "resource" : {
      "resourceType" : "ValueSet",
      "id" : "be-vs-type-of-compression",
      "text" : {
        "status" : "generated",
        "div" : "<div xmlns=\"http://www.w3.org/1999/xhtml\"><p>This value set contains 4 concepts</p><p style=\"border: black 1px dotted; background-color: #EEEEEE; padding: 8px; margin-bottom: 8px\">Expansion based on <a href=\"CodeSystem-be-cs-nursing-code-compressiontherapy.html\">BeNursingCodeCompressiontherapy v0.2.0 (CodeSystem)</a></p><p>All codes from system <a href=\"CodeSystem-be-cs-nursing-code-compressiontherapy.html\"><code>https://www.ehealth.fgov.be/standards/fhir/CodeSystem/be-cs-nursing-code-compressiontherapy</code></a></p><table class=\"codes\"><tr><td style=\"white-space:nowrap\"><b>Code</b></td><td><b>Display</b></td><td><b>Definition</b></td></tr><tr><td style=\"white-space:nowrap\"><a name=\"https---www.ehealth.fgov.be-standards-fhir-CodeSystem-be-cs-nursing-code-compressiontherapy-compression-bandage-s--short-strech\"> </a><a href=\"CodeSystem-be-cs-nursing-code-compressiontherapy.html#be-cs-nursing-code-compressiontherapy-compression-bandage.40s.41-short-strech\">compression-bandage(s)-short-strech</a></td><td>Compression bandage(s) short strech</td><td/></tr><tr><td style=\"white-space:nowrap\"><a name=\"https---www.ehealth.fgov.be-standards-fhir-CodeSystem-be-cs-nursing-code-compressiontherapy-compression-bandage-s--long-strech\"> </a><a href=\"CodeSystem-be-cs-nursing-code-compressiontherapy.html#be-cs-nursing-code-compressiontherapy-compression-bandage.40s.41-long-strech\">compression-bandage(s)-long-strech</a></td><td>Compression bandage(s) long strech</td><td/></tr><tr><td style=\"white-space:nowrap\"><a name=\"https---www.ehealth.fgov.be-standards-fhir-CodeSystem-be-cs-nursing-code-compressiontherapy-compression-adhesive-s-\"> </a><a href=\"CodeSystem-be-cs-nursing-code-compressiontherapy.html#be-cs-nursing-code-compressiontherapy-compression-adhesive.40s.41\">compression-adhesive(s)</a></td><td>Compression adhesive(s)</td><td/></tr><tr><td style=\"white-space:nowrap\"><a name=\"https---www.ehealth.fgov.be-standards-fhir-CodeSystem-be-cs-nursing-code-compressiontherapy-compression-stockings\"> </a><a href=\"CodeSystem-be-cs-nursing-code-compressiontherapy.html#be-cs-nursing-code-compressiontherapy-compression-stockings\">compression-stockings</a></td><td>Stockings</td><td/></tr></table></div>"
      },
      "url" : "https://www.ehealth.fgov.be/standards/fhir/ValueSet/be-vs-type-of-compression",
      "version" : "0.2.0",
      "name" : "BeCompressionType",
      "status" : "draft",
      "date" : "2021-07-06T16:00:26+00:00",
      "publisher" : "HL7 Belgium",
      "contact" : [{
        "telecom" : [{
          "system" : "url",
          "value" : "http://hl7belgium.org"
        }]
      }],
      "description" : "Codes to define a type of compression therapy.",
      "jurisdiction" : [{
        "coding" : [{
          "system" : "http://unstats.un.org/unsd/methods/m49/m49.htm",
          "code" : "001"
        }]
      }],
      "expansion" : {
        "identifier" : "urn:uuid:87d4be19-dbf8-49cc-a26e-9580531fb0cb",
        "timestamp" : "2021-07-06T16:00:59+00:00",
        "total" : 4,
        "parameter" : [{
          "name" : "excludeNested",
          "valueBoolean" : false
        },
        {
          "name" : "version",
          "valueUri" : "https://www.ehealth.fgov.be/standards/fhir/CodeSystem/be-cs-nursing-code-compressiontherapy|0.2.0"
        }],
        "contains" : [{
          "system" : "https://www.ehealth.fgov.be/standards/fhir/CodeSystem/be-cs-nursing-code-compressiontherapy",
          "code" : "compression-bandage(s)-short-strech",
          "display" : "Compression bandage(s) short strech"
        },
        {
          "system" : "https://www.ehealth.fgov.be/standards/fhir/CodeSystem/be-cs-nursing-code-compressiontherapy",
          "code" : "compression-bandage(s)-long-strech",
          "display" : "Compression bandage(s) long strech"
        },
        {
          "system" : "https://www.ehealth.fgov.be/standards/fhir/CodeSystem/be-cs-nursing-code-compressiontherapy",
          "code" : "compression-adhesive(s)",
          "display" : "Compression adhesive(s)"
        },
        {
          "system" : "https://www.ehealth.fgov.be/standards/fhir/CodeSystem/be-cs-nursing-code-compressiontherapy",
          "code" : "compression-stockings",
          "display" : "Stockings"
        }]
      }
    }
  },
  {
    "fullUrl" : "https://www.ehealth.fgov.be/standards/fhir/ValueSet/be-contrastfluid-use",
    "resource" : {
      "resourceType" : "ValueSet",
      "id" : "be-vs-contrastfluid-use",
      "text" : {
        "status" : "generated",
        "div" : "<div xmlns=\"http://www.w3.org/1999/xhtml\"><p>This value set contains 2 concepts</p><p style=\"border: black 1px dotted; background-color: #EEEEEE; padding: 8px; margin-bottom: 8px\">Expansion based on <a href=\"CodeSystem-be-contrastfluid-use.html\">BeContrastFluidUse v0.2.0 (CodeSystem)</a></p><p>All codes from system <a href=\"CodeSystem-be-contrastfluid-use.html\"><code>https://www.ehealth.fgov.be/standards/fhir/CodeSystem/be-contrastfluid-use</code></a></p><table class=\"codes\"><tr><td style=\"white-space:nowrap\"><b>Code</b></td><td><b>Display</b></td><td><b>Definition</b></td></tr><tr><td style=\"white-space:nowrap\"><a name=\"https---www.ehealth.fgov.be-standards-fhir-CodeSystem-be-contrastfluid-use-if-necessary\"> </a><a href=\"CodeSystem-be-contrastfluid-use.html#be-contrastfluid-use-if-necessary\">if-necessary</a></td><td>if-necessary</td><td/></tr><tr><td style=\"white-space:nowrap\"><a name=\"https---www.ehealth.fgov.be-standards-fhir-CodeSystem-be-contrastfluid-use-not-permitted\"> </a><a href=\"CodeSystem-be-contrastfluid-use.html#be-contrastfluid-use-not-permitted\">not-permitted</a></td><td>not-permitted</td><td/></tr></table></div>"
      },
      "url" : "https://www.ehealth.fgov.be/standards/fhir/ValueSet/be-contrastfluid-use",
      "version" : "0.2.0",
      "name" : "BeContrastFluidUse",
      "status" : "draft",
      "date" : "2021-07-06T16:00:26+00:00",
      "publisher" : "HL7 Belgium",
      "contact" : [{
        "telecom" : [{
          "system" : "url",
          "value" : "http://hl7belgium.org"
        }]
      }],
      "description" : "Codes to define the use of contrast fluid.",
      "jurisdiction" : [{
        "coding" : [{
          "system" : "http://unstats.un.org/unsd/methods/m49/m49.htm",
          "code" : "001"
        }]
      }],
      "expansion" : {
        "identifier" : "urn:uuid:758b3647-9cc5-4247-b50e-74796fd5541d",
        "timestamp" : "2021-07-06T16:00:59+00:00",
        "total" : 2,
        "parameter" : [{
          "name" : "excludeNested",
          "valueBoolean" : false
        },
        {
          "name" : "version",
          "valueUri" : "https://www.ehealth.fgov.be/standards/fhir/CodeSystem/be-contrastfluid-use|0.2.0"
        }],
        "contains" : [{
          "system" : "https://www.ehealth.fgov.be/standards/fhir/CodeSystem/be-contrastfluid-use",
          "code" : "if-necessary",
          "display" : "if-necessary"
        },
        {
          "system" : "https://www.ehealth.fgov.be/standards/fhir/CodeSystem/be-contrastfluid-use",
          "code" : "not-permitted",
          "display" : "not-permitted"
        }]
      }
    }
  },
  {
    "fullUrl" : "https://www.ehealth.fgov.be/standards/fhir/ValueSet/be-vs-digestive-system-care",
    "resource" : {
      "resourceType" : "ValueSet",
      "id" : "be-vs-digestive-system-care",
      "text" : {
        "status" : "generated",
        "div" : "<div xmlns=\"http://www.w3.org/1999/xhtml\"><p>This value set contains 9 concepts</p><p style=\"border: black 1px dotted; background-color: #EEEEEE; padding: 8px; margin-bottom: 8px\">Expansion based on <a href=\"CodeSystem-codesystem-be-digestive-system-care.html\">BeDigestiveSystemCare v0.2.0 (CodeSystem)</a></p><p>All codes from system <a href=\"CodeSystem-codesystem-be-digestive-system-care.html\"><code>https://www.ehealth.fgov.be/standards/fhir/CodeSystem/be-cs-digestive-system-care</code></a></p><table class=\"codes\"><tr><td style=\"white-space:nowrap\"><b>Code</b></td><td><b>Display</b></td><td><b>Definition</b></td></tr><tr><td style=\"white-space:nowrap\"><a name=\"https---www.ehealth.fgov.be-standards-fhir-CodeSystem-be-cs-digestive-system-care-enteral-feeding-stomach-probe\"> </a><a href=\"CodeSystem-codesystem-be-digestive-system-care.html#codesystem-be-digestive-system-care-enteral-feeding-stomach-probe\">enteral-feeding-stomach-probe</a></td><td>Enteral feeding stomach probe</td><td/></tr><tr><td style=\"white-space:nowrap\"><a name=\"https---www.ehealth.fgov.be-standards-fhir-CodeSystem-be-cs-digestive-system-care-enteral-feeding-gastrostomy-probe\"> </a><a href=\"CodeSystem-codesystem-be-digestive-system-care.html#codesystem-be-digestive-system-care-enteral-feeding-gastrostomy-probe\">enteral-feeding-gastrostomy-probe</a></td><td>Enteral feeding gastrostomy probe</td><td/></tr><tr><td style=\"white-space:nowrap\"><a name=\"https---www.ehealth.fgov.be-standards-fhir-CodeSystem-be-cs-digestive-system-care-enteral-feeding-enterostomy-probe\"> </a><a href=\"CodeSystem-codesystem-be-digestive-system-care.html#codesystem-be-digestive-system-care-enteral-feeding-enterostomy-probe\">enteral-feeding-enterostomy-probe</a></td><td>Enteral feeding enterostomy probe</td><td/></tr><tr><td style=\"white-space:nowrap\"><a name=\"https---www.ehealth.fgov.be-standards-fhir-CodeSystem-be-cs-digestive-system-care-enteral-feeding-enterostomy-probe-jejunostomy\"> </a><a href=\"CodeSystem-codesystem-be-digestive-system-care.html#codesystem-be-digestive-system-care-enteral-feeding-enterostomy-probe-jejunostomy\">enteral-feeding-enterostomy-probe-jejunostomy</a></td><td>Enteral feeding enterostomy probe jejunostomy</td><td/></tr><tr><td style=\"white-space:nowrap\"><a name=\"https---www.ehealth.fgov.be-standards-fhir-CodeSystem-be-cs-digestive-system-care-enteral-feeding-enterostomy-probe-ileostomy\"> </a><a href=\"CodeSystem-codesystem-be-digestive-system-care.html#codesystem-be-digestive-system-care-enteral-feeding-enterostomy-probe-ileostomy\">enteral-feeding-enterostomy-probe-ileostomy</a></td><td>Enteral feeding enterostomy probe ileostomy</td><td/></tr><tr><td style=\"white-space:nowrap\"><a name=\"https---www.ehealth.fgov.be-standards-fhir-CodeSystem-be-cs-digestive-system-care-colonic-cleansing\"> </a><a href=\"CodeSystem-codesystem-be-digestive-system-care.html#codesystem-be-digestive-system-care-colonic-cleansing\">colonic-cleansing</a></td><td>colonic-cleansing</td><td/></tr><tr><td style=\"white-space:nowrap\"><a name=\"https---www.ehealth.fgov.be-standards-fhir-CodeSystem-be-cs-digestive-system-care-gastrointestinal-tubing-and-drainage\"> </a><a href=\"CodeSystem-codesystem-be-digestive-system-care.html#codesystem-be-digestive-system-care-gastrointestinal-tubing-and-drainage\">gastrointestinal-tubing-and-drainage</a></td><td>gastrointestinal-tubing-and-drainage</td><td/></tr><tr><td style=\"white-space:nowrap\"><a name=\"https---www.ehealth.fgov.be-standards-fhir-CodeSystem-be-cs-digestive-system-care-manual-removal-of-faecal-omen\"> </a><a href=\"CodeSystem-codesystem-be-digestive-system-care.html#codesystem-be-digestive-system-care-manual-removal-of-faecal-omen\">manual-removal-of-faecal-omen</a></td><td>Manual removal of faecal omen</td><td/></tr><tr><td style=\"white-space:nowrap\"><a name=\"https---www.ehealth.fgov.be-standards-fhir-CodeSystem-be-cs-digestive-system-care-clyster\"> </a><a href=\"CodeSystem-codesystem-be-digestive-system-care.html#codesystem-be-digestive-system-care-clyster\">clyster</a></td><td>Clyster</td><td/></tr></table></div>"
      },
      "url" : "https://www.ehealth.fgov.be/standards/fhir/ValueSet/be-vs-digestive-system-care",
      "version" : "0.2.0",
      "name" : "BeDigestiveSystemCare",
      "status" : "draft",
      "date" : "2021-07-06T16:00:26+00:00",
      "publisher" : "HL7 Belgium",
      "contact" : [{
        "telecom" : [{
          "system" : "url",
          "value" : "http://hl7belgium.org"
        }]
      }],
      "description" : "Codes to define digestive system care",
      "jurisdiction" : [{
        "coding" : [{
          "system" : "http://unstats.un.org/unsd/methods/m49/m49.htm",
          "code" : "001"
        }]
      }],
      "expansion" : {
        "identifier" : "urn:uuid:88eee19b-549f-4bda-ae09-e104f375e94e",
        "timestamp" : "2021-07-06T16:00:59+00:00",
        "total" : 9,
        "parameter" : [{
          "name" : "excludeNested",
          "valueBoolean" : false
        },
        {
          "name" : "version",
          "valueUri" : "https://www.ehealth.fgov.be/standards/fhir/CodeSystem/be-cs-digestive-system-care|0.2.0"
        }],
        "contains" : [{
          "system" : "https://www.ehealth.fgov.be/standards/fhir/CodeSystem/be-cs-digestive-system-care",
          "code" : "enteral-feeding-stomach-probe",
          "display" : "Enteral feeding stomach probe"
        },
        {
          "system" : "https://www.ehealth.fgov.be/standards/fhir/CodeSystem/be-cs-digestive-system-care",
          "code" : "enteral-feeding-gastrostomy-probe",
          "display" : "Enteral feeding gastrostomy probe"
        },
        {
          "system" : "https://www.ehealth.fgov.be/standards/fhir/CodeSystem/be-cs-digestive-system-care",
          "code" : "enteral-feeding-enterostomy-probe",
          "display" : "Enteral feeding enterostomy probe"
        },
        {
          "system" : "https://www.ehealth.fgov.be/standards/fhir/CodeSystem/be-cs-digestive-system-care",
          "code" : "enteral-feeding-enterostomy-probe-jejunostomy",
          "display" : "Enteral feeding enterostomy probe jejunostomy"
        },
        {
          "system" : "https://www.ehealth.fgov.be/standards/fhir/CodeSystem/be-cs-digestive-system-care",
          "code" : "enteral-feeding-enterostomy-probe-ileostomy",
          "display" : "Enteral feeding enterostomy probe ileostomy"
        },
        {
          "system" : "https://www.ehealth.fgov.be/standards/fhir/CodeSystem/be-cs-digestive-system-care",
          "code" : "colonic-cleansing",
          "display" : "colonic-cleansing"
        },
        {
          "system" : "https://www.ehealth.fgov.be/standards/fhir/CodeSystem/be-cs-digestive-system-care",
          "code" : "gastrointestinal-tubing-and-drainage",
          "display" : "gastrointestinal-tubing-and-drainage"
        },
        {
          "system" : "https://www.ehealth.fgov.be/standards/fhir/CodeSystem/be-cs-digestive-system-care",
          "code" : "manual-removal-of-faecal-omen",
          "display" : "Manual removal of faecal omen"
        },
        {
          "system" : "https://www.ehealth.fgov.be/standards/fhir/CodeSystem/be-cs-digestive-system-care",
          "code" : "clyster",
          "display" : "Clyster"
        }]
      }
    }
  },
  {
    "fullUrl" : "https://www.ehealth.fgov.be/standards/fhir/ValueSet/be-vs-type-of-bladder-care",
    "resource" : {
      "resourceType" : "ValueSet",
      "id" : "be-vs-type-of-bladder-care",
      "text" : {
        "status" : "generated",
        "div" : "<div xmlns=\"http://www.w3.org/1999/xhtml\"><p>This value set contains 5 concepts</p><p style=\"border: black 1px dotted; background-color: #EEEEEE; padding: 8px; margin-bottom: 8px\">Expansion based on <a href=\"CodeSystem-codesystem-be-type-of-bladder-care.html\">BeBladderCareType v0.2.0 (CodeSystem)</a></p><p>All codes from system <a href=\"CodeSystem-codesystem-be-type-of-bladder-care.html\"><code>https://www.ehealth.fgov.be/standards/fhir/CodeSystem/be-cs-type-of-bladder-care</code></a></p><table class=\"codes\"><tr><td style=\"white-space:nowrap\"><b>Code</b></td><td><b>Display</b></td><td><b>Definition</b></td></tr><tr><td style=\"white-space:nowrap\"><a name=\"https---www.ehealth.fgov.be-standards-fhir-CodeSystem-be-cs-type-of-bladder-care-bladder-probe-indwelling\"> </a><a href=\"CodeSystem-codesystem-be-type-of-bladder-care.html#codesystem-be-type-of-bladder-care-bladder-probe-indwelling\">bladder-probe-indwelling</a></td><td>bladder-probe-indwelling</td><td/></tr><tr><td style=\"white-space:nowrap\"><a name=\"https---www.ehealth.fgov.be-standards-fhir-CodeSystem-be-cs-type-of-bladder-care-bladder-probe-in-out\"> </a><a href=\"CodeSystem-codesystem-be-type-of-bladder-care.html#codesystem-be-type-of-bladder-care-bladder-probe-in-out\">bladder-probe-in-out</a></td><td>Bladder probe in/out</td><td/></tr><tr><td style=\"white-space:nowrap\"><a name=\"https---www.ehealth.fgov.be-standards-fhir-CodeSystem-be-cs-type-of-bladder-care-bladder-instillation\"> </a><a href=\"CodeSystem-codesystem-be-type-of-bladder-care.html#codesystem-be-type-of-bladder-care-bladder-instillation\">bladder-instillation</a></td><td>bladder-instillation</td><td/></tr><tr><td style=\"white-space:nowrap\"><a name=\"https---www.ehealth.fgov.be-standards-fhir-CodeSystem-be-cs-type-of-bladder-care-bladder-flushing\"> </a><a href=\"CodeSystem-codesystem-be-type-of-bladder-care.html#codesystem-be-type-of-bladder-care-bladder-flushing\">bladder-flushing</a></td><td>bladder-flushing</td><td/></tr><tr><td style=\"white-space:nowrap\"><a name=\"https---www.ehealth.fgov.be-standards-fhir-CodeSystem-be-cs-type-of-bladder-care-suprapubic-probe\"> </a><a href=\"CodeSystem-codesystem-be-type-of-bladder-care.html#codesystem-be-type-of-bladder-care-suprapubic-probe\">suprapubic-probe</a></td><td>suprapubic-probe</td><td/></tr></table></div>"
      },
      "url" : "https://www.ehealth.fgov.be/standards/fhir/ValueSet/be-vs-type-of-bladder-care",
      "version" : "0.2.0",
      "name" : "BeBladderCareType",
      "status" : "draft",
      "date" : "2021-07-06T16:00:26+00:00",
      "publisher" : "HL7 Belgium",
      "contact" : [{
        "telecom" : [{
          "system" : "url",
          "value" : "http://hl7belgium.org"
        }]
      }],
      "description" : "Codes to define a type of bladder care.",
      "jurisdiction" : [{
        "coding" : [{
          "system" : "http://unstats.un.org/unsd/methods/m49/m49.htm",
          "code" : "001"
        }]
      }],
      "expansion" : {
        "identifier" : "urn:uuid:895f7e98-58c6-46c9-a4d0-a08017d04596",
        "timestamp" : "2021-07-06T16:00:59+00:00",
        "total" : 5,
        "parameter" : [{
          "name" : "excludeNested",
          "valueBoolean" : false
        },
        {
          "name" : "version",
          "valueUri" : "https://www.ehealth.fgov.be/standards/fhir/CodeSystem/be-cs-type-of-bladder-care|0.2.0"
        }],
        "contains" : [{
          "system" : "https://www.ehealth.fgov.be/standards/fhir/CodeSystem/be-cs-type-of-bladder-care",
          "code" : "bladder-probe-indwelling",
          "display" : "bladder-probe-indwelling"
        },
        {
          "system" : "https://www.ehealth.fgov.be/standards/fhir/CodeSystem/be-cs-type-of-bladder-care",
          "code" : "bladder-probe-in-out",
          "display" : "Bladder probe in/out"
        },
        {
          "system" : "https://www.ehealth.fgov.be/standards/fhir/CodeSystem/be-cs-type-of-bladder-care",
          "code" : "bladder-instillation",
          "display" : "bladder-instillation"
        },
        {
          "system" : "https://www.ehealth.fgov.be/standards/fhir/CodeSystem/be-cs-type-of-bladder-care",
          "code" : "bladder-flushing",
          "display" : "bladder-flushing"
        },
        {
          "system" : "https://www.ehealth.fgov.be/standards/fhir/CodeSystem/be-cs-type-of-bladder-care",
          "code" : "suprapubic-probe",
          "display" : "suprapubic-probe"
        }]
      }
    }
  },
  {
    "fullUrl" : "https://www.ehealth.fgov.be/standards/fhir/ValueSet/be-reason-referral-status",
    "resource" : {
      "resourceType" : "ValueSet",
      "id" : "be-vs-reason-referral-status",
      "text" : {
        "status" : "generated",
        "div" : "<div xmlns=\"http://www.w3.org/1999/xhtml\"><p>This value set contains 2 concepts</p><div style=\"border: maroon 1px solid; background-color: #FFCCCC; padding: 8px\"><p>Warning: this expansion is generated from a fragment of the code system <a href=\"CodeSystem-be-status-reason.html\">BeStatusReason</a> and may be missing codes, or include codes that are not valid</p></div><p style=\"border: black 1px dotted; background-color: #EEEEEE; padding: 8px; margin-bottom: 8px\">Expansion based on <a href=\"CodeSystem-be-status-reason.html\">BeStatusReason v0.2.0 (CodeSystem)</a></p><p>All codes from system <a href=\"CodeSystem-be-status-reason.html\"><code>https://www.ehealth.fgov.be/standards/fhir/CodeSystem/be-status-reason</code></a></p><table class=\"codes\"><tr><td style=\"white-space:nowrap\"><b>Code</b></td><td><b>Display</b></td><td><b>Definition</b></td></tr><tr><td style=\"white-space:nowrap\"><a name=\"https---www.ehealth.fgov.be-standards-fhir-CodeSystem-be-status-reason-created\"> </a>created</td><td>created</td><td/></tr><tr><td style=\"white-space:nowrap\"><a name=\"https---www.ehealth.fgov.be-standards-fhir-CodeSystem-be-status-reason-not-used-by-patient\"> </a>not-used-by-patient</td><td>not-used-by-patient</td><td/></tr></table></div>"
      },
      "url" : "https://www.ehealth.fgov.be/standards/fhir/ValueSet/be-reason-referral-status",
      "version" : "0.2.0",
      "name" : "BeReasonReferralStatus",
      "status" : "active",
      "date" : "2021-07-06T16:00:26+00:00",
      "publisher" : "HL7 Belgium",
      "contact" : [{
        "telecom" : [{
          "system" : "url",
          "value" : "http://hl7belgium.org"
        }]
      }],
      "description" : "Codes to explain the current status of a referral prescription.",
      "jurisdiction" : [{
        "coding" : [{
          "system" : "http://unstats.un.org/unsd/methods/m49/m49.htm",
          "code" : "001"
        }]
      }],
      "expansion" : {
        "extension" : [{
          "url" : "http://hl7.org/fhir/tools/StructureDefinition/expansion-codesystem-fragment",
          "valueUri" : "https://www.ehealth.fgov.be/standards/fhir/CodeSystem/be-status-reason"
        }],
        "identifier" : "urn:uuid:72b2d28d-82d4-4306-9c1a-c86cf8d46404",
        "timestamp" : "2021-07-06T16:00:59+00:00",
        "total" : 2,
        "parameter" : [{
          "name" : "excludeNested",
          "valueBoolean" : false
        },
        {
          "name" : "version",
          "valueUri" : "https://www.ehealth.fgov.be/standards/fhir/CodeSystem/be-status-reason|0.2.0"
        }],
        "contains" : [{
          "system" : "https://www.ehealth.fgov.be/standards/fhir/CodeSystem/be-status-reason",
          "code" : "created",
          "display" : "created"
        },
        {
          "system" : "https://www.ehealth.fgov.be/standards/fhir/CodeSystem/be-status-reason",
          "code" : "not-used-by-patient",
          "display" : "not-used-by-patient"
        }]
      }
    }
  },
  {
    "fullUrl" : "https://www.ehealth.fgov.be/standards/fhir/ValueSet/be-referral-category",
    "resource" : {
      "resourceType" : "ValueSet",
      "id" : "be-vs-referral-category",
      "text" : {
        "status" : "generated",
        "div" : "<div xmlns=\"http://www.w3.org/1999/xhtml\"><p>This value set contains 4 concepts</p><p style=\"border: black 1px dotted; background-color: #EEEEEE; padding: 8px; margin-bottom: 8px\">Expansion based on SNOMED CT International edition 31-Jan 2021</p><p>All codes from system <a href=\"http://terminology.hl7.org/2.1.0/CodeSystem-v3-snomed-CT.html\"><code>http://snomed.info/sct</code></a></p><table class=\"codes\"><tr><td style=\"white-space:nowrap\"><b>Code</b></td><td><b>Display</b></td><td><b>Definition</b></td></tr><tr><td style=\"white-space:nowrap\"><a name=\"http---snomed.info-sct-363679005\"> </a><a href=\"http://browser.ihtsdotools.org/?perspective=full&amp;conceptId1=363679005\">363679005</a></td><td>Imaging (procedure)</td><td/></tr><tr><td style=\"white-space:nowrap\"><a name=\"http---snomed.info-sct-91251008\"> </a><a href=\"http://browser.ihtsdotools.org/?perspective=full&amp;conceptId1=91251008\">91251008</a></td><td>Physical therapy procedure (regime/therapy)</td><td/></tr><tr><td style=\"white-space:nowrap\"><a name=\"http---snomed.info-sct-9632001\"> </a><a href=\"http://browser.ihtsdotools.org/?perspective=full&amp;conceptId1=9632001\">9632001</a></td><td>Nursing procedure (procedure)</td><td/></tr><tr><td style=\"white-space:nowrap\"><a name=\"http---snomed.info-sct-15220000\"> </a><a href=\"http://browser.ihtsdotools.org/?perspective=full&amp;conceptId1=15220000\">15220000</a></td><td>Laboratory test (procedure)</td><td/></tr></table></div>"
      },
      "url" : "https://www.ehealth.fgov.be/standards/fhir/ValueSet/be-referral-category",
      "version" : "0.2.0",
      "name" : "BeReferralCategory",
      "status" : "draft",
      "date" : "2021-07-06T16:00:26+00:00",
      "publisher" : "HL7 Belgium",
      "contact" : [{
        "telecom" : [{
          "system" : "url",
          "value" : "http://hl7belgium.org"
        }]
      }],
      "description" : "Codes to define the high level category for a referral prescription. SNOMED-CT codes in this valueset are just a draft proposal to give a general idea - pending an official valueset.",
      "jurisdiction" : [{
        "coding" : [{
          "system" : "http://unstats.un.org/unsd/methods/m49/m49.htm",
          "code" : "001"
        }]
      }],
      "expansion" : {
        "identifier" : "urn:uuid:6f7ce001-9dc2-4d9d-9567-82e3530498a7",
        "timestamp" : "2021-07-06T16:01:00+00:00",
        "total" : 4,
        "parameter" : [{
          "name" : "excludeNested",
          "valueBoolean" : false
        },
        {
          "name" : "limitedExpansion",
          "valueBoolean" : true
        },
        {
          "name" : "version",
          "valueString" : "http://snomed.info/sct|http://snomed.info/sct/900000000000207008/version/20210131"
        }],
        "contains" : [{
          "system" : "http://snomed.info/sct",
          "code" : "363679005",
          "display" : "Imaging (procedure)"
        },
        {
          "system" : "http://snomed.info/sct",
          "code" : "91251008",
          "display" : "Physical therapy procedure (regime/therapy)"
        },
        {
          "system" : "http://snomed.info/sct",
          "code" : "9632001",
          "display" : "Nursing procedure (procedure)"
        },
        {
          "system" : "http://snomed.info/sct",
          "code" : "15220000",
          "display" : "Laboratory test (procedure)"
        }]
      }
    }
  }]
}