{
  "resourceType" : "MedicationRequest",
  "id" : "example19-referralprescription-nursing-medication",
  "meta" : {
    "profile" : ["https://www.ehealth.fgov.be/standards/fhir/referral/StructureDefinition/be-referralprescription-nursing-gen-medication"]
  },
  "text" : {
    "status" : "extensions",
    "div" : "<div xmlns=\"http://www.w3.org/1999/xhtml\"><p><b>Generated Narrative: MedicationRequest</b><a name=\"example19-referralprescription-nursing-medication\"> </a></p><div style=\"display: inline-block; background-color: #d9e0e7; padding: 6px; margin: 4px; border: 1px solid #8da1b4; border-radius: 5px; line-height: 60%\"><p style=\"margin-bottom: 0px\">Resource MedicationRequest &quot;example19-referralprescription-nursing-medication&quot; </p><p style=\"margin-bottom: 0px\">Profile: <a href=\"StructureDefinition-be-referralprescription-nursing-gen-medication.html\">BeReferralPrescriptionNursingGenMedication</a></p></div><blockquote><p><b>BeIntendedPerformer</b></p><p><b>value</b>: Nurse <span style=\"background: LightGoldenRodYellow; margin: 4px; border: 1px solid khaki\"> (<a href=\"https://browser.ihtsdotools.org/\">SNOMED CT</a>#106292003)</span></p><p><b>value</b>: <a href=\"Practitioner-practitioner2.html\">Practitioner/practitioner2</a> &quot; CHAPEL&quot;</p></blockquote><p><b>identifier</b>: id: UHMEPVALUE</p><p><b>status</b>: active</p><p><b>statusReason</b>: Refused <span style=\"background: LightGoldenRodYellow; margin: 4px; border: 1px solid khaki\"> (<a href=\"http://terminology.hl7.org/3.1.0/CodeSystem-v3-ActReason.html\">ActReason</a>#PATOBJ)</span></p><p><b>intent</b>: order</p><p><b>category</b>: Subcutaan <span style=\"background: LightGoldenRodYellow; margin: 4px; border: 1px solid khaki\"> (<a href=\"CodeSystem-be-nursing-medication-injection.html\">BeNursingMedicationInjection</a>#SC)</span></p><p><b>priority</b>: routine</p><p><b>medication</b>: Clexane inj. oploss. i.v./s.c. [voorgev. spuit] 10 x 4 000 IE anti-Xa / 0,4 ml <span style=\"background: LightGoldenRodYellow; margin: 4px; border: 1px solid khaki\"> (be-ns-cnk-codes#0278192)</span></p><p><b>subject</b>: <a href=\"Patient-patient1.html\">Patient/patient1</a> &quot; DOE&quot;</p><p><b>requester</b>: <a href=\"Practitioner-practitioner1.html\">Practitioner/practitioner1</a> &quot; MCCOY&quot;</p><h3>DosageInstructions</h3><table class=\"grid\"><tr><td>-</td><td><b>Text</b></td><td><b>Timing</b></td></tr><tr><td>*</td><td>frequency: 2x/dag subcutaan toedienen, vanaf operatie tot 20/8/2021 of tot INR &gt; 2</td><td>Starting 1900-01-01, 2 per 1 days, Until 2021-08-20</td></tr></table></div>"
  },
  "extension" : [{
    "extension" : [{
      "url" : "role",
      "valueCodeableConcept" : {
        "coding" : [{
          "system" : "http://snomed.info/sct",
          "code" : "106292003",
          "display" : "Nurse"
        }]
      }
    },
    {
      "url" : "actor",
      "valueReference" : {
        "reference" : "Practitioner/practitioner2"
      }
    }],
    "url" : "https://www.ehealth.fgov.be/standards/fhir/referral/StructureDefinition/be-intended-performer"
  }],
  "identifier" : [{
    "system" : "https://www.ehealth.fgov.be/standards/fhir/referral/NamingSystem/uhmep",
    "value" : "UHMEPVALUE"
  }],
  "status" : "active",
  "statusReason" : {
    "coding" : [{
      "system" : "http://terminology.hl7.org/CodeSystem/v3-ActReason",
      "code" : "PATOBJ",
      "display" : "Refused"
    }]
  },
  "intent" : "order",
  "category" : [{
    "coding" : [{
      "system" : "https://www.ehealth.fgov.be/standards/fhir/referral/CodeSystem/be-nursing-medication-injection",
      "code" : "SC"
    }],
    "text" : "Subcutaan"
  }],
  "priority" : "routine",
  "medicationCodeableConcept" : {
    "coding" : [{
      "system" : "https://www.ehealth.fgov.be/standards/fhir/medication/NamingSystem/be-ns-cnk-codes",
      "code" : "0278192",
      "display" : "Clexane inj. oploss. i.v./s.c. [voorgev. spuit] 10 x 4 000 IE anti-Xa / 0,4 ml"
    }]
  },
  "subject" : {
    "reference" : "Patient/patient1"
  },
  "requester" : {
    "reference" : "Practitioner/practitioner1"
  },
  "dosageInstruction" : [{
    "text" : "frequency: 2x/dag subcutaan toedienen, vanaf operatie tot 20/8/2021 of tot INR > 2",
    "timing" : {
      "repeat" : {
        "boundsPeriod" : {
          "start" : "1900-01-01",
          "end" : "2021-08-20"
        },
        "frequency" : 2,
        "period" : 1,
        "periodUnit" : "d"
      }
    }
  }]
}