{
  "resourceType": "MedicationRequest",
  "id": "example19-referralprescription-nursing-medication",
  "meta": {
    "profile": [
      "https://www.ehealth.fgov.be/standards/fhir/StructureDefinition/be-referralprescription-nursing-gen-medication"
    ]
  },
  "text": {
    "status": "generated",
    "div": "<div xmlns=\"http://www.w3.org/1999/xhtml\"><p><b>Generated Narrative</b></p><div style=\"display: inline-block; background-color: #d9e0e7; padding: 6px; margin: 4px; border: 1px solid #8da1b4; border-radius: 5px; line-height: 60%\"><p style=\"margin-bottom: 0px\">Resource \"example19-referralprescription-nursing-medication\" </p><p style=\"margin-bottom: 0px\">Profile: <a href=\"StructureDefinition-be-referralprescription-nursing-gen-medication.html\">BeReferralPrescriptionNursingGenMedication</a></p></div><p><b>identifier</b>: id: UHMEPVALUE</p><p><b>status</b>: active</p><p><b>statusReason</b>: Created <span style=\"background: LightGoldenRodYellow; margin: 4px; border: 1px solid khaki\"> (<a href=\"CodeSystem-be-status-reason.html\">BeStatusReason</a>#created)</span></p><p><b>intent</b>: order</p><p><b>category</b>: Subcutaan <span style=\"background: LightGoldenRodYellow; margin: 4px; border: 1px solid khaki\"> (<a href=\"CodeSystem-be-nursing-medication-injection.html\">BeNursingMedicationInjection</a>#SC)</span></p><p><b>priority</b>: routine</p><p><b>medication</b>: Clexane inj. oploss. i.v./s.c. [voorgev. spuit] 10 x 4 000 IE anti-Xa / 0,4 ml <span style=\"background: LightGoldenRodYellow; margin: 4px; border: 1px solid khaki\"> (cnk-codes#0278192)</span></p><p><b>subject</b>: <a href=\"Patient-patient1.html\">Patient/patient1</a> \" DOE\"</p><p><b>requester</b>: <a href=\"Practitioner-practitioner1.html\">Practitioner/practitioner1</a> \" MCCOY\"</p><p><b>performer</b>: <a href=\"Practitioner-practitioner2.html\">Practitioner/practitioner2</a> \" CHAPEL\"</p><p><b>performerType</b>: Nurse <span style=\"background: LightGoldenRodYellow; margin: 4px; border: 1px solid khaki\"> (<a href=\"https://browser.ihtsdotools.org/\">SNOMED CT</a>#106292003)</span></p></div>"
  },
  "identifier": [
    {
      "system": "https://www.ehealth.fgov.be/standards/fhir/NamingSystem/uhmep",
      "value": "UHMEPVALUE"
    }
  ],
  "status": "active",
  "statusReason": {
    "coding": [
      {
        "system": "https://www.ehealth.fgov.be/standards/fhir/CodeSystem/be-status-reason",
        "code": "created",
        "display": "Created"
      }
    ]
  },
  "intent": "order",
  "category": [
    {
      "coding": [
        {
          "system": "https://www.ehealth.fgov.be/standards/fhir/CodeSystem/be-nursing-medication-injection",
          "code": "SC"
        }
      ],
      "text": "Subcutaan"
    }
  ],
  "priority": "routine",
  "medicationCodeableConcept": {
    "coding": [
      {
        "system": "https://www.ehealth.fgov.be/standards/fhir/NamingSystem/cnk-codes",
        "code": "0278192",
        "display": "Clexane inj. oploss. i.v./s.c. [voorgev. spuit] 10 x 4 000 IE anti-Xa / 0,4 ml"
      }
    ]
  },
  "subject": {
    "reference": "Patient/patient1"
  },
  "requester": {
    "reference": "Practitioner/practitioner1"
  },
  "performer": {
    "reference": "Practitioner/practitioner2"
  },
  "performerType": {
    "coding": [
      {
        "system": "http://snomed.info/sct",
        "code": "106292003",
        "display": "Nurse"
      }
    ]
  },
  "dosageInstruction": [
    {
      "text": "frequency: 2x/dag subcutaan toedienen, vanaf operatie tot 20/8/2021 of tot INR > 2",
      "timing": {
        "repeat": {
          "boundsPeriod": {
            "start": "1900-01-01",
            "end": "2021-08-20"
          },
          "frequency": 2,
          "period": 1,
          "periodUnit": "d"
        }
      }
    }
  ]
}