{
  "resourceType": "MedicationRequest",
  "id": "example08-referralprescription-nursing-medication",
  "meta": {
    "profile": [
      "https://www.ehealth.fgov.be/standards/fhir/StructureDefinition/be-referralprescription-nursing-medication"
    ]
  },
  "text": {
    "status": "generated",
    "div": "<div xmlns=\"http://www.w3.org/1999/xhtml\"><p><b>Generated Narrative</b></p><p><b>identifier</b>: id: UHMEPVALUE</p><p><b>status</b>: active</p><p><b>statusReason</b>: <span title=\"Codes: {https://www.ehealth.fgov.be/standards/fhir/CodeSystem/be-status-reason created}\">Created</span></p><p><b>intent</b>: order</p><p><b>category</b>: <span title=\"Codes: {https://www.ehealth.fgov.be/standards/fhir/CodeSystem/be-nursing-medication-injection IM}\">Intramusculair</span></p><p><b>priority</b>: routine</p><p><b>medication</b>: <span title=\"Codes: {https://www.ehealth.fgov.be/standards/fhir/NamingSystem/cnk-codes 0048454}\">Hydroxocobalamine Acetate Sterop inj./drinkb. oploss. i.m./i.v./or. [amp.] 3 x 10 mg / 2 ml</span></p><p><b>subject</b>: <a href=\"Patient-patient1.html\">Generated Summary: id: 9999999999 (OFFICIAL); Jane Doe ; gender: female; birthDate: 1956-05-27</a></p><p><b>requester</b>: <a href=\"Practitioner-practitioner1.html\">Generated Summary: id: 8888888888 (OFFICIAL); Leonard McCoy (OFFICIAL), Bones (NICKNAME)</a></p><p><b>performer</b>: <a href=\"Practitioner-practitioner2.html\">Generated Summary: id: 8888888888 (OFFICIAL); Christopher Chapel (OFFICIAL), Mr.Nurse (NICKNAME)</a></p><p><b>performerType</b>: <span title=\"Codes: {http://snomed.info/sct 106292003}\">Nurse</span></p><p><b>note</b>: Vitamine B12</p></div>"
  },
  "identifier": [
    {
      "system": "https://www.ehealth.fgov.be/standards/fhir/NamingSystem/uhmep",
      "value": "UHMEPVALUE"
    }
  ],
  "status": "active",
  "statusReason": {
    "coding": [
      {
        "system": "https://www.ehealth.fgov.be/standards/fhir/CodeSystem/be-status-reason",
        "code": "created",
        "display": "Created"
      }
    ]
  },
  "intent": "order",
  "category": [
    {
      "coding": [
        {
          "system": "https://www.ehealth.fgov.be/standards/fhir/CodeSystem/be-nursing-medication-injection",
          "code": "IM"
        }
      ],
      "text": "Intramusculair"
    }
  ],
  "priority": "routine",
  "medicationCodeableConcept": {
    "coding": [
      {
        "system": "https://www.ehealth.fgov.be/standards/fhir/NamingSystem/cnk-codes",
        "code": "0048454",
        "display": "Hydroxocobalamine Acetate Sterop inj./drinkb. oploss. i.m./i.v./or. [amp.] 3 x 10 mg / 2 ml"
      }
    ]
  },
  "subject": {
    "reference": "Patient/patient1"
  },
  "requester": {
    "reference": "Practitioner/practitioner1"
  },
  "performer": {
    "reference": "Practitioner/practitioner2"
  },
  "performerType": {
    "coding": [
      {
        "system": "http://snomed.info/sct",
        "code": "106292003",
        "display": "Nurse"
      }
    ]
  },
  "note": [
    {
      "text": "Vitamine B12"
    }
  ],
  "dosageInstruction": [
    {
      "text": "Frequency: 6 months - 1 X every 3 weeks",
      "timing": {
        "repeat": {
          "boundsDuration": {
            "value": 6,
            "unit": "mo",
            "system": "http://hl7.org/fhir/ValueSet/ucum-units"
          },
          "frequency": 1,
          "period": 3,
          "periodUnit": "wk"
        }
      }
    }
  ]
}