{
  "resourceType": "NamingSystem",
  "id": "be-ns-coronalertcode",
  "text": {
    "status": "generated",
    "div": "<div xmlns=\"http://www.w3.org/1999/xhtml\"><h3>Summary</h3><table class=\"grid\"><tr><td>Defining URL</td><td>http://example.com/fhir/example/NamingSystem/be-ns-coronalertcode</td></tr><tr><td>Version</td><td>0.2.0</td></tr><tr><td>Name</td><td>BeNSCoronalertcode</td></tr><tr><td>Status</td><td>active</td></tr><tr><td>Definition</td><td><div><p>Code as generated by the Coronalert app.</p>\n</div></td></tr><tr><td>Publisher</td><td>HL7 Belgium</td></tr></table><h3>Identifiers</h3><table class=\"grid\"><tr><td><b>Type</b></td><td><b>Value</b></td><td><b>Preferred</b></td></tr><tr><td>URI</td><td>https://www.ehealth.fgov.be/standards/fhir/NamingSystem/coronalertcode</td><td>true</td></tr></table></div>"
  },
  "name": "BeNSCoronalertcode",
  "status": "active",
  "kind": "identifier",
  "date": "2020-07-24",
  "publisher": "HL7 Belgium",
  "contact": [
    {
      "name": "HL7 Belgium",
      "telecom": [
        {
          "system": "url",
          "value": "http://hl7belgium.org"
        }
      ]
    },
    {
      "name": "Bart Decuypere",
      "telecom": [
        {
          "system": "email",
          "value": "bart.decuypere@ehealth.fgov.be",
          "use": "work"
        }
      ]
    }
  ],
  "description": "Code as generated by the Coronalert app.",
  "jurisdiction": [
    {
      "coding": [
        {
          "system": "http://unstats.un.org/unsd/methods/m49/m49.htm",
          "code": "001",
          "display": "World"
        }
      ]
    }
  ],
  "uniqueId": [
    {
      "type": "uri",
      "value": "https://www.ehealth.fgov.be/standards/fhir/NamingSystem/coronalertcode",
      "preferred": true
    }
  ]
}