<?xml version="1.0" encoding="UTF-8"?>

<Patient xmlns="http://hl7.org/fhir">
  <id value="patient1"/>
  <meta>
    <profile value="https://www.ehealth.fgov.be/standards/fhir/StructureDefinition/be-patient"/>
  </meta>
  <text>
    <status value="generated"/><div xmlns="http://www.w3.org/1999/xhtml"><b>Jane Doe </b> (no stated gender) 1956-05-27 ( id: 9999999999 (OFFICIAL))</div>
  </text>
  <identifier>
    <use value="official"/>
    <system value="https://www.ehealth.fgov.be/standards/fhir/NamingSystem/ssin"/>
    <value value="9999999999"/>
  </identifier>
  <name>
    <family value="Doe"/>
    <given value="Jane"/>
  </name>
  <gender value="female"/>
  <birthDate value="1956-05-27"/>
</Patient>