{
  "resourceType" : "Patient",
  "id" : "patient1",
  "meta" : {
    "profile" : ["https://www.ehealth.fgov.be/standards/fhir/core/StructureDefinition/be-patient"]
  },
  "text" : {
    "status" : "generated",
    "div" : "<div xmlns=\"http://www.w3.org/1999/xhtml\"><p style=\"border: 1px #661aff solid; background-color: #e6e6ff; padding: 10px;\"><b>Jane Doe </b> female, DoB: 1956-05-27 ( id: 9999999999 (use: OFFICIAL))</p><hr/></div>"
  },
  "identifier" : [{
    "use" : "official",
    "system" : "https://www.ehealth.fgov.be/standards/fhir/core/NamingSystem/ssin",
    "value" : "9999999999"
  }],
  "name" : [{
    "family" : "Doe",
    "given" : ["Jane"]
  }],
  "gender" : "female",
  "birthDate" : "1956-05-27"
}