<?xml version="1.0" encoding="UTF-8"?>

<Practitioner xmlns="http://hl7.org/fhir">
  <id value="practitioner1"/>
  <meta>
    <profile value="https://www.ehealth.fgov.be/standards/fhir/core/StructureDefinition/be-practitioner"/>
  </meta>
  <text>
    <status value="generated"/><div xmlns="http://www.w3.org/1999/xhtml"><p><b>Generated Narrative: Practitioner</b><a name="practitioner1"> </a><a name="hcpractitioner1"> </a></p><div style="display: inline-block; background-color: #d9e0e7; padding: 6px; margin: 4px; border: 1px solid #8da1b4; border-radius: 5px; line-height: 60%"><p style="margin-bottom: 0px">Resource Practitioner &quot;practitioner1&quot; </p><p style="margin-bottom: 0px">Profile: <a href="https://build.fhir.org/ig/hl7-be/core//StructureDefinition-be-practitioner.html">BePractitioner</a></p></div><p><b>identifier</b>: BeNIHDINamingSystem/88888888881 (use: OFFICIAL)</p><p><b>name</b>: Leonard McCoy (OFFICIAL), Bones (NICKNAME)</p></div>
  </text>
  <identifier>
    <use value="official"/>
    <system value="https://www.ehealth.fgov.be/standards/fhir/core/NamingSystem/nihdi"/>
    <value value="88888888881"/>
  </identifier>
  <name>
    <use value="official"/>
    <family value="McCoy"/>
    <given value="Leonard"/>
  </name>
  <name>
    <use value="nickname"/>
    <given value="Bones"/>
  </name>
</Practitioner>