{
  "resourceType" : "PractitionerRole",
  "id" : "ucgh241p16-1-1",
  "meta" : {
    "profile" : ["https://www.ehealth.fgov.be/standards/fhir/core/StructureDefinition/be-practitionerrole"]
  },
  "text" : {
    "status" : "generated",
    "div" : "<div xmlns=\"http://www.w3.org/1999/xhtml\"><p><b>Generated Narrative: PractitionerRole</b><a name=\"ucgh241p16-1-1\"> </a></p><div style=\"display: inline-block; background-color: #d9e0e7; padding: 6px; margin: 4px; border: 1px solid #8da1b4; border-radius: 5px; line-height: 60%\"><p style=\"margin-bottom: 0px\">Resource PractitionerRole &quot;ucgh241p16-1-1&quot; </p><p style=\"margin-bottom: 0px\">Profile: <a href=\"https://build.fhir.org/ig/hl7-be/core//StructureDefinition-be-practitionerrole.html\">BePractitionerRole</a></p></div><p><b>practitioner</b>: <span>id:\u00a010829059</span></p><p><b>code</b>: physician <span style=\"background: LightGoldenRodYellow; margin: 4px; border: 1px solid khaki\"> (<a href=\"https://build.fhir.org/ig/hl7-be/core//CodeSystem-cd-hcparty.html\">BeCdHcParty</a>#persphysician)</span></p></div>"
  },
  "practitioner" : {
    "identifier" : {
      "system" : "https://www.ehealth.fgov.be/standards/fhir/core/NamingSystem/nihdi",
      "value" : "10829059"
    }
  },
  "code" : [{
    "coding" : [{
      "system" : "https://www.ehealth.fgov.be/standards/fhir/core/CodeSystem/cd-hcparty",
      "code" : "persphysician"
    }]
  }]
}