{
  "resourceType": "Practitioner",
  "id": "practitioner1",
  "meta": {
    "profile": [
      "https://www.ehealth.fgov.be/standards/fhir/StructureDefinition/be-practitioner"
    ]
  },
  "text": {
    "status": "generated",
    "div": "<div xmlns=\"http://www.w3.org/1999/xhtml\"><p><b>Generated Narrative</b></p><p><b>identifier</b>: id: 8888888888 (OFFICIAL)</p><p><b>name</b>: Leonard McCoy (OFFICIAL), Bones (NICKNAME)</p></div>"
  },
  "identifier": [
    {
      "use": "official",
      "system": "https://www.ehealth.fgov.be/standards/fhir/NamingSystem/nihdi",
      "value": "8888888888"
    }
  ],
  "name": [
    {
      "use": "official",
      "family": "McCoy",
      "given": [
        "Leonard"
      ]
    },
    {
      "use": "nickname",
      "given": [
        "Bones"
      ]
    }
  ]
}