<?xml version="1.0" encoding="UTF-8"?>

<Practitioner xmlns="http://hl7.org/fhir">
  <id value="practitioner2"/>
  <meta>
    <profile value="https://www.ehealth.fgov.be/standards/fhir/core/StructureDefinition/be-practitioner"/>
  </meta>
  <text>
    <status value="generated"/><div xmlns="http://www.w3.org/1999/xhtml"><p><b>Generated Narrative: Practitioner</b><a name="practitioner2"> </a></p><div style="display: inline-block; background-color: #d9e0e7; padding: 6px; margin: 4px; border: 1px solid #8da1b4; border-radius: 5px; line-height: 60%"><p style="margin-bottom: 0px">Resource Practitioner "practitioner2" </p><p style="margin-bottom: 0px">Profile: <a href="https://www.ehealth.fgov.be/standards/fhir/core/2.0.0/StructureDefinition-be-practitioner.html">Practitioner core BE profile</a></p></div><p><b>identifier</b>: id: 8888888888 (OFFICIAL)</p><p><b>name</b>: Christopher Chapel (OFFICIAL), Mr.Nurse (NICKNAME)</p></div>
  </text>
  <identifier>
    <use value="official"/>
    <system value="https://www.ehealth.fgov.be/standards/fhir/core/NamingSystem/nihdi"/>
    <value value="8888888888"/>
  </identifier>
  <name>
    <use value="official"/>
    <family value="Chapel"/>
    <given value="Christopher"/>
  </name>
  <name>
    <use value="nickname"/>
    <given value="Mr.Nurse"/>
  </name>
</Practitioner>