<?xml version="1.0" encoding="UTF-8"?>

<ServiceRequest xmlns="http://hl7.org/fhir">
  <id value="ucgh222p13-2"/>
  <meta>
    <profile value="https://www.ehealth.fgov.be/standards/fhir/referral/StructureDefinition/be-referralprescription-nursing"/>
  </meta>
  <text>
    <status value="extensions"/><div xmlns="http://www.w3.org/1999/xhtml"><p><b>Generated Narrative: ServiceRequest</b><a name="ucgh222p13-2"> </a></p><div style="display: inline-block; background-color: #d9e0e7; padding: 6px; margin: 4px; border: 1px solid #8da1b4; border-radius: 5px; line-height: 60%"><p style="margin-bottom: 0px">Resource ServiceRequest &quot;ucgh222p13-2&quot; </p><p style="margin-bottom: 0px">Profile: <a href="StructureDefinition-be-referralprescription-nursing.html">BeReferralPrescriptionNursing</a></p></div><p><b>BeFeedbackToPrescriber</b>: false</p><p><b>BeValidityPeriod</b>: 2022-10-03 --&gt; 2023-04-03</p><p><b>BePerformerType</b>: nurse <span style="background: LightGoldenRodYellow; margin: 4px; border: 1px solid khaki"> (<a href="https://build.fhir.org/ig/hl7-be/core//CodeSystem-cd-hcparty.html">BeCdHcParty</a>#persnurse)</span></p><p><b>status</b>: draft</p><p><b>intent</b>: order</p><p><b>category</b>: Nursing procedure <span style="background: LightGoldenRodYellow; margin: 4px; border: 1px solid khaki"> (<a href="https://browser.ihtsdotools.org/">SNOMED CT[BE]</a>#9632001)</span></p><p><b>code</b>: Wound care <span style="background: LightGoldenRodYellow; margin: 4px; border: 1px solid khaki"> (<a href="https://browser.ihtsdotools.org/">SNOMED CT[BE]</a>#225358003)</span></p><p><b>orderDetail</b>: Application of dressing <span style="background: LightGoldenRodYellow; margin: 4px; border: 1px solid khaki"> (<a href="https://browser.ihtsdotools.org/">SNOMED CT[BE]</a>#3895009)</span></p><p><b>subject</b>: <span>id: 38012699993</span></p><p><b>authoredOn</b>: 2022-10-03</p><p><b>requester</b>: <a name="ucgh222p13-1-1"> </a></p><blockquote><p/><p><a name="ucgh222p13-1-1"> </a></p><p><b>practitioner</b>: <span>id: 10829059</span></p><p><b>code</b>: physician <span style="background: LightGoldenRodYellow; margin: 4px; border: 1px solid khaki"> (<a href="https://build.fhir.org/ig/hl7-be/core//CodeSystem-cd-hcparty.html">BeCdHcParty</a>#persphysician)</span></p></blockquote><p><b>reasonCode</b>: Second degree burn injury <span style="background: LightGoldenRodYellow; margin: 4px; border: 1px solid khaki"> (<a href="https://browser.ihtsdotools.org/">SNOMED CT[BE]</a>#46541008)</span></p><p><b>note</b>: Melolin 10x10cm</p><hr/><blockquote><p><b>Generated Narrative: PractitionerRole #ucgh222p13-1-1</b><a name="ucgh222p13-1-1"> </a></p><p><b>practitioner</b>: <span>id: 10829059</span></p><p><b>code</b>: physician <span style="background: LightGoldenRodYellow; margin: 4px; border: 1px solid khaki"> (<a href="https://build.fhir.org/ig/hl7-be/core//CodeSystem-cd-hcparty.html">BeCdHcParty</a>#persphysician)</span></p></blockquote></div>
  </text>
  <contained>
    <PractitionerRole>
      <id value="ucgh222p13-1-1"/>
      <meta>
        <profile value="https://www.ehealth.fgov.be/standards/fhir/core/StructureDefinition/be-practitionerrole"/>
      </meta>
      <practitioner>
        <identifier>
          <system value="https://www.ehealth.fgov.be/standards/fhir/core/NamingSystem/nihdi"/>
          <value value="10829059"/>
        </identifier>
      </practitioner>
      <code>
        <coding>
          <system value="https://www.ehealth.fgov.be/standards/fhir/core/CodeSystem/cd-hcparty"/>
          <code value="persphysician"/>
        </coding>
      </code>
    </PractitionerRole>
  </contained>
  <extension url="https://www.ehealth.fgov.be/standards/fhir/referral/StructureDefinition/be-ext-feedback-to-prescriber">
    <valueBoolean value="false"/>
  </extension>
  <extension url="https://www.ehealth.fgov.be/standards/fhir/referral/StructureDefinition/be-ext-validity-period">
    <valuePeriod>
      <start value="2022-10-03"/>
      <end value="2023-04-03"/>
    </valuePeriod>
  </extension>
  <extension url="https://www.ehealth.fgov.be/standards/fhir/referral/StructureDefinition/be-ext-performer-type">
    <valueCodeableConcept>
      <coding>
        <system value="https://www.ehealth.fgov.be/standards/fhir/core/CodeSystem/cd-hcparty"/>
        <code value="persnurse"/>
      </coding>
    </valueCodeableConcept>
  </extension>
  <status value="draft"/>
  <intent value="order"/>
  <category>
    <coding>
      <system value="http://snomed.info/sct"/>
      <version value="http://snomed.info/sct/11000172109"/>
      <code value="9632001"/>
    </coding>
  </category>
  <code>
    <coding>
      <system value="http://snomed.info/sct"/>
      <version value="http://snomed.info/sct/11000172109"/>
      <code value="225358003"/>
    </coding>
  </code>
  <orderDetail>
    <coding>
      <system value="http://snomed.info/sct"/>
      <version value="http://snomed.info/sct/11000172109"/>
      <code value="3895009"/>
    </coding>
  </orderDetail>
  <subject>
    <identifier>
      <system value="https://www.ehealth.fgov.be/standards/fhir/core/NamingSystem/ssin"/>
      <value value="38012699993"/>
    </identifier>
  </subject>
  <authoredOn value="2022-10-03"/>
  <requester>
    <reference value="#ucgh222p13-1-1"/>
  </requester>
  <reasonCode>
    <coding>
      <system value="http://snomed.info/sct"/>
      <version value="http://snomed.info/sct/11000172109"/>
      <code value="46541008"/>
    </coding>
  </reasonCode>
  <note>
    <text value="Melolin 10x10cm"/>
  </note>
</ServiceRequest>