{
  "resourceType": "ServiceRequest",
  "id": "example01-care02-colon-cleansing",
  "meta": {
    "profile": [
      "https://www.ehealth.fgov.be/standards/fhir/referral/StructureDefinition/be-referralprescription-nursing"
    ]
  },
  "text": {
    "status": "extensions",
    "div": "<div xmlns=\"http://www.w3.org/1999/xhtml\"><p><b>Generated Narrative: ServiceRequest</b><a name=\"example01-care02-colon-cleansing\"> </a></p><div style=\"display: inline-block; background-color: #d9e0e7; padding: 6px; margin: 4px; border: 1px solid #8da1b4; border-radius: 5px; line-height: 60%\"><p style=\"margin-bottom: 0px\">Resource ServiceRequest \"example01-care02-colon-cleansing\" </p><p style=\"margin-bottom: 0px\">Profile: <a href=\"StructureDefinition-be-referralprescription-nursing.html\">BeReferralPrescriptionNursing</a></p></div><p><b>Reason for current status</b>: Other <span style=\"background: LightGoldenRodYellow; margin: 4px; border: 1px solid khaki\"> (be-status-reason#other)</span></p><p><b>BeValidityPeriod</b>: 2020-01-01 --&gt; 2021-01-01</p><p><b>BeTaskReference</b>: <a name=\"referral-task\"> </a></p><blockquote><p></p><p><a name=\"referral-task\"> </a></p><p><b>status</b>: draft</p><p><b>intent</b>: order</p><h3>Inputs</h3><table class=\"grid\"><tr><td>-</td><td><b>Type</b></td><td><b>Value[x]</b></td></tr><tr><td>*</td><td>After <span style=\"background: LightGoldenRodYellow; margin: 4px; border: 1px solid khaki\"> (<a href=\"https://browser.ihtsdotools.org/\">SNOMED CT</a>#255234002)</span></td><td><a href=\"MedicationRequest-example01-care03-referralprescription-nursing-medication.html\">MedicationRequest/example01-care03-referralprescription-nursing-medication</a></td></tr></table></blockquote><p><b>BePerformerTaskReference</b>: <a name=\"performer-task\"> </a></p><blockquote><p></p><p><a name=\"performer-task\"> </a></p><p><b>partOf</b>: <a href=\"#referral-task\">#referral-task</a></p><p><b>status</b>: draft</p><p><b>intent</b>: order</p><p><b>executionPeriod</b>: ?? --&gt; (ongoing)</p><p><b>owner</b>: <a href=\"#Performer1\">#Performer1</a></p></blockquote><p><b>status</b>: active</p><p><b>intent</b>: order</p><p><b>category</b>: Nursing procedure <span style=\"background: LightGoldenRodYellow; margin: 4px; border: 1px solid khaki\"> (<a href=\"https://browser.ihtsdotools.org/\">SNOMED CT</a>#9632001)</span></p><p><b>priority</b>: routine</p><p><b>code</b>: Digestive system care <span style=\"background: LightGoldenRodYellow; margin: 4px; border: 1px solid khaki\"> (<a href=\"CodeSystem-be-cs-nursing-code.html\">BeNursingCode</a>#digestive-system-care)</span></p><p><b>orderDetail</b>: colonic-cleansing <span style=\"background: LightGoldenRodYellow; margin: 4px; border: 1px solid khaki\"> (be-cs-digestive-system-care#colonic-cleansing)</span></p><p><b>subject</b>: <a name=\"patient1\"> </a></p><blockquote><p></p><p><a name=\"patient1\"> </a></p><p><b>identifier</b>: id: 9999999999 (OFFICIAL)</p><p><b>name</b>: Jane Doe </p><p><b>gender</b>: female</p><p><b>birthDate</b>: 1956-05-27</p></blockquote><p><b>occurrence</b>: Do Once per 1 days</p><p><b>authoredOn</b>: 2020-01-01</p><p><b>requester</b>: <a name=\"Requester1\"> </a></p><blockquote><p></p><p><a name=\"Requester1\"> </a></p><p><b>identifier</b>: id: 8888888888 (OFFICIAL)</p><p><b>name</b>: Leonard McCoy (OFFICIAL), Bones (NICKNAME)</p></blockquote><p><b>performer</b>: <a name=\"practitionerrole1\"> </a></p><blockquote><p></p><p><a name=\"practitionerrole1\"> </a></p><p><b>identifier</b>: id: 23</p><p><b>active</b>: true</p><p><b>period</b>: 2019-08-01 12:00:00+0000 --&gt; 2019-12-01 12:00:00+0000</p><p><b>practitioner</b>: <a href=\"#Performer1\">#Performer1: Dr Katherine Pulaski</a></p><p><b>code</b>: physician <span style=\"background: LightGoldenRodYellow; margin: 4px; border: 1px solid khaki\"> (<a href=\"https://www.ehealth.fgov.be/standards/fhir/core/2.0.0/CodeSystem-cd-hcparty.html\">HCParty</a>#persphysician)</span></p><p><b>specialty</b>: Family practice <span style=\"background: LightGoldenRodYellow; margin: 4px; border: 1px solid khaki\"> (<a href=\"https://browser.ihtsdotools.org/\">SNOMED CT</a>#419772000)</span></p><blockquote><p><b>availableTime</b></p><p><b>daysOfWeek</b>: mon, tue, wed</p><p><b>availableStartTime</b>: 09:00:00</p><p><b>availableEndTime</b>: 16:30:00</p></blockquote><blockquote><p><b>availableTime</b></p><p><b>daysOfWeek</b>: thu, fri</p><p><b>availableStartTime</b>: 09:00:00</p><p><b>availableEndTime</b>: 12:00:00</p></blockquote><h3>NotAvailables</h3><table class=\"grid\"><tr><td>-</td><td><b>Description</b></td><td><b>During</b></td></tr><tr><td>*</td><td>Katherine will be on extended leave during August 2020</td><td>2020-08-01 12:00:00+0000 --&gt; 2020-08-20 12:00:00+0000</td></tr></table><p><b>availabilityExceptions</b>: Katherine is generally unavailable on public holidays and during the Christmas/New Year break</p></blockquote><p><b>reasonCode</b>: reason <span style=\"background: LightGoldenRodYellow; margin: 4px; border: 1px solid khaki\"> ()</span></p></div>"
  },
  "contained": [
    {
      "resourceType": "Task",
      "id": "referral-task",
      "meta": {
        "profile": [
          "https://www.ehealth.fgov.be/standards/fhir/referral/StructureDefinition/be-referral-task"
        ]
      },
      "status": "draft",
      "intent": "order",
      "input": [
        {
          "type": {
            "coding": [
              {
                "system": "http://snomed.info/sct",
                "code": "255234002"
              }
            ]
          },
          "valueReference": {
            "reference": "MedicationRequest/example01-care03-referralprescription-nursing-medication"
          }
        }
      ]
    },
    {
      "resourceType": "Task",
      "id": "performer-task",
      "meta": {
        "profile": [
          "https://www.ehealth.fgov.be/standards/fhir/referral/StructureDefinition/be-performer-task"
        ]
      },
      "partOf": [
        {
          "reference": "#referral-task"
        }
      ],
      "status": "draft",
      "intent": "order",
      "executionPeriod": {
        "id": "1"
      },
      "owner": {
        "reference": "#Performer1"
      }
    },
    {
      "resourceType": "Patient",
      "id": "patient1",
      "meta": {
        "profile": [
          "https://www.ehealth.fgov.be/standards/fhir/core/StructureDefinition/be-patient"
        ]
      },
      "identifier": [
        {
          "use": "official",
          "system": "https://www.ehealth.fgov.be/standards/fhir/core/NamingSystem/ssin",
          "value": "9999999999"
        }
      ],
      "name": [
        {
          "family": "Doe",
          "given": [
            "Jane"
          ]
        }
      ],
      "gender": "female",
      "birthDate": "1956-05-27"
    },
    {
      "resourceType": "Practitioner",
      "id": "Requester1",
      "meta": {
        "profile": [
          "https://www.ehealth.fgov.be/standards/fhir/core/StructureDefinition/be-practitioner"
        ]
      },
      "identifier": [
        {
          "use": "official",
          "system": "https://www.ehealth.fgov.be/standards/fhir/core/NamingSystem/nihdi",
          "value": "8888888888"
        }
      ],
      "name": [
        {
          "use": "official",
          "family": "McCoy",
          "given": [
            "Leonard"
          ]
        },
        {
          "use": "nickname",
          "given": [
            "Bones"
          ]
        }
      ]
    },
    {
      "resourceType": "PractitionerRole",
      "id": "practitionerrole1",
      "meta": {
        "versionId": "1",
        "lastUpdated": "2019-07-01T13:30:55.864+00:00",
        "profile": [
          "https://www.ehealth.fgov.be/standards/fhir/core/StructureDefinition/be-practitionerrole"
        ]
      },
      "identifier": [
        {
          "system": "http://www.acme.org/practitioners",
          "value": "23"
        }
      ],
      "active": true,
      "period": {
        "start": "2019-08-01T00:00:00.000Z",
        "end": "2019-12-01T00:00:00.000Z"
      },
      "practitioner": {
        "reference": "#Performer1",
        "display": "Dr Katherine Pulaski"
      },
      "code": [
        {
          "coding": [
            {
              "system": "https://www.ehealth.fgov.be/standards/fhir/core/CodeSystem/cd-hcparty",
              "code": "persphysician",
              "display": "physician"
            }
          ]
        }
      ],
      "specialty": [
        {
          "coding": [
            {
              "system": "http://snomed.info/sct",
              "code": "419772000",
              "display": "Family practice"
            }
          ]
        }
      ],
      "availableTime": [
        {
          "daysOfWeek": [
            "mon",
            "tue",
            "wed"
          ],
          "availableStartTime": "09:00:00",
          "availableEndTime": "16:30:00"
        },
        {
          "daysOfWeek": [
            "thu",
            "fri"
          ],
          "availableStartTime": "09:00:00",
          "availableEndTime": "12:00:00"
        }
      ],
      "notAvailable": [
        {
          "description": "Katherine will be on extended leave during August 2020",
          "during": {
            "start": "2020-08-01T00:00:00.000Z",
            "end": "2020-08-20T00:00:00.000Z"
          }
        }
      ],
      "availabilityExceptions": "Katherine is generally unavailable on public holidays and during the Christmas/New Year break"
    },
    {
      "resourceType": "Practitioner",
      "id": "Performer1",
      "meta": {
        "profile": [
          "https://www.ehealth.fgov.be/standards/fhir/core/StructureDefinition/be-practitioner"
        ]
      },
      "identifier": [
        {
          "use": "official",
          "system": "https://www.ehealth.fgov.be/standards/fhir/core/NamingSystem/nihdi",
          "value": "9876543210"
        }
      ],
      "name": [
        {
          "use": "official",
          "family": "Lisa",
          "given": [
            "Hermans"
          ]
        }
      ]
    }
  ],
  "extension": [
    {
      "url": "http://hl7.org/fhir/StructureDefinition/request-statusReason",
      "valueCodeableConcept": {
        "coding": [
          {
            "system": "https://www.ehealth.fgov.be/standards/fhir/referral/CodeSystem/be-status-reason",
            "code": "other",
            "display": "Other"
          }
        ]
      }
    },
    {
      "url": "https://www.ehealth.fgov.be/standards/fhir/referral/StructureDefinition/be-ext-validity-period",
      "valuePeriod": {
        "start": "2020-01-01",
        "end": "2021-01-01"
      }
    },
    {
      "url": "https://www.ehealth.fgov.be/standards/fhir/referral/StructureDefinition/be-ext-task-reference",
      "valueReference": {
        "reference": "#referral-task"
      }
    },
    {
      "url": "https://www.ehealth.fgov.be/standards/fhir/referral/StructureDefinition/be-ext-performer-task-reference",
      "valueReference": {
        "reference": "#performer-task"
      }
    }
  ],
  "status": "active",
  "intent": "order",
  "category": [
    {
      "coding": [
        {
          "system": "http://snomed.info/sct",
          "code": "9632001"
        }
      ],
      "text": "Nursing procedure"
    }
  ],
  "priority": "routine",
  "code": {
    "coding": [
      {
        "system": "https://www.ehealth.fgov.be/standards/fhir/referral/CodeSystem/be-cs-nursing-code",
        "code": "digestive-system-care"
      }
    ]
  },
  "orderDetail": [
    {
      "coding": [
        {
          "system": "https://www.ehealth.fgov.be/standards/fhir/referral/CodeSystem/be-cs-digestive-system-care",
          "code": "colonic-cleansing"
        }
      ]
    }
  ],
  "subject": {
    "reference": "#patient1"
  },
  "occurrenceTiming": {
    "repeat": {
      "frequency": 1,
      "period": 1,
      "periodUnit": "d"
    }
  },
  "authoredOn": "2020-01-01",
  "requester": {
    "reference": "#Requester1"
  },
  "performer": [
    {
      "reference": "#practitionerrole1"
    }
  ],
  "reasonCode": [
    {
      "text": "reason"
    }
  ]
}