<?xml version="1.0" encoding="UTF-8"?>

<ServiceRequest xmlns="http://hl7.org/fhir">
  <id value="diagnostic-imaging-basic-example-concreteWithDetails"/>
  <meta>
    <profile value="https://www.ehealth.fgov.be/standards/fhir/referral/StructureDefinition/be-referralprescription-diagnosticimaging"/>
  </meta>
  <text>
    <status value="extensions"/><div xmlns="http://www.w3.org/1999/xhtml"><p><b>Generated Narrative: ServiceRequest</b><a name="diagnostic-imaging-basic-example-concreteWithDetails"> </a></p><div style="display: inline-block; background-color: #d9e0e7; padding: 6px; margin: 4px; border: 1px solid #8da1b4; border-radius: 5px; line-height: 60%"><p style="margin-bottom: 0px">Resource ServiceRequest "diagnostic-imaging-basic-example-concreteWithDetails" </p><p style="margin-bottom: 0px">Profile: <a href="StructureDefinition-be-referralprescription-diagnosticimaging.html">BeReferralPrescriptionDiagnosticImaging</a></p></div><p><b>BeValidityPeriod</b>: 2020-01-01 --&gt; 2021-01-01</p><p><b>Reason for current status</b>: Other <span style="background: LightGoldenRodYellow; margin: 4px; border: 1px solid khaki"> (<a href="CodeSystem-be-prescription-status-reason.html">BePrescriptionStatusReason</a>#inProgress)</span></p><p><b>status</b>: active</p><p><b>intent</b>: order</p><p><b>category</b>: Clinical imaging <span style="background: LightGoldenRodYellow; margin: 4px; border: 1px solid khaki"> (<a href="https://browser.ihtsdotools.org/">SNOMED CT</a>#363679005)</span></p><p><b>priority</b>: routine</p><p><b>code</b>: Rx + echo rechtervoet <span style="background: LightGoldenRodYellow; margin: 4px; border: 1px solid khaki"> ()</span></p><p><b>subject</b>: <a href="Patient-patient1.html">Patient/patient1</a> " DOE"</p><p><b>authoredOn</b>: 2020-01-01</p><p><b>requester</b>: <a href="Practitioner-practitioner1.html">Practitioner/practitioner1</a> " MCCOY"</p><p><b>reasonCode</b>: Fractuur? Ligamentair letsel? <span style="background: LightGoldenRodYellow; margin: 4px; border: 1px solid khaki"> ()</span></p><p><b>supportingInfo</b>: <a href="Condition-condition1.html">Condition/condition1</a></p></div>
  </text>
  <extension url="https://www.ehealth.fgov.be/standards/fhir/referral/StructureDefinition/be-ext-validity-period">
    <valuePeriod>
      <start value="2020-01-01"/>
      <end value="2021-01-01"/>
    </valuePeriod>
  </extension>
  <extension url="http://hl7.org/fhir/StructureDefinition/request-statusReason">
    <valueCodeableConcept>
      <coding>
        <system value="https://www.ehealth.fgov.be/standards/fhir/referral/CodeSystem/be-prescription-status-reason"/>
        <code value="inProgress"/>
        <display value="Other"/>
      </coding>
    </valueCodeableConcept>
  </extension>
  <modifierExtension url="https://www.ehealth.fgov.be/standards/fhir/referral/StructureDefinition/be-ext-contraindication">
    <valueCodeableConcept>
      <coding>
        <system value="http://terminology.hl7.org/CodeSystem/v3-NullFlavor"/>
        <code value="ASKU"/>
        <display value="asked but unknown"/>
      </coding>
    </valueCodeableConcept>
  </modifierExtension>
  <modifierExtension url="https://www.ehealth.fgov.be/standards/fhir/referral/StructureDefinition/be-ext-contrastfluiduse">
    <valueCode value="if-necessary"/>
  </modifierExtension>
  <status value="active"/>
  <intent value="order"/>
  <category>
    <coding>
      <system value="http://snomed.info/sct"/>
      <code value="363679005"/>
      <display value="Clinical imaging"/>
    </coding>
  </category>
  <priority value="routine"/>
  <code>
    <text value="Rx + echo rechtervoet"/>
  </code>
  <subject>
    <reference value="Patient/patient1"/>
  </subject>
  <authoredOn value="2020-01-01"/>
  <requester>
    <reference value="Practitioner/practitioner1"/>
  </requester>
  <reasonCode>
    <text value="Fractuur? Ligamentair letsel?"/>
  </reasonCode>
  <supportingInfo>
    <reference value="Condition/condition1"/>
  </supportingInfo>
</ServiceRequest>