<?xml version="1.0" encoding="UTF-8"?>

<ServiceRequest xmlns="http://hl7.org/fhir">
  <id value="example26-referralprescription-nursing-other"/>
  <meta>
    <profile value="https://www.ehealth.fgov.be/standards/fhir/referral/StructureDefinition/be-referralprescription-nursing"/>
  </meta>
  <text>
    <status value="extensions"/><div xmlns="http://www.w3.org/1999/xhtml"><p><b>Generated Narrative: ServiceRequest</b><a name="example26-referralprescription-nursing-other"> </a></p><div style="display: inline-block; background-color: #d9e0e7; padding: 6px; margin: 4px; border: 1px solid #8da1b4; border-radius: 5px; line-height: 60%"><p style="margin-bottom: 0px">Resource ServiceRequest "example26-referralprescription-nursing-other" </p><p style="margin-bottom: 0px">Profile: <a href="StructureDefinition-be-referralprescription-nursing.html">BeReferralPrescriptionNursing</a></p></div><p><b>Reason for current status</b>: In Progress <span style="background: LightGoldenRodYellow; margin: 4px; border: 1px solid khaki"> (<a href="CodeSystem-be-prescription-status-reason.html">BePrescriptionStatusReason</a>#inProgress)</span></p><p><b>BeValidityPeriod</b>: 2022-04-19 --&gt; 2023-04-19</p><p><b>BeExecutionPeriod</b>: 2022-04-19 --&gt; 2023-04-19</p><p><b>status</b>: active</p><p><b>intent</b>: order</p><p><b>category</b>: Nursing procedure <span style="background: LightGoldenRodYellow; margin: 4px; border: 1px solid khaki"> (<a href="https://browser.ihtsdotools.org/">SNOMED CT</a>#9632001)</span></p><p><b>priority</b>: routine</p><p><b>code</b>: Other <span style="background: LightGoldenRodYellow; margin: 4px; border: 1px solid khaki"> (<a href="CodeSystem-be-cs-nursing-code.html">BeNursingCode</a>#other)</span></p><p><b>orderDetail</b>: Collection of blood specimen for laboratory <span style="background: LightGoldenRodYellow; margin: 4px; border: 1px solid khaki"> (<a href="https://browser.ihtsdotools.org/">SNOMED CT</a>#82078001)</span></p><p><b>subject</b>: <a href="Patient-patient1.html">Patient/patient1</a> " DOE"</p><p><b>occurrence</b>: 2021-02-25 12:00:00+0000</p><p><b>authoredOn</b>: 2022-10-31</p><p><b>requester</b>: <a href="Practitioner-practitioner1.html">Practitioner/practitioner1</a> " MCCOY"</p><p><b>performer</b>: <a href="PractitionerRole-practitionerrole1.html">PractitionerRole/practitionerrole1</a></p><p><b>reasonCode</b>: Cold foot <span style="background: LightGoldenRodYellow; margin: 4px; border: 1px solid khaki"> (<a href="https://browser.ihtsdotools.org/">SNOMED CT</a>#309256001)</span></p><p><b>note</b>: bloedafname, Frequency: eenmalig, nuchter</p></div>
  </text>
  <extension url="http://hl7.org/fhir/StructureDefinition/request-statusReason">
    <valueCodeableConcept>
      <coding>
        <system value="https://www.ehealth.fgov.be/standards/fhir/referral/CodeSystem/be-prescription-status-reason"/>
        <code value="inProgress"/>
        <display value="In Progress"/>
      </coding>
    </valueCodeableConcept>
  </extension>
  <extension url="https://www.ehealth.fgov.be/standards/fhir/referral/StructureDefinition/be-ext-validity-period">
    <valuePeriod>
      <start value="2022-04-19"/>
      <end value="2023-04-19"/>
    </valuePeriod>
  </extension>
  <extension url="https://www.ehealth.fgov.be/standards/fhir/referral/StructureDefinition/be-ext-execution-period">
    <valuePeriod>
      <start value="2022-04-19"/>
      <end value="2023-04-19"/>
    </valuePeriod>
  </extension>
  <status value="active"/>
  <intent value="order"/>
  <category>
    <coding>
      <system value="http://snomed.info/sct"/>
      <code value="9632001"/>
    </coding>
    <text value="Nursing procedure"/>
  </category>
  <priority value="routine"/>
  <code>
    <coding>
      <system value="https://www.ehealth.fgov.be/standards/fhir/referral/CodeSystem/be-cs-nursing-code"/>
      <code value="other"/>
    </coding>
  </code>
  <orderDetail>
    <coding>
      <system value="http://snomed.info/sct"/>
      <code value="82078001"/>
    </coding>
  </orderDetail>
  <subject>
    <reference value="Patient/patient1"/>
  </subject>
  <occurrenceDateTime value="2021-02-25T00:00:00.000Z"/>
  <authoredOn value="2022-10-31"/>
  <requester>
    <reference value="Practitioner/practitioner1"/>
  </requester>
  <performer>
    <reference value="PractitionerRole/practitionerrole1"/>
  </performer>
  <reasonCode>
    <coding>
      <system value="http://snomed.info/sct"/>
      <code value="309256001"/>
    </coding>
  </reasonCode>
  <note>
    <text value="bloedafname, Frequency: eenmalig, nuchter"/>
  </note>
</ServiceRequest>