<?xml version="1.0" encoding="UTF-8"?>

<ServiceRequest xmlns="http://hl7.org/fhir">
  <id value="laboratory-order-example1"/>
  <meta>
    <profile value="https://www.ehealth.fgov.be/standards/fhir/referral/StructureDefinition/be-lab-prescription"/>
  </meta>
  <text>
    <status value="extensions"/><div xmlns="http://www.w3.org/1999/xhtml"><p><b>Generated Narrative: ServiceRequest</b><a name="laboratory-order-example1"> </a></p><div style="display: inline-block; background-color: #d9e0e7; padding: 6px; margin: 4px; border: 1px solid #8da1b4; border-radius: 5px; line-height: 60%"><p style="margin-bottom: 0px">Resource ServiceRequest "laboratory-order-example1" </p><p style="margin-bottom: 0px">Profile: <a href="StructureDefinition-be-lab-prescription.html">BeLabPrescription</a></p></div><p><b>Reason for current status</b>: Other <span style="background: LightGoldenRodYellow; margin: 4px; border: 1px solid khaki"> (<a href="CodeSystem-be-prescription-status-reason.html">BePrescriptionStatusReason</a>#inprogress)</span></p><p><b>BeValidityPeriod</b>: 2021-10-10 --&gt; (ongoing)</p><blockquote><p><b>BeUrgentCommunication</b></p><p><b>value</b>: <a name="Requester1"> </a></p><blockquote><p></p><p><a name="Requester1"> </a></p><p><b>identifier</b>: id: 8888888888 (OFFICIAL)</p><p><b>name</b>: Henry Seven (OFFICIAL)</p><p><b>telecom</b>: ph: 322882299(HOME)</p><p><b>address</b>: Werkstraat 26, 1000 Brussel(WORK)</p></blockquote><p><b>value</b>: Send the requester an email, when the test is done.</p></blockquote><p><b>identifier</b>: id: XXXXXX</p><p><b>status</b>: active</p><p><b>intent</b>: original-order</p><p><b>category</b>: Laboratory test <span style="background: LightGoldenRodYellow; margin: 4px; border: 1px solid khaki"> (<a href="https://browser.ihtsdotools.org/">SNOMED CT</a>#15220000)</span></p><p><b>priority</b>: stat</p><p><b>code</b>: Hematology studies (set) <span style="background: LightGoldenRodYellow; margin: 4px; border: 1px solid khaki"> (<a href="https://loinc.org/">LOINC</a>#18723-7)</span></p><p><b>orderDetail</b>: Erythrocyte sedimentation rate <span style="background: LightGoldenRodYellow; margin: 4px; border: 1px solid khaki"> (<a href="https://loinc.org/">LOINC</a>#30341-2)</span>, Erythrocytes [#/volume] in Blood by Automated count <span style="background: LightGoldenRodYellow; margin: 4px; border: 1px solid khaki"> (<a href="https://loinc.org/">LOINC</a>#789-8)</span>, Carboxyhemoglobin/Hemoglobin.total in Blood <span style="background: LightGoldenRodYellow; margin: 4px; border: 1px solid khaki"> (<a href="https://loinc.org/">LOINC</a>#20563-3)</span>, Test described in text only <span style="background: LightGoldenRodYellow; margin: 4px; border: 1px solid khaki"> ()</span></p><p><b>subject</b>: <a name="patient1"> </a></p><blockquote><p></p><p><a name="patient1"> </a></p><p><b>identifier</b>: id: 9999999999 (OFFICIAL)</p><p><b>name</b>: Jane Doe </p><p><b>telecom</b>: ph: 322672299(HOME)</p><p><b>gender</b>: female</p><p><b>birthDate</b>: 1956-05-27</p><p><b>address</b>: Labradorstraat 26, 1000 Brussel(HOME)</p></blockquote><p><b>authoredOn</b>: 2015-11-01 02:41:00+0100</p><p><b>requester</b>: <a name="Requester1"> </a></p><blockquote><p></p><p><a name="Requester1"> </a></p><p><b>identifier</b>: id: 8888888888 (OFFICIAL)</p><p><b>name</b>: Henry Seven (OFFICIAL)</p><p><b>telecom</b>: ph: 322882299(HOME)</p><p><b>address</b>: Werkstraat 26, 1000 Brussel(WORK)</p></blockquote><p><b>performer</b>: <a href="PractitionerRole-practitionerrole1.html">PractitionerRole/practitionerrole1</a></p><p><b>reasonCode</b>: TheJustification <span style="background: LightGoldenRodYellow; margin: 4px; border: 1px solid khaki"> (#123)</span></p><p><b>supportingInfo</b>: </p><ul><li><a name="observation1"> </a></li><li><a name="condition1"> </a></li><li><a name="media1"> </a></li></ul><blockquote><p></p><p><a name="observation1"> </a></p><p><b>status</b>: final</p><p><b>category</b>: Vital Signs <span style="background: LightGoldenRodYellow; margin: 4px; border: 1px solid khaki"> (<a href="http://terminology.hl7.org/3.1.0/CodeSystem-observation-category.html">Observation Category Codes</a>#vital-signs)</span></p><p><b>code</b>: Heart rate <span style="background: LightGoldenRodYellow; margin: 4px; border: 1px solid khaki"> (<a href="https://loinc.org/">LOINC</a>#8867-4; <a href="https://browser.ihtsdotools.org/">SNOMED CT</a>#364075005 "Heart rate (observable entity)")</span></p><p><b>subject</b>: <a href="#patient1">#patient1</a></p><p><b>effective</b>: 1999-07-02</p><p><b>performer</b>: <a href="#Requester1">#Requester1</a></p><p><b>value</b>: 51 beats/minute<span style="background: LightGoldenRodYellow"> (Details: UCUM code /min = '/min')</span></p></blockquote><blockquote><p></p><p><a name="condition1"> </a></p><p><b>clinicalStatus</b>: Active <span style="background: LightGoldenRodYellow; margin: 4px; border: 1px solid khaki"> (<a href="http://terminology.hl7.org/4.0.0/CodeSystem-condition-clinical.html">Condition Clinical Status Codes</a>#active)</span></p><p><b>verificationStatus</b>: Provisional <span style="background: LightGoldenRodYellow; margin: 4px; border: 1px solid khaki"> (<a href="http://terminology.hl7.org/3.1.0/CodeSystem-condition-ver-status.html">ConditionVerificationStatus</a>#provisional)</span></p><p><b>code</b>: bradycardie <span style="background: LightGoldenRodYellow; margin: 4px; border: 1px solid khaki"> ()</span></p><p><b>subject</b>: <a href="#patient1">#patient1</a></p><p><b>note</b>: This is a suspicion</p></blockquote><blockquote><p></p><p><a name="media1"> </a></p><p><b>status</b>: current</p><blockquote><p><b>content</b></p><h3>Attachments</h3><table class="grid"><tr><td>-</td><td><b>ContentType</b></td><td><b>Data</b></td></tr><tr><td>*</td><td>image/gif</td><td>iVBORw0KGgoAAAANSUhEUgAAA+MAAACnCAYAAAB6pY03AAAAAXNSR0IArs4c6QAAAARnQU1BAACxjwv8YQUAAAAJcEhZcwAAEnMAABJzAYwiuQcAADBZSURBVHhe7d09rty218fxrOFfZj/ZQHZgwEiZgg==</td></tr></table></blockquote></blockquote><p><b>specimen</b>: <a name="specimen1"> </a></p><blockquote><p></p><p><a name="specimen1"> </a></p><p><b>identifier</b>: id: 1</p><p><b>type</b>: A string can be added to nuance or explain. <span style="background: LightGoldenRodYellow; margin: 4px; border: 1px solid khaki"> (<a href="https://browser.ihtsdotools.org/">SNOMED CT</a>#119297000 "Blood specimen")</span></p><h3>Collections</h3><table class="grid"><tr><td>-</td><td><b>Collected[x]</b></td><td><b>Method</b></td><td><b>BodySite</b></td></tr><tr><td>*</td><td>2015-11-03</td><td>Venipuncture for blood test (procedure) <span style="background: LightGoldenRodYellow; margin: 4px; border: 1px solid khaki"> (<a href="https://browser.ihtsdotools.org/">SNOMED CT</a>#28520004)</span></td><td>Left upper arm structure (body structure) <span style="background: LightGoldenRodYellow; margin: 4px; border: 1px solid khaki"> (<a href="https://browser.ihtsdotools.org/">SNOMED CT</a>#368208006)</span></td></tr></table><p><b>note</b>: Some extra relevant information concerning the specimen</p></blockquote><p><b>note</b>: Some free text explaining about these tests that are ordered.</p></div>
  </text>
  <contained>
    <Patient>
      <id value="patient1"/>
      <meta>
        <profile value="https://www.ehealth.fgov.be/standards/fhir/core/StructureDefinition/be-patient"/>
      </meta>
      <identifier>
        <use value="official"/>
        <system value="https://www.ehealth.fgov.be/standards/fhir/core/NamingSystem/ssin"/>
        <value value="9999999999"/>
      </identifier>
      <name>
        <family value="Doe"/>
        <given value="Jane"/>
      </name>
      <telecom>
        <system value="phone"/>
        <value value="322672299"/>
        <use value="home"/>
      </telecom>
      <gender value="female"/>
      <birthDate value="1956-05-27"/>
      <address>
        <use value="home"/>
        <type value="both"/>
        <text value="Labradorstraat 26, 1000 Brussel"/>
        <line value="Labradorstraat 26"/>
        <city value="Brussel"/>
        <postalCode value="1000"/>
        <country value="BE"/>
      </address>
    </Patient>
  </contained>
  <contained>
    <Observation>
      <id value="observation1"/>
      <status value="final"/>
      <category>
        <coding>
          <system value="http://terminology.hl7.org/CodeSystem/observation-category"/>
          <code value="vital-signs"/>
          <display value="Vital Signs"/>
        </coding>
        <text value="Vital Signs"/>
      </category>
      <code>
        <coding>
          <system value="http://loinc.org"/>
          <code value="8867-4"/>
          <display value="Heart rate"/>
        </coding>
        <coding>
          <system value="http://snomed.info/sct"/>
          <code value="364075005"/>
          <display value="Heart rate (observable entity)"/>
        </coding>
        <text value="Heart rate"/>
      </code>
      <subject>
        <reference value="#patient1"/>
      </subject>
      <effectiveDateTime value="1999-07-02"/>
      <performer>
        <reference value="#Requester1"/>
      </performer>
      <valueQuantity>
        <value value="51"/>
        <unit value="beats/minute"/>
        <system value="http://unitsofmeasure.org"/>
        <code value="/min"/>
      </valueQuantity>
    </Observation>
  </contained>
  <contained>
    <Condition>
      <id value="condition1"/>
      <clinicalStatus>
        <coding>
          <system value="http://terminology.hl7.org/CodeSystem/condition-clinical"/>
          <code value="active"/>
        </coding>
      </clinicalStatus>
      <verificationStatus>
        <coding>
          <system value="http://terminology.hl7.org/CodeSystem/condition-ver-status"/>
          <code value="provisional"/>
        </coding>
      </verificationStatus>
      <code>
        <text value="bradycardie"/>
      </code>
      <subject>
        <reference value="#patient1"/>
      </subject>
      <note>
        <text value="This is a suspicion"/>
      </note>
    </Condition>
  </contained>
  <contained>
    <DocumentReference>
      <id value="media1"/>
      <status value="current"/>
      <content>
        <attachment>
          <contentType value="image/gif"/>
          <data value="iVBORw0KGgoAAAANSUhEUgAAA+MAAACnCAYAAAB6pY03AAAAAXNSR0IArs4c6QAAAARnQU1BAACx jwv8YQUAAAAJcEhZcwAAEnMAABJzAYwiuQcAADBZSURBVHhe7d09rty218fxrOFfZj/ZQHZgwEiZ gg=="/>
        </attachment>
      </content>
    </DocumentReference>
  </contained>
  <contained>
    <Practitioner>
      <id value="Requester1"/>
      <meta>
        <profile value="https://www.ehealth.fgov.be/standards/fhir/core/StructureDefinition/be-practitioner"/>
      </meta>
      <identifier>
        <use value="official"/>
        <system value="https://www.ehealth.fgov.be/standards/fhir/core/NamingSystem/nihdi"/>
        <value value="8888888888"/>
      </identifier>
      <name>
        <use value="official"/>
        <family value="Seven"/>
        <given value="Henry"/>
      </name>
      <telecom>
        <system value="phone"/>
        <value value="322882299"/>
        <use value="home"/>
      </telecom>
      <address>
        <use value="work"/>
        <type value="both"/>
        <text value="Werkstraat 26, 1000 Brussel"/>
        <line value="Werkstraat 26"/>
        <city value="Brussel"/>
        <postalCode value="1000"/>
        <country value="BE"/>
      </address>
    </Practitioner>
  </contained>
  <contained>
    <Organization>
      <id value="Performer1"/>
      <meta>
        <profile value="https://www.ehealth.fgov.be/standards/fhir/core/StructureDefinition/be-organization"/>
      </meta>
      <identifier>
        <use value="official"/>
        <system value="https://www.ehealth.fgov.be/standards/fhir/core/NamingSystem/nihdi"/>
        <value value="9876543210"/>
      </identifier>
      <name value="Labstraatlabo"/>
      <telecom>
        <system value="phone"/>
        <value value="322884499"/>
        <use value="work"/>
      </telecom>
      <address>
        <use value="work"/>
        <type value="both"/>
        <text value="Labstraat 101, 1000 Brussel"/>
        <line value="Labstraat 101"/>
        <city value="Brussel"/>
        <postalCode value="1000"/>
        <country value="BE"/>
      </address>
    </Organization>
  </contained>
  <contained>
    <Specimen>
      <id value="specimen1"/>
      <identifier>
        <system value="https://www.GTL-LABO.be/"/>
        <value value="1"/>
      </identifier>
      <type>
        <coding>
          <system value="http://snomed.info/sct"/>
          <code value="119297000"/>
          <display value="Blood specimen"/>
        </coding>
        <text value="A string can be added to nuance or explain."/>
      </type>
      <collection>
        <collectedDateTime value="2015-11-03"/>
        <method>
          <coding>
            <system value="http://snomed.info/sct"/>
            <code value="28520004"/>
            <display value="Venipuncture for blood test (procedure)"/>
          </coding>
        </method>
        <bodySite>
          <coding>
            <system value="http://snomed.info/sct"/>
            <code value="368208006"/>
            <display value="Left upper arm structure (body structure)"/>
          </coding>
        </bodySite>
      </collection>
      <note>
        <text value="Some extra relevant information concerning the specimen"/>
      </note>
    </Specimen>
  </contained>
  <extension url="http://hl7.org/fhir/StructureDefinition/request-statusReason">
    <valueCodeableConcept>
      <coding>
        <system value="https://www.ehealth.fgov.be/standards/fhir/referral/CodeSystem/be-prescription-status-reason"/>
        <code value="inprogress"/>
        <display value="Other"/>
      </coding>
    </valueCodeableConcept>
  </extension>
  <extension url="https://www.ehealth.fgov.be/standards/fhir/referral/StructureDefinition/be-ext-validity-period">
    <valuePeriod>
      <start value="2021-10-10"/>
    </valuePeriod>
  </extension>
  <extension url="https://www.ehealth.fgov.be/standards/fhir/referral/StructureDefinition/be-ext-urgent-communication">
    <extension url="party">
      <valueReference>
        <reference value="#Requester1"/>
      </valueReference>
    </extension>
    <extension url="instructions">
      <valueString value="Send the requester an email, when the test is done."/>
    </extension>
    <extension url="contactway">
      <extension url="contactSystem">
        <valueCodeableConcept>
          <coding>
            <system value="http://hl7.org/fhir/contact-point-system"/>
            <code value="email"/>
            <display value="email"/>
          </coding>
        </valueCodeableConcept>
      </extension>
      <extension url="contactSystemValue">
        <valueString value="doctor@mycabinet.be"/>
      </extension>
    </extension>
  </extension>
  <identifier>
    <system value="https://www.ehealth.fgov.be/standards/fhir/referral/NamingSystem/uhmep"/>
    <value value="XXXXXX"/>
  </identifier>
  <status value="active"/>
  <intent value="original-order"/>
  <category>
    <coding>
      <system value="http://snomed.info/sct"/>
      <code value="15220000"/>
      <display value="Laboratory test"/>
    </coding>
  </category>
  <priority value="stat"/>
  <code>
    <coding>
      <system value="http://loinc.org"/>
      <code value="18723-7"/>
      <display value="Hematology studies (set)"/>
    </coding>
  </code>
  <orderDetail>
    <coding>
      <system value="http://loinc.org"/>
      <code value="30341-2"/>
      <display value="Erythrocyte sedimentation rate"/>
    </coding>
  </orderDetail>
  <orderDetail>
    <coding>
      <system value="http://loinc.org"/>
      <code value="789-8"/>
      <display value="Erythrocytes [#/volume] in Blood by Automated count"/>
    </coding>
  </orderDetail>
  <orderDetail>
    <coding>
      <system value="http://loinc.org"/>
      <code value="20563-3"/>
      <display value="Carboxyhemoglobin/Hemoglobin.total in Blood"/>
    </coding>
  </orderDetail>
  <orderDetail>
    <text value="Test described in text only"/>
  </orderDetail>
  <subject>
    <reference value="#patient1"/>
  </subject>
  <authoredOn value="2015-11-01T14:41:00+01:00"/>
  <requester>
    <reference value="#Requester1"/>
  </requester>
  <performer>
    <reference value="PractitionerRole/practitionerrole1"/>
  </performer>
  <reasonCode>
    <coding>
      <system value="https://www.SOME_NOMENCLATURE_SYSTEM.be/"/>
      <code value="123"/>
      <display value="TheJustification"/>
    </coding>
  </reasonCode>
  <supportingInfo>
    <reference value="#observation1"/>
  </supportingInfo>
  <supportingInfo>
    <reference value="#condition1"/>
  </supportingInfo>
  <supportingInfo>
    <reference value="#media1"/>
  </supportingInfo>
  <specimen>
    <reference value="#specimen1"/>
  </specimen>
  <note>
    <text value="Some free text explaining about these tests that are ordered."/>
  </note>
</ServiceRequest>