<?xml version="1.0" encoding="UTF-8"?>

<StructureDefinition xmlns="http://hl7.org/fhir">
  <id value="be-model-nursingprescription"/>
  <text>
    <status value="extensions"/><div xmlns="http://www.w3.org/1999/xhtml"><table border="0" cellpadding="0" cellspacing="0" style="border: 0px #F0F0F0 solid; font-size: 11px; font-family: verdana; vertical-align: top;"><tr style="border: 1px #F0F0F0 solid; font-size: 11px; font-family: verdana; vertical-align: top"><th style="vertical-align: top; text-align : left; background-color: white; border: 0px #F0F0F0 solid; padding:0px 4px 0px 4px" class="hierarchy"><a href="http://hl7.org/fhir/R4/formats.html#table" title="The logical name of the element">Name</a></th><th style="vertical-align: top; text-align : left; background-color: white; border: 0px #F0F0F0 solid; padding:0px 4px 0px 4px" class="hierarchy"><a href="http://hl7.org/fhir/R4/formats.html#table" title="Information about the use of the element">Flags</a></th><th style="vertical-align: top; text-align : left; background-color: white; border: 0px #F0F0F0 solid; padding:0px 4px 0px 4px" class="hierarchy"><a href="http://hl7.org/fhir/R4/formats.html#table" title="Minimum and Maximum # of times the the element can appear in the instance">Card.</a></th><th style="width: 100px" class="hierarchy"><a href="http://hl7.org/fhir/R4/formats.html#table" title="Reference to the type of the element">Type</a></th><th style="vertical-align: top; text-align : left; background-color: white; border: 0px #F0F0F0 solid; padding:0px 4px 0px 4px" class="hierarchy"><a href="http://hl7.org/fhir/R4/formats.html#table" title="Additional information about the element">Description &amp; Constraints</a><span style="float: right"><a href="http://hl7.org/fhir/R4/formats.html#table" title="Legend for this format"><img src="http://hl7.org/fhir/R4/help16.png" alt="doco" style="background-color: inherit"/></a></span></th></tr><tr style="border: 0px #F0F0F0 solid; padding:0px; vertical-align: top; background-color: white"><td style="vertical-align: top; text-align : left; background-color: white; border: 0px #F0F0F0 solid; padding:0px 4px 0px 4px; white-space: nowrap; background-image: url(tbl_bck1.png)" class="hierarchy"><img src="tbl_spacer.png" alt="." style="background-color: inherit" class="hierarchy"/><img src="icon_element.gif" alt="." style="background-color: white; background-color: inherit" title="Element" class="hierarchy"/> <a href="StructureDefinition-be-model-nursingprescription-definitions.html#BeNursingPrescription">BeNursingPrescription</a><a name="BeNursingPrescription"> </a></td><td style="vertical-align: top; text-align : left; background-color: white; border: 0px #F0F0F0 solid; padding:0px 4px 0px 4px" class="hierarchy"/><td style="vertical-align: top; text-align : left; background-color: white; border: 0px #F0F0F0 solid; padding:0px 4px 0px 4px" class="hierarchy"><span style="opacity: 0.5">0</span><span style="opacity: 0.5">..</span><span style="opacity: 0.5">*</span></td><td style="vertical-align: top; text-align : left; background-color: white; border: 0px #F0F0F0 solid; padding:0px 4px 0px 4px" class="hierarchy"><a href="StructureDefinition-be-model-referralprescription.html">BeModelReferralPrescription</a></td><td style="vertical-align: top; text-align : left; background-color: white; border: 0px #F0F0F0 solid; padding:0px 4px 0px 4px" class="hierarchy"/></tr>
<tr style="border: 0px #F0F0F0 solid; padding:0px; vertical-align: top; background-color: #F7F7F7"><td style="vertical-align: top; text-align : left; background-color: #F7F7F7; border: 0px #F0F0F0 solid; padding:0px 4px 0px 4px; white-space: nowrap; background-image: url(tbl_bck10.png)" class="hierarchy"><img src="tbl_spacer.png" alt="." style="background-color: inherit" class="hierarchy"/><img src="tbl_vjoin.png" alt="." style="background-color: inherit" class="hierarchy"/><img src="icon_primitive.png" alt="." style="background-color: #F7F7F7; background-color: inherit" title="Primitive Data Type" class="hierarchy"/> <a href="StructureDefinition-be-model-nursingprescription-definitions.html#BeNursingPrescription.serviceRequestNumber" title="number of sessions prescribed">serviceRequestNumber</a><a name="BeNursingPrescription.serviceRequestNumber"> </a></td><td style="vertical-align: top; text-align : left; background-color: #F7F7F7; border: 0px #F0F0F0 solid; padding:0px 4px 0px 4px" class="hierarchy"/><td style="vertical-align: top; text-align : left; background-color: #F7F7F7; border: 0px #F0F0F0 solid; padding:0px 4px 0px 4px" class="hierarchy">0..1</td><td style="vertical-align: top; text-align : left; background-color: #F7F7F7; border: 0px #F0F0F0 solid; padding:0px 4px 0px 4px" class="hierarchy"><a href="http://hl7.org/fhir/R4/datatypes.html#positiveInt">positiveInt</a></td><td style="vertical-align: top; text-align : left; background-color: #F7F7F7; border: 0px #F0F0F0 solid; padding:0px 4px 0px 4px" class="hierarchy">number of sessions prescribed</td></tr>
<tr style="border: 0px #F0F0F0 solid; padding:0px; vertical-align: top; background-color: white"><td style="vertical-align: top; text-align : left; background-color: white; border: 0px #F0F0F0 solid; padding:0px 4px 0px 4px; white-space: nowrap; background-image: url(tbl_bck10.png)" class="hierarchy"><img src="tbl_spacer.png" alt="." style="background-color: inherit" class="hierarchy"/><img src="tbl_vjoin.png" alt="." style="background-color: inherit" class="hierarchy"/><img src="icon_datatype.gif" alt="." style="background-color: white; background-color: inherit" title="Data Type" class="hierarchy"/> <a href="StructureDefinition-be-model-nursingprescription-definitions.html#BeNursingPrescription.serviceRequestFrequency" title="frequency of the treatment">serviceRequestFrequency</a><a name="BeNursingPrescription.serviceRequestFrequency"> </a></td><td style="vertical-align: top; text-align : left; background-color: white; border: 0px #F0F0F0 solid; padding:0px 4px 0px 4px" class="hierarchy"/><td style="vertical-align: top; text-align : left; background-color: white; border: 0px #F0F0F0 solid; padding:0px 4px 0px 4px" class="hierarchy">0..1</td><td style="vertical-align: top; text-align : left; background-color: white; border: 0px #F0F0F0 solid; padding:0px 4px 0px 4px" class="hierarchy"><a href="http://hl7.org/fhir/R4/datatypes.html#CodeableConcept">CodeableConcept</a></td><td style="vertical-align: top; text-align : left; background-color: white; border: 0px #F0F0F0 solid; padding:0px 4px 0px 4px" class="hierarchy">frequency of the treatment</td></tr>
<tr style="border: 0px #F0F0F0 solid; padding:0px; vertical-align: top; background-color: #F7F7F7"><td style="vertical-align: top; text-align : left; background-color: #F7F7F7; border: 0px #F0F0F0 solid; padding:0px 4px 0px 4px; white-space: nowrap; background-image: url(tbl_bck10.png)" class="hierarchy"><img src="tbl_spacer.png" alt="." style="background-color: inherit" class="hierarchy"/><img src="tbl_vjoin.png" alt="." style="background-color: inherit" class="hierarchy"/><img src="icon_datatype.gif" alt="." style="background-color: #F7F7F7; background-color: inherit" title="Data Type" class="hierarchy"/> <a href="StructureDefinition-be-model-nursingprescription-definitions.html#BeNursingPrescription.serviceRequestDayPeriod" title="period of the day on which the treatment must take place">serviceRequestDayPeriod</a><a name="BeNursingPrescription.serviceRequestDayPeriod"> </a></td><td style="vertical-align: top; text-align : left; background-color: #F7F7F7; border: 0px #F0F0F0 solid; padding:0px 4px 0px 4px" class="hierarchy"/><td style="vertical-align: top; text-align : left; background-color: #F7F7F7; border: 0px #F0F0F0 solid; padding:0px 4px 0px 4px" class="hierarchy">0..*</td><td style="vertical-align: top; text-align : left; background-color: #F7F7F7; border: 0px #F0F0F0 solid; padding:0px 4px 0px 4px" class="hierarchy"><a href="http://hl7.org/fhir/R4/datatypes.html#CodeableConcept">CodeableConcept</a></td><td style="vertical-align: top; text-align : left; background-color: #F7F7F7; border: 0px #F0F0F0 solid; padding:0px 4px 0px 4px" class="hierarchy">period of the day on which the treatment must take place<br/></td></tr>
<tr style="border: 0px #F0F0F0 solid; padding:0px; vertical-align: top; background-color: white"><td style="vertical-align: top; text-align : left; background-color: white; border: 0px #F0F0F0 solid; padding:0px 4px 0px 4px; white-space: nowrap; background-image: url(tbl_bck00.png)" class="hierarchy"><img src="tbl_spacer.png" alt="." style="background-color: inherit" class="hierarchy"/><img src="tbl_vjoin_end.png" alt="." style="background-color: inherit" class="hierarchy"/><img src="icon_datatype.gif" alt="." style="background-color: white; background-color: inherit" title="Data Type" class="hierarchy"/> <a href="StructureDefinition-be-model-nursingprescription-definitions.html#BeNursingPrescription.route" title="administration route of the treatment">route</a><a name="BeNursingPrescription.route"> </a></td><td style="vertical-align: top; text-align : left; background-color: white; border: 0px #F0F0F0 solid; padding:0px 4px 0px 4px" class="hierarchy"/><td style="vertical-align: top; text-align : left; background-color: white; border: 0px #F0F0F0 solid; padding:0px 4px 0px 4px" class="hierarchy">0..1</td><td style="vertical-align: top; text-align : left; background-color: white; border: 0px #F0F0F0 solid; padding:0px 4px 0px 4px" class="hierarchy"><a href="http://hl7.org/fhir/R4/datatypes.html#CodeableConcept">CodeableConcept</a></td><td style="vertical-align: top; text-align : left; background-color: white; border: 0px #F0F0F0 solid; padding:0px 4px 0px 4px" class="hierarchy">administration route of the treatment</td></tr>
<tr><td colspan="5" class="hierarchy"><br/><a href="http://hl7.org/fhir/R4/formats.html#table" title="Legend for this format"><img src="http://hl7.org/fhir/R4/help16.png" alt="doco" style="background-color: inherit"/> Documentation for this format</a></td></tr></table></div>
  </text>
  <url value="https://www.ehealth.fgov.be/standards/fhir/referral/StructureDefinition/be-model-nursingprescription"/>
  <version value="0.2.0"/>
  <name value="BeModelNursingPrescription"/>
  <status value="draft"/>
  <date value="2021-10-07T15:14:36+02:00"/>
  <publisher value="HL7 Belgium"/>
  <contact>
    <name value="HL7 Belgium"/>
    <telecom>
      <system value="url"/>
      <value value="http://hl7belgium.org"/>
    </telecom>
  </contact>
  <contact>
    <name value="Message-Structure"/>
    <telecom>
      <system value="email"/>
      <value value="message-structure@ehealth.fgov.be"/>
      <use value="work"/>
    </telecom>
  </contact>
  <jurisdiction>
    <coding>
      <system value="urn:iso:std:iso:3166"/>
      <code value="BE"/>
      <display value="Belgium"/>
    </coding>
  </jurisdiction>
  <fhirVersion value="4.0.1"/>
  <mapping>
    <identity value="rim"/>
    <uri value="http://hl7.org/v3"/>
    <name value="RIM Mapping"/>
  </mapping>
  <kind value="logical"/>
  <abstract value="false"/>
  <type value="BeNursingPrescription"/>
  <baseDefinition value="https://www.ehealth.fgov.be/standards/fhir/referral/StructureDefinition/be-model-referralprescription"/>
  <derivation value="specialization"/>
  <snapshot>
    <element id="BeNursingPrescription">
      <path value="BeNursingPrescription"/>
      <definition value="Logical model describing the model for the prescription referral. This draft is used in the HL7 Belgian workgroup for referral."/>
      <min value="0"/>
      <max value="*"/>
      <base>
        <path value="Base"/>
        <min value="0"/>
        <max value="*"/>
      </base>
      <isModifier value="false"/>
    </element>
    <element id="BeNursingPrescription.recordedDate">
      <path value="BeNursingPrescription.recordedDate"/>
      <short value="When this prescription was created"/>
      <definition value="When this prescription was created"/>
      <min value="1"/>
      <max value="1"/>
      <base>
        <path value="BeReferralPrescription.recordedDate"/>
        <min value="1"/>
        <max value="1"/>
      </base>
      <type>
        <code value="dateTime"/>
      </type>
    </element>
    <element id="BeNursingPrescription.recorder">
      <path value="BeNursingPrescription.recorder"/>
      <short value="The person who is responsable for the content, not necessarily the person who entered the content. This is either the prescriber, a co-prescriber or a performer"/>
      <definition value="The person who is responsable for the content, not necessarily the person who entered the content. This is either the prescriber, a co-prescriber or a performer"/>
      <min value="1"/>
      <max value="1"/>
      <base>
        <path value="BeReferralPrescription.recorder"/>
        <min value="1"/>
        <max value="1"/>
      </base>
      <type>
        <code value="Reference"/>
      </type>
    </element>
    <element id="BeNursingPrescription.prescriber">
      <path value="BeNursingPrescription.prescriber"/>
      <short value="The prescribing healthcare party"/>
      <definition value="The prescribing healthcare party"/>
      <min value="1"/>
      <max value="1"/>
      <base>
        <path value="BeReferralPrescription.prescriber"/>
        <min value="1"/>
        <max value="1"/>
      </base>
      <type>
        <code value="Reference"/>
      </type>
    </element>
    <element id="BeNursingPrescription.co-prescriberNumber">
      <path value="BeNursingPrescription.co-prescriberNumber"/>
      <short value="Number of co-prescribers that must sign the prescription to activate it"/>
      <definition value="Number of co-prescribers that must sign the prescription to activate it"/>
      <min value="1"/>
      <max value="1"/>
      <base>
        <path value="BeReferralPrescription.co-prescriberNumber"/>
        <min value="1"/>
        <max value="1"/>
      </base>
      <type>
        <code value="positiveInt"/>
      </type>
    </element>
    <element id="BeNursingPrescription.co-prescriber">
      <path value="BeNursingPrescription.co-prescriber"/>
      <short value="Information about co prescribers"/>
      <definition value="Information about co prescribers"/>
      <min value="0"/>
      <max value="*"/>
      <base>
        <path value="BeReferralPrescription.co-prescriber"/>
        <min value="0"/>
        <max value="*"/>
      </base>
      <type>
        <code value="BackboneElement"/>
      </type>
    </element>
    <element id="BeNursingPrescription.co-prescriber.co-prescriber">
      <path value="BeNursingPrescription.co-prescriber.co-prescriber"/>
      <short value="The co-prescriber party"/>
      <definition value="The co-prescriber party"/>
      <min value="0"/>
      <max value="1"/>
      <base>
        <path value="BeReferralPrescription.co-prescriber.co-prescriber"/>
        <min value="0"/>
        <max value="1"/>
      </base>
      <type>
        <code value="Reference"/>
      </type>
    </element>
    <element id="BeNursingPrescription.co-prescriber.co-prescriberType">
      <path value="BeNursingPrescription.co-prescriber.co-prescriberType"/>
      <short value="Type of the practitioner"/>
      <definition value="Type of the practitioner"/>
      <min value="1"/>
      <max value="1"/>
      <base>
        <path value="BeReferralPrescription.co-prescriber.co-prescriberType"/>
        <min value="1"/>
        <max value="1"/>
      </base>
      <type>
        <code value="code"/>
      </type>
    </element>
    <element id="BeNursingPrescription.co-prescriber.status">
      <path value="BeNursingPrescription.co-prescriber.status"/>
      <short value="Status of co prescribing status (to sign, signed or refused)"/>
      <definition value="Status of co prescribing status (to sign, signed or refused)"/>
      <min value="0"/>
      <max value="1"/>
      <base>
        <path value="BeReferralPrescription.co-prescriber.status"/>
        <min value="0"/>
        <max value="1"/>
      </base>
      <type>
        <code value="code"/>
      </type>
    </element>
    <element id="BeNursingPrescription.co-prescriber.required">
      <path value="BeNursingPrescription.co-prescriber.required"/>
      <short value="Type of mandatory for the signature of the co-prescriber (1= required: the co-prescriber SHALL sign to make the prescription valid, 2= conditionally required: the co-prescriber SHALL sign if the number of co-prescribers with a signature is lower than the number in co-prescriber number 3= optional: the signature does not affect the validity of the prescription, but is for information only"/>
      <definition value="Type of mandatory for the signature of the co-prescriber (1= required: the co-prescriber SHALL sign to make the prescription valid, 2= conditionally required: the co-prescriber SHALL sign if the number of co-prescribers with a signature is lower than the number in co-prescriber number 3= optional: the signature does not affect the validity of the prescription, but is for information only"/>
      <min value="1"/>
      <max value="1"/>
      <base>
        <path value="BeReferralPrescription.co-prescriber.required"/>
        <min value="1"/>
        <max value="1"/>
      </base>
      <type>
        <code value="positiveInt"/>
      </type>
    </element>
    <element id="BeNursingPrescription.patient">
      <path value="BeNursingPrescription.patient"/>
      <short value="The SSIN of the person for which the referral is prescribed."/>
      <definition value="The SSIN of the person for which the referral is prescribed."/>
      <min value="1"/>
      <max value="1"/>
      <base>
        <path value="BeReferralPrescription.patient"/>
        <min value="1"/>
        <max value="1"/>
      </base>
      <type>
        <code value="Reference"/>
      </type>
    </element>
    <element id="BeNursingPrescription.prescriptionNumber">
      <path value="BeNursingPrescription.prescriptionNumber"/>
      <short value="An identifier for the ReferralPrescription, e.g. the UHMEP identifier, once available"/>
      <definition value="An identifier for the ReferralPrescription, e.g. the UHMEP identifier, once available"/>
      <min value="1"/>
      <max value="1"/>
      <base>
        <path value="BeReferralPrescription.prescriptionNumber"/>
        <min value="1"/>
        <max value="1"/>
      </base>
      <type>
        <code value="Identifier"/>
      </type>
    </element>
    <element id="BeNursingPrescription.pssNumber">
      <path value="BeNursingPrescription.pssNumber"/>
      <short value="An identifier for the Prescription Search Support"/>
      <definition value="An identifier for the Prescription Search Support"/>
      <min value="0"/>
      <max value="1"/>
      <base>
        <path value="BeReferralPrescription.pssNumber"/>
        <min value="0"/>
        <max value="1"/>
      </base>
      <type>
        <code value="Identifier"/>
      </type>
    </element>
    <element id="BeNursingPrescription.pssRejectionReason">
      <path value="BeNursingPrescription.pssRejectionReason"/>
      <short value="Reason for not following the PSS suggestion"/>
      <definition value="Reason for not following the PSS suggestion"/>
      <min value="0"/>
      <max value="1"/>
      <base>
        <path value="BeReferralPrescription.pssRejectionReason"/>
        <min value="0"/>
        <max value="1"/>
      </base>
      <type>
        <code value="Annotation"/>
      </type>
    </element>
    <element id="BeNursingPrescription.requisition">
      <path value="BeNursingPrescription.requisition"/>
      <short value="An identifier for the bundle this prescription belongs to."/>
      <min value="0"/>
      <max value="1"/>
      <base>
        <path value="BeReferralPrescription.requisition"/>
        <min value="0"/>
        <max value="1"/>
      </base>
      <type>
        <code value="positiveInt"/>
      </type>
    </element>
    <element id="BeNursingPrescription.requistionType">
      <path value="BeNursingPrescription.requistionType"/>
      <short value="The type of bundle can be indicated in the type of the identifier"/>
      <min value="0"/>
      <max value="1"/>
      <base>
        <path value="BeReferralPrescription.requistionType"/>
        <min value="0"/>
        <max value="1"/>
      </base>
      <type>
        <code value="CodeableConcept"/>
      </type>
    </element>
    <element id="BeNursingPrescription.basedOn">
      <path value="BeNursingPrescription.basedOn"/>
      <short value="The original request or prescription triggered this prescription"/>
      <definition value="The original request or prescription that is the reason for this request - for example when a detailed request is created by a broader request."/>
      <min value="0"/>
      <max value="*"/>
      <base>
        <path value="BeReferralPrescription.basedOn"/>
        <min value="0"/>
        <max value="*"/>
      </base>
      <type>
        <code value="Reference"/>
      </type>
    </element>
    <element id="BeNursingPrescription.validitionPeriod">
      <path value="BeNursingPrescription.validitionPeriod"/>
      <short value="Period of validity of prescription"/>
      <definition value="Period of validity of prescription"/>
      <min value="1"/>
      <max value="1"/>
      <base>
        <path value="BeReferralPrescription.validitionPeriod"/>
        <min value="1"/>
        <max value="1"/>
      </base>
      <type>
        <code value="Period"/>
      </type>
    </element>
    <element id="BeNursingPrescription.treatmentPeriod">
      <path value="BeNursingPrescription.treatmentPeriod"/>
      <short value="When this prescription is executed, available after start of execution"/>
      <definition value="When this prescription is executed, available after start of execution"/>
      <min value="0"/>
      <max value="1"/>
      <base>
        <path value="BeReferralPrescription.treatmentPeriod"/>
        <min value="0"/>
        <max value="1"/>
      </base>
      <type>
        <code value="Period"/>
      </type>
    </element>
    <element id="BeNursingPrescription.treatmentValidationEndDate">
      <path value="BeNursingPrescription.treatmentValidationEndDate"/>
      <short value="The latest moment to end this treatment"/>
      <definition value="The latest moment to end this treatment"/>
      <min value="0"/>
      <max value="1"/>
      <base>
        <path value="BeReferralPrescription.treatmentValidationEndDate"/>
        <min value="0"/>
        <max value="1"/>
      </base>
      <type>
        <code value="dateTime"/>
      </type>
    </element>
    <element id="BeNursingPrescription.creationEndDate">
      <path value="BeNursingPrescription.creationEndDate"/>
      <short value="The prescription must have left the draft status before"/>
      <definition value="The prescription must have left the draft status before"/>
      <min value="0"/>
      <max value="1"/>
      <base>
        <path value="BeReferralPrescription.creationEndDate"/>
        <min value="0"/>
        <max value="1"/>
      </base>
      <type>
        <code value="dateTime"/>
      </type>
    </element>
    <element id="BeNursingPrescription.intendedPerformer">
      <path value="BeNursingPrescription.intendedPerformer"/>
      <short value="The intended provider, i.e. who is expected to perform the procedure - a specific person or a speciality"/>
      <definition value="The intended provider, i.e. who is expected to perform the procedure - a specific person or a speciality"/>
      <min value="1"/>
      <max value="*"/>
      <base>
        <path value="BeReferralPrescription.intendedPerformer"/>
        <min value="1"/>
        <max value="*"/>
      </base>
      <type>
        <code value="BackboneElement"/>
      </type>
    </element>
    <element id="BeNursingPrescription.intendedPerformer.performer">
      <path value="BeNursingPrescription.intendedPerformer.performer"/>
      <short value="A reference to the provider party (e.g. a NIHDI number for a healthcare professional, a SSIN or only a displaystring for a non professional caregiver,...)"/>
      <definition value="A reference to the provider party (e.g. a NIHDI number for a healthcare professional, a SSIN or only a displaystring for a non professional caregiver,...)"/>
      <min value="0"/>
      <max value="1"/>
      <base>
        <path value="BeReferralPrescription.intendedPerformer.performer"/>
        <min value="0"/>
        <max value="1"/>
      </base>
      <type>
        <code value="Reference"/>
      </type>
    </element>
    <element id="BeNursingPrescription.intendedPerformer.discipline">
      <path value="BeNursingPrescription.intendedPerformer.discipline"/>
      <short value="The required discipline of the provider party"/>
      <definition value="The required discipline of the provider party"/>
      <min value="1"/>
      <max value="1"/>
      <base>
        <path value="BeReferralPrescription.intendedPerformer.discipline"/>
        <min value="1"/>
        <max value="1"/>
      </base>
      <type>
        <code value="CodeableConcept"/>
      </type>
    </element>
    <element id="BeNursingPrescription.intendedPerformer.period">
      <path value="BeNursingPrescription.intendedPerformer.period"/>
      <short value="Start and enddate for the particular provider"/>
      <definition value="Start and enddate for the particular provider"/>
      <min value="0"/>
      <max value="1"/>
      <base>
        <path value="BeReferralPrescription.intendedPerformer.period"/>
        <min value="0"/>
        <max value="1"/>
      </base>
      <type>
        <code value="Period"/>
      </type>
    </element>
    <element id="BeNursingPrescription.intendedPerformer.organization">
      <path value="BeNursingPrescription.intendedPerformer.organization"/>
      <short value="Reference to an organization that will add the performer"/>
      <definition value="Reference to an organization that will add the performer"/>
      <min value="0"/>
      <max value="1"/>
      <base>
        <path value="BeReferralPrescription.intendedPerformer.organization"/>
        <min value="0"/>
        <max value="1"/>
      </base>
      <type>
        <code value="Reference"/>
      </type>
    </element>
    <element id="BeNursingPrescription.intendedPerformer.executionPeriod">
      <path value="BeNursingPrescription.intendedPerformer.executionPeriod"/>
      <short value="Period in which the caregiver executes the treatment"/>
      <definition value="Period in which the caregiver executes the treatment"/>
      <min value="0"/>
      <max value="1"/>
      <base>
        <path value="BeReferralPrescription.intendedPerformer.executionPeriod"/>
        <min value="0"/>
        <max value="1"/>
      </base>
      <type>
        <code value="Period"/>
      </type>
    </element>
    <element id="BeNursingPrescription.toBePerformedAfter">
      <path value="BeNursingPrescription.toBePerformedAfter"/>
      <short value="The current prescription should be performed after this one"/>
      <definition value="The current prescription should be performed after this one"/>
      <min value="0"/>
      <max value="1"/>
      <base>
        <path value="BeReferralPrescription.toBePerformedAfter"/>
        <min value="0"/>
        <max value="1"/>
      </base>
      <type>
        <code value="Reference"/>
      </type>
    </element>
    <element id="BeNursingPrescription.serviceRequested">
      <path value="BeNursingPrescription.serviceRequested"/>
      <short value="What is prescribed"/>
      <definition value="What is prescribed"/>
      <min value="1"/>
      <max value="1"/>
      <base>
        <path value="BeReferralPrescription.serviceRequested"/>
        <min value="1"/>
        <max value="1"/>
      </base>
      <type>
        <code value="CodeableConcept"/>
      </type>
    </element>
    <element id="BeNursingPrescription.problemCode">
      <path value="BeNursingPrescription.problemCode"/>
      <short value="The problem (code or reference) that is the main reason for this prescription"/>
      <definition value="The problem (code or reference) that is the main reason for this prescription"/>
      <min value="1"/>
      <max value="1"/>
      <base>
        <path value="BeReferralPrescription.problemCode"/>
        <min value="1"/>
        <max value="1"/>
      </base>
      <type>
        <code value="Reference"/>
      </type>
    </element>
    <element id="BeNursingPrescription.supportingInfo">
      <path value="BeNursingPrescription.supportingInfo"/>
      <short value="Care Set Problem"/>
      <definition value="Care Set Problem"/>
      <min value="0"/>
      <max value="1"/>
      <base>
        <path value="BeReferralPrescription.supportingInfo"/>
        <min value="0"/>
        <max value="1"/>
      </base>
      <type>
        <code value="Reference"/>
      </type>
    </element>
    <element id="BeNursingPrescription.resultReceiver">
      <path value="BeNursingPrescription.resultReceiver"/>
      <short value="True if the prescriber wants feedback. Other caregivers can be mentioned in the note"/>
      <definition value="True if the prescriber wants feedback. Other caregivers can be mentioned in the note"/>
      <min value="0"/>
      <max value="1"/>
      <base>
        <path value="BeReferralPrescription.resultReceiver"/>
        <min value="0"/>
        <max value="1"/>
      </base>
      <type>
        <code value="boolean"/>
      </type>
    </element>
    <element id="BeNursingPrescription.status">
      <path value="BeNursingPrescription.status"/>
      <short value="Current status"/>
      <definition value="Current status"/>
      <min value="0"/>
      <max value="1"/>
      <base>
        <path value="BeReferralPrescription.status"/>
        <min value="0"/>
        <max value="1"/>
      </base>
      <type>
        <code value="code"/>
      </type>
      <binding>
        <strength value="required"/>
        <valueSet value="http://hl7.org/fhir/ValueSet/request-status"/>
      </binding>
    </element>
    <element id="BeNursingPrescription.statusReason">
      <path value="BeNursingPrescription.statusReason"/>
      <short value="Reason current status"/>
      <definition value="Reason current status"/>
      <min value="0"/>
      <max value="1"/>
      <base>
        <path value="BeReferralPrescription.statusReason"/>
        <min value="0"/>
        <max value="1"/>
      </base>
      <type>
        <code value="CodeableConcept"/>
      </type>
    </element>
    <element id="BeNursingPrescription.treatmentStatus">
      <path value="BeNursingPrescription.treatmentStatus"/>
      <short value="Status of the treatment"/>
      <definition value="Status of the treatment"/>
      <min value="0"/>
      <max value="1"/>
      <base>
        <path value="BeReferralPrescription.treatmentStatus"/>
        <min value="0"/>
        <max value="1"/>
      </base>
      <type>
        <code value="CodeableConcept"/>
      </type>
    </element>
    <element id="BeNursingPrescription.treatmentStatusReason">
      <path value="BeNursingPrescription.treatmentStatusReason"/>
      <short value="Reason treatment status"/>
      <definition value="Reason treatment status"/>
      <min value="0"/>
      <max value="1"/>
      <base>
        <path value="BeReferralPrescription.treatmentStatusReason"/>
        <min value="0"/>
        <max value="1"/>
      </base>
      <type>
        <code value="CodeableConcept"/>
      </type>
    </element>
    <element id="BeNursingPrescription.bodyLocation">
      <path value="BeNursingPrescription.bodyLocation"/>
      <short value="Place where the treatment should be executed"/>
      <definition value="Place where the treatment should be executed"/>
      <min value="0"/>
      <max value="*"/>
      <base>
        <path value="BeReferralPrescription.bodyLocation"/>
        <min value="0"/>
        <max value="*"/>
      </base>
      <type>
        <code value="BackboneElement"/>
      </type>
    </element>
    <element id="BeNursingPrescription.bodyLocation.bodySite">
      <path value="BeNursingPrescription.bodyLocation.bodySite"/>
      <short value="Anatomical place where the treatment should be executed"/>
      <definition value="Anatomical place where the treatment should be executed"/>
      <min value="0"/>
      <max value="1"/>
      <base>
        <path value="BeReferralPrescription.bodyLocation.bodySite"/>
        <min value="0"/>
        <max value="1"/>
      </base>
      <type>
        <code value="CodeableConcept"/>
      </type>
    </element>
    <element id="BeNursingPrescription.bodyLocation.bodyLaterality">
      <path value="BeNursingPrescription.bodyLocation.bodyLaterality"/>
      <short value="Side of the body"/>
      <definition value="Side of the body"/>
      <min value="0"/>
      <max value="1"/>
      <base>
        <path value="BeReferralPrescription.bodyLocation.bodyLaterality"/>
        <min value="0"/>
        <max value="1"/>
      </base>
      <type>
        <code value="CodeableConcept"/>
      </type>
    </element>
    <element id="BeNursingPrescription.note">
      <path value="BeNursingPrescription.note"/>
      <short value="Additional text notes about the request."/>
      <definition value="Additional text notes about the request."/>
      <min value="0"/>
      <max value="*"/>
      <base>
        <path value="BeReferralPrescription.note"/>
        <min value="0"/>
        <max value="*"/>
      </base>
      <type>
        <code value="Annotation"/>
      </type>
    </element>
    <element id="BeNursingPrescription.intent">
      <path value="BeNursingPrescription.intent"/>
      <short value="Proposal, Prolongation, Prescription"/>
      <definition value="Proposal, Prolongation, Prescription"/>
      <min value="1"/>
      <max value="1"/>
      <base>
        <path value="BeReferralPrescription.intent"/>
        <min value="1"/>
        <max value="1"/>
      </base>
      <type>
        <code value="code"/>
      </type>
    </element>
    <element id="BeNursingPrescription.serviceRequestNumber">
      <path value="BeNursingPrescription.serviceRequestNumber"/>
      <short value="number of sessions prescribed"/>
      <definition value="number of sessions prescribed"/>
      <min value="0"/>
      <max value="1"/>
      <base>
        <path value="BeNursingPrescription.serviceRequestNumber"/>
        <min value="0"/>
        <max value="1"/>
      </base>
      <type>
        <code value="positiveInt"/>
      </type>
    </element>
    <element id="BeNursingPrescription.serviceRequestFrequency">
      <path value="BeNursingPrescription.serviceRequestFrequency"/>
      <short value="frequency of the treatment"/>
      <definition value="frequency of the treatment"/>
      <min value="0"/>
      <max value="1"/>
      <base>
        <path value="BeNursingPrescription.serviceRequestFrequency"/>
        <min value="0"/>
        <max value="1"/>
      </base>
      <type>
        <code value="CodeableConcept"/>
      </type>
    </element>
    <element id="BeNursingPrescription.serviceRequestDayPeriod">
      <path value="BeNursingPrescription.serviceRequestDayPeriod"/>
      <short value="period of the day on which the treatment must take place"/>
      <definition value="period of the day on which the treatment must take place"/>
      <min value="0"/>
      <max value="*"/>
      <base>
        <path value="BeNursingPrescription.serviceRequestDayPeriod"/>
        <min value="0"/>
        <max value="*"/>
      </base>
      <type>
        <code value="CodeableConcept"/>
      </type>
    </element>
    <element id="BeNursingPrescription.route">
      <path value="BeNursingPrescription.route"/>
      <short value="administration route of the treatment"/>
      <definition value="administration route of the treatment"/>
      <min value="0"/>
      <max value="1"/>
      <base>
        <path value="BeNursingPrescription.route"/>
        <min value="0"/>
        <max value="1"/>
      </base>
      <type>
        <code value="CodeableConcept"/>
      </type>
    </element>
  </snapshot>
  <differential>
    <element id="BeNursingPrescription">
      <path value="BeNursingPrescription"/>
    </element>
    <element id="BeNursingPrescription.serviceRequestNumber">
      <path value="BeNursingPrescription.serviceRequestNumber"/>
      <short value="number of sessions prescribed"/>
      <definition value="number of sessions prescribed"/>
      <min value="0"/>
      <max value="1"/>
      <type>
        <code value="positiveInt"/>
      </type>
    </element>
    <element id="BeNursingPrescription.serviceRequestFrequency">
      <path value="BeNursingPrescription.serviceRequestFrequency"/>
      <short value="frequency of the treatment"/>
      <definition value="frequency of the treatment"/>
      <min value="0"/>
      <max value="1"/>
      <type>
        <code value="CodeableConcept"/>
      </type>
    </element>
    <element id="BeNursingPrescription.serviceRequestDayPeriod">
      <path value="BeNursingPrescription.serviceRequestDayPeriod"/>
      <short value="period of the day on which the treatment must take place"/>
      <definition value="period of the day on which the treatment must take place"/>
      <min value="0"/>
      <max value="*"/>
      <type>
        <code value="CodeableConcept"/>
      </type>
    </element>
    <element id="BeNursingPrescription.route">
      <path value="BeNursingPrescription.route"/>
      <short value="administration route of the treatment"/>
      <definition value="administration route of the treatment"/>
      <min value="0"/>
      <max value="1"/>
      <type>
        <code value="CodeableConcept"/>
      </type>
    </element>
  </differential>
</StructureDefinition>