"Id","Path","Slice Name","Alias(s)","Label","Min","Max","Must Support?","Is Modifier?","Is Summary?","Type(s)","Short","Definition","Comments","Requirements","Default Value","Meaning When Missing","Fixed Value","Pattern","Example","Minimum Value","Maximum Value","Maximum Length","Binding Strength","Binding Description","Binding Value Set","Code","Slicing Discriminator","Slicing Description","Slicing Ordered","Slicing Rules","Base Path","Base Min","Base Max","Condition(s)","Constraint(s)","Mapping: RIM Mapping"
"BeDiagnosticImagingPrescription","BeDiagnosticImagingPrescription","","","",0,*,"","","","","Base for all elements","Logical model describing the model for the diagnostic imaging prescription. This draft is used in the HL7 Belgian workgroup for referral.","","","","","","","","","",,,,,"",,,,"Element",0,*,"ele-1
","","n/a"
"BeDiagnosticImagingPrescription.id","BeDiagnosticImagingPrescription.id","","","",0,1,"","","","string {[]} {[]}
","Unique id for inter-element referencing","Unique id for the element within a resource (for internal references). This may be any string value that does not contain spaces.","","","","","","","","","",,,,,"",,,,"Element.id",0,1,"","","n/a"
"BeDiagnosticImagingPrescription.extension","BeDiagnosticImagingPrescription.extension","","extensions
user content","",0,*,"","","","Extension {[]} {[]}
","Additional content defined by implementations","May be used to represent additional information that is not part of the basic definition of the element. To make the use of extensions safe and manageable, there is a strict set of governance  applied to the definition and use of extensions. Though any implementer can define an extension, there is a set of requirements that SHALL be met as part of the definition of the extension.","There can be no stigma associated with the use of extensions by any application, project, or standard - regardless of the institution or jurisdiction that uses or defines the extensions.  The use of extensions is what allows the FHIR specification to retain a core level of simplicity for everyone.","","","","","","","","",,,,,"","value:url}
","Extensions are always sliced by (at least) url",,"open","Element.extension",0,*,"","ele-1:All FHIR elements must have a @value or children {hasValue() or (children().count() > id.count())}
ext-1:Must have either extensions or value[x], not both {extension.exists() != value.exists()}","n/a"
"BeDiagnosticImagingPrescription.recordedDate","BeDiagnosticImagingPrescription.recordedDate","","","",1,1,"","","","dateTime {[]} {[]}
","When this prescription was created","When this prescription was created","","","","","","","","","",,,,,"",,,,"BeReferralPrescription.recordedDate",1,1,"",""
"BeDiagnosticImagingPrescription.recorder","BeDiagnosticImagingPrescription.recorder","","","",1,1,"","","","Reference {[]} {[]}
","The person who is responsable for the content, not necessarily the person who entered the content. This is either the prescriber, a co-prescriber or a performer","The person who is responsable for the content, not necessarily the person who entered the content. This is either the prescriber, a co-prescriber or a performer","","","","","","","","","",,,,,"",,,,"BeReferralPrescription.recorder",1,1,"",""
"BeDiagnosticImagingPrescription.prescriber","BeDiagnosticImagingPrescription.prescriber","","","",1,1,"","","","Reference {[]} {[]}
","The prescribing healthcare party","The prescribing healthcare party","","","","","","","","","",,,,,"",,,,"BeReferralPrescription.prescriber",1,1,"",""
"BeDiagnosticImagingPrescription.co-prescriberNumber","BeDiagnosticImagingPrescription.co-prescriberNumber","","","",1,1,"","","","positiveInt {[]} {[]}
","Number of co-prescribers that must sign the prescription to activate it","Number of co-prescribers that must sign the prescription to activate it","","","","","","","","","",,,,,"",,,,"BeReferralPrescription.co-prescriberNumber",1,1,"",""
"BeDiagnosticImagingPrescription.co-prescriber","BeDiagnosticImagingPrescription.co-prescriber","","","",0,*,"","","","BackboneElement {[]} {[]}
","Information about co prescribers","Information about co prescribers","","","","","","","","","",,,,,"",,,,"BeReferralPrescription.co-prescriber",0,*,"",""
"BeDiagnosticImagingPrescription.co-prescriber.co-prescriber","BeDiagnosticImagingPrescription.co-prescriber.co-prescriber","","","",0,1,"","","","Reference {[]} {[]}
","The co-prescriber party","The co-prescriber party","","","","","","","","","",,,,,"",,,,"BeReferralPrescription.co-prescriber.co-prescriber",0,1,"",""
"BeDiagnosticImagingPrescription.co-prescriber.co-prescriberType","BeDiagnosticImagingPrescription.co-prescriber.co-prescriberType","","","",1,1,"","","","code {[]} {[]}
","Type of the practitioner","Type of the practitioner","","","","","","","","","",,,,,"",,,,"BeReferralPrescription.co-prescriber.co-prescriberType",1,1,"",""
"BeDiagnosticImagingPrescription.co-prescriber.status","BeDiagnosticImagingPrescription.co-prescriber.status","","","",0,1,"","","","code {[]} {[]}
","Status of co prescribing status (to sign, signed or refused)","Status of co prescribing status (to sign, signed or refused)","","","","","","","","","",,,,,"",,,,"BeReferralPrescription.co-prescriber.status",0,1,"",""
"BeDiagnosticImagingPrescription.co-prescriber.required","BeDiagnosticImagingPrescription.co-prescriber.required","","","",1,1,"","","","positiveInt {[]} {[]}
","Type of mandatory for the signature of the co-prescriber (1= required: the co-prescriber SHALL sign to make the prescription valid, 2= conditionally required: the co-prescriber SHALL sign if the number of co-prescribers with a signature is lower than the number in co-prescriber number 3= optional: the signature does not affect the validity of the prescription, but is for information only","Type of mandatory for the signature of the co-prescriber (1= required: the co-prescriber SHALL sign to make the prescription valid, 2= conditionally required: the co-prescriber SHALL sign if the number of co-prescribers with a signature is lower than the number in co-prescriber number 3= optional: the signature does not affect the validity of the prescription, but is for information only","","","","","","","","","",,,,,"",,,,"BeReferralPrescription.co-prescriber.required",1,1,"",""
"BeDiagnosticImagingPrescription.patient","BeDiagnosticImagingPrescription.patient","","","",1,1,"","","","Reference {[]} {[]}
","The SSIN of the person for which the referral is prescribed.","The SSIN of the person for which the referral is prescribed.","","","","","","","","","",,,,,"",,,,"BeReferralPrescription.patient",1,1,"",""
"BeDiagnosticImagingPrescription.prescriptionNumber","BeDiagnosticImagingPrescription.prescriptionNumber","","","",1,1,"","","","Identifier {[]} {[]}
","An identifier for the ReferralPrescription, e.g. the UHMEP identifier, once available","An identifier for the ReferralPrescription, e.g. the UHMEP identifier, once available","","","","","","","","","",,,,,"",,,,"BeReferralPrescription.prescriptionNumber",1,1,"",""
"BeDiagnosticImagingPrescription.pssNumber","BeDiagnosticImagingPrescription.pssNumber","","","",0,1,"","","","Identifier {[]} {[]}
","An identifier for the Prescription Search Support","An identifier for the Prescription Search Support","","","","","","","","","",,,,,"",,,,"BeReferralPrescription.pssNumber",0,1,"",""
"BeDiagnosticImagingPrescription.pssRejectionReason","BeDiagnosticImagingPrescription.pssRejectionReason","","","",0,1,"","","","Annotation {[]} {[]}
","Reason for not following the PSS suggestion","Reason for not following the PSS suggestion","","","","","","","","","",,,,,"",,,,"BeReferralPrescription.pssRejectionReason",0,1,"",""
"BeDiagnosticImagingPrescription.groupIdentifier","BeDiagnosticImagingPrescription.groupIdentifier","","","",0,1,"","","","positiveInt {[]} {[]}
","An identifier for the bundle this prescription belongs to.","","","","","","","","","","",,,,,"",,,,"BeReferralPrescription.groupIdentifier",0,1,"",""
"BeDiagnosticImagingPrescription.basedOn","BeDiagnosticImagingPrescription.basedOn","","","",0,*,"","","","Reference {[]} {[]}
","The original request or prescription triggered this prescription","The original request or prescription that is the reason for this request - for example when a detailed request is created by a broader request.","","","","","","","","","",,,,,"",,,,"BeReferralPrescription.basedOn",0,*,"",""
"BeDiagnosticImagingPrescription.validitionPeriod","BeDiagnosticImagingPrescription.validitionPeriod","","","",1,1,"","","","Period {[]} {[]}
","Period of validity of prescription","Period of validity of prescription","","","","","","","","","",,,,,"",,,,"BeReferralPrescription.validitionPeriod",1,1,"",""
"BeDiagnosticImagingPrescription.treatmentPeriod","BeDiagnosticImagingPrescription.treatmentPeriod","","","",0,1,"","","","Period {[]} {[]}
","When this prescription is executed, available after start of execution","When this prescription is executed, available after start of execution","","","","","","","","","",,,,,"",,,,"BeReferralPrescription.treatmentPeriod",0,1,"",""
"BeDiagnosticImagingPrescription.treatmentValidationEndDate","BeDiagnosticImagingPrescription.treatmentValidationEndDate","","","",0,1,"","","","dateTime {[]} {[]}
","The latest moment to end this treatment","The latest moment to end this treatment","","","","","","","","","",,,,,"",,,,"BeReferralPrescription.treatmentValidationEndDate",0,1,"",""
"BeDiagnosticImagingPrescription.creationEndDate","BeDiagnosticImagingPrescription.creationEndDate","","","",0,1,"","","","dateTime {[]} {[]}
","The prescription must have left the draft status before","The prescription must have left the draft status before","","","","","","","","","",,,,,"",,,,"BeReferralPrescription.creationEndDate",0,1,"",""
"BeDiagnosticImagingPrescription.intendedPerformer","BeDiagnosticImagingPrescription.intendedPerformer","","","",1,*,"","","","BackboneElement {[]} {[]}
","The intended provider, i.e. who is expected to perform the procedure - a specific person or a speciality","The intended provider, i.e. who is expected to perform the procedure - a specific person or a speciality","","","","","","","","","",,,,,"",,,,"BeReferralPrescription.intendedPerformer",1,*,"",""
"BeDiagnosticImagingPrescription.intendedPerformer.performer","BeDiagnosticImagingPrescription.intendedPerformer.performer","","","",0,1,"","","","Reference {[]} {[]}
","A reference to the provider party (e.g. a NIHDI number for a healthcare professional, a SSIN or only a displaystring for a non professional caregiver,...)","A reference to the provider party (e.g. a NIHDI number for a healthcare professional, a SSIN or only a displaystring for a non professional caregiver,...)","","","","","","","","","",,,,,"",,,,"BeReferralPrescription.intendedPerformer.performer",0,1,"",""
"BeDiagnosticImagingPrescription.intendedPerformer.discipline","BeDiagnosticImagingPrescription.intendedPerformer.discipline","","","",1,1,"","","","CodeableConcept {[]} {[]}
","The required discipline of the provider party","The required discipline of the provider party","","","","","","","","","",,,,,"",,,,"BeReferralPrescription.intendedPerformer.discipline",1,1,"",""
"BeDiagnosticImagingPrescription.intendedPerformer.period","BeDiagnosticImagingPrescription.intendedPerformer.period","","","",0,1,"","","","Period {[]} {[]}
","Start and enddate for the particular provider","Start and enddate for the particular provider","","","","","","","","","",,,,,"",,,,"BeReferralPrescription.intendedPerformer.period",0,1,"",""
"BeDiagnosticImagingPrescription.intendedPerformer.organization","BeDiagnosticImagingPrescription.intendedPerformer.organization","","","",0,1,"","","","Reference {[]} {[]}
","Reference to an organization that will add the performer","Reference to an organization that will add the performer","","","","","","","","","",,,,,"",,,,"BeReferralPrescription.intendedPerformer.organization",0,1,"",""
"BeDiagnosticImagingPrescription.intendedPerformer.executionPeriod","BeDiagnosticImagingPrescription.intendedPerformer.executionPeriod","","","",0,1,"","","","Period {[]} {[]}
","Period in which the caregiver executes the treatment","Period in which the caregiver executes the treatment","","","","","","","","","",,,,,"",,,,"BeReferralPrescription.intendedPerformer.executionPeriod",0,1,"",""
"BeDiagnosticImagingPrescription.intendedPerformer.status","BeDiagnosticImagingPrescription.intendedPerformer.status","","","",0,1,"","","","code {[]} {[]}
","Status of the action executed by the performer","Status of the action executed by the performer","","","","","","","","","",,,,,"",,,,"BeReferralPrescription.intendedPerformer.status",0,1,"",""
"BeDiagnosticImagingPrescription.intendedPerformer.statusReason","BeDiagnosticImagingPrescription.intendedPerformer.statusReason","","","",0,1,"","","","CodeableConcept {[]} {[]}
","The reason of the status of the action executed by the performer","The reason of the status of the action executed by the performer","","","","","","","","","",,,,,"",,,,"BeReferralPrescription.intendedPerformer.statusReason",0,1,"",""
"BeDiagnosticImagingPrescription.serviceRequested","BeDiagnosticImagingPrescription.serviceRequested","","","",1,1,"","","","CodeableConcept {[]} {[]}
","What is prescribed","What is prescribed","","","","","","","","","",,,,,"",,,,"BeReferralPrescription.serviceRequested",1,1,"",""
"BeDiagnosticImagingPrescription.serviceRequestedDetail","BeDiagnosticImagingPrescription.serviceRequestedDetail","","","",0,1,"","","","CodeableConcept {[]} {[]}
","More detailed specification of the prescribed act","More detailed specification of the prescribed act","","","","","","","","","",,,,,"",,,,"BeReferralPrescription.serviceRequestedDetail",0,1,"",""
"BeDiagnosticImagingPrescription.problemCode","BeDiagnosticImagingPrescription.problemCode","","","",0,1,"","","","Reference {[]} {[]}
","The problem (code or reference) that is the main reason for this prescription","The problem (code or reference) that is the main reason for this prescription","","","","","","","","","",,,,,"",,,,"BeReferralPrescription.problemCode",0,1,"",""
"BeDiagnosticImagingPrescription.supportingInfo","BeDiagnosticImagingPrescription.supportingInfo","","","",0,1,"","","","Reference {[]} {[]}
","Care Set Problem","Care Set Problem","","","","","","","","","",,,,,"",,,,"BeReferralPrescription.supportingInfo",0,1,"",""
"BeDiagnosticImagingPrescription.resultReceiver","BeDiagnosticImagingPrescription.resultReceiver","","","",1,1,"","","","boolean {[]} {[]}
","True if the prescriber wants feedback. Other caregivers can be mentioned in the note","True if the prescriber wants feedback. Other caregivers can be mentioned in the note","","","","","","","","","",,,,,"",,,,"BeReferralPrescription.resultReceiver",1,1,"",""
"BeDiagnosticImagingPrescription.status","BeDiagnosticImagingPrescription.status","","","",1,1,"","","","code {[]} {[]}
","Current status","Current status","","","","","","","","","",,"required","","http://hl7.org/fhir/ValueSet/request-status","",,,,"BeReferralPrescription.status",1,1,"",""
"BeDiagnosticImagingPrescription.statusReason","BeDiagnosticImagingPrescription.statusReason","","","",0,1,"","","","CodeableConcept {[]} {[]}
","Reason current status","Reason current status","","","","","","","","","",,,,,"",,,,"BeReferralPrescription.statusReason",0,1,"",""
"BeDiagnosticImagingPrescription.treatmentStatus","BeDiagnosticImagingPrescription.treatmentStatus","","","",0,1,"","","","CodeableConcept {[]} {[]}
","Status of the treatment","Status of the treatment","","","","","","","","","",,,,,"",,,,"BeReferralPrescription.treatmentStatus",0,1,"",""
"BeDiagnosticImagingPrescription.treatmentStatusReason","BeDiagnosticImagingPrescription.treatmentStatusReason","","","",0,1,"","","","CodeableConcept {[]} {[]}
","Reason treatment status","Reason treatment status","","","","","","","","","",,,,,"",,,,"BeReferralPrescription.treatmentStatusReason",0,1,"",""
"BeDiagnosticImagingPrescription.bodyLocation","BeDiagnosticImagingPrescription.bodyLocation","","","",0,*,"","","","BackboneElement {[]} {[]}
","Place where the treatment should be executed","Place where the treatment should be executed","","","","","","","","","",,,,,"",,,,"BeReferralPrescription.bodyLocation",0,*,"",""
"BeDiagnosticImagingPrescription.bodyLocation.bodySite","BeDiagnosticImagingPrescription.bodyLocation.bodySite","","","",0,1,"","","","CodeableConcept {[]} {[]}
","Anatomical place where the treatment should be executed","Anatomical place where the treatment should be executed","","","","","","","","","",,,,,"",,,,"BeReferralPrescription.bodyLocation.bodySite",0,1,"",""
"BeDiagnosticImagingPrescription.bodyLocation.bodyLaterality","BeDiagnosticImagingPrescription.bodyLocation.bodyLaterality","","","",0,1,"","","","CodeableConcept {[]} {[]}
","Side of the body","Side of the body","","","","","","","","","",,,,,"",,,,"BeReferralPrescription.bodyLocation.bodyLaterality",0,1,"",""
"BeDiagnosticImagingPrescription.note","BeDiagnosticImagingPrescription.note","","","",0,*,"","","","Annotation {[]} {[]}
","Additional text notes about the request.","Additional text notes about the request.","","","","","","","","","",,,,,"",,,,"BeReferralPrescription.note",0,*,"",""
"BeDiagnosticImagingPrescription.prescriptionType","BeDiagnosticImagingPrescription.prescriptionType","","","",1,1,"","","","code {[]} {[]}
","Proposal, Prolongation, Prescription","Proposal, Prolongation, Prescription","","","","","","","","","",,,,,"",,,,"BeReferralPrescription.prescriptionType",1,1,"",""
"BeDiagnosticImagingPrescription.BeReferralPrescription","BeDiagnosticImagingPrescription.BeReferralPrescription","","","",1,1,"","","","BeReferralPrescription {[CanonicalType[https://www.ehealth.fgov.be/standards/fhir/referral/StructureDefinition/be-model-referralprescription]]} {[]}
","test","test","","","","","","","","","",,,,,"",,,,"BeDiagnosticImagingPrescription.BeReferralPrescription",1,1,"",""
"BeDiagnosticImagingPrescription.relevantClinicalInformation[x]","BeDiagnosticImagingPrescription.relevantClinicalInformation[x]","","","",0,*,"","","","Annotation {[]} {[]}
CodeableConcept {[]} {[]}Reference {[]} {[CanonicalType[http://hl7.org/fhir/StructureDefinition/Procedure], CanonicalType[http://hl7.org/fhir/StructureDefinition/Condition], CanonicalType[http://hl7.org/fhir/StructureDefinition/Observation], CanonicalType[http://hl7.org/fhir/StructureDefinition/AllergyIntolerance], CanonicalType[http://hl7.org/fhir/StructureDefinition/MedicationStatement]]}","Relevant information in the context of this prescription concerning for example allergies, kidney function, diabetic. When detailed information can be given, it is RECOMMENDED to express it as structured as possible.","e.g. stomach ache during 10 days, echo suspected damage kidneys, complaints of patients, allergies,...","","","","","","","","","",,,,,"",,,,"BeDiagnosticImagingPrescription.relevantClinicalInformation[x]",0,*,"",""
"BeDiagnosticImagingPrescription.diagnosticQuestion[x]","BeDiagnosticImagingPrescription.diagnosticQuestion[x]","","","",0,*,"","","","Annotation {[]} {[]}
CodeableConcept {[]} {[]}","Either in text or in a coded format. At the discretion of the prescribing party.","e.g. Cyste? Metastasis?","","","","","","","","","",,,,,"",,,,"BeDiagnosticImagingPrescription.diagnosticQuestion[x]",0,*,"",""
"BeDiagnosticImagingPrescription.contraIndication[x]","BeDiagnosticImagingPrescription.contraIndication[x]","","","",1,*,"","","","CodeableConcept {[]} {[]}
Annotation {[]} {[]}Reference {[]} {[CanonicalType[http://hl7.org/fhir/StructureDefinition/Device], CanonicalType[http://hl7.org/fhir/StructureDefinition/Condition], CanonicalType[http://hl7.org/fhir/StructureDefinition/Observation], CanonicalType[http://hl7.org/fhir/StructureDefinition/MedicationStatement], CanonicalType[http://hl7.org/fhir/StructureDefinition/AllergyIntolerance]]}","Relevant information in the context of this prescription concerning possible contra indication. For example presence of devices or (suspected) pregnancy. When detailed information can be given, it is RECOMMENDED to express it as structured as possible. If prescriber has no knowledge of contra indication, this SHALL be expressed with a 'ASKU' nullFlavor ( = Information was sought but not found  ) in codeableConcept.","e.g.pregnancy, devices, kidney functioning","","","","","","","","","",,,,,"",,,,"BeDiagnosticImagingPrescription.contraIndication[x]",1,*,"",""
"BeDiagnosticImagingPrescription.supportingInformation[x]","BeDiagnosticImagingPrescription.supportingInformation[x]","","","",0,*,"","","","BackboneElement {[]} {[]}
","test","test","","","","","","","","","",,,,,"",,,,"BeDiagnosticImagingPrescription.supportingInformation[x]",0,*,"",""
"BeDiagnosticImagingPrescription.supportingInformation[x].questionnaireResponse","BeDiagnosticImagingPrescription.supportingInformation[x].questionnaireResponse","","","",0,*,"","","","Reference {[]} {[CanonicalType[http://hl7.org/fhir/StructureDefinition/QuestionnaireResponse]]}
","Questionnaire responses","Questionnaire responses","","","","","","","","","",,,,,"",,,,"BeDiagnosticImagingPrescription.supportingInformation[x].questionnaireResponse",0,*,"",""
"BeDiagnosticImagingPrescription.supportingInformation[x].document","BeDiagnosticImagingPrescription.supportingInformation[x].document","","","",0,*,"","","","Reference {[]} {[CanonicalType[http://hl7.org/fhir/StructureDefinition/DocumentReference]]}
","Any document added as extra information","Any document added as extra information","","","","","","","","","",,,,,"",,,,"BeDiagnosticImagingPrescription.supportingInformation[x].document",0,*,"",""
"BeDiagnosticImagingPrescription.supportingInformation[x].imagingStudy","BeDiagnosticImagingPrescription.supportingInformation[x].imagingStudy","","","",0,*,"","","","Reference {[]} {[CanonicalType[http://hl7.org/fhir/StructureDefinition/ImagingStudy]]}
","If vital to this request, references may be given to previous diagnostic imaging","If vital to this request, references may be given to previous diagnostic imaging","","","","","","","","","",,,,,"",,,,"BeDiagnosticImagingPrescription.supportingInformation[x].imagingStudy",0,*,"",""
"BeDiagnosticImagingPrescription.bodySite","BeDiagnosticImagingPrescription.bodySite","","","",0,*,"","","","CodeableConcept {[]} {[]}
","bodySite, e.g. using a SNOMED-CT code","bodySite, e.g. using a SNOMED-CT code","","","","","","","","","",,,,,"",,,,"BeDiagnosticImagingPrescription.bodySite",0,*,"",""
"BeDiagnosticImagingPrescription.proposedInvestigation","BeDiagnosticImagingPrescription.proposedInvestigation","","","",0,*,"","","","CodeableConcept {[]} {[]}
","What to do - coded or as text within the codeableConcept","What to do - coded or as text within the codeableConcept","","","","","","","","","",,,,,"",,,,"BeDiagnosticImagingPrescription.proposedInvestigation",0,*,"",""
"BeDiagnosticImagingPrescription.contrastFluid","BeDiagnosticImagingPrescription.contrastFluid","","","",0,1,"","","","code {[]} {[]}
","ifNecessary|notPermitted","ifNecessary|notPermitted","","","","","","","","","",,,,,"",,,,"BeDiagnosticImagingPrescription.contrastFluid",0,1,"",""
