{
  "resourceType" : "StructureDefinition",
  "id" : "be-year-month-day",
  "text" : {
    "status" : "extensions",
    "div" : "<div xmlns=\"http://www.w3.org/1999/xhtml\">Placeholder</div>"
  },
  "url" : "https://www.ehealth.fgov.be/standards/fhir/referral/StructureDefinition/be-year-month-day",
  "version" : "1.0.0",
  "name" : "BeYearMonthDay",
  "status" : "draft",
  "date" : "2023-08-28T15:26:36+00:00",
  "description" : "a datetime of length 10 or empty",
  "jurisdiction" : [{
    "coding" : [{
      "system" : "urn:iso:std:iso:3166",
      "code" : "BE",
      "display" : "Belgium"
    }]
  }],
  "fhirVersion" : "4.0.1",
  "kind" : "primitive-type",
  "abstract" : false,
  "type" : "dateTime",
  "baseDefinition" : "http://hl7.org/fhir/StructureDefinition/dateTime",
  "derivation" : "constraint",
  "snapshot" : {
    "element" : [{
      "id" : "dateTime",
      "path" : "dateTime",
      "short" : "Primitive Type dateTime",
      "definition" : "A date, date-time or partial date (e.g. just year or year + month).  If hours and minutes are specified, a time zone SHALL be populated. The format is a union of the schema types gYear, gYearMonth, date and dateTime. Seconds must be provided due to schema type constraints but may be zero-filled and may be ignored.                 Dates SHALL be valid dates.",
      "min" : 0,
      "max" : "*",
      "base" : {
        "path" : "dateTime",
        "min" : 0,
        "max" : "*"
      },
      "constraint" : [{
        "key" : "ele-1",
        "severity" : "error",
        "human" : "All FHIR elements must have a @value or children",
        "expression" : "hasValue() or (children().count() > id.count())",
        "xpath" : "@value|f:*|h:div",
        "source" : "http://hl7.org/fhir/StructureDefinition/Element"
      },
      {
        "key" : "be-inv-year-month-day",
        "severity" : "error",
        "human" : "date SHALL be of format YYYY-MM-DD",
        "expression" : "empty() or toString().length()=10",
        "source" : "https://www.ehealth.fgov.be/standards/fhir/referral/StructureDefinition/be-year-month-day"
      }],
      "isModifier" : false,
      "isSummary" : false
    },
    {
      "id" : "dateTime.id",
      "path" : "dateTime.id",
      "representation" : ["xmlAttr"],
      "short" : "xml:id (or equivalent in JSON)",
      "definition" : "unique id for the element within a resource (for internal references)",
      "min" : 0,
      "max" : "1",
      "base" : {
        "path" : "Element.id",
        "min" : 0,
        "max" : "1"
      },
      "type" : [{
        "extension" : [{
          "url" : "http://hl7.org/fhir/StructureDefinition/structuredefinition-fhir-type",
          "valueUrl" : "string"
        }],
        "code" : "http://hl7.org/fhirpath/System.String"
      }],
      "isModifier" : false,
      "isSummary" : false
    },
    {
      "id" : "dateTime.extension",
      "path" : "dateTime.extension",
      "short" : "Additional content defined by implementations",
      "definition" : "May be used to represent additional information that is not part of the basic definition of the resource. To make the use of extensions safe and manageable, there is a strict set of governance  applied to the definition and use of extensions. Though any implementer can define an extension, there is a set of requirements that SHALL be met as part of the definition of the extension.",
      "comment" : "There can be no stigma associated with the use of extensions by any application, project, or standard - regardless of the institution or jurisdiction that uses or defines the extensions.  The use of extensions is what allows the FHIR specification to retain a core level of simplicity for everyone.",
      "alias" : ["extensions",
      "user content"],
      "min" : 0,
      "max" : "*",
      "base" : {
        "path" : "Element.extension",
        "min" : 0,
        "max" : "*"
      },
      "type" : [{
        "code" : "Extension"
      }],
      "constraint" : [{
        "key" : "ele-1",
        "severity" : "error",
        "human" : "All FHIR elements must have a @value or children",
        "expression" : "hasValue() or (children().count() > id.count())",
        "xpath" : "@value|f:*|h:div",
        "source" : "http://hl7.org/fhir/StructureDefinition/Element"
      },
      {
        "key" : "ext-1",
        "severity" : "error",
        "human" : "Must have either extensions or value[x], not both",
        "expression" : "extension.exists() != value.exists()",
        "xpath" : "exists(f:extension)!=exists(f:*[starts-with(local-name(.), 'value')])",
        "source" : "http://hl7.org/fhir/StructureDefinition/Extension"
      }],
      "isModifier" : false,
      "isSummary" : false
    },
    {
      "id" : "dateTime.value",
      "path" : "dateTime.value",
      "representation" : ["xmlAttr"],
      "short" : "Primitive value for dateTime",
      "definition" : "The actual value",
      "min" : 0,
      "max" : "1",
      "base" : {
        "path" : "dateTime.value",
        "min" : 0,
        "max" : "1"
      },
      "type" : [{
        "extension" : [{
          "url" : "http://hl7.org/fhir/StructureDefinition/structuredefinition-fhir-type",
          "valueUrl" : "dateTime"
        },
        {
          "url" : "http://hl7.org/fhir/StructureDefinition/regex",
          "valueString" : "([0-9]([0-9]([0-9][1-9]|[1-9]0)|[1-9]00)|[1-9]000)(-(0[1-9]|1[0-2])(-(0[1-9]|[1-2][0-9]|3[0-1])(T([01][0-9]|2[0-3]):[0-5][0-9]:([0-5][0-9]|60)(\\.[0-9]+)?(Z|(\\+|-)((0[0-9]|1[0-3]):[0-5][0-9]|14:00)))?)?)?"
        }],
        "code" : "http://hl7.org/fhirpath/System.DateTime"
      }],
      "isModifier" : false,
      "isSummary" : false
    }]
  },
  "differential" : {
    "element" : [{
      "id" : "dateTime",
      "path" : "dateTime",
      "constraint" : [{
        "key" : "be-inv-year-month-day",
        "severity" : "error",
        "human" : "date SHALL be of format YYYY-MM-DD",
        "expression" : "empty() or toString().length()=10",
        "source" : "https://www.ehealth.fgov.be/standards/fhir/referral/StructureDefinition/be-year-month-day"
      }]
    }]
  }
}