{
  "resourceType": "ValueSet",
  "id": "be-vs-prescription-status",
  "text": {
    "status": "extensions",
    "div": "<div xmlns=\"http://www.w3.org/1999/xhtml\"><p>This value set includes codes based on the following rules:</p><ul><li>Include these codes as defined in <a href=\"http://hl7.org/fhir/R4/codesystem-request-status.html\"><code>http://hl7.org/fhir/request-status</code></a><table class=\"none\"><tr><td style=\"white-space:nowrap\"><b>Code</b></td><td><b>Display</b></td><td><b>Definition</b></td></tr><tr><td><a href=\"http://hl7.org/fhir/R4/codesystem-request-status.html#request-status-draft\">draft</a></td><td>Draft</td><td>The request has been created but is not yet complete or ready for action.</td></tr><tr><td><a href=\"http://hl7.org/fhir/R4/codesystem-request-status.html#request-status-active\">active</a></td><td>Active</td><td>The request is in force and ready to be acted upon.</td></tr><tr><td><a href=\"http://hl7.org/fhir/R4/codesystem-request-status.html#request-status-on-hold\">on-hold</a></td><td>On Hold</td><td>The request (and any implicit authorization to act) has been temporarily withdrawn but is expected to resume in the future.</td></tr><tr><td><a href=\"http://hl7.org/fhir/R4/codesystem-request-status.html#request-status-revoked\">revoked</a></td><td>Revoked</td><td>The request (and any implicit authorization to act) has been terminated prior to the known full completion of the intended actions.  No further activity should occur.</td></tr><tr><td><a href=\"http://hl7.org/fhir/R4/codesystem-request-status.html#request-status-completed\">completed</a></td><td>Completed</td><td>The activity described by the request has been fully performed.  No further activity will occur.</td></tr><tr><td><a href=\"http://hl7.org/fhir/R4/codesystem-request-status.html#request-status-entered-in-error\">entered-in-error</a></td><td>Entered in Error</td><td>This request should never have existed and should be considered 'void'.  (It is possible that real-world decisions were based on it.  If real-world activity has occurred, the status should be &quot;revoked&quot; rather than &quot;entered-in-error&quot;.).</td></tr><tr><td><a href=\"http://hl7.org/fhir/R4/codesystem-request-status.html#request-status-unknown\">unknown</a></td><td>Unknown</td><td>The authoring/source system does not know which of the status values currently applies for this request.  Note: This concept is not to be used for &quot;other&quot; - one of the listed statuses is presumed to apply,  but the authoring/source system does not know which.</td></tr></table></li><li>Include these codes as defined in <a href=\"CodeSystem-be-prescription-status.html\"><code>https://www.ehealth.fgov.be/standards/fhir/CodeSystem/be-prescription-status</code></a><table class=\"none\"><tr><td style=\"white-space:nowrap\"><b>Code</b></td><td><b>Display</b></td></tr><tr><td><a href=\"CodeSystem-be-prescription-status.html#be-prescription-status-open\">open</a></td><td>open</td></tr><tr><td><a href=\"CodeSystem-be-prescription-status.html#be-prescription-status-stopped\">stopped</a></td><td>stopped</td></tr><tr><td><a href=\"CodeSystem-be-prescription-status.html#be-prescription-status-not-done\">not-done</a></td><td>not done</td></tr><tr><td><a href=\"CodeSystem-be-prescription-status.html#be-prescription-status-other\">other</a></td><td>other</td></tr></table></li></ul></div>"
  },
  "url": "https://www.ehealth.fgov.be/standards/fhir/ValueSet/be-vs-prescription-status",
  "version": "0.2.0",
  "name": "BePrescriptionStatus",
  "status": "active",
  "date": "2022-02-08T10:01:45+00:00",
  "publisher": "HL7 Belgium",
  "contact": [
    {
      "name": "HL7 Belgium",
      "telecom": [
        {
          "system": "url",
          "value": "http://hl7belgium.org"
        }
      ]
    },
    {
      "name": "Message-Structure",
      "telecom": [
        {
          "system": "email",
          "value": "message-structure@ehealth.fgov.be",
          "use": "work"
        }
      ]
    }
  ],
  "description": "This is the status of the prescription",
  "jurisdiction": [
    {
      "coding": [
        {
          "system": "http://unstats.un.org/unsd/methods/m49/m49.htm",
          "code": "056",
          "display": "Belgium"
        }
      ]
    }
  ],
  "compose": {
    "include": [
      {
        "system": "http://hl7.org/fhir/request-status",
        "concept": [
          {
            "code": "draft"
          },
          {
            "code": "active"
          },
          {
            "code": "on-hold"
          },
          {
            "code": "revoked"
          },
          {
            "code": "completed"
          },
          {
            "code": "entered-in-error"
          },
          {
            "code": "unknown"
          }
        ]
      },
      {
        "system": "https://www.ehealth.fgov.be/standards/fhir/CodeSystem/be-prescription-status",
        "concept": [
          {
            "code": "open"
          },
          {
            "code": "stopped"
          },
          {
            "code": "not-done"
          },
          {
            "code": "other"
          }
        ]
      }
    ]
  }
}