<?xml version="1.0" encoding="UTF-8"?>

<ValueSet xmlns="http://hl7.org/fhir">
  <id value="be-vs-requested-services-nurse-detail"/>
  <text>
    <status value="generated"/><div xmlns="http://www.w3.org/1999/xhtml"><p>This value set includes codes based on the following rules:</p><ul><li>Include all codes defined in <a href="CodeSystem-be-cs-temp-requested-service-detail.html"><code>https://www.ehealth.fgov.be/standards/fhir/referral/CodeSystem/be-cs-temp-requested-service-detail</code></a></li><li>Include these codes as defined in <a href="http://www.snomed.org/"><code>http://snomed.info/sct</code></a> version <code>http://snomed.info/sct/11000172109</code><table class="none"><tr><td style="white-space:nowrap"><b>Code</b></td><td><b>Display</b></td></tr><tr><td><a href="http://snomed.info/id/118292001">118292001</a></td><td style="color: #cccccc">Removal</td></tr><tr><td><a href="http://snomed.info/id/162098000">162098000</a></td><td style="color: #cccccc">Frequency of defecation</td></tr><tr><td><a href="http://snomed.info/id/163033001">163033001</a></td><td style="color: #cccccc">Lying blood pressure</td></tr><tr><td><a href="http://snomed.info/id/163034007">163034007</a></td><td style="color: #cccccc">Standing blood pressure reading</td></tr><tr><td><a href="http://snomed.info/id/173765009">173765009</a></td><td style="color: #cccccc">Attention to gastrostomy tube</td></tr><tr><td><a href="http://snomed.info/id/176192000">176192000</a></td><td style="color: #cccccc">Change of urethral catheter</td></tr><tr><td><a href="http://snomed.info/id/182524008">182524008</a></td><td style="color: #cccccc">Attention to urinary catheter</td></tr><tr><td><a href="http://snomed.info/id/18949003">18949003</a></td><td style="color: #cccccc">Change of dressing</td></tr><tr><td><a href="http://snomed.info/id/225103006">225103006</a></td><td style="color: #cccccc">Intermittent urethral catheterisation</td></tr><tr><td><a href="http://snomed.info/id/225150002">225150002</a></td><td style="color: #cccccc">Cleaning wound</td></tr><tr><td><a href="http://snomed.info/id/225908003">225908003</a></td><td style="color: #cccccc">Pain score</td></tr><tr><td><a href="http://snomed.info/id/226007004">226007004</a></td><td style="color: #cccccc">Post-surgical wound care</td></tr><tr><td><a href="http://snomed.info/id/2267008">2267008</a></td><td style="color: #cccccc">Changing tracheostomy tube</td></tr><tr><td><a href="http://snomed.info/id/241025004">241025004</a></td><td style="color: #cccccc">Removal of alternate sutures</td></tr><tr><td><a href="http://snomed.info/id/246124003">246124003</a></td><td style="color: #cccccc">Volume of urine produced</td></tr><tr><td><a href="http://snomed.info/id/247450001">247450001</a></td><td style="color: #cccccc">Exudate</td></tr><tr><td><a href="http://snomed.info/id/248343001">248343001</a></td><td style="color: #cccccc">Weight trend</td></tr><tr><td><a href="http://snomed.info/id/256897009">256897009</a></td><td style="color: #cccccc">Saliva</td></tr><tr><td><a href="http://snomed.info/id/262061000">262061000</a></td><td style="color: #cccccc">Postoperative period</td></tr><tr><td><a href="http://snomed.info/id/262068006">262068006</a></td><td style="color: #cccccc">Preoperative</td></tr><tr><td><a href="http://snomed.info/id/30549001">30549001</a></td><td style="color: #cccccc">Removal of suture</td></tr><tr><td><a href="http://snomed.info/id/335353000">335353000</a></td><td style="color: #cccccc">Short stretch compression bandage</td></tr><tr><td><a href="http://snomed.info/id/35963001">35963001</a></td><td style="color: #cccccc">Removal of staples</td></tr><tr><td><a href="http://snomed.info/id/364632003">364632003</a></td><td style="color: #cccccc">Pain character</td></tr><tr><td><a href="http://snomed.info/id/364689004">364689004</a></td><td style="color: #cccccc">Stool observable</td></tr><tr><td><a href="http://snomed.info/id/36777000">36777000</a></td><td style="color: #cccccc">Debridement</td></tr><tr><td><a href="http://snomed.info/id/370858005">370858005</a></td><td style="color: #cccccc">Following clinical pathway protocol</td></tr><tr><td><a href="http://snomed.info/id/37318803">37318803</a></td><td/></tr><tr><td><a href="http://snomed.info/id/3895009">3895009</a></td><td style="color: #cccccc">Application of dressing</td></tr><tr><td><a href="http://snomed.info/id/390951007">390951007</a></td><td style="color: #cccccc">Impaired fasting glycaemia</td></tr><tr><td><a href="http://snomed.info/id/39477002">39477002</a></td><td style="color: #cccccc">Feces</td></tr><tr><td><a href="http://snomed.info/id/408342007">408342007</a></td><td style="color: #cccccc">Referral to tissue viability nurse specialist (procedure)</td></tr><tr><td><a href="http://snomed.info/id/410021007">410021007</a></td><td style="color: #cccccc">Insertion of urethral catheter (procedure)</td></tr><tr><td><a href="http://snomed.info/id/410379003">410379003</a></td><td style="color: #cccccc">Dressing change/wound care surveillance (regime/therapy)</td></tr><tr><td><a href="http://snomed.info/id/410582009">410582009</a></td><td style="color: #cccccc">Nasal fluid (substance)</td></tr><tr><td><a href="http://snomed.info/id/410619003">410619003</a></td><td style="color: #cccccc">Application (procedure)</td></tr><tr><td><a href="http://snomed.info/id/41351007">41351007</a></td><td style="color: #cccccc">Suction and cleaning of tracheostomy tube</td></tr><tr><td><a href="http://snomed.info/id/415882003">415882003</a></td><td style="color: #cccccc">Axillary temperature</td></tr><tr><td><a href="http://snomed.info/id/431314004">431314004</a></td><td style="color: #cccccc">Peripheral oxygen saturation (observable entity)</td></tr><tr><td><a href="http://snomed.info/id/445606007">445606007</a></td><td style="color: #cccccc">Change of vacuum drainage bottle (procedure)</td></tr><tr><td><a href="http://snomed.info/id/450969007">450969007</a></td><td style="color: #cccccc">Negative pressure wound dressing (physical object)</td></tr><tr><td><a href="http://snomed.info/id/45710003">45710003</a></td><td style="color: #cccccc">Sputum</td></tr><tr><td><a href="http://snomed.info/id/467848007">467848007</a></td><td style="color: #cccccc">Compression stocking</td></tr><tr><td><a href="http://snomed.info/id/48817005">48817005</a></td><td style="color: #cccccc">Irrigation of gastrostomy</td></tr><tr><td><a href="http://snomed.info/id/55449009">55449009</a></td><td style="color: #cccccc">Removal of urethral catheter</td></tr><tr><td><a href="http://snomed.info/id/6125005">6125005</a></td><td style="color: #cccccc">Change of gastrostomy tube</td></tr><tr><td><a href="http://snomed.info/id/698610002">698610002</a></td><td style="color: #cccccc">Education about self management of diabetes (procedure)</td></tr><tr><td><a href="http://snomed.info/id/699826006">699826006</a></td><td style="color: #cccccc">Lifestyle education regarding risk of diabetes (procedure)</td></tr><tr><td><a href="http://snomed.info/id/75325006">75325006</a></td><td style="color: #cccccc">Removal of cystostomy tube</td></tr><tr><td><a href="http://snomed.info/id/75367002">75367002</a></td><td style="color: #cccccc">Blood pressure</td></tr><tr><td><a href="http://snomed.info/id/762238003">762238003</a></td><td style="color: #cccccc">Attention to nasogastric tube</td></tr><tr><td><a href="http://snomed.info/id/78014005">78014005</a></td><td style="color: #cccccc">Urine</td></tr><tr><td><a href="http://snomed.info/id/791006">791006</a></td><td style="color: #cccccc">Dressing and fixation procedure</td></tr><tr><td><a href="http://snomed.info/id/79165006">79165006</a></td><td style="color: #cccccc">Change of cystostomy tube</td></tr><tr><td><a href="http://snomed.info/id/79710002">79710002</a></td><td style="color: #cccccc">Application of therapeutic agent</td></tr><tr><td><a href="http://snomed.info/id/81011003">81011003</a></td><td style="color: #cccccc">Nasogastric tube removal</td></tr><tr><td><a href="http://snomed.info/id/8499008">8499008</a></td><td style="color: #cccccc">Pulse</td></tr><tr><td><a href="http://snomed.info/id/86290005">86290005</a></td><td style="color: #cccccc">Respiratory rate</td></tr><tr><td><a href="http://snomed.info/id/87612001">87612001</a></td><td style="color: #cccccc">Blood</td></tr><tr><td><a href="http://snomed.info/id/87750000">87750000</a></td><td style="color: #cccccc">Insertion of nasogastric tube</td></tr><tr><td><a href="http://snomed.info/id/89826002">89826002</a></td><td style="color: #cccccc">Nasogastric tube irrigation</td></tr><tr><td><a href="http://snomed.info/id/90838004">90838004</a></td><td style="color: #cccccc">Removal of gastrostomy tube</td></tr></table></li></ul></div>
  </text>
  <url value="https://www.ehealth.fgov.be/standards/fhir/referral/ValueSet/be-vs-requested-services-nurse-detail"/>
  <version value="1.0.0"/>
  <name value="BeVSRequestedServicesNurseDetail"/>
  <title value="BeVSRequestedServicesNurseDetail"/>
  <status value="draft"/>
  <experimental value="false"/>
  <date value="2023-09-29T14:04:57+00:00"/>
  <description value="Codes indicating the request details that can be asked from a nurse."/>
  <jurisdiction>
    <coding>
      <system value="urn:iso:std:iso:3166"/>
      <code value="BE"/>
      <display value="Belgium"/>
    </coding>
  </jurisdiction>
  <compose>
    <include>
      <system value="https://www.ehealth.fgov.be/standards/fhir/referral/CodeSystem/be-cs-temp-requested-service-detail"/>
    </include>
    <include>
      <system value="http://snomed.info/sct"/>
      <version value="http://snomed.info/sct/11000172109"/>
      <concept>
        <code value="118292001"/>
      </concept>
      <concept>
        <code value="162098000"/>
      </concept>
      <concept>
        <code value="163033001"/>
      </concept>
      <concept>
        <code value="163034007"/>
      </concept>
      <concept>
        <code value="173765009"/>
      </concept>
      <concept>
        <code value="176192000"/>
      </concept>
      <concept>
        <code value="182524008"/>
      </concept>
      <concept>
        <code value="18949003"/>
      </concept>
      <concept>
        <code value="225103006"/>
      </concept>
      <concept>
        <code value="225150002"/>
      </concept>
      <concept>
        <code value="225908003"/>
      </concept>
      <concept>
        <code value="226007004"/>
      </concept>
      <concept>
        <code value="2267008"/>
      </concept>
      <concept>
        <code value="241025004"/>
      </concept>
      <concept>
        <code value="246124003"/>
      </concept>
      <concept>
        <code value="247450001"/>
      </concept>
      <concept>
        <code value="248343001"/>
      </concept>
      <concept>
        <code value="256897009"/>
      </concept>
      <concept>
        <code value="262061000"/>
      </concept>
      <concept>
        <code value="262068006"/>
      </concept>
      <concept>
        <code value="30549001"/>
      </concept>
      <concept>
        <code value="335353000"/>
      </concept>
      <concept>
        <code value="35963001"/>
      </concept>
      <concept>
        <code value="364632003"/>
      </concept>
      <concept>
        <code value="364689004"/>
      </concept>
      <concept>
        <code value="36777000"/>
      </concept>
      <concept>
        <code value="370858005"/>
      </concept>
      <concept>
        <code value="37318803"/>
      </concept>
      <concept>
        <code value="3895009"/>
      </concept>
      <concept>
        <code value="390951007"/>
      </concept>
      <concept>
        <code value="39477002"/>
      </concept>
      <concept>
        <code value="408342007"/>
      </concept>
      <concept>
        <code value="410021007"/>
      </concept>
      <concept>
        <code value="410379003"/>
      </concept>
      <concept>
        <code value="410582009"/>
      </concept>
      <concept>
        <code value="410619003"/>
      </concept>
      <concept>
        <code value="41351007"/>
      </concept>
      <concept>
        <code value="415882003"/>
      </concept>
      <concept>
        <code value="431314004"/>
      </concept>
      <concept>
        <code value="445606007"/>
      </concept>
      <concept>
        <code value="450969007"/>
      </concept>
      <concept>
        <code value="45710003"/>
      </concept>
      <concept>
        <code value="467848007"/>
      </concept>
      <concept>
        <code value="48817005"/>
      </concept>
      <concept>
        <code value="55449009"/>
      </concept>
      <concept>
        <code value="6125005"/>
      </concept>
      <concept>
        <code value="698610002"/>
      </concept>
      <concept>
        <code value="699826006"/>
      </concept>
      <concept>
        <code value="75325006"/>
      </concept>
      <concept>
        <code value="75367002"/>
      </concept>
      <concept>
        <code value="762238003"/>
      </concept>
      <concept>
        <code value="78014005"/>
      </concept>
      <concept>
        <code value="791006"/>
      </concept>
      <concept>
        <code value="79165006"/>
      </concept>
      <concept>
        <code value="79710002"/>
      </concept>
      <concept>
        <code value="81011003"/>
      </concept>
      <concept>
        <code value="8499008"/>
      </concept>
      <concept>
        <code value="86290005"/>
      </concept>
      <concept>
        <code value="87612001"/>
      </concept>
      <concept>
        <code value="87750000"/>
      </concept>
      <concept>
        <code value="89826002"/>
      </concept>
      <concept>
        <code value="90838004"/>
      </concept>
    </include>
  </compose>
</ValueSet>