<?xml version="1.0" encoding="UTF-8"?>

<ValueSet xmlns="http://hl7.org/fhir">
  <id value="be-vs-communication-method"/>
  <text>
    <status value="generated"/><div xmlns="http://www.w3.org/1999/xhtml"><p>This value set includes codes based on the following rules:</p><ul><li>Include all codes defined in <a href="CodeSystem-be-communication-code.html"><code>https://www.ehealth.fgov.be/standards/fhir/CodeSystem/be-communication-code</code></a></li><li>Include all codes defined in <code>http://hl7.org/fhir/ValueSet/contact-point-system</code></li></ul></div>
  </text>
  <url value="https://www.ehealth.fgov.be/standards/fhir/ValueSet/be-communication-method"/>
  <version value="0.2.0"/>
  <name value="BeCommunicationMethod"/>
  <status value="draft"/>
  <date value="2021-07-08T13:42:16+00:00"/>
  <publisher value="HL7 Belgium"/>
  <contact>
    <telecom>
      <system value="url"/>
      <value value="http://hl7belgium.org"/>
    </telecom>
  </contact>
  <description value="Codes to define a communication method."/>
  <jurisdiction>
    <coding>
      <system value="http://unstats.un.org/unsd/methods/m49/m49.htm"/>
      <code value="001"/>
    </coding>
  </jurisdiction>
  <compose>
    <include>
      <system value="https://www.ehealth.fgov.be/standards/fhir/CodeSystem/be-communication-code"/>
    </include>
    <include>
      <system value="http://hl7.org/fhir/ValueSet/contact-point-system"/>
    </include>
  </compose>
</ValueSet>